ID;Название;Предмет;Классы;Класс от;Класс до;Формат;Тип участия;Рейтинг;Статус;Статус исходный;Календарь;Календарь статус;Календарь исходный;Расписание обновлено;Источник календаря;Уровень олимпиады;Профиль уровня;Статус уровня;Источник уровня;Дата проверки;Организатор;Контакты;Документы;Описание;Особенности;Источник;URL
88;Всероссийская олимпиада по английскому языку;Английский язык;5–11 классы;5.0;11.0;Очная;Личная;7.7;Идёт этап;Школьный этап проходит до 1 ноября;"Школьный этап: До 1 ноя
Муниципальный этап: 2 ноя—25 дек";Опубликован;"Школьный этап
До 1 ноя
Муниципальный этап
2 ноя—25 дек";Обновлено 1 сентября;https://olimpiada.ru/activity/88;ВсОШ;Английский язык;"ВсОШ: отдельная система; уровни I–III РСОШ не применяются";https://vserosolimp.edsoo.ru/;24.09.2026;"Минпросвещения России; →; Ответственные в регионах";vserosolimp.edsoo.ru;"Порядок проведения; →";Первая Всероссийская олимпиада школьников по английскому языку прошла в 1998 году в Смоленске. .. Соревнование проводится в четыре этапа. В школьном могут участвовать ребята, начиная с 5 класса, в муниципальном – с 7-го, в региональном и заключительном – с 9-го. Победители и призеры финала получают льготы при поступлении в российские вузы по профильному направлению. Задания олимпиады требуют от участников таких навыков, как чтение, аудирование, письменная и устная речь. Устная часть соревнования оценивается двумя членами жюри: один из них дает задания ученикам, а второй наблюдает со стороны и делает пометки. Все собеседования записываются на диктофон. Кроме того, в ходе олимпиады проверяется знание лексики, грамматики и культурной жизни англоговорящих стран.;Личная | Участник самостоятельно выполняет задания | Очная | Для участия нужно прийти в заранее известное место проведения | Правила игры | Общие положения прописаны в Порядке проведения олимпиады, который утверждает Минобрнауки России | Порядок проведения ВсОШ → | Льготы при поступлении | Победители и призеры финала олимпиады поступают без экзаменов в любой вуз по профильному направлению | Подробнее о льготах → | Локальные особенности | В Москве школьный этап проходит по единым заданиям и единому графику | Сайт этапов ВсОШ в Москве →;Объединение: Всероссийская олимпиада школьников;https://olimpiada.ru/activity/88
5758;Олимпиада «Миссия выполнима. Твое призвание - финансист!» по английскому языку;Английский язык;8–11 классы;8.0;11.0;Очно-заочная;Личная;8.1;Текущий статус не указан;Регистрация на отборочный этап открыта до 30 ноября;"Регистрация на отборочный этап: До 30 ноя
Отборочный этап: 1—2 дек";Опубликован;"Регистрация на отборочный этап
До 30 ноя
Отборочный этап
1—2 дек";Обновлено 14 сентября;https://olimpiada.ru/activity/5758;III;иностранный язык;"Проект РСОШ 2026/27; не утвержден на 24.09.2026";https://www.garant.ru/products/ipo/prime/doc/56963051/;24.09.2026;"Финансовый университет при Правительстве Российской Федерации; →";"mission.fa.ru; olymp@fa.ru";;;Личная | Участник самостоятельно выполняет задания | Очно-заочная | Нужно пройти дистанционный отбор, чтобы участвовать в очном финале;Объединение: Олимпиада «Миссия выполнима. Твое призвание – финансист!»;https://olimpiada.ru/activity/5758
5908;Олимпиада «Учись строить будущее» по иностранному языку;Английский язык;10–11 классы;10.0;11.0;Очно-заочная;Личная;6.3;Следующий цикл ожидается;Следующее соревнование ожидается в ноябре 2026 года;Следующее соревнование: Следующее соревнование ожидается в ноябре 2026 года;Частично заполнен по текущему статусу;Расписание олимпиады в этом году пока не известно;;https://olimpiada.ru/activity/5908;—;;Точное соответствие проекту РСОШ 2026/27 не найдено;https://rsr-olymp.ru/news/123;24.09.2026;"Московский государственный строительный университет; →";"mgsu.ru/...; olimp@mgsu.ru";"Положение и регламент; →";;Личная | Участник самостоятельно выполняет задания | Очно-заочная | Нужно пройти дистанционный отбор, чтобы участвовать в очном финале;Объединение: Олимпиада «Учись строить будущее»;https://olimpiada.ru/activity/5908
5618;Олимпиада «Формула Единства»/«Третье тысячелетие» по английскому языку;Английский язык;5–11 классы;5.0;11.0;Очно-заочная;Личная;8.3;Этап запланирован;Отборочный этап пройдет с 20 октября по 13 ноября;Отборочный этап: 20 окт—13 ноя;Опубликован;"Отборочный этап
20 окт—13 ноя";Обновлено 15 сентября;https://olimpiada.ru/activity/5618;—;;Этот профиль не найден в проекте РСОШ 2026/27;https://rsr-olymp.ru/news/123;24.09.2026;"Невский институт языка и культуры; →; Институт иностранных языков; Мурманский арктический государственный университет";"formulo.org/...; olimp.eng@formulo.org";"Положение; →; Регламент";К участию приглашаются ученики 5-11 классов из России и СНГ. .. Соревнование состоит из двух обязательных этапов: отборочного и заключительного. Первый проводится в заочной форме. Заключительный этап проходит в очной форме на региональных площадках. К участию в финале соревнования допускаются победители и призеры отборочного этапа.;Личная | Участник самостоятельно выполняет задания | Очно-заочная | Нужно пройти дистанционный отбор, чтобы участвовать в очном финале;Объединение: Олимпиада «Формула Единства»/«Третье тысячелетие»;https://olimpiada.ru/activity/5618
5732;Олимпиада Учи.ру по английскому языку;Английский язык;1–11 классы;1.0;11.0;Дистанционная;Личная;8.4;Расписание не опубликовано;Расписание следующей олимпиады ожидается в марте 2027 года;Публикация расписания: ожидается в марте 2027 года;Частично заполнен по текущему статусу;Расписание олимпиады в этом году пока не известно;;https://olimpiada.ru/activity/5732;—;;Точное соответствие проекту РСОШ 2026/27 не найдено;https://rsr-olymp.ru/news/123;24.09.2026;"Учи.ру; →";"english.uchi.ru; support@uchi.ru";;Олимпиада проводится для учеников 1-11 классов в онлайн-режиме. Интерактивные задания тренируют внимание, память и лексику английского языка, но при этом не требуют углубленных знаний школьной программы. .. На выполнение заданий первого тура отводится 60 минут, результаты будут известны сразу после окончания олимпиады. Школьников, успешно справившихся с заданиями, пригласят на второй тур.;Личная | Участник самостоятельно выполняет задания | Дистанционная | Можно участвовать не выходя из дома, достаточно иметь компьютер с доступом в интернет;Объединение: Олимпиады Учи.ру;https://olimpiada.ru/activity/5732
5704;Олимпиада школьников «Путь к успеху» по английскому языку;Английский язык;9–11 классы;9.0;11.0;Очно-заочная;Личная;7.7;Итоги опубликованы;"Опубликованы итоги; следующее соревнование ожидается в ноябре 2026 года";"Следующее соревнование: Опубликованы итоги; следующее соревнование ожидается в ноябре 2026 года";Частично заполнен по текущему статусу;Расписание олимпиады в этом году пока не известно;;https://olimpiada.ru/activity/5704;—;;Точное соответствие проекту РСОШ 2026/27 не найдено;https://rsr-olymp.ru/news/123;24.09.2026;"Магнитогорский государственный технический университет имени Г. И. Носова; →";"molimp.magtu.ru; fdp_magtu@mail.ru";"Положение; →";;Личная | Участник самостоятельно выполняет задания | Очно-заочная | Нужно пройти дистанционный отбор, чтобы участвовать в очном финале;Объединение: Многопрофильная олимпиада школьников «Путь к успеху»;https://olimpiada.ru/activity/5704
5519;Открытая российская интернет-олимпиада по английскому языку;Английский язык;1–9 классы;1.0;9.0;Дистанционная;Личная;7.9;Регистрация открыта;Отборочный этап стартует 20 октября. Регистрация открыта;"Осенняя олимпиада: 22—28 ноя
Зимняя олимпиада: 22—28 фев
Весенняя олимпиада: 22—28 мая";Опубликован;"Осенняя олимпиада
22—28 ноя
Зимняя олимпиада
22—28 фев
Весенняя олимпиада
22—28 мая";Обновлено 18 июня;https://olimpiada.ru/activity/5519;—;;Точное соответствие проекту РСОШ 2026/27 не найдено;https://rsr-olymp.ru/news/123;24.09.2026;СПбАППО;"metaschool.ru/...; krug@metaschool.ru";;;Личная | Участник самостоятельно выполняет задания | Дистанционная | Можно участвовать не выходя из дома, достаточно иметь компьютер с доступом в интернет;Объединение: Открытые российские интернет-олимпиады для школьников;https://olimpiada.ru/activity/5519
5604;Северо-Восточная олимпиада по английскому языку;Английский язык;10–11 классы;10.0;11.0;Очно-заочная;Личная;7.5;Следующий цикл ожидается;Следующее соревнование начнется в ноябре 2026 года;Следующее соревнование: Следующее соревнование начнется в ноябре 2026 года;Частично заполнен по текущему статусу;Расписание олимпиады в этом году пока не известно;;https://olimpiada.ru/activity/5604;—;;Этот профиль не найден в проекте РСОШ 2026/27;https://rsr-olymp.ru/news/123;24.09.2026;"Северо-Восточный федеральный университет имени М. К. Аммосова; →";"olympiadsvosh.s-vfu.ru/...; svosh.s-vfu@mail.ru";"Положение; →; Регламент";;Личная | Участник самостоятельно выполняет задания | Очно-заочная | Нужно пройти дистанционный отбор, чтобы участвовать в очном финале;Объединение: Северо-Восточная олимпиада;https://olimpiada.ru/activity/5604
5201;Московский международный фестиваль языков;"Английский язык; Арабский язык; Испанский язык; Итальянский язык; Китайский язык; Корейский язык; Латинский язык; Лингвистика; Немецкий язык; Русский язык; Французский язык; Японский язык";1–11 классы;1.0;11.0;Очная;Личная;8.3;Информация ожидается;Информация о следующем фестивале ожидается в октябре 2026 года;Обновление информации: ожидается в октябре 2026 года;Частично заполнен по текущему статусу;Расписание олимпиады в этом году пока не известно;;https://olimpiada.ru/activity/5201;—;;Точное соответствие проекту РСОШ 2026/27 не найдено;https://rsr-olymp.ru/news/123;24.09.2026;;lingvafestivalo.info;;;Личная | Участник самостоятельно выполняет задания | Очная | Для участия нужно прийти в заранее известное место проведения;Каталог /activities;https://olimpiada.ru/activity/5201
5003;Международная олимпиада «Евразийская лингвистическая олимпиада»;"Английский язык; Арабский язык; Испанский язык; Итальянский язык; Китайский язык; Корейский язык; Немецкий язык; Французский язык; Японский язык";7–11 классы;7.0;11.0;Очно-заочная;Личная;8.8;Этап запланирован;Регистрация на отборочный этап начнется 16 ноября;"Регистрация: 16 ноя—30 дек
Отборочный этап: 16 ноя—14 янв
Заключительный этап: 14 фев";Опубликован;"Регистрация
16 ноя—30 дек
Отборочный этап
16 ноя—14 янв
Заключительный этап
14 фев";Обновлено 27 мая;https://olimpiada.ru/activity/5003;II;иностранный язык;"Проект РСОШ 2026/27; не утвержден на 24.09.2026";https://www.garant.ru/products/ipo/prime/doc/56963051/;24.09.2026;"Московский государственный лингвистический университет; →; Дальневосточный федеральный университет; Пермский государственный национальный исследовательский университет; Новосибирский национальный исследовательский государственный университет (НГУ); Челябинский государственный университет; Нижегородский государственный лингвистический университет; Байкальский государственный университет; Забайкальский государственный университет; Пятигорский государственный лингвистический университет";"elo.linguanet.ru; olimpiada_mglu@linguanet.ru";"Положение; →; Регламент";Евразийская лингвистическая олимпиада проводится по английскому, испанскому, китайскому, немецкому, итальянскому, французскому, японскому, корейскому и арабскому языкам среди учеников 7-11 классов. Соревнование включает два обязательных этапа. .. Отборочный этап проходит в дистанционном режиме. Для участия школьникам необходимо зарегистрироваться, получить задания в личном кабинете и начать выполнять их сразу. На решение заданий отводится определенное время: для 7-8 классов два часа, для 9-11 классов три часа. Победители и призеры отборочного этапа допускаются к участию в финале. Заключительный этап проходит очно на региональных площадках, расписание и места проведения организаторы публикуют на официальном сайте олимпиады.;Личная | Участник самостоятельно выполняет задания | Очно-заочная | Нужно пройти дистанционный отбор, чтобы участвовать в очном финале;Каталог /activities;https://olimpiada.ru/activity/5003
5656;Межрегиональная полипредметная олимпиада НИУ «БелГУ»;"Английский язык; Астрономия; Биология; География; ИЗО; Информатика; История; Литература; Математика; Немецкий язык; Обществознание; Право; Психология; Русский язык; Физика; Французский язык; Химия; Экология; Экономика";7–11 классы;7.0;11.0;Очно-заочная;Личная;8.6;Информация ожидается;Информация о следующей олимпиаде ожидается в декабре 2026 года;Обновление информации: ожидается в декабре 2026 года;Частично заполнен по текущему статусу;Расписание олимпиады в этом году пока не известно;;https://olimpiada.ru/activity/5656;—;;Точное соответствие проекту РСОШ 2026/27 не найдено;https://rsr-olymp.ru/news/123;24.09.2026;"Белгородский государственный национальный исследовательский университет; →";"talant.bsuedu.ru/...; Talant@bsu.edu.ru";"Положение и регламент; →";Межрегиональная полипредметная олимпиада школьников НИУ «БелГУ» проводится для учащихся 7-11 классов по направлениям: астрономия, русский язык, литература, математика, информатика, физика, история, обществознание, биология, химия, иностранный язык (английский, немецкий, французский), право, экономика, экология, психология, журналистика, география, изобразительное искусство, основы медицинских знаний, международные отношения. .. Олимпиада проводится в два этапа. Первый проходит дистанционно для всех желающих. Победители и призеры приглашаются на заключительный этап. Финал проводится в очной форме на базе Белгородского государственного национального исследовательского университета.;Личная | Участник самостоятельно выполняет задания | Очно-заочная | Нужно пройти дистанционный отбор, чтобы участвовать в очном финале;Каталог /activities;https://olimpiada.ru/activity/5656
5837;Подмосковная олимпиада школьников;"Английский язык; Астрономия; Биология; География; Информатика; Искусство; Испанский язык; История; Китайский язык; Литература; Математика; Немецкий язык; Обществознание; Предпринимательство; Право; Русский язык; Технология; Физика; Французский язык; Химия; Экология; Экономика";5–11 классы;5.0;11.0;Очно-заочная;Личная;8.0;Расписание не опубликовано;Расписание следующей олимпиады ожидается в октябре 2026 года;Публикация расписания: ожидается в октябре 2026 года;Частично заполнен по текущему статусу;Расписание олимпиады в этом году пока не известно;;https://olimpiada.ru/activity/5837;—;;Точное соответствие проекту РСОШ 2026/27 не найдено;https://rsr-olymp.ru/news/123;24.09.2026;"Министерство образования Московской области; →; Образовательный центр «Взлет»";"olympmo.ru/...; olympmo@primakov.school";"Положение и регламент; →";Подмосковная олимпиада школьников – интеллектуальное соревнование по 24 общеобразовательным предметам. .. Принять участие приглашают учеников 5-11 классов. Школьники из всех регионов России могут попробовать свои силы в 19 направлениях (кроме физики, технологии (проектной деятельности), информатики, олимпиады по естественным наукам, а также истории и музеям). Первый тур проходит в дистанционном формате. Участники, успешно выполнившие задания, приглашаются на второй, очный тур. По итогам состязания победители и призеры получают дипломы, а участники – сертификаты.;Личная | Участник самостоятельно выполняет задания | Очно-заочная | Нужно пройти дистанционный отбор, чтобы участвовать в очном финале;Каталог /activities;https://olimpiada.ru/activity/5837
5869;Учебно-тренировочные чемпионаты ЦПМ;"Английский язык; Астрономия; Биология; География; Информатика; Искусство; Испанский язык; История; Лингвистика; Литература; Математика; Немецкий язык; Обществознание; Право; Русский язык; Физика; Физическая культура; Французский язык; Химия; Экология; Экономика";7–11 классы;7.0;11.0;Дистанционная;Командная;7.5;Расписание не опубликовано;Расписание следующих чемпионатов ожидается в марте 2027 года;Публикация расписания: ожидается в марте 2027 года;Частично заполнен по текущему статусу;Расписание олимпиады в этом году пока не известно;;https://olimpiada.ru/activity/5869;—;;Точное соответствие проекту РСОШ 2026/27 не найдено;https://rsr-olymp.ru/news/123;24.09.2026;"Центр педагогического мастерства; Ассоциация победителей олимпиад";"турнир.цпм.рф; turnir@cpm.moscow";;Учебно-тренировочные чемпионаты – это командные соревнования, которые позволяют ребятам посмотреть на школьные предметы по-новому, применить знания в практических задачах и потренироваться перед олимпиадами. .. Чемпионаты проходят в игровой форме. Принять участие можно в коллективе от одной или из разных школ, а также индивидуально (таких учеников организаторы сами объединяют в команды). В рамках чемпионатов проходят следующие соревнования: КОСМОС – игровая образовательная вселенная, где ученики 7-11 классов могут стать участниками большой интеллектуальной баталии ( Положение о проведении ). МЫШ – капитал-квиз по русскому языку, где командам учеников 7-11 классов нужно решать лингвистические задачи ( ГРИБ – турнир для 8-11 классов на тему биоразнообразия, куда включены вопросы из областей биологии, экологии, химии и географии ( КУСТ – соревнование для 7-11 классов по страноведению, включающее задания по иностранным языкам, географии, истории и МХК ( ТИТАН – большое межпредметное соревнование для тех, кто ищет будущее в IT и в STEM-науках. Принять участие могут школьники из 8-11 классов ( ХИТ – командный исследовательский турнир по химии, который знакомит с красотой науки. Проходит среди команд учеников 7-11 классов (;Командная | Участники выполняют задания вместе и борются за общий результат | Дистанционная | Можно участвовать не выходя из дома, достаточно иметь компьютер с доступом в интернет;Каталог /activities;https://olimpiada.ru/activity/5869
5860;Интеллектуальная игра КОСМОС;"Английский язык; Астрономия; Биология; География; Информатика; Искусство; История; Литература; Математика; ОБЗР; Обществознание; Право; Русский язык; Физика; Физическая культура; Химия; Экология; Экономика";8–10 классы;8.0;10.0;Дистанционная;Командная;7.1;Расписание не опубликовано;Расписание следующего соревнования ожидается в марте 2027 года;Публикация расписания: ожидается в марте 2027 года;Частично заполнен по текущему статусу;Расписание олимпиады в этом году пока не известно;;https://olimpiada.ru/activity/5860;—;;Точное соответствие проекту РСОШ 2026/27 не найдено;https://rsr-olymp.ru/news/123;24.09.2026;"Центр педагогического мастерства; Ассоциация победителей олимпиад";"космос.цпм.рф; info@cpm.moscow";;КОСМОС – игровая образовательная вселенная, где участники могут стать участниками большой интеллектуальной баталии между командами школ. .. От каждой школы могут участвовать коллективы из 7-15 учеников с разнообразными знаниями и навыками. Ребят ждут пять этапов: четыре отборочных и финал. Материалы предыдущего сезона и подробное описание конкурса размещены на сайте организаторов .;Командная | Участники выполняют задания вместе и борются за общий результат | Дистанционная | Можно участвовать не выходя из дома, достаточно иметь компьютер с доступом в интернет;Каталог /activities;https://olimpiada.ru/activity/5860
5823;Выездные школы АПО;"Английский язык; Астрономия; Биология; География; Искусство; Испанский язык; История; Итальянский язык; Китайский язык; Литература; Математика; Немецкий язык; ОБЗР; Обществознание; Право; Русский язык; Физика; Французский язык; Химия; Экология; Экономика";7–11 классы;7.0;11.0;;;7.4;Регистрация открыта;Идет регистрация на летние смены;Не опубликовано;Не опубликован;Расписание олимпиады в этом году пока не известно;;https://olimpiada.ru/activity/5823;—;;Точное соответствие проекту РСОШ 2026/27 не найдено;https://rsr-olymp.ru/news/123;24.09.2026;"Ассоциация победителей олимпиад; →";"апо.рф/...; info@apo-team.ru";;Ассоциация победителей олимпиад проводит среди учеников 7-11 классов выездные школы по подготовке к олимпиадам по предметам: астрономия, биология, география, журналистика, иностранные языки (английский, испанский, итальянский, китайский, немецкий, французский), история искусств, литература, история, математика, ОБЖ, обществознание, право, русский язык, физика, химия, экология и экономика. .. На сменах преподаватели АПО весь день с учениками ведут пары, готовят групповые проекты, проводят вечерние консультации и участвуют в отрядных мероприятиях. Школы проходят на площадках по организации детского и молодежного отдыха Департамента образования и науки города Москвы: образовательный центр «Команда» и Московский городской Дом учителя «Поведники».;;Каталог /activities;https://olimpiada.ru/activity/5823
5775;Многопрофильная олимпиада КГУ «Твой выбор»;"Английский язык; Биология; География; ИЗО; Информатика; Искусство; История; Литература; Математика; Немецкий язык; Обществознание; Русский язык; Физика; Французский язык";7–11 классы;7.0;11.0;Очно-заочная;Личная;8.1;Расписание не опубликовано;Расписание олимпиады в этом году пока не известно;Не опубликовано;Не опубликован;Расписание олимпиады в этом году пока не известно;;https://olimpiada.ru/activity/5775;—;;Точное соответствие проекту РСОШ 2026/27 не найдено;https://rsr-olymp.ru/news/123;24.09.2026;Курский государственный университет;"multiolymp.kursksu.ru; olimpiadakgu@gmail.com";"Положение; →";Олимпиада проходит по 15 дисциплинам: физико-математический профиль, информатика и ИКТ, русский язык, литература, основы православной культуры, история, обществознание, английский язык, немецкий язык, французский язык, биология, география, музыкальное искусство, изобразительное искусство, рисунок и живопись. .. Задания рассчитаны на учеников 7-11 классов. Состязание включает два этапа: отборочный и заключительный. Участники, успешно прошедшие отбор, приглашаются в финал.;Личная | Участник самостоятельно выполняет задания | Очно-заочная | Нужно пройти дистанционный отбор, чтобы участвовать в очном финале;Каталог /activities;https://olimpiada.ru/activity/5775
5651;Межрегиональная олимпиада школьников «Путь в науку»;"Английский язык; Биология; География; ИЗО; Информатика; История; Литература; Немецкий язык; Обществознание; Русский язык; Физика; Французский язык; Химия";11 класс;11.0;11.0;Очно-заочная;Личная;8.0;Итоги опубликованы;"Опубликованы итоги; следующее соревнование ожидается в феврале 2027 года";"Следующее соревнование: Опубликованы итоги; следующее соревнование ожидается в феврале 2027 года";Частично заполнен по текущему статусу;Расписание олимпиады в этом году пока не известно;;https://olimpiada.ru/activity/5651;—;;Точное соответствие проекту РСОШ 2026/27 не найдено;https://rsr-olymp.ru/news/123;24.09.2026;"Орловский государственный университет имени И.С. Тургенева; →";oreluniver.ru/...;"Положение; →; Регламент";Многопрофильная олимпиада для учеников 11 класса из всех регионов страны. Соревнование включает в себя дистанционный отборочный и заключительный очный этапы. .. Финал олимпиады проводится на базе Орловского государственного университета имени И.С. Тургенева.;Личная | Участник самостоятельно выполняет задания | Очно-заочная | Нужно пройти дистанционный отбор, чтобы участвовать в очном финале;Каталог /activities;https://olimpiada.ru/activity/5651
5895;Олимпиада РУДН для школьников;"Английский язык; Биология; География; Информатика; Испанский язык; История; Математика; Немецкий язык; Обществознание; Право; Психология; Физика; Французский язык; Химия; Экология; Экономика";7–11 классы;7.0;11.0;Очно-заочная;Личная;8.1;Регистрация открыта;Регистрация открыта до 25 января;"Отборочный этап: 1 окт—25 янв
Регистрация: До 25 янв
Заключительный этап: 13—18 фев";Опубликован;"Отборочный этап
1 окт—25 янв
Регистрация
До 25 янв
Заключительный этап
13—18 фев";Обновлено 15 сентября;https://olimpiada.ru/activity/5895;—;;Точное соответствие проекту РСОШ 2026/27 не найдено;https://rsr-olymp.ru/news/123;24.09.2026;"Российский университет дружбы народов; →";"olympiada.rudn.ru; olympiada@rudn.ru";"Положение; →; Регламент";Олимпиада проходит для всех желающих учеников 7-11 классов. Школьники могут попробовать свои силы в одном или нескольких профилях, которые входят в четыре категории: гуманитарные науки, технические науки, естественные науки и социально-экономические науки. .. Соревнование включает в себя два этапа. Отборочный проходит онлайн, для участия нужно пройти регистрацию на сайте олимпиады. Победители и призеры приглашаются в финал, который проводится в смешанном формате: очно в РУДН и дистанционно. Для подготовки к олимпиаде организаторы советуют участникам ознакомиться с демоверсиями заданий, а также методическими рекомендациями. Материалы доступны на сайте соревнования в разделе «Профили».;Личная | Участник самостоятельно выполняет задания | Очно-заочная | Нужно пройти дистанционный отбор, чтобы участвовать в очном финале;Каталог /activities;https://olimpiada.ru/activity/5895
5276;Евсевьевская открытая олимпиада школьников;"Английский язык; Биология; География; Информатика; История; Литература; Математика; Немецкий язык; ОБЗР; Обществознание; Право; Русский язык; Технология; Физика; Физическая культура; Химия";7–11 классы;7.0;11.0;Очная;Личная;8.6;Следующий цикл ожидается;Следующее соревнование начнется в феврале 2027 года;Следующее соревнование: Следующее соревнование начнется в феврале 2027 года;Частично заполнен по текущему статусу;Расписание олимпиады в этом году пока не известно;;https://olimpiada.ru/activity/5276;—;;Точное соответствие проекту РСОШ 2026/27 не найдено;https://rsr-olymp.ru/news/123;24.09.2026;"Мордовский государственный педагогический университет имени М. Е. Евсевьева; →";"mordgpi.ru/...; academia@mordgpi.ru";"Положение; →; Регламент";Соревнование для 7-11 классов по 17 предметам, включая экзотические языки мокша и эрзя;Личная | Участник самостоятельно выполняет задания | Очная | Для участия нужно прийти в заранее известное место проведения;Каталог /activities;https://olimpiada.ru/activity/5276
5853;Олимпиада школьников «Байкальская перспектива»;"Английский язык; Биология; География; Информатика; История; Математика; Физика; Химия";7–11 классы;7.0;11.0;Очно-заочная;Личная;7.3;Итоги опубликованы;Определены победители и призеры финала;Не опубликовано;Не опубликован;Расписание олимпиады в этом году пока не известно;;https://olimpiada.ru/activity/5853;—;;Точное соответствие проекту РСОШ 2026/27 не найдено;https://rsr-olymp.ru/news/123;24.09.2026;"Бурятский государственный университет имени Доржи Банзарова; →";"bsu.ru/...; olympic@bsu.ru";"Положение; →";Олимпиада «Байкальская перспектива» проводится Бурятским государственным университетом имени Доржи Банзарова с 2012 года для школьников из России, Монголии, Узбекистана. .. Соревнование проходит для учеников 7-11 классов по 8 профилям: математика, физика, информатика, химия, биология, география, история, английский язык. Чтобы попасть в финал, нужно выполнить задания дистанционного отборочного этапа.;Личная | Участник самостоятельно выполняет задания | Очно-заочная | Нужно пройти дистанционный отбор, чтобы участвовать в очном финале;Каталог /activities;https://olimpiada.ru/activity/5853
6931;Всероссийская олимпиада школьников и студентов организаций СПО «Акмуллинская олимпиада»;"Английский язык; Биология; География; История; Математика; Обществознание; Психология; Русский язык; Физика; Экономика";8–11 классы;8.0;11.0;Очно-заочная;Личная;6.8;Расписание не опубликовано;Расписание олимпиады в этом году пока не известно;Не опубликовано;Не опубликован;Расписание олимпиады в этом году пока не известно;;https://olimpiada.ru/activity/6931;—;;Точное соответствие проекту РСОШ 2026/27 не найдено;https://rsr-olymp.ru/news/123;24.09.2026;"Башкирский государственный педагогический университет им. М. Акмуллы; →";"distolimp.bspu.ru; akmulolimp@yandex.ru";"Положение и регламент; →";Олимпиада проводится для учеников 8-11 классов и студентов СПО по направлениям: английский, башкирский, русский и татарский языки, биология, география, история, математика, обществознание, основы педагогики и психологии, физика, экономика. Состязание включает два этапа. .. Отборочный этап проходит в дистанционном формате. Его победители и призеры приглашаются в финал, который проводится очно. Ознакомиться с материалами для подготовки можно на сайте организаторов .;Личная | Участник самостоятельно выполняет задания | Очно-заочная | Нужно пройти дистанционный отбор, чтобы участвовать в очном финале;Каталог /activities;https://olimpiada.ru/activity/6931
5010;Международная олимпиада молодежи;"Английский язык; Биология; ИЗО; Информатика; Искусство; История; Лингвистика; Литература; Математика; Обществознание; Право; Психология; Французский язык; Экономика";10–11 классы;10.0;11.0;Очная;Личная;8.6;Регистрация открыта;Регистрация открыта до 29 октября;"Регистрация: До 29 окт
Олимпиада: 6—16 ноя";Опубликован;"Регистрация
До 29 окт
Олимпиада
6—16 ноя";Обновлено 4 сентября;https://olimpiada.ru/activity/5010;—;;Точное соответствие проекту РСОШ 2026/27 не найдено;https://rsr-olymp.ru/news/123;24.09.2026;"Высшая школа экономики; →";"olymp.hse.ru/...; inter@hse.ru";;Международная олимпиада молодежи проводится для иностранных граждан и лиц без гражданства – учащихся 10-11 классов (11-12 классов с 12-летней программой обучения). .. Состязание проходит на русском и английском языках в один этап в очном формате по 17 направлениям. Список площадок проведения с каждым годом расширяется.;Личная | Участник самостоятельно выполняет задания | Очная | Для участия нужно прийти в заранее известное место проведения;Каталог /activities;https://olimpiada.ru/activity/5010
5652;Олимпиада «Я – бакалавр»;"Английский язык; Биология; Информатика; История; Китайский язык; Математика; Обществознание; Право; Психология; Русский язык; Технология; Физика; Экономика";5–11 классы;5.0;11.0;Очно-заочная;Личная;7.8;Регистрация откроется позже;Регистрация будет открыта с 1 октября до 8 ноября;"Регистрация: 1 окт—8 ноя
Отборочный этап: 13 ноя—15 дек";Опубликован;"Регистрация
1 окт—8 ноя
Отборочный этап
13 ноя—15 дек";Обновлено 3 сентября;https://olimpiada.ru/activity/5652;—;;Точное соответствие проекту РСОШ 2026/27 не найдено;https://rsr-olymp.ru/news/123;24.09.2026;"Донской государственный технический университет; →; Орловский государственный университет; Вятский государственный университет; Сибирский государственный университет науки и технологий имени академика М. Ф. Решетнева; Самарский государственный технический университет; Владимирский государственный университет";"talant.donstu.ru/...; octm@donstu.ru";"Положение; →; Регламент";Олимпиада «Я – бакалавр» проводится для учеников 5-11 классов по физике, математике, информатике, истории, русскому языку, английскому и китайскому языкам, биологии, технологии, психологии, праву, экономике, обществознанию. .. В соревновании могут участвовать школьники из любых регионов страны. Отборочный этап проводится в заочной форме. Заключительный этап проходит очно на базе ДГТУ и на площадках университетов- партнеров.;Личная | Участник самостоятельно выполняет задания | Очно-заочная | Нужно пройти дистанционный отбор, чтобы участвовать в очном финале;Каталог /activities;https://olimpiada.ru/activity/5652
5569;Выездные школы НИУ ВШЭ;"Английский язык; География; Информатика; История; Лингвистика; Литература; Математика; Право; Психология; Русский язык; Физика; Химия; Экономика";6–11 классы;6.0;11.0;;;8.5;Информация ожидается;Ожидается информация от организаторов;"Летняя многопрофильная школа: 8—18 авг
Летняя правовая школа: 22—29 авг";Опубликован;"Летняя многопрофильная школа
8—18 авг
Летняя правовая школа
22—29 авг";Обновлено 9 апреля;https://olimpiada.ru/activity/5569;—;;Точное соответствие проекту РСОШ 2026/27 не найдено;https://rsr-olymp.ru/news/123;24.09.2026;;shkolnikam.hse.ru/...;;Предметные школы – это сочетание отдыха с занятиями, это дискуссии и обсуждения, это мастер-классы и подготовка проектов, это деловые игры и тренинги. Школы «Высшей школы экономики» проводят преподаватели и студенты университета.;;Каталог /activities;https://olimpiada.ru/activity/5569
6990;Всероссийская олимпиада по инновационному предпринимательству «Будущее бизнеса»;"Английский язык; Информатика; Математика; Обществознание; Предпринимательство; Экономика";9–11 классы;9.0;11.0;Очно-заочная;Личная;6.7;Регистрация откроется позже;Регистрация на следующее соревнование начнется в ноябре;Регистрация: в ноябре;Частично заполнен по текущему статусу;Расписание олимпиады в этом году пока не известно;;https://olimpiada.ru/activity/6990;—;;Точное соответствие проекту РСОШ 2026/27 не найдено;https://rsr-olymp.ru/news/123;24.09.2026;"Государственный университет управления; →";olymp-rwb.guu.ru;"Положение; →";Олимпиада носит междисциплинарный характер, интегрируя знания по экономике, информатике, математике, обществознанию (с акцентом на разделы «Право» и «Экономика»), английскому языку, для решения задач в сфере инновационного бизнеса и технологий. .. Участникам также пригодятся навыки проектного управления и публичных выступлений. Соревнование проводится для учеников 9-11 классов в три этапа: два отборочных проходят дистанционно, заключительный организуют в очном формате в Москве.;Личная | Участник самостоятельно выполняет задания | Очно-заочная | Нужно пройти дистанционный отбор, чтобы участвовать в очном финале;Каталог /activities;https://olimpiada.ru/activity/6990
6926;Олимпиада «Все дороги ведут в МАДИ»;"Английский язык; Информатика; Математика; Обществознание; Русский язык; Физика";7–11 классы;7.0;11.0;Очно-заочная;Личная;6.7;Информация ожидается;Информация о следующей олимпиаде ожидается в сентябре 2026 года;Обновление информации: ожидается в сентябре 2026 года;Частично заполнен по текущему статусу;Расписание олимпиады в этом году пока не известно;;https://olimpiada.ru/activity/6926;—;;Точное соответствие проекту РСОШ 2026/27 не найдено;https://rsr-olymp.ru/news/123;24.09.2026;"Московский автомобильно-дорожный государственный технический университет (МАДИ); →";"olympiad.madi.ru; support.olympiad@madi.ru";"Положение; →; Регламент";"Олимпиада проводится среди школьников из 7-11 классов и студентов СПО по профилям: математика, физика, информатика, русский язык, обществознание, иностранный (английский) язык. Эти предметы объединены в четыре направления на выбор участника:. .. маршрут № 1: математика, физика, русский язык; маршрут № 2: математика, информатика, русский язык; маршрут № 3: математика, обществознание, русский язык; маршрут № 4: обществознание, русский язык, иностранный язык. Можно попробовать свои силы в одном или нескольких маршрутах. Отборочный этап проходит в дистанционном формате. Для участия нужно зарегистрироваться. После подачи заявки участнику становится доступно пробное тестирование по выбранному маршруту и основные задания. Решать задачи можно в любое удобное время в период проведения соревнования. Школьники, успешно выполнившие задания отборочного этапа, приглашаются в финал. Он проходит в очном формате на площадках организаторов олимпиады.";Личная | Участник самостоятельно выполняет задания | Очно-заочная | Нужно пройти дистанционный отбор, чтобы участвовать в очном финале;Каталог /activities;https://olimpiada.ru/activity/6926
5029;Герценовская олимпиада школьников по иностранным языкам;"Английский язык; Испанский язык; Китайский язык; Немецкий язык; Французский язык";8–11 классы;8.0;11.0;Очно-заочная;Личная;8.4;Расписание не опубликовано;Расписание следующей олимпиады ожидается в октябре 2026 года;Публикация расписания: ожидается в октябре 2026 года;Частично заполнен по текущему статусу;Расписание олимпиады в этом году пока не известно;;https://olimpiada.ru/activity/5029;II;иностранный язык;"Проект РСОШ 2026/27; не утвержден на 24.09.2026";https://www.garant.ru/products/ipo/prime/doc/56963051/;24.09.2026;"Российский государственный педагогический; университет имени А. И. Герцена; →";"herzen.spb.ru/...; olymp@rgpu.spb.ru";"Положение; →; Регламент";;Личная | Участник самостоятельно выполняет задания | Очно-заочная | Нужно пройти дистанционный отбор, чтобы участвовать в очном финале;Объединение: Герценовские олимпиады школьников;https://olimpiada.ru/activity/5029
171;Межрегиональная олимпиада школьников на базе ведомственных образовательных организаций (иностранные языки);"Английский язык; Испанский язык; Китайский язык; Немецкий язык; Французский язык";9–11 классы;9.0;11.0;Очно-заочная;Личная;8.0;Итоги опубликованы;"Опубликованы итоги; следующее соревнование ожидается в декабре 2026 года";"Следующее соревнование: Опубликованы итоги; следующее соревнование ожидается в декабре 2026 года";Частично заполнен по текущему статусу;Расписание олимпиады в этом году пока не известно;;https://olimpiada.ru/activity/171;II;иностранный язык;"Проект РСОШ 2026/27; не утвержден на 24.09.2026";https://www.garant.ru/products/ipo/prime/doc/56963051/;24.09.2026;"Академия ФСБ России; →; Академия ФСО России";"v-olymp.ru/...; fiya@v-olymp.ru";"Положение; →; Регламент";Олимпиада проводится для всех желающих школьников 9-11 классов по пяти языкам: английский, испанский, китайский, немецкий и французский. .. Отборочный этап проходит в дистанционной форме, а заключительный – в очном формате на нескольких площадках в разных городах России. Структура олимпиады представляет собой несколько разделов заданий повышенной сложности на проверку языковой, текстообразующей, лингво-культурологической, переводческой компетенций и лингвистического мышления.;Личная | Участник самостоятельно выполняет задания | Очно-заочная | Нужно пройти дистанционный отбор, чтобы участвовать в очном финале;Объединение: Олимпиада школьников на базе ведомственных образовательных организаций;https://olimpiada.ru/activity/171
6915;Открытый интеллектуальный конкурс по иностранному языку «Мир вокруг ВАВТ»;"Английский язык; Испанский язык; Китайский язык; Французский язык";9–11 классы;9.0;11.0;Очно-заочная;Личная;6.2;Регистрация откроется позже;Регистрация откроется 1 ноября;"Регистрация: 1 ноя—30 янв
Очный демодень: 24 ноя
Отборочный этап: 1 дек—30 янв
Заочный демодень: 17 дек";Опубликован;"Регистрация
1 ноя—30 янв
Очный демодень
24 ноя
Отборочный этап
1 дек—30 янв
Заочный демодень
17 дек";Обновлено 20 августа;https://olimpiada.ru/activity/6915;—;;Точное соответствие проекту РСОШ 2026/27 не найдено;https://rsr-olymp.ru/news/123;24.09.2026;"Всероссийская академия внешней торговли; →";postupi.vavt.ru/...;"Положение; →; Регламент";Соревнование проходит для всех желающих учеников 9-11 классов по французскому, китайскому, испанскому и английскому языкам. Олимпиада включает два этапа. .. Отборочный этап проводится в заочном формате, для участия нужно зарегистрироваться. Школьники, успешно выполнившие задания и набравшие необходимое количество баллов, будут приглашены в финал. Он проходит в очном формате на площадках организаторов.;Личная | Участник самостоятельно выполняет задания | Очно-заочная | Нужно пройти дистанционный отбор, чтобы участвовать в очном финале;Каталог /activities;https://olimpiada.ru/activity/6915
5208;Олимпиада «Высшая проба» по иностранным языкам;"Английский язык; Испанский язык; Немецкий язык; Французский язык";9–11 классы;9.0;11.0;Очно-заочная;Личная;8.4;Регистрация завершена;Регистрация открыта до 22 сентября;"Регистрация: До 22 сен
Первый тур отборочного этапа: английский язык: 28 сен
Первый тур отборочного этапа: все языки: 3 окт";Опубликован;"Регистрация
До 22 сен
Первый тур отборочного этапа: английский язык
28 сен
Первый тур отборочного этапа: все языки
3 окт";Обновлено 14 сентября;https://olimpiada.ru/activity/5208;I;иностранный язык;"Проект РСОШ 2026/27; не утвержден на 24.09.2026";https://www.garant.ru/products/ipo/prime/doc/56963051/;24.09.2026;"Национальный исследовательский университет Высшая школа экономики; →";"olymp.hse.ru/...; olymp@hse.ru";"Положение и регламент; →";Олимпиада по иностранным языкам «Высшая проба» впервые прошла в 2015 году. В первый же год проведения в ней приняли участие около 6 тысяч школьников. .. Особенностью олимпиады «Высшая проба» по иностранным языкам является разнообразие заданий отборочного и заключительного этапов. Наряду с традиционными тестами на лексику и грамматику участникам предлагаются задания, проверяющие аналитические и творческие способности, а также интеллектуальный потенциал и эрудицию учащихся. Поэтому при подготовке к олимпиаде полезно читать новости, научно-популярную и художественную литературу, слушать радио, смотреть документальные фильмы как на иностранном, так и на русском языке.;Личная | Участник самостоятельно выполняет задания | Очно-заочная | Нужно пройти дистанционный отбор, чтобы участвовать в очном финале;Объединение: Олимпиада «Высшая проба»;https://olimpiada.ru/activity/5208
5710;Плехановская олимпиада по иностранным языкам;"Английский язык; Испанский язык; Немецкий язык; Французский язык";8–11 классы;8.0;11.0;Очно-заочная;Личная;8.7;Следующий цикл ожидается;Следующее соревнование начнется в октябре;Следующее соревнование: Следующее соревнование начнется в октябре;Частично заполнен по текущему статусу;Расписание олимпиады в этом году пока не известно;;https://olimpiada.ru/activity/5710;II;иностранный язык;"Проект РСОШ 2026/27; не утвержден на 24.09.2026";https://www.garant.ru/products/ipo/prime/doc/56963051/;24.09.2026;"РЭУ имени Г. В. Плеханова; →";"rea.ru/...; olymp@rea.ru";;Соревнование проводится для школьников 8-11 классов, увлекающихся английским, немецким, испанским и французским языками. .. Олимпиада проходит в два этапа. Первый этап, отборочный, проводится дистанционно. Второй этап, заключительный, проходит очно в Российском экономическом университете имени Г. В. Плеханова в Москве и на региональных площадках. На финал приглашаются участники, успешно прошедшие отборочный этап, и победители и призеры заключительного этапа прошлого года.;Личная | Участник самостоятельно выполняет задания | Очно-заочная | Нужно пройти дистанционный отбор, чтобы участвовать в очном финале;Объединение: Плехановская олимпиада школьников;https://olimpiada.ru/activity/5710
5814;Открытая олимпиада для школьников по истории и иностранным языкам;"Английский язык; История; Китайский язык; Корейский язык; Японский язык";8–11 классы;8.0;11.0;Дистанционная;Личная;7.5;Информация ожидается;Ожидается информация от организаторов;Обновление информации: ожидается информация от организаторов;Частично заполнен по текущему статусу;Расписание олимпиады в этом году пока не известно;;https://olimpiada.ru/activity/5814;—;;Точное соответствие проекту РСОШ 2026/27 не найдено;https://rsr-olymp.ru/news/123;24.09.2026;"Кафедра международных отношений и регионоведения НГТУ; Научно-образовательный центр «Восток-Запад» НГТУ";"olimp-moir.conf.nstu.ru/...; olimiada_school_moir@mail.ru";;Олимпиада проводится для учеников 8-11 классов по языкам: английский, китайский, корейский и японский. Состязание включает два этапа: отборочный и основной.;Личная | Участник самостоятельно выполняет задания | Дистанционная | Можно участвовать не выходя из дома, достаточно иметь компьютер с доступом в интернет;Каталог /activities;https://olimpiada.ru/activity/5814
5008;Олимпиада РАНХиГС по иностранному языку;"Английский язык; Китайский язык";8–11 классы;8.0;11.0;Очно-заочная;Личная;9.0;Регистрация открыта;Отборочный этап стартует 20 октября. Регистрация открыта;"Отборочный этап: 20 окт—18 ноя
Регистрация: До 18 ноя";Опубликован;"Отборочный этап
20 окт—18 ноя
Регистрация
До 18 ноя";Обновлено 10 сентября;https://olimpiada.ru/activity/5008;III;иностранный язык;"Проект РСОШ 2026/27; не утвержден на 24.09.2026";https://www.garant.ru/products/ipo/prime/doc/56963051/;24.09.2026;"Российская академия народного хозяйства и государственной службы при президенте РФ; →";"ranepa.ru/...; olymp@ranepa.ru";"Положение; →";Олимпиада по иностранному языку проводится для учащихся двух возрастных категорий: 8-9 и 10-11 классы. Выполнять задания можно по английскому и китайскому языкам. Состязание проходит в два этапа. .. Отборочный этап – заочный. Заключительный этап проходит в очной форме в филиалах РАНХиГС в Москве и регионах России.;Личная | Участник самостоятельно выполняет задания | Очно-заочная | Нужно пройти дистанционный отбор, чтобы участвовать в очном финале;Объединение: Олимпиада РАНХиГС;https://olimpiada.ru/activity/5008
5824;Олимпиада Льюиса Кэрролла;"Английский язык; Лингвистика";6–8 классы;6.0;8.0;Дистанционная;Личная;7.1;Расписание не опубликовано;Расписание следующей олимпиады ожидается в сентябре 2026 года;Публикация расписания: ожидается в сентябре 2026 года;Частично заполнен по текущему статусу;Расписание олимпиады в этом году пока не известно;;https://olimpiada.ru/activity/5824;—;;Точное соответствие проекту РСОШ 2026/27 не найдено;https://rsr-olymp.ru/news/123;24.09.2026;"Школа «Летово»; →";"letovo.online/...; online@letovo.ru";;Олимпиада имени Льюиса Кэрролла – это лингвистическое состязание для учеников 6-8 классов. Ее главная особенность заключается в необычных творческих заданиях на воображение, а также на логику и выявление языковых закономерностей. .. Состязание включает три тура: два отборочных и финал. Для участия нужно зарегистрироваться. По итогам все участники олимпиады получат дипломы, а лауреаты и победители будут награждены подарочными сертификатами и электронными коллекциями книг на английском языке.;Личная | Участник самостоятельно выполняет задания | Дистанционная | Можно участвовать не выходя из дома, достаточно иметь компьютер с доступом в интернет;Каталог /activities;https://olimpiada.ru/activity/5824
163;Олимпиада «Покори Воробьевы горы!» по иностранным языкам;"Английский язык; Немецкий язык; Французский язык";5–11 классы;5.0;11.0;Очно-заочная;Личная;8.6;Следующий цикл ожидается;Следующее соревнование начнется в декабре;Следующее соревнование: Следующее соревнование начнется в декабре;Частично заполнен по текущему статусу;Расписание олимпиады в этом году пока не известно;;https://olimpiada.ru/activity/163;I;иностранный язык;"Проект РСОШ 2026/27; не утвержден на 24.09.2026";https://www.garant.ru/products/ipo/prime/doc/56963051/;24.09.2026;"Газета Московский комсомолец; →; Московский государственный университет имени М. В. Ломоносова";"pvg.mk.ru; konkurs@mk.ru";"Положение; →; Регламент";МГУ имени М. В. Ломоносова и издательский дом «Московский Комсомолец» ежегодно проводят олимпиаду «Покори Воробьевы горы!» по английскому, французскому и немецкому языкам. К участию приглашаются школьники 5-11 классов. .. Олимпиада проходит в два этапа. Отборочный этап проводится дистанционно. Участников ждет творческое задание (нужно написать эссе-рассуждение), лексико-грамматический тест и вопросы на понимание письменного текста. Заключительный этап проводится очно в МГУ имени М. В. Ломоносова и на региональных площадках. На него приглашаются победители и призеры первого этапа.;Личная | Участник самостоятельно выполняет задания | Очно-заочная | Нужно пройти дистанционный отбор, чтобы участвовать в очном финале;Объединение: Олимпиада «Покори Воробьевы горы!»;https://olimpiada.ru/activity/163
435;Олимпиада «Юные таланты» по иностранным языкам;"Английский язык; Немецкий язык; Французский язык";8–11 классы;8.0;11.0;Очно-заочная;Личная;8.0;Расписание не опубликовано;Расписание олимпиады в этом году пока не известно;Не опубликовано;Не опубликован;Расписание олимпиады в этом году пока не известно;;https://olimpiada.ru/activity/435;—;;Этот профиль не найден в проекте РСОШ 2026/27;https://rsr-olymp.ru/news/123;24.09.2026;"Пермский государственный национальный исследовательский университет; →";"olymp.psu.ru/...; daria-perestoronina@yandex.ru";"Положение; →";;Личная | Участник самостоятельно выполняет задания | Очно-заочная | Нужно пройти дистанционный отбор, чтобы участвовать в очном финале;Объединение: Многопредметная олимпиада «Юные таланты»;https://olimpiada.ru/activity/435
390;Олимпиада РГГУ для школьников по иностранным языкам;"Английский язык; Немецкий язык; Французский язык";9–11 классы;9.0;11.0;Очно-заочная;Личная;8.1;Этап запланирован;Регистрация на отборочный этап начнется 1 декабря 2026 года;"Регистрация на отборочный этап: 1 дек—11 янв
Отборочный этап: 13—27 янв
Заключительный этап: 21—22 фев";Опубликован;"Регистрация на отборочный этап
1 дек—11 янв
Отборочный этап
13—27 янв
Заключительный этап
21—22 фев";Обновлено 18 мая;https://olimpiada.ru/activity/390;II;иностранный язык;"Проект РСОШ 2026/27; не утвержден на 24.09.2026";https://www.garant.ru/products/ipo/prime/doc/56963051/;24.09.2026;"Российский государственный гуманитарный университет; →";"rsuh.ru/...; olympiada@rggu.ru";"Положение; →; Регламент";Учащиеся 9-11 классов могут выполнять задания по английскому, немецкому и французскому языкам;Личная | Участник самостоятельно выполняет задания | Очно-заочная | Нужно пройти дистанционный отбор, чтобы участвовать в очном финале;Объединение: Олимпиада РГГУ для школьников;https://olimpiada.ru/activity/390
5878;Олимпиада Северо-Кавказского федерального университета «45 параллель» по иностранным языкам;"Английский язык; Немецкий язык; Французский язык";9–11 классы;9.0;11.0;Очно-заочная;Личная;6.6;Этап запланирован;Отборочный этап пройдет с 1 октября по 20 февраля;"Отборочный этап: 1 окт—20 фев
Финал: 3 апр";Опубликован;"Отборочный этап
1 окт—20 фев
Финал
3 апр";Обновлено 31 августа;https://olimpiada.ru/activity/5878;—;;Точное соответствие проекту РСОШ 2026/27 не найдено;https://rsr-olymp.ru/news/123;24.09.2026;Северо-Кавказский федеральный университет;"parallel45.olymp.ncfu.ru; olimpiadastav@mail.ru";"Положение и регламент; →";;Личная | Участник самостоятельно выполняет задания | Очно-заочная | Нужно пройти дистанционный отбор, чтобы участвовать в очном финале;Объединение: Олимпиада Северо-Кавказского федерального университета «45 параллель»;https://olimpiada.ru/activity/5878
325;Олимпиада школьников «Ломоносов» по иностранным языкам;"Английский язык; Немецкий язык; Французский язык";5–11 классы;5.0;11.0;Очно-заочная;Личная;8.5;Расписание не опубликовано;Расписание следующей олимпиады ожидается в октябре 2026 года;Публикация расписания: ожидается в октябре 2026 года;Частично заполнен по текущему статусу;Расписание олимпиады в этом году пока не известно;;https://olimpiada.ru/activity/325;II;иностранный язык;"Проект РСОШ 2026/27; не утвержден на 24.09.2026";https://www.garant.ru/products/ipo/prime/doc/56963051/;24.09.2026;"Московский государственный университет имени М. В. Ломоносова; →; Факультет иностранных языков и регионоведения";"olymp.msu.ru; fflas.olymp@gmail.com";"Положение; →; Регламент; Положение об апелляциях";Олимпиада «Ломоносов» проводится для учеников двух возрастных групп: 5-9 и 10-11 классов. Можно выполнять задания по английскому, немецкому и французскому языкам. .. Учащиеся 5-9 классов выполняют задания уровня сложности А2+/В1, ученики 10-11 классов работают с заданиями уровня В1+/В2. Соревнование включает два этапа: отборочный и заключительный. Отборочный этап содержит 4 блока заданий: предварительный тест, лексико-грамматический тест, понимание письменных текстов и творческое письмо. Заключительный этап также содержит 4 блока заданий: лексико-грамматический тест, понимание письменных текстов, социокультурный тест, творческое письмо.;Личная | Участник самостоятельно выполняет задания | Очно-заочная | Нужно пройти дистанционный отбор, чтобы участвовать в очном финале;Объединение: Олимпиада школьников «Ломоносов»;https://olimpiada.ru/activity/325
6955;Московская олимпиада по арабскому языку;Арабский язык;7–11 классы;7.0;11.0;Очно-заочная;Личная;5.3;Расписание не опубликовано;Ожидается расписание состязания;Публикация расписания: ожидается расписание состязания;Частично заполнен по текущему статусу;Расписание олимпиады в этом году пока не известно;;https://olimpiada.ru/activity/6955;—;;Этот профиль не найден в проекте РСОШ 2026/27;https://rsr-olymp.ru/news/123;24.09.2026;"Департамент образования и науки города Москвы; →";"mos-arab.olimpiada.ru; arab@mosolymp.ru";"Положение; →";Соревнование для учеников 7-11 классов, изучающих арабский язык. .. Олимпиада проходит в два этапа: дистанционный отборочный и очный заключительный.;Личная | Участник самостоятельно выполняет задания | Очно-заочная | Нужно пройти дистанционный отбор, чтобы участвовать в очном финале;Объединение: Московская олимпиада школьников;https://olimpiada.ru/activity/6955
5319;Олимпиада «Высшая проба» по восточным языкам;"Арабский язык; Китайский язык; Японский язык";9–11 классы;9.0;11.0;Очно-заочная;Личная;8.0;Регистрация завершена;Регистрация открыта до 22 сентября;"Регистрация: До 22 сен
Первый тур отборочного этапа: 27 сен";Опубликован;"Регистрация
До 22 сен
Первый тур отборочного этапа
27 сен";Обновлено 7 сентября;https://olimpiada.ru/activity/5319;II;восточные языки;"Проект РСОШ 2026/27; не утвержден на 24.09.2026";https://www.garant.ru/products/ipo/prime/doc/56963051/;24.09.2026;"Национальный исследовательский университет Высшая школа экономики; →";"olymp.hse.ru/...; olymp@hse.ru";"Положение и регламент; →";Олимпиада по восточным языкам проводится с 2015 года. На соревнование приглашаются школьники 9-11 классов, изучающие арабский, китайский и японский языки. .. На отборочном и заключительном этапах участникам предстоит продемонстрировать не только навыки чтения, письма и аудирования, но и лингвистическую интуицию. Для выполнения заданий не требуется знаний, выходящих за рамки школьной программы.;Личная | Участник самостоятельно выполняет задания | Очно-заочная | Нужно пройти дистанционный отбор, чтобы участвовать в очном финале;Объединение: Олимпиада «Высшая проба»;https://olimpiada.ru/activity/5319
6982;Астрофизическая олимпиада «Эклиптика»;Астрономия;5–6 классы;5.0;6.0;Дистанционная;Личная;5.6;Расписание не опубликовано;Расписание следующей олимпиады ожидается в апреле 2027 года;Публикация расписания: ожидается в апреле 2027 года;Частично заполнен по текущему статусу;Расписание олимпиады в этом году пока не известно;;https://olimpiada.ru/activity/6982;—;;Точное соответствие проекту РСОШ 2026/27 не найдено;https://rsr-olymp.ru/news/123;24.09.2026;"Школа «Летово»; →";"letovo.online/...; online@letovo.ru";;Олимпиада проходит онлайн для всех желающих учеников 5-6 классов. Состязание включает два этапа. .. Первый этап включает задания на теорию, эксперимент и реальные данные. На втором соревновании участников ждут нестандартные астрономические задачи, приближенные к реальным научным исследованиям.;Личная | Участник самостоятельно выполняет задания | Дистанционная | Можно участвовать не выходя из дома, достаточно иметь компьютер с доступом в интернет;Каталог /activities;https://olimpiada.ru/activity/6982
75;Всероссийская олимпиада по астрономии;Астрономия;5–11 классы;5.0;11.0;Очная;Личная;7.9;Этап запланирован;Школьный этап на платформе «Сириуса» пройдет с 22 по 25 сентября;"Школьный этап на платформе «Сириуса»: 22—25 сен
Школьный этап: До 1 ноя
Муниципальный этап: 2 ноя—25 дек";Опубликован;"Школьный этап на платформе «Сириуса»
22—25 сен
Школьный этап
До 1 ноя
Муниципальный этап
2 ноя—25 дек";Обновлено 3 сентября;https://olimpiada.ru/activity/75;ВсОШ;Астрономия;"ВсОШ: отдельная система; уровни I–III РСОШ не применяются";https://vserosolimp.edsoo.ru/;24.09.2026;"Минпросвещения России; →; Ответственные в регионах";vserosolimp.edsoo.ru;"Порядок проведения; →";Во Всероссийской олимпиаде школьников по астрономии могут участвовать учащиеся 5-11 классов. .. На школьном, муниципальном и региональном этапах соревнование проходит в один тур. На заключительном участники выполняют задания двух туров – базового и тестового. На первом из них ребятам предлагается решить 8 задач за 2,5 часа, на втором уже дается 5 часов на 6 задач. Оба тура могут содержать как теоретические, так и практические задания. Задания олимпиады часто бывают связаны с последними новостями из области астрономии, с явлениями, которые наблюдаются в небе в текущем году. Встречаются вопросы о действующих или запланированных космических экспедициях, о полетах межпланетных аппаратов. Заключительный этап олимпиады проводится в течение 5-6 дней. Для ребят организуются научно-популярные лекции, а также культурная программа. Первая московская астрономическая олимпиада прошла в 1947 году, в ней приняли участие всего 32 десятиклассника. Первая Всероссийская олимпиада школьников по астрономии состоялась в 1994 году.;Личная | Участник самостоятельно выполняет задания | Очная | Для участия нужно прийти в заранее известное место проведения | Правила игры | Общие положения прописаны в Порядке проведения олимпиады, который утверждает Минобрнауки России | Порядок проведения ВсОШ → | Льготы при поступлении | Победители и призеры финала олимпиады поступают без экзаменов в любой вуз по профильному направлению | Подробнее о льготах → | Локальные особенности | В Москве школьный этап проходит по единым заданиям и единому графику | Сайт этапов ВсОШ в Москве →;Объединение: Всероссийская олимпиада школьников;https://olimpiada.ru/activity/75
142;Международная астрономическая олимпиада;Астрономия;8–11 классы;8.0;11.0;Очная;Личная;7.2;Расписание не опубликовано;Расписание олимпиады в этом году пока не известно;Не опубликовано;Не опубликован;Расписание олимпиады в этом году пока не известно;;https://olimpiada.ru/activity/142;—;;Точное соответствие проекту РСОШ 2026/27 не найдено;https://rsr-olymp.ru/news/123;24.09.2026;;"issp.ac.ru/...; gavrilov@issp.ac.ru";;"Международная астрономическая олимпиада (IAO) – это состязание для школьников 8-11 классов из разных стран мира. Проводится ежегодно с 1996 года. .. Соревнование проходит в двух группах: Альфа и Бета. В первой могут принять участие три школьника от страны, во второй – два. Обладатели дипломов 1 и 2 степеней предыдущей IAO могут быть включены в команду группы Бета дополнительно, если они подходят по возрасту. Школьники 14 и 15 лет, которые ни разу не становились участниками IAO, могут быть заявлены как в группу Альфа, так и в группу Бета. Только за вторую группу имеют право выступать школьники: в возрасте 16-18 лет, которые приедут на соревнование впервые; в возрасте 15-17 лет, для которых соревнование станет вторым по счету; в возрасте 16 лет, которые принимали участие в соревновании два и больше раз. Соревнование проходит в 3 тура: теоретический, наблюдательный и практический. Проводится олимпиада в течение первых двух месяцев астрономической осени в обсерватории, научном исследовательском центре (городе) или институте одной из участвующих стран. Одной из основных задач олимпиады является привлечение талантливой молодежи к проблемам астрономии и естественных наук.";Личная | Участник самостоятельно выполняет задания | Очная | Для участия нужно прийти в заранее известное место проведения;Объединение: Международные олимпиады;https://olimpiada.ru/activity/142
99;Московская астрономическая олимпиада;Астрономия;5–11 классы;5.0;11.0;Очно-заочная;Личная;8.1;Этап запланирован;Дистанционный этап пройдет с 4 по 17 декабря;Дистанционный этап: 4—17 дек;Опубликован;"Дистанционный этап
4—17 дек";Обновлено 9 сентября;https://olimpiada.ru/activity/99;I;астрономия;"Проект РСОШ 2026/27; не утвержден на 24.09.2026";https://www.garant.ru/products/ipo/prime/doc/56963051/;24.09.2026;"Департамент образования и науки города Москвы; →; Государственный астрономический институт имени П. К. Штернберга МГУ";"mosastro.olimpiada.ru; mosastro@olimpiada.ru";"Регламент; →";Олимпиада проводится для школьников 5-11 классов. Первый (дистанционный) этап открыт для всех желающих. .. Для 5-6 классов соревнование состоит из одного дистанционного тура. Участников, успешно справившихся с заданиями, награждают похвальными грамотами. Школьники из 7-11 классов, набравшие необходимое количество баллов на дистанционном этапе, вместе с победителями и призерами финала прошлого года приглашаются на теоретический тур заключительного этапа. Это очное соревнование проводится в нескольких регионах России. В наблюдательном туре, который проходит в Московском планетарии, участвуют ученики 8-11 классов, успешно написавшие теоретический тур.;Личная | Участник самостоятельно выполняет задания | Очно-заочная | Нужно пройти дистанционный отбор, чтобы участвовать в очном финале;Объединение: Московская олимпиада школьников;https://olimpiada.ru/activity/99
5807;Олимпиада имени В. Я. Струве;Астрономия;7–8 классы;7.0;8.0;Очная;Личная;6.2;Этап запланирован;Региональный этап пройдет в феврале 2027 года;Региональный этап: в феврале 2027 года;Частично заполнен по текущему статусу;Расписание олимпиады в этом году пока не известно;;https://olimpiada.ru/activity/5807;—;;Точное соответствие проекту РСОШ 2026/27 не найдено;https://rsr-olymp.ru/news/123;24.09.2026;"Тренерский штаб сборной России по астрономии и астрофизике; →; МФТИ";struve.astroedu.ru;"Положение; →; Регламент";Олимпиада им. В. Я. Струве проводится для учеников 7-8 классов в качестве аналога регионального и заключительного этапов Всероссийской олимпиады школьников по астрономии, на которые приглашаются только ученики 9-11 классов. .. Для участия в соревновании необходимо набрать определенное количество баллов на муниципальном этапе Всероссийской олимпиады школьников по астрономии.;Личная | Участник самостоятельно выполняет задания | Очная | Для участия нужно прийти в заранее известное место проведения;Каталог /activities;https://olimpiada.ru/activity/5807
5620;Олимпиада школьников «Ломоносов» по космонавтике;Астрономия;5–11 классы;5.0;11.0;Очно-заочная;Личная;7.8;Расписание не опубликовано;Расписание следующей олимпиады ожидается в октябре 2026 года;Публикация расписания: ожидается в октябре 2026 года;Частично заполнен по текущему статусу;Расписание олимпиады в этом году пока не известно;;https://olimpiada.ru/activity/5620;II;космонавтика;"Проект РСОШ 2026/27; не утвержден на 24.09.2026";https://www.garant.ru/products/ipo/prime/doc/56963051/;24.09.2026;"Московский государственный университет имени М. В. Ломоносова; →; Факультет космических исследований МГУ; Государственный астрономический институт им. П. К. Штернберга";"olymp.msu.ru; dean@cosmos.msu.ru";"Положение; →; Регламент; Положение об апелляциях";Олимпиада школьников «Ломоносов» по космонавтике впервые проводилась в 2017/18 учебном году. Состязание организует факультет космических исследований МГУ совместно с Государственным астрономическим институтом имени П. К. Штернберга. .. Состязание проходит в два этапа: отборочный и заключительный. Первый этап проводится заочно в два тура. Финал проходит в очном формате или дистанционно. Для успешного решения заданий участники должны хорошо знать астрономию, информатику, математику и физику. Организаторы надеются развить у участников интерес к специальностям аэрокосмического профиля, истории достижений отечественной и зарубежной космонавтики, задачам по астрономии и космическим исследованиям, проблемам освоения космоса, разработке технологий и эксплуатации космической техники.;Личная | Участник самостоятельно выполняет задания | Очно-заочная | Нужно пройти дистанционный отбор, чтобы участвовать в очном финале;Объединение: Олимпиада школьников «Ломоносов»;https://olimpiada.ru/activity/5620
5826;Открытая Международная астрономическая олимпиада школьников;Астрономия;9–11 классы;9.0;11.0;Дистанционная;Личная;6.1;Информация ожидается;Информация о следующей олимпиаде ожидается в декабре 2026 года;V олимпиада: 6—14 ноя;Опубликован;"V олимпиада
6—14 ноя";Обновлено 29 мая;https://olimpiada.ru/activity/5826;—;;Точное соответствие проекту РСОШ 2026/27 не найдено;https://rsr-olymp.ru/news/123;24.09.2026;;"owao.siriusolymp.ru; owao2025@owao.site";;Соревнование было организовано в 2022 году тренерским штабом команды России на международных олимпиадах при поддержке Министерства просвещения России и главой Республики Мордовия. Олимпиада направлена на поддержку астрономического образования, талантливых школьников и укрепление международных академических связей. .. Олимпиада проходит в дистанционном формате. Участники выполняют письменные задания под видеонаблюдением. Также команды могут использовать компьютер, в том числе для обработки и анализа данных. Состязание включает четыре тура: теоретический, практический, наблюдательный и тестовый. Рабочий язык – английский. Задачи не переводятся на другие языки, но участники могут использовать заранее объявленный словарь.;Личная | Участник самостоятельно выполняет задания | Дистанционная | Можно участвовать не выходя из дома, достаточно иметь компьютер с доступом в интернет;Объединение: Международные олимпиады;https://olimpiada.ru/activity/5826
64;Российско-Международный астрономический турнир школьников;Астрономия;7–11 классы;7.0;11.0;Очно-заочная;Командная;6.7;Расписание не опубликовано;Расписание олимпиады в этом году пока не известно;Не опубликовано;Не опубликован;Расписание олимпиады в этом году пока не известно;;https://olimpiada.ru/activity/64;—;;Точное соответствие проекту РСОШ 2026/27 не найдено;https://rsr-olymp.ru/news/123;24.09.2026;"Астрономическое общество; →; Научный совет по астрономии РАН";"astroturnir.ru; astroturnir@mail.ru";;;Командная | Участники выполняют задания вместе и борются за общий результат | Очно-заочная | Нужно пройти дистанционный отбор, чтобы участвовать в очном финале;Каталог /activities;https://olimpiada.ru/activity/64
5760;Всероссийский чемпионат сочинений «Своими словами»;"Астрономия; Биология; География; ИЗО; Информатика; Искусство; История; Лингвистика; Литература; Математика; Обществознание; Право; Психология; Робототехника; Русский язык; Физика; Физическая культура; Химия; Экология; Экономика";8–11 классы;8.0;11.0;Очно-заочная;Личная;7.5;Информация ожидается;Ожидается информация от организаторов;Обновление информации: ожидается информация от организаторов;Частично заполнен по текущему статусу;Расписание олимпиады в этом году пока не известно;;https://olimpiada.ru/activity/5760;—;;Точное соответствие проекту РСОШ 2026/27 не найдено;https://rsr-olymp.ru/news/123;24.09.2026;"Национальный исследовательский университет «Высшая школа экономики»; →; Вузы-партнеры";"своимисловами.рф; info@sslovami.ru";"Положение и регламент; →";Чемпионат проводится для учеников 8-11 классов. Для участия не обязательно специально готовиться или решать типовые задания, нужно просто рассказать о том, что интересно, своими словами. .. Во время регистрации необходимо выбрать направление из 15 доступных. Выбор направления повлияет на задания обоих этапов чемпионата. Соревнование включает два этапа. Первый проводится заочно и представляет собой мультимедийный тест. Задания онлайн-этапа проверяют у школьников логику, навыки критического мышления, умение анализировать и осмысливать новую информацию. Участники, успешно выполнившие задания, приглашаются в финал. На соревновании школьникам предстоит написать сочинение по выбранной теме.;Личная | Участник самостоятельно выполняет задания | Очно-заочная | Нужно пройти дистанционный отбор, чтобы участвовать в очном финале;Каталог /activities;https://olimpiada.ru/activity/5760
5180;Олимпиада «Ступени»;"Астрономия; Биология; География; Информатика; История; Литература; Математика; Обществознание; Право; Психология; Русский язык; Технология; Физика; Химия; Экология; Экономика";7–11 классы;7.0;11.0;Очно-заочная;Личная;8.6;Следующий цикл ожидается;Следующее соревнование начнется в ноябре 2026 года;Следующее соревнование: Следующее соревнование начнется в ноябре 2026 года;Частично заполнен по текущему статусу;Расписание олимпиады в этом году пока не известно;;https://olimpiada.ru/activity/5180;—;;Точное соответствие проекту РСОШ 2026/27 не найдено;https://rsr-olymp.ru/news/123;24.09.2026;"НИУ ВШЭ; →";"olymp.hse.ru/...; stupeni@hse.ru";"Положение; →";Высшая школа экономики проводит олимпиаду «Ступени» для школьников 7-11 классов. Она не проверяет знания по какому-либо предмету, а позволяет выявить у старшеклассников универсальные навыки, необходимые для проведения исследования в любой области науки. .. Олимпиада проходит в два этапа. Первый проводится дистанционно. Каждое из заданий является одним из этапов проведения исследования. Участникам предлагается сформулировать «гипотезу», сделать «выборку» или провести «эксперимент». В финале школьникам предстоит выступить экспертами. Каждый участник получает настоящую исследовательскую работу. Ее нужно оценить по предложенным критериям, а также написать развернутую рецензию.;Личная | Участник самостоятельно выполняет задания | Очно-заочная | Нужно пройти дистанционный отбор, чтобы участвовать в очном финале;Каталог /activities;https://olimpiada.ru/activity/5180
289;Московский городской конкурс исследовательских и проектных работ обучающихся;"Астрономия; Биология; География; Информатика; История; Литература; Математика; Право; Робототехника; Русский язык; Технология; Физика; Химия; Черчение; Экология; Экономика";7–11 классы;7.0;11.0;Очно-заочная;Личная;8.0;Расписание не опубликовано;Расписание конкурса ожидается в январе 2027 года;Публикация расписания: ожидается в январе 2027 года;Частично заполнен по текущему статусу;Расписание олимпиады в этом году пока не известно;;https://olimpiada.ru/activity/289;—;;Точное соответствие проекту РСОШ 2026/27 не найдено;https://rsr-olymp.ru/news/123;24.09.2026;"Департамент образования и науки города Москвы; →; Центр педагогического мастерства";"большиевызовы.цпм.рф; mgk@olimpiada.ru";"Положение; →";Конкурс проводится для всех желающих учеников 7-11 классов столичных школ по двум направлениям: «Большие Вызовы» и «Искусственный интеллект в решении социальных вопросов». .. Конкурс проводится с целью выявления и развития у обучающихся интеллектуальных и творческих способностей, интереса к научно-исследовательской деятельности, техническому творчеству. Для участия в направлении «Большие Вызовы» необходимо подать заявку на сайте образовательного центра «Сириус» и подготовить проектную работу по одному из выбранных направлений. В рамках соревнования по направлению «Искусственный интеллект в решении социальных вопросов» участникам предстоит создать исследовательскую проектную работу, где они проработают вопросы применения искусственного интеллекта в решении разнообразных социальных проблем. Подать заявку и ознакомиться с расписанием можно на сайте конкурса .;Личная | Участник самостоятельно выполняет задания | Очно-заочная | Нужно пройти дистанционный отбор, чтобы участвовать в очном финале;Каталог /activities;https://olimpiada.ru/activity/289
50;Конкурс «Ученые будущего»;"Астрономия; Биология; География; Информатика; Математика; Технология; Физика; Химия";9–11 классы;9.0;11.0;Очно-заочная;Лично-командная;8.0;Этап указан;Заочный суперфинал;"Прием заявок: До 14 сен
Очный этап: 9—11 окт
Заочный суперфинал: 15 дек";Опубликован;"Прием заявок
До 14 сен
Очный этап
9—11 окт
Заочный суперфинал
15 дек";Обновлено 13 марта;https://olimpiada.ru/activity/50;—;;Точное соответствие проекту РСОШ 2026/27 не найдено;https://rsr-olymp.ru/news/123;24.09.2026;"Министерство образования и науки РФ; →; Московский государственный университет им. М. В. Ломоносова; Intel Corporation";"ub.festivalnauki.ru; uchenye@festivalnauki.ru";"Положение; →";Научно-инженерный конкурс «Ученые будущего» проводится с 2010 года на площадках Всероссийского фестиваля науки. К участию приглашаются школьники 9-11 классов из стран СНГ. Научное жюри принимает индивидуальные или командные (до 2 человек) проекты-исследования, выполненные в течение предшествующего учебного года. .. Конкурс проводится по разным категориям: физика, математика, химия и нанотехнологии, программирование, техника и инженерные науки, биология и науки о жизни и т. д. Соревнование включает в себя заочный и очный этапы, а также суперфинал. На заочном этапе жюри рассматривает присланные проекты и приглашает лучших авторов выступить на очном этапе. Он проводится на площадках Всероссийского фестиваля науки в Москве и Барнауле. Из работ победителей очного этапа на суперфинале отберут лучшие для участия во всемирном научно-техническом смотре Intel ISEF.;Лично-командная | Можно участвовать самостоятельно или собрать команду | Очно-заочная | Нужно пройти дистанционный отбор, чтобы участвовать в очном финале;Каталог /activities;https://olimpiada.ru/activity/50
5694;Олимпиада «Готов к жизни в умном городе!»;"Астрономия; Биология; География; Информатика; Математика; Физика; Химия; Экология";3–4 классы;3.0;4.0;Очная;Личная;7.0;Расписание не опубликовано;Расписание следующей олимпиады ожидается в марте 2027 года;Публикация расписания: ожидается в марте 2027 года;Частично заполнен по текущему статусу;Расписание олимпиады в этом году пока не известно;;https://olimpiada.ru/activity/5694;—;;Точное соответствие проекту РСОШ 2026/27 не найдено;https://rsr-olymp.ru/news/123;24.09.2026;Центр педагогического мастерства города Москвы;"цпм.рф/...; gorod@olimpiada.ru";"Положение; →";К участию приглашаются ученики 3-4 классов школ Москвы. Олимпиада проходит в онлайн-формате в два этапа: пригласительный и основной. .. Результаты пригласительного этапа не учитываются при подведении общих итогов, но он поможет потренироваться и познакомиться с механикой проведения олимпиады. Задания олимпиады позволяют младшим школьникам проявить творческое мышление в области математики и естественных наук, увидеть их связи с практикой. В дальнейшем ребята смогут принять участие в городских проектах и выбрать профессии умного города: от математики и физики до искусственного интеллекта, робототехники и генетики.;Личная | Участник самостоятельно выполняет задания | Очная | Для участия нужно прийти в заранее известное место проведения;Каталог /activities;https://olimpiada.ru/activity/5694
5690;Олимпиадные школы «Летово»;"Астрономия; Биология; Информатика; Робототехника; Физика; Экономика";6–8 классы;6.0;8.0;;;7.0;Расписание не опубликовано;Расписание следующих смен ожидается в октябре 2026 года;Публикация расписания: ожидается в октябре 2026 года;Частично заполнен по текущему статусу;Расписание олимпиады в этом году пока не известно;;https://olimpiada.ru/activity/5690;—;;Точное соответствие проекту РСОШ 2026/27 не найдено;https://rsr-olymp.ru/news/123;24.09.2026;"Школа «Летово»; →";"events.letovo.ru/...; ask@letovo.ru";;Олимпиадные школы «Летово» проводятся для всех желающих учеников 6 и 8 классов. Приглашаются школьники, интересующиеся наукой и проектно-исследовательской деятельностью, и нацеленные на высокие результаты в олимпиадах и конкурсах. .. Смены и курсы проходят для учеников, увлеченных физикой, биологией, экономикой, робототехникой и программированием. Кроме занятий по предмету и подготовки к олимпиадам, участников ждут лекции и практикумы, исследования и работа над собственными проектами. Для участия нужно подать заявку и выполнить вступительные задания по выбранному направлению.;;Каталог /activities;https://olimpiada.ru/activity/5690
4;Турнир Ломоносова;"Астрономия; Биология; История; Лингвистика; Литература; Математика; Физика; Химия";6–11 классы;6.0;11.0;Очно-заочная;Личная;8.3;Расписание не опубликовано;Расписание олимпиады в этом году пока не известно;Не опубликовано;Не опубликован;Расписание олимпиады в этом году пока не известно;;https://olimpiada.ru/activity/4;I–III;"несколько профилей Турнира Ломоносова; уровень зависит от профиля";"Проект РСОШ 2026/27: уровень зависит от профиля; не утвержден на 24.09.2026";https://www.garant.ru/products/ipo/prime/doc/56963051/;24.09.2026;"Московский центр непрерывного математического образования; →; Российская академия наук; Московский государственный университет им. М. В. Ломоносова; Московский институт открытого образования; Московский государственный технический университет ""СТАНКИН""; Московский авиационный институт";"турлом.цпм.рф; turlom@mccme.ru";"Положение; →";Турнир Ломоносова – это ежегодное соревнование, оно проводится по восьми направлениям: математике, физике, астрономии и наукам о Земле, химии, биологии, истории, лингвистике и литературе. .. Турнир Ломоносова проходит с 1978 года. Состязание проводится в последнее воскресенье, предшествующее первой субботе октября или, проще говоря, в последнее воскресенье сентября либо в первое воскресенье октября. Задания рассчитаны на учащихся 6-11 классов, но принять участие в соревновании может любой школьник, для этого достаточно зарегистрироваться. При проведении турнира в очном формате соревнования по всем предметам проходят одновременно в разных аудиториях. Учащиеся сами решают, в каком количестве дисциплин принять участие, и по своему желанию переходят из одной аудитории в другую. Это правило не распространяется только на одиннадцатиклассников: они пишут все предметы в одном месте. Задания по всем дисциплинам выполняются письменно. Победителей определяют как по отдельным направлениям, так и в многоборье, по сумме достижений в нескольких предметах. В случае заочного проведения состязания школьники регистрируются и выполняют задания на компьютере. На ответы дается определенное количество часов. Участвовать можно по одной или нескольким дисциплинам. Жюри подводит итоги как по отдельным направлениям, так и в многоборье – по сумме достижений в нескольких предметах. Для учеников 11 классов, которые показали хорошие результаты, весной проводится еще один тур – заключительный. Победители и призеры финала могут получить льготы при поступлении в вузы.;Личная | Участник самостоятельно выполняет задания | Очно-заочная | Нужно пройти дистанционный отбор, чтобы участвовать в очном финале | География | Основной тур проходит одновременно более чем на 450 площадках по всей России и ближнему зарубежью | Другие названия | Также известна как Турлом, Ломоносовский Турнир | Известные люди | За идею Турнира Н. Н. Константинов получил премию правительства в 1998 году | История | Первый Турнир в 1978 году прошел всего по 2 предметам: по математике и физике | С чего начинался Турнир → | Правила игры | За 6 часов можно выполнить задания по любым предметам из 9 предложенных | Советы для идущих впервые → | Призы | В Турнире нет победителей – за успешное выступление можно получить грамоту по каждому предмету или за многоборье | Уровень заданий | Задания уровня 2 этапа всероссийской олимпиады. Помогут школьникам определиться с интересами | strelka2 | Еще факты;Каталог /activities;https://olimpiada.ru/activity/4
5408;Турнир юных естествоиспытателей;"Астрономия; Биология; Математика; Физика; Химия";5–9 классы;5.0;9.0;Очно-заочная;Командная;7.3;Расписание не опубликовано;Расписание олимпиады в этом году пока не известно;Не опубликовано;Не опубликован;Расписание олимпиады в этом году пока не известно;;https://olimpiada.ru/activity/5408;—;;Точное соответствие проекту РСОШ 2026/27 не найдено;https://rsr-olymp.ru/news/123;24.09.2026;;"rynt.ru/...; sergey@rynt.ru";"Регламент; →";Турнир юных естествоиспытателей – это командное состязание школьников 5-9 классов в умении решать исследовательские естественно-научные задачи, убедительно представлять свои решения, отстаивать их в научных дискуссиях. .. Соревнование проводится в три этапа: заочный (три тура), очный региональный и очный заключительный. Рекомендованный состав команды: не более шести школьников для участия в очных этапах. Команду сопровождают двое руководителей. Формат турнира требует способности к долгой кропотливой работе во время изучения проблемы и проведения исследований. Задания невозможно решить за час или за день, что существенно отличает турнир от олимпиад. Основные задания Всероссийского турнира юных естествоиспытателей совпадают с заданиями международного соревнования.;Командная | Участники выполняют задания вместе и борются за общий результат | Очно-заочная | Нужно пройти дистанционный отбор, чтобы участвовать в очном финале;Каталог /activities;https://olimpiada.ru/activity/5408
5891;Аэрокосмическая олимпиада МФТИ;"Астрономия; Математика; Физика";9–11 классы;9.0;11.0;Очно-заочная;Личная;6.4;Расписание не опубликовано;Расписание следующей олимпиады ожидается в октябре 2026 года;Публикация расписания: ожидается в октябре 2026 года;Частично заполнен по текущему статусу;Расписание олимпиады в этом году пока не известно;;https://olimpiada.ru/activity/5891;—;;Точное соответствие проекту РСОШ 2026/27 не найдено;https://rsr-olymp.ru/news/123;24.09.2026;"Московский физико-технический институт; →";abitu.net/...;;Соревнование проводится для всех желающих учеников 9-11 классов. Школьники смогут попробовать свои силы в решении нестандартных задач, связанных с космосом и науками о Земле. .. Для участия нужно зарегистрироваться и выполнить задания. Кроме того, участие в отборочном этапе позволит зачесть баллы, как результат тестирования на отборочном этапе Научно-технической олимпиады «Старт в Науку».;Личная | Участник самостоятельно выполняет задания | Очно-заочная | Нужно пройти дистанционный отбор, чтобы участвовать в очном финале;Каталог /activities;https://olimpiada.ru/activity/5891
5135;Международная олимпиада по астрономии и астрофизике;"Астрономия; Физика";10–11 классы;10.0;11.0;Очная;Личная;7.3;Расписание не опубликовано;Ожидается расписание соревнования;Публикация расписания: ожидается расписание соревнования;Частично заполнен по текущему статусу;Расписание олимпиады в этом году пока не известно;;https://olimpiada.ru/activity/5135;—;;Точное соответствие проекту РСОШ 2026/27 не найдено;https://rsr-olymp.ru/news/123;24.09.2026;;ioaastrophysics.org;;Первая олимпиада прошла в 2007 году. Сейчас состязание проводится для команд более чем из 40 стран мира. .. От каждой страны-участницы приезжает команда, состоящая не более чем из пяти школьников или студентов, которые закончили учебу менее чем за год до олимпиады. Соревнование состоит из четырех туров: теоретический, практический, наблюдательный и командный. Победители и призеры получают золотые, серебряные и бронзовые медали. Организаторы олимпиады;Личная | Участник самостоятельно выполняет задания | Очная | Для участия нужно прийти в заранее известное место проведения;Объединение: Международные олимпиады;https://olimpiada.ru/activity/5135
287;Санкт-Петербургская астрономическая олимпиада;"Астрономия; Физика";5–11 классы;5.0;11.0;Очно-заочная;Личная;8.1;Итоги опубликованы;"Опубликованы итоги; следующее соревнование ожидается в декабре 2026 года";"Следующее соревнование: Опубликованы итоги; следующее соревнование ожидается в декабре 2026 года";Частично заполнен по текущему статусу;Расписание олимпиады в этом году пока не известно;;https://olimpiada.ru/activity/287;I;астрономия;"Проект РСОШ 2026/27; не утвержден на 24.09.2026";https://www.garant.ru/products/ipo/prime/doc/56963051/;24.09.2026;"Главная (Пулковская) астрономическая обсерватория; →; Институт прикладной астрономии РАН; Санкт-Петербургский государственный университет";"school.astro.spbu.ru/...; school@astro.spbu.ru";"Положение; →; Регламент";Международное индивидуальное соревнование для школьников 5-11 классов в решении астрономических задач. .. Участвовать в отборочном этапе можно очно или заочно. Очный тур совмещен с муниципальным этапом Всероссийской олимпиады школьников по астрономии в Санкт-Петербурге и некоторых других регионах. Заочный тур является дистанционным и длится около месяца. Заключительный этап включает в себя два очных тура: теоретический и практический.;Личная | Участник самостоятельно выполняет задания | Очно-заочная | Нужно пройти дистанционный отбор, чтобы участвовать в очном финале;Каталог /activities;https://olimpiada.ru/activity/287
5850;Балтийский Турнир юных биологов;Биология;7–11 классы;7.0;11.0;Очная;Командная;4.6;Расписание не опубликовано;Расписание следующего турнира ожидается в сентябре 2026 года;Публикация расписания: ожидается в сентябре 2026 года;Частично заполнен по текущему статусу;Расписание олимпиады в этом году пока не известно;;https://olimpiada.ru/activity/5850;—;;Точное соответствие проекту РСОШ 2026/27 не найдено;https://rsr-olymp.ru/news/123;24.09.2026;;bioturnir.ru/...;"Положение; →";;Командная | Участники выполняют задания вместе и борются за общий результат | Очная | Для участия нужно прийти в заранее известное место проведения;Объединение: Турнир юных биологов;https://olimpiada.ru/activity/5850
5645;Волгоградский Турнир юных биологов;Биология;7–11 классы;7.0;11.0;Очная;Командная;4.6;Расписание не опубликовано;Расписание следующего турнира ожидается в сентябре 2026 года;Публикация расписания: ожидается в сентябре 2026 года;Частично заполнен по текущему статусу;Расписание олимпиады в этом году пока не известно;;https://olimpiada.ru/activity/5645;—;;Точное соответствие проекту РСОШ 2026/27 не найдено;https://rsr-olymp.ru/news/123;24.09.2026;Детско-юношеский центр г. Волгограда;bioturnir.ru/...;"Положение; →";;Командная | Участники выполняют задания вместе и борются за общий результат | Очная | Для участия нужно прийти в заранее известное место проведения;Объединение: Турнир юных биологов;https://olimpiada.ru/activity/5645
5665;Воронежский Турнир юных биологов;Биология;7–11 классы;7.0;11.0;Очная;Командная;4.6;Расписание не опубликовано;Расписание следующего турнира ожидается в сентябре 2026 года;Публикация расписания: ожидается в сентябре 2026 года;Частично заполнен по текущему статусу;Расписание олимпиады в этом году пока не известно;;https://olimpiada.ru/activity/5665;—;;Точное соответствие проекту РСОШ 2026/27 не найдено;https://rsr-olymp.ru/news/123;24.09.2026;"Воронежская областная станция юных натуралистов; →; Воронежский государственный университет; гимназия № 5 городского округа город Воронеж";"bioturnir.ru/...; tub-vrn@bk.ru";"Положение; →";;Командная | Участники выполняют задания вместе и борются за общий результат | Очная | Для участия нужно прийти в заранее известное место проведения;Объединение: Турнир юных биологов;https://olimpiada.ru/activity/5665
6971;Всероссийская Толстовская олимпиада школьников по биологии;Биология;10–11 классы;10.0;11.0;Очно-заочная;Личная;6.7;Расписание не опубликовано;Расписание следующей олимпиады ожидается в ноябре 2026 года;Публикация расписания: ожидается в ноябре 2026 года;Частично заполнен по текущему статусу;Расписание олимпиады в этом году пока не известно;;https://olimpiada.ru/activity/6971;—;;Этот профиль не найден в проекте РСОШ 2026/27;https://rsr-olymp.ru/news/123;24.09.2026;"Тульский государственный педагогический университет им. Л. Н.Толстого; →; Южно-Уральский государственный гуманитарно-педагогический университет; Рязанский государственный университет имени С. А. Есенина; Московский государственный областной социально-гуманитарный институт; Московский городской педагогический университет; Тверской государственный университет; Белгородский государственный национальный исследовательский университет";"olymp.tsput.ru/...; Olymp@tsput.ru";"Положение; →; Регламент";;Личная | Участник самостоятельно выполняет задания | Очно-заочная | Нужно пройти дистанционный отбор, чтобы участвовать в очном финале;Объединение: Всероссийская Толстовская олимпиада;https://olimpiada.ru/activity/6971
77;Всероссийская олимпиада по биологии;Биология;5–11 классы;5.0;11.0;Очная;Личная;7.8;Этап запланирован;Школьный этап на платформе «Сириуса» пройдет с 6 по 9 октября;"Школьный этап на платформе «Сириуса»: 6—9 окт
Школьный этап: До 1 ноя
Муниципальный этап: 2 ноя—25 дек";Опубликован;"Школьный этап на платформе «Сириуса»
6—9 окт
Школьный этап
До 1 ноя
Муниципальный этап
2 ноя—25 дек";Обновлено 3 сентября;https://olimpiada.ru/activity/77;ВсОШ;Биология;"ВсОШ: отдельная система; уровни I–III РСОШ не применяются";https://vserosolimp.edsoo.ru/;24.09.2026;"Минпросвещения России; →; Ответственные в регионах";vserosolimp.edsoo.ru;"Порядок проведения; →";Всероссийская олимпиада школьников по биологии рассчитана на учащихся 5-11 классов. В соревновании четыре этапа: школьный, муниципальный, региональный, заключительный. В первом этапе могут участвовать все желающие. .. Им предлагается выполнить тест, его вопросы не выходят за рамки школьной программы. Муниципальный этап проходит для 7-11 классов и также представляет собой тест. В региональном этапе могут участвовать школьники 9-11 классов, он состоит из двух туров. На первый, теоретический, отводится три часа. Ребятам даются тестовые вопросы, которые требуют выбора одного или нескольких ответов, а также задания на поиск соответствия между понятиями и картинками. Второй тур, практический, состоит из трех лабораторных работ, на каждую из них дается 45 минут. Учащимся нужно продемонстрировать, что они умеют пользоваться микроскопом, делать описания биологических объектов, проводить эксперименты. Финал также проходит в два тура, на каждый из них дается четыре часа. В ходе теоретического тура ребята отвечают на тестовые вопросы, устанавливают соответствия и определяют, верны ли данные им утверждения. Во время второго тура участникам предлагаются практические задания. Победители и призеры заключительного этапа получают льготы при поступлении на профильные направления вузов.;Личная | Участник самостоятельно выполняет задания | Очная | Для участия нужно прийти в заранее известное место проведения | Правила игры | Общие положения прописаны в Порядке проведения олимпиады, который утверждает Минобрнауки России | Порядок проведения ВсОШ → | Льготы при поступлении | Победители и призеры финала олимпиады поступают без экзаменов в любой вуз по профильному направлению | Подробнее о льготах → | Локальные особенности | В Москве школьный этап проходит по единым заданиям и единому графику | Сайт этапов ВсОШ в Москве →;Объединение: Всероссийская олимпиада школьников;https://olimpiada.ru/activity/77
4321;Всероссийский турнир юных биологов;Биология;7–11 классы;7.0;11.0;Очная;Командная;7.7;Расписание не опубликовано;Расписание следующего турнира ожидается в сентябре 2026 года;Публикация расписания: ожидается в сентябре 2026 года;Частично заполнен по текущему статусу;Расписание олимпиады в этом году пока не известно;;https://olimpiada.ru/activity/4321;—;;Точное соответствие проекту РСОШ 2026/27 не найдено;https://rsr-olymp.ru/news/123;24.09.2026;;"bioturnir.ru/...; danila@bioturnir.ru";"Положение; →";;Командная | Участники выполняют задания вместе и борются за общий результат | Очная | Для участия нужно прийти в заранее известное место проведения;Объединение: Турнир юных биологов;https://olimpiada.ru/activity/4321
4311;Кировский Турнир юных биологов;Биология;7–11 классы;7.0;11.0;Очная;Командная;4.6;Текущий статус не указан;Регистрация команд открыта до 25 сентября;"Регистрация: До 25 сен
XX турнир: 17—18 окт";Опубликован;"Регистрация
До 25 сен
XX турнир
17—18 окт";Обновлено 17 сентября;https://olimpiada.ru/activity/4311;—;;Точное соответствие проекту РСОШ 2026/27 не найдено;https://rsr-olymp.ru/news/123;24.09.2026;"КОГАОУ ДО ""Центр дополнительного образования одаренных школьников"" (ЦДООШ) при Министерстве образования Кировской области";"bioturnir.ru/...; bio@cdoosh.ru";"Положение; →";;Командная | Участники выполняют задания вместе и борются за общий результат | Очная | Для участия нужно прийти в заранее известное место проведения;Объединение: Турнир юных биологов;https://olimpiada.ru/activity/4311
6976;Красноярский Турнир юных биологов;Биология;7–11 классы;7.0;11.0;Очная;Командная;4.6;Расписание не опубликовано;Расписание следующего турнира ожидается в сентябре 2026 года;Публикация расписания: ожидается в сентябре 2026 года;Частично заполнен по текущему статусу;Расписание олимпиады в этом году пока не известно;;https://olimpiada.ru/activity/6976;—;;Точное соответствие проекту РСОШ 2026/27 не найдено;https://rsr-olymp.ru/news/123;24.09.2026;;"bioturnir.ru/...; estravinskene@sfu-kras.ru";"Положение; →";;Командная | Участники выполняют задания вместе и борются за общий результат | Очная | Для участия нужно прийти в заранее известное место проведения;Объединение: Турнир юных биологов;https://olimpiada.ru/activity/6976
136;Международная биологическая олимпиада;Биология;11 класс;11.0;11.0;Очная;Личная;7.1;Информация ожидается;Ожидается информация о проведении олимпиады;Обновление информации: ожидается информация о проведении олимпиады;Частично заполнен по текущему статусу;Расписание олимпиады в этом году пока не известно;;https://olimpiada.ru/activity/136;—;;Точное соответствие проекту РСОШ 2026/27 не найдено;https://rsr-olymp.ru/news/123;24.09.2026;;ibo2026.lt;;Международная биологическая олимпиада проводится для школьников из разных стран мира – победителей национальных соревнований. .. Состязание проходит с 1990 года. Сборная состоит из четырех школьников и трех руководителей. Команды состязаются на теоретическом и практическом турах. Задания включают вопросы из основных разделов науки: клеточная биология, молекулярная биология, анатомия и физиология растений, анатомия и физиология животных и человека, этология, генетика и эволюция, экология, биосистематика. Итоги подводятся в индивидуальном зачете. Победители и призеры награждаются золотыми, серебряными и бронзовыми медалями. Организаторы олимпиады;Личная | Участник самостоятельно выполняет задания | Очная | Для участия нужно прийти в заранее известное место проведения;Объединение: Международные олимпиады;https://olimpiada.ru/activity/136
5903;Международная олимпиада по биологии имени Авиценны;Биология;9–11 классы;9.0;11.0;Очная;Личная;6.3;Расписание не опубликовано;Расписание олимпиады в этом году пока не известно;Не опубликовано;Не опубликован;Расписание олимпиады в этом году пока не известно;;https://olimpiada.ru/activity/5903;—;;Точное соответствие проекту РСОШ 2026/27 не найдено;https://rsr-olymp.ru/news/123;24.09.2026;;aibo.uz/...;;Международная олимпиада по биологии имени Авиценны (AIBO) проводится для школьников 15-18 лет. Каждая страна может отправить на соревнование несколько команд. .. Состязание проходит с 2024 года. Олимпиада состоит из двух туров. Теоретические знания проверяются с помощью тестовых заданий, а практические – в ходе лабораторной работы.;Личная | Участник самостоятельно выполняет задания | Очная | Для участия нужно прийти в заранее известное место проведения;Объединение: Международные олимпиады;https://olimpiada.ru/activity/5903
107;Московская олимпиада по биологии;Биология;5–8 классы;5.0;8.0;Очная;Личная;7.9;Расписание не опубликовано;Ожидается расписание состязания;Публикация расписания: ожидается расписание состязания;Частично заполнен по текущему статусу;Расписание олимпиады в этом году пока не известно;;https://olimpiada.ru/activity/107;—;;Этот профиль не найден в проекте РСОШ 2026/27;https://rsr-olymp.ru/news/123;24.09.2026;"Департамент образования и науки города Москвы; →; Биологический факультет МГУ имени М. В. Ломоносова";"mosbio.olimpiada.ru; mosbio@olimpiada.ru";"Правила проведения; →";В проведении Московской олимпиады школьников по биологии для 5-8 классов с 2013 года принимает участие биологический факультет МГУ имени М. В. Ломоносова. .. Соревнование проходит в два этапа. Первый – отборочный интернет-этап, в котором могут принять участие школьники из любых регионов России. Для каждого класса разрабатываются свои задания. Некоторые вопросы выходят за рамки школьной программы. Второй этап – очный, проводится на биологическом факультете МГУ имени М. В. Ломоносова. В нем участвуют победители отборочного этапа. Для учеников 5 и 7 классов запланирован также практический тур второго этапа. Победители и призеры олимпиады прошлого года имеют право участвовать в очном этапе этого года, минуя заочный этап. Тем не менее организаторы рекомендуют им не пропускать заочный тур, так как задания каждого следующего класса сильно отличаются по сложности от предыдущего (добавляются совсем новые области знаний – ботаника, зоология, физиология).;Личная | Участник самостоятельно выполняет задания | Очная | Для участия нужно прийти в заранее известное место проведения;Объединение: Московская олимпиада школьников;https://olimpiada.ru/activity/107
4312;Московский Турнир юных биологов;Биология;7–11 классы;7.0;11.0;Очная;Командная;7.2;Текущий статус не указан;Регистрация команд открыта до 25 сентября;"Регистрация: До 25 сен
XVIII турнир: 10—11 окт";Опубликован;"Регистрация
До 25 сен
XVIII турнир
10—11 окт";Обновлено 17 сентября;https://olimpiada.ru/activity/4312;—;;Точное соответствие проекту РСОШ 2026/27 не найдено;https://rsr-olymp.ru/news/123;24.09.2026;Биологический факультет МГУ имени М.В.Ломоносова;"bioturnir.ru/...; danila@bioturnir.ru";"Положение; →";;Командная | Участники выполняют задания вместе и борются за общий результат | Очная | Для участия нужно прийти в заранее известное место проведения;Объединение: Турнир юных биологов;https://olimpiada.ru/activity/4312
5759;Нижегородский Турнир юных биологов;Биология;7–11 классы;7.0;11.0;Очная;Командная;5.0;Расписание не опубликовано;Расписание следующего турнира ожидается в сентябре 2026 года;Публикация расписания: ожидается в сентябре 2026 года;Частично заполнен по текущему статусу;Расписание олимпиады в этом году пока не известно;;https://olimpiada.ru/activity/5759;—;;Точное соответствие проекту РСОШ 2026/27 не найдено;https://rsr-olymp.ru/news/123;24.09.2026;;"bioturnir.ru/...; danila@bioturnir.ru";"Положение; →";;Командная | Участники выполняют задания вместе и борются за общий результат | Очная | Для участия нужно прийти в заранее известное место проведения;Объединение: Турнир юных биологов;https://olimpiada.ru/activity/5759
4314;Новосибирский Турнир юных биологов;Биология;7–11 классы;7.0;11.0;Очная;Командная;5.0;Расписание не опубликовано;Расписание следующего турнира ожидается в сентябре 2026 года;Публикация расписания: ожидается в сентябре 2026 года;Частично заполнен по текущему статусу;Расписание олимпиады в этом году пока не известно;;https://olimpiada.ru/activity/4314;—;;Точное соответствие проекту РСОШ 2026/27 не найдено;https://rsr-olymp.ru/news/123;24.09.2026;"Областной центр развития творчества детей и юношества; Кафедра естественных наук СУНЦ НГУ";bioturnir.ru/...;"Положение; →";;Командная | Участники выполняют задания вместе и борются за общий результат | Очная | Для участия нужно прийти в заранее известное место проведения;Объединение: Турнир юных биологов;https://olimpiada.ru/activity/4314
358;Олимпиада «Будущие исследователи - будущее науки» по биологии;Биология;7–11 классы;7.0;11.0;Очно-заочная;Личная;8.8;Следующий цикл ожидается;Следующее соревнование начнется в ноябре 2026 года;Следующее соревнование: Следующее соревнование начнется в ноябре 2026 года;Частично заполнен по текущему статусу;Расписание олимпиады в этом году пока не известно;;https://olimpiada.ru/activity/358;II;биология;"Проект РСОШ 2026/27; не утвержден на 24.09.2026";https://www.garant.ru/products/ipo/prime/doc/56963051/;24.09.2026;"Белгородский государственный технологический университет им. В.Г. Шухова; →; Правительство Нижегородской области; Нижегородский государственный университет им. Н.И.Лобачевского; Российский федеральный ядерный центр ВНИИЭФ г. Сарова; Ярославская государственная медицинская академия; Ярославский государственный университет им. П.Г.Демидова";"unn.ru/...; olimp@unn.ru";"Положение; →; Регламент";;Личная | Участник самостоятельно выполняет задания | Очно-заочная | Нужно пройти дистанционный отбор, чтобы участвовать в очном финале;Объединение: Олимпиада «Будущие исследователи - будущее науки»;https://olimpiada.ru/activity/358
5668;Олимпиада «Высшая проба» по биологии;Биология;9–11 классы;9.0;11.0;Очно-заочная;Личная;8.2;Регистрация завершена;Регистрация открыта до 22 сентября;"Регистрация: До 22 сен
Первый тур отборочного этапа: 4 окт";Опубликован;"Регистрация
До 22 сен
Первый тур отборочного этапа
4 окт";Обновлено 7 сентября;https://olimpiada.ru/activity/5668;II;биология;"Проект РСОШ 2026/27; не утвержден на 24.09.2026";https://www.garant.ru/products/ipo/prime/doc/56963051/;24.09.2026;"Национальный исследовательский университет Высшая школа экономики; →";"olymp.hse.ru/...; olymp@hse.ru";"Положение и регламент; →";Олимпиада по биологии впервые прошла в 2018/19 учебном году. Соревнование проводится для учеников 9-11 классов.;Личная | Участник самостоятельно выполняет задания | Очно-заочная | Нужно пройти дистанционный отбор, чтобы участвовать в очном финале;Объединение: Олимпиада «Высшая проба»;https://olimpiada.ru/activity/5668
5044;Олимпиада «Океан знаний» по биологии;Биология;10–11 классы;10.0;11.0;Очно-заочная;Личная;7.7;Расписание не опубликовано;Расписание следующей олимпиады ожидается в сентябре 2026 года;Публикация расписания: ожидается в сентябре 2026 года;Частично заполнен по текущему статусу;Расписание олимпиады в этом году пока не известно;;https://olimpiada.ru/activity/5044;—;;Точное соответствие проекту РСОШ 2026/27 не найдено;https://rsr-olymp.ru/news/123;24.09.2026;"ФГАОУ ВПО Дальневосточный федеральный университет (ДВФУ); →";"dvfu.ru/...; ocean@dvfu.ru";;;Личная | Участник самостоятельно выполняет задания | Очно-заочная | Нужно пройти дистанционный отбор, чтобы участвовать в очном финале;Объединение: Олимпиада «Океан знаний»;https://olimpiada.ru/activity/5044
5195;Олимпиада Северо-Кавказского федерального университета «45 параллель» по биологии;Биология;8–11 классы;8.0;11.0;Очно-заочная;Личная;7.5;Этап запланирован;Отборочный этап пройдет с 1 октября по 20 февраля;"Отборочный этап: 1 окт—20 фев
Финал: 27 мар";Опубликован;"Отборочный этап
1 окт—20 фев
Финал
27 мар";Обновлено 31 августа;https://olimpiada.ru/activity/5195;—;;Точное соответствие проекту РСОШ 2026/27 не найдено;https://rsr-olymp.ru/news/123;24.09.2026;Северо-Кавказский федеральный университет;"parallel45.olymp.ncfu.ru; olimpiadastav@mail.ru";"Положение и регламент; →";;Личная | Участник самостоятельно выполняет задания | Очно-заочная | Нужно пройти дистанционный отбор, чтобы участвовать в очном финале;Объединение: Олимпиада Северо-Кавказского федерального университета «45 параллель»;https://olimpiada.ru/activity/5195
324;Олимпиада школьников «Ломоносов» по биологии;Биология;5–11 классы;5.0;11.0;Очно-заочная;Личная;8.6;Расписание не опубликовано;Расписание следующей олимпиады ожидается в октябре 2026 года;Публикация расписания: ожидается в октябре 2026 года;Частично заполнен по текущему статусу;Расписание олимпиады в этом году пока не известно;;https://olimpiada.ru/activity/324;I;биология;"Проект РСОШ 2026/27; не утвержден на 24.09.2026";https://www.garant.ru/products/ipo/prime/doc/56963051/;24.09.2026;"Московский государственный университет имени М. В. Ломоносова; →; Биологический факультет МГУ";"olymp.msu.ru; olymp.bio@org.msu.ru";"Положение; →; Регламент; Положение об апелляциях";Олимпиада школьников «Ломоносов» по биологии проходит для учащихся 5-11 классов. От участников ждут, что они имеют навыки работы с живыми объектами и в достаточном объеме знают теорию. .. Первый, отборочный, проводится заочно. Финал проходит в очном формате или дистанционно. Обычно в олимпиадные задания включаются рисунки, а в заданиях заочного этапа также используются фотографии, по которым нужно опознать живой объект, найти его важные систематические признаки, подписать ткани или органы. Такие задания носят творческий характер, так как требуют от участника не только узнавания объекта «по картинке в учебнике», но и реальных, глубоких знаний, проявления смекалки, умения оценить ракурс, навыка поиска деталей, которые могут помочь разобраться в строении организма живого объекта. Также участники выполняют задачи, имеющие строгое логическое решение.;Личная | Участник самостоятельно выполняет задания | Очно-заочная | Нужно пройти дистанционный отбор, чтобы участвовать в очном финале;Объединение: Олимпиада школьников «Ломоносов»;https://olimpiada.ru/activity/324
5762;Олимпиада школьников «Ломоносов» по генетике;Биология;9–11 классы;9.0;11.0;Очно-заочная;Личная;8.0;Расписание не опубликовано;Расписание следующей олимпиады ожидается в октябре 2026 года;Публикация расписания: ожидается в октябре 2026 года;Частично заполнен по текущему статусу;Расписание олимпиады в этом году пока не известно;;https://olimpiada.ru/activity/5762;II;генетика;"Проект РСОШ 2026/27; не утвержден на 24.09.2026";https://www.garant.ru/products/ipo/prime/doc/56963051/;24.09.2026;"Московский государственный университет имени М. В. Ломоносова; →; Биологический факультет МГУ";"olymp.msu.ru; olymp.bio@org.msu.ru";"Положение; →; Регламент; Положение об апелляциях";Соревнование ставит целью повышение интереса учеников к науке о наследственности. На олимпиаде представлены задания, касающиеся разных областей генетики. В первую очередь, это задачи по классической (менделевской), и молекулярной генетике, также в программу входит популяционная генетика и основы генетической инженерии. .. Состязание включает два обязательных этапа. Первый, отборочный, этап проводится заочно. Финал проходит в очном формате или дистанционно.;Личная | Участник самостоятельно выполняет задания | Очно-заочная | Нужно пройти дистанционный отбор, чтобы участвовать в очном финале;Объединение: Олимпиада школьников «Ломоносов»;https://olimpiada.ru/activity/5762
20;Олимпиада школьников «Ломоносов» по фундаментальной медицине;Биология;6–11 классы;6.0;11.0;Очно-заочная;Личная;8.4;Расписание не опубликовано;Расписание следующей олимпиады ожидается в октябре 2026 года;Публикация расписания: ожидается в октябре 2026 года;Частично заполнен по текущему статусу;Расписание олимпиады в этом году пока не известно;;https://olimpiada.ru/activity/20;II;фундаментальная медицина;"Проект РСОШ 2026/27; не утвержден на 24.09.2026";https://www.garant.ru/products/ipo/prime/doc/56963051/;24.09.2026;"Московский государственный университет имени М. В. Ломоносова; →";"olymp.msu.ru; olymp@lomonosov.msu.ru";"Положение; →; Регламент; Положение об апелляциях";"Олимпиада по фундаментальной медицине ставит целью выявление талантливых и способных учеников, интересующихся медициной и биологией. .. Вопросы олимпиады включают несколько оригинальных задач различной специфики и уровня сложности. Для решения задач школьнику необходимо в достаточном объеме знать теоретический материал в области биологии, но совсем необязательно владеть сугубо специфическими медицинскими знаниями, знать обо всех болезнях, методах лечения и т.д. Задания ориентированы на применение эрудиции и творческого мышления в дополнение к тем знаниям, которые учащиеся получили из школьных предметов (не только биологии, но и химии, физики, математики и других). Медико-биологическая ( биомедицинская ) олимпиада школьников проводилась с 1999 года на факультете фундаментальной медицины. Изначально она являлась частью конкурсной программы, проводимой в рамках конференции для одаренных школьников «Шаг в Будущее»; с 2005-го года олимпиада приобрела самостоятельный статус, а участником смог стать любой желающий школьник России. С 2024 года Медико-биологическая олимпиада школьников вошла в состав олимпиады «Ломоносов».";Личная | Участник самостоятельно выполняет задания | Очно-заочная | Нужно пройти дистанционный отбор, чтобы участвовать в очном финале;Объединение: Олимпиада школьников «Ломоносов»;https://olimpiada.ru/activity/20
5701;Олимпиада школьников «Путь к успеху» по биологии;Биология;9–11 классы;9.0;11.0;Очно-заочная;Личная;7.2;Итоги опубликованы;"Опубликованы итоги; следующее соревнование ожидается в ноябре 2026 года";"Следующее соревнование: Опубликованы итоги; следующее соревнование ожидается в ноябре 2026 года";Частично заполнен по текущему статусу;Расписание олимпиады в этом году пока не известно;;https://olimpiada.ru/activity/5701;—;;Точное соответствие проекту РСОШ 2026/27 не найдено;https://rsr-olymp.ru/news/123;24.09.2026;"Магнитогорский государственный технический университет имени Г. И. Носова; →";"molimp.magtu.ru; fdp_magtu@mail.ru";"Положение; →";Олимпиада «Путь к успеху» по биологии проводится в два тура. Участвовать в соревновании могут все желающие школьники 9-11 классов и учащиеся 1-3 курсов средних профессиональных учреждений. ..;Личная | Участник самостоятельно выполняет задания | Очно-заочная | Нужно пройти дистанционный отбор, чтобы участвовать в очном финале;Объединение: Многопрофильная олимпиада школьников «Путь к успеху»;https://olimpiada.ru/activity/5701
5735;Олимпиада школьников «Физтех» по биологии;Биология;9–11 классы;9.0;11.0;Очно-заочная;Личная;8.2;Расписание не опубликовано;Расписание следующей олимпиады ожидается в декабре 2026 года;Публикация расписания: ожидается в декабре 2026 года;Частично заполнен по текущему статусу;Расписание олимпиады в этом году пока не известно;;https://olimpiada.ru/activity/5735;II;биология;"Проект РСОШ 2026/27; не утвержден на 24.09.2026";https://www.garant.ru/products/ipo/prime/doc/56963051/;24.09.2026;"Московский физико-технический институт; →";"bio-olymp.mipt.ru; bio-olymp@mipt.ru";"Положение; →; Регламент";Олимпиада проводится для всех желающих учеников 9-11 классов с разным уровнем подготовки. Соревнование включает два этапа: отборочный и заключительный. .. Отборочный этап проводится в заочной форме. Победители и призеры отборочного этапа приглашаются в финал. Задания составляются по широкому кругу разделов биологии для каждого класса и ориентированы не столько на конкретные биологические знания, а сколько на умение анализировать приведенные в условии факты и делать по ним правильные выводы.;Личная | Участник самостоятельно выполняет задания | Очно-заочная | Нужно пройти дистанционный отбор, чтобы участвовать в очном финале;Объединение: Олимпиада школьников «Физтех»;https://olimpiada.ru/activity/5735
5885;Онлайн-форум по биологии «Гены и геномы»;Биология;7–11 классы;7.0;11.0;;;6.7;Информация ожидается;Ожидается информация от организаторов;Обновление информации: ожидается информация от организаторов;Частично заполнен по текущему статусу;Расписание олимпиады в этом году пока не известно;;https://olimpiada.ru/activity/5885;—;;Точное соответствие проекту РСОШ 2026/27 не найдено;https://rsr-olymp.ru/news/123;24.09.2026;"Физтех-школа биологической и медицинской физики; Московский физико-технический институт";genygenomy.ru;;Форум проводится для учеников старших классов и учителей. В рамках мероприятия участники смогут познакомиться с современными достижениями молекулярной биологии и молекулярной генетики, биотехнологии и биомедицины. .. Мероприятие для школьников включает лекции, биологические бои и викторину, а учителя могут пройти курс повышения квалификации.;;Каталог /activities;https://olimpiada.ru/activity/5885
6933;Открытая международная биологическая олимпиада;Биология;8–11 классы;8.0;11.0;Очная;Личная;6.6;Расписание не опубликовано;Расписание олимпиады в этом году пока не известно;Не опубликовано;Не опубликован;Расписание олимпиады в этом году пока не известно;;https://olimpiada.ru/activity/6933;—;;Точное соответствие проекту РСОШ 2026/27 не найдено;https://rsr-olymp.ru/news/123;24.09.2026;;"oibo.siriusolymp.ru/...; oibo@talantiuspeh.ru";;OIBO — это международная олимпиада по биологии, направленная на вовлечение школьников в изучение и решение актуальных биологических и биотехнологических вопросов, а также на развитие международного сотрудничества и обмена опытом между участниками. .. Олимпиада состоит из трех туров: теоретического (индивидуального), практического (индивидуального) и проектного (командного). Принять участие могут школьники в возрасте от 14 до 18 лет включительно в составе команд до 6 участников. Команду может сопровождать один руководитель. Материалы заданий для участников предоставляются организаторами на русском и на английском языке, а также на национальном языке при наличии перевода от национального жюри.;Личная | Участник самостоятельно выполняет задания | Очная | Для участия нужно прийти в заранее известное место проведения;Объединение: Международные олимпиады;https://olimpiada.ru/activity/6933
6973;Открытая региональная межвузовская олимпиада школьников по биологии;Биология;8–11 классы;8.0;11.0;Очно-заочная;Личная;6.8;Следующий цикл ожидается;Следующее соревнование начнется в октябре;Следующее соревнование: Следующее соревнование начнется в октябре;Частично заполнен по текущему статусу;Расписание олимпиады в этом году пока не известно;;https://olimpiada.ru/activity/6973;—;;Этот профиль не найден в проекте РСОШ 2026/27;https://rsr-olymp.ru/news/123;24.09.2026;"Национальный исследовательский Томский государственный университет; →; Национальный исследовательский Томский политехнический университет; Томский государственный университет систем управления и радиоэлектроники; Сибирский государственный медицинской университет; Томский государственный архитектурно-строительный университет; Томский государственный педагогический университет";"abiturient.tsu.ru/...; ormo@mail.tsu.ru";"Положение; →; Регламент";;Личная | Участник самостоятельно выполняет задания | Очно-заочная | Нужно пройти дистанционный отбор, чтобы участвовать в очном финале;Объединение: Открытая региональная межвузовская олимпиада школьников;https://olimpiada.ru/activity/6973
5777;Пироговская олимпиада по биологии;Биология;9–11 классы;9.0;11.0;Очно-заочная;Личная;8.0;Расписание не опубликовано;Расписание следующей олимпиады ожидается в октябре 2026 года;Публикация расписания: ожидается в октябре 2026 года;Частично заполнен по текущему статусу;Расписание олимпиады в этом году пока не известно;;https://olimpiada.ru/activity/5777;III;биология;"Проект РСОШ 2026/27; не утвержден на 24.09.2026";https://www.garant.ru/products/ipo/prime/doc/56963051/;24.09.2026;Российский национальный исследовательский медицинский университет имени Н. И. Пирогова;"rsmu.ru/...; olimpiada@rsmu.ru";"Положение и регламент; →";Олимпиада проходит для учеников 9-11 классов и студентов, получающих среднее профессиональное образование. Состязание включает два этапа. .. Отборочный этап проводится в заочном формате. Участники, успешно выполнившие задания, приглашаются на заключительный этап. Финал может проходить как очно, так и заочно.;Личная | Участник самостоятельно выполняет задания | Очно-заочная | Нужно пройти дистанционный отбор, чтобы участвовать в очном финале;Каталог /activities;https://olimpiada.ru/activity/5777
4313;Республиканский Турнир юных биологов Татарстана;Биология;7–11 классы;7.0;11.0;Очная;Командная;5.5;Расписание не опубликовано;Расписание следующего турнира ожидается в сентябре 2026 года;Публикация расписания: ожидается в сентябре 2026 года;Частично заполнен по текущему статусу;Расписание олимпиады в этом году пока не известно;;https://olimpiada.ru/activity/4313;—;;Точное соответствие проекту РСОШ 2026/27 не найдено;https://rsr-olymp.ru/news/123;24.09.2026;"ГАУ «Республиканский олимпиадный центр» МОиН РТ; ФГАОУ ВПО «Казанский (Приволжский) федеральный университет»";"bioturnir.ru/...; z_ainur@mail.ru";"Положение; →";;Командная | Участники выполняют задания вместе и борются за общий результат | Очная | Для участия нужно прийти в заранее известное место проведения;Объединение: Турнир юных биологов;https://olimpiada.ru/activity/4313
5119;Северо-Восточная олимпиада по биологии;Биология;10–11 классы;10.0;11.0;Очно-заочная;Личная;7.4;Следующий цикл ожидается;Следующее соревнование начнется в ноябре 2026 года;Следующее соревнование: Следующее соревнование начнется в ноябре 2026 года;Частично заполнен по текущему статусу;Расписание олимпиады в этом году пока не известно;;https://olimpiada.ru/activity/5119;—;;Этот профиль не найден в проекте РСОШ 2026/27;https://rsr-olymp.ru/news/123;24.09.2026;"Северо-Восточный федеральный университет имени М. К. Аммосова; →";"olympiadsvosh.s-vfu.ru/...; svosh.s-vfu@mail.ru";"Положение; →; Регламент";;Личная | Участник самостоятельно выполняет задания | Очно-заочная | Нужно пройти дистанционный отбор, чтобы участвовать в очном финале;Объединение: Северо-Восточная олимпиада;https://olimpiada.ru/activity/5119
6924;Томский Турнир юных биологов;Биология;7–11 классы;7.0;11.0;Очная;Командная;4.6;Расписание не опубликовано;Расписание следующего турнира ожидается в сентябре 2026 года;Публикация расписания: ожидается в сентябре 2026 года;Частично заполнен по текущему статусу;Расписание олимпиады в этом году пока не известно;;https://olimpiada.ru/activity/6924;—;;Точное соответствие проекту РСОШ 2026/27 не найдено;https://rsr-olymp.ru/news/123;24.09.2026;;bioturnir.ru/...;"Положение; →";;Командная | Участники выполняют задания вместе и борются за общий результат | Очная | Для участия нужно прийти в заранее известное место проведения;Объединение: Турнир юных биологов;https://olimpiada.ru/activity/6924
6975;Турнир юных биологов Республики Марий Эл;Биология;7–11 классы;7.0;11.0;Очная;Командная;4.6;Расписание не опубликовано;Расписание следующего турнира ожидается в сентябре 2026 года;Публикация расписания: ожидается в сентябре 2026 года;Частично заполнен по текущему статусу;Расписание олимпиады в этом году пока не известно;;https://olimpiada.ru/activity/6975;—;;Точное соответствие проекту РСОШ 2026/27 не найдено;https://rsr-olymp.ru/news/123;24.09.2026;"Региональный центр выявления; поддержки и развития способностей и талантов детей и молодежи Республики Марий Эл «Волгенче»";bioturnir.ru/...;"Положение; →";;Командная | Участники выполняют задания вместе и борются за общий результат | Очная | Для участия нужно прийти в заранее известное место проведения;Объединение: Турнир юных биологов;https://olimpiada.ru/activity/6975
5416;Турнир юных биологов Республики Якутия;Биология;7–11 классы;7.0;11.0;Очная;Командная;4.6;Расписание не опубликовано;Расписание следующего турнира ожидается в сентябре 2026 года;Публикация расписания: ожидается в сентябре 2026 года;Частично заполнен по текущему статусу;Расписание олимпиады в этом году пока не известно;;https://olimpiada.ru/activity/5416;—;;Точное соответствие проекту РСОШ 2026/27 не найдено;https://rsr-olymp.ru/news/123;24.09.2026;"Малая Академия наук Республики Саха (Якутия); Институт естественных наук СВФУ им. М. К. Аммосова";"bioturnir.ru/...; danila@bioturnir.ru";"Положение; →";;Командная | Участники выполняют задания вместе и борются за общий результат | Очная | Для участия нужно прийти в заранее известное место проведения;Объединение: Турнир юных биологов;https://olimpiada.ru/activity/5416
4327;Турнир юных биологов Санкт-Петербурга;Биология;7–11 классы;7.0;11.0;Очная;Командная;5.9;Расписание не опубликовано;Расписание следующего турнира ожидается в сентябре 2026 года;Публикация расписания: ожидается в сентябре 2026 года;Частично заполнен по текущему статусу;Расписание олимпиады в этом году пока не известно;;https://olimpiada.ru/activity/4327;—;;Точное соответствие проекту РСОШ 2026/27 не найдено;https://rsr-olymp.ru/news/123;24.09.2026;"ГБОУ ЦО Санкт-Петербургский городской дворец творчества юных; Эколого-биологический центр Крестовский остров";"bioturnir.ru/...; biolimp@mail.ru";"Положение; →";;Командная | Участники выполняют задания вместе и борются за общий результат | Очная | Для участия нужно прийти в заранее известное место проведения;Объединение: Турнир юных биологов;https://olimpiada.ru/activity/4327
6951;Турнир юных биологов Чувашской Республики;Биология;7–11 классы;7.0;11.0;Очная;Командная;4.6;Расписание не опубликовано;Расписание следующего турнира ожидается в сентябре 2026 года;Публикация расписания: ожидается в сентябре 2026 года;Частично заполнен по текущему статусу;Расписание олимпиады в этом году пока не известно;;https://olimpiada.ru/activity/6951;—;;Точное соответствие проекту РСОШ 2026/27 не найдено;https://rsr-olymp.ru/news/123;24.09.2026;;bioturnir.ru/...;"Положение; →";;Командная | Участники выполняют задания вместе и борются за общий результат | Очная | Для участия нужно прийти в заранее известное место проведения;Объединение: Турнир юных биологов;https://olimpiada.ru/activity/6951
5057;Турнир юных биологов Юга России;Биология;7–11 классы;7.0;11.0;Очная;Командная;5.5;Расписание не опубликовано;Расписание следующего турнира ожидается в сентябре 2026 года;Публикация расписания: ожидается в сентябре 2026 года;Частично заполнен по текущему статусу;Расписание олимпиады в этом году пока не известно;;https://olimpiada.ru/activity/5057;—;;Точное соответствие проекту РСОШ 2026/27 не найдено;https://rsr-olymp.ru/news/123;24.09.2026;"Управление образования города Ростова-на-Дону; Академия биологии и биотехнологии Южного федерального университета";"bioturnir.ru/...; olga.cur@mail.ru";"Положение; →";;Командная | Участники выполняют задания вместе и борются за общий результат | Очная | Для участия нужно прийти в заранее известное место проведения;Объединение: Турнир юных биологов;https://olimpiada.ru/activity/5057
5868;Турнир юных биологов в Московской области;Биология;7–11 классы;7.0;11.0;Очная;Командная;4.6;Расписание не опубликовано;Расписание следующего турнира ожидается в сентябре 2026 года;Публикация расписания: ожидается в сентябре 2026 года;Частично заполнен по текущему статусу;Расписание олимпиады в этом году пока не известно;;https://olimpiada.ru/activity/5868;—;;Точное соответствие проекту РСОШ 2026/27 не найдено;https://rsr-olymp.ru/news/123;24.09.2026;;"bioturnir.ru/...; danila@bioturnir.ru";"Положение; →";;Командная | Участники выполняют задания вместе и борются за общий результат | Очная | Для участия нужно прийти в заранее известное место проведения;Объединение: Турнир юных биологов;https://olimpiada.ru/activity/5868
5689;Тюменский Турнир юных биологов;Биология;7–11 классы;7.0;11.0;Очная;Командная;5.5;Расписание не опубликовано;Расписание следующего турнира ожидается в сентябре 2026 года;Публикация расписания: ожидается в сентябре 2026 года;Частично заполнен по текущему статусу;Расписание олимпиады в этом году пока не известно;;https://olimpiada.ru/activity/5689;—;;Точное соответствие проекту РСОШ 2026/27 не найдено;https://rsr-olymp.ru/news/123;24.09.2026;Физико-математическая школа г. Тюмень;bioturnir.ru/...;"Положение; →";;Командная | Участники выполняют задания вместе и борются за общий результат | Очная | Для участия нужно прийти в заранее известное место проведения;Объединение: Турнир юных биологов;https://olimpiada.ru/activity/5689
5160;Университетская олимпиада школьников «Бельчонок» по биологии;Биология;9–11 классы;9.0;11.0;Очно-заочная;Личная;8.1;Этап запланирован;Отборочный этап пройдет с 1 октября до 12 января;"Отборочный этап: 1 окт—12 янв
Финал: 7 фев";Опубликован;"Отборочный этап
1 окт—12 янв
Финал
7 фев";Обновлено 11 сентября;https://olimpiada.ru/activity/5160;—;;Этот профиль не найден в проекте РСОШ 2026/27;https://rsr-olymp.ru/news/123;24.09.2026;Сибирский федеральный университет в лице Довузовского управления СФУ;"dovuz.sfu-kras.ru/...; dovuz@sfu-kras.ru";"Положение и регламент; →";;Личная | Участник самостоятельно выполняет задания | Очно-заочная | Нужно пройти дистанционный отбор, чтобы участвовать в очном финале;Объединение: Университетская олимпиада школьников «Бельчонок»;https://olimpiada.ru/activity/5160
4315;Уральский Турнир юных биологов;Биология;7–11 классы;7.0;11.0;Очная;Командная;5.7;Расписание не опубликовано;Расписание следующего турнира ожидается в сентябре 2026 года;Публикация расписания: ожидается в сентябре 2026 года;Частично заполнен по текущему статусу;Расписание олимпиады в этом году пока не известно;;https://olimpiada.ru/activity/4315;—;;Точное соответствие проекту РСОШ 2026/27 не найдено;https://rsr-olymp.ru/news/123;24.09.2026;Биологический департамент Уральского Федерального Университета имени первого Президента России Б.Н.Ельцина;"bioturnir.ru/...; e.zhuykova@list.ru";"Положение; →";;Командная | Участники выполняют задания вместе и борются за общий результат | Очная | Для участия нужно прийти в заранее известное место проведения;Объединение: Турнир юных биологов;https://olimpiada.ru/activity/4315
56;Школьная биологическая олимпиада;Биология;6–11 классы;6.0;11.0;Очная;Личная;8.6;Расписание не опубликовано;Расписание следующей олимпиады ожидается в январе 2027 года;Публикация расписания: ожидается в январе 2027 года;Частично заполнен по текущему статусу;Расписание олимпиады в этом году пока не известно;;https://olimpiada.ru/activity/56;—;;Точное соответствие проекту РСОШ 2026/27 не найдено;https://rsr-olymp.ru/news/123;24.09.2026;Биологический факультет МГУ им. М. В. Ломоносова;"shbo.ru; info@shbo.ru";;Ученики 6-11 классов выполняют письменные и практические задания по различным разделам биологии;Личная | Участник самостоятельно выполняет задания | Очная | Для участия нужно прийти в заранее известное место проведения;Каталог /activities;https://olimpiada.ru/activity/56
5714;Южно-Уральский Турнир юных биологов;Биология;7–11 классы;7.0;11.0;Очная;Командная;5.7;Расписание не опубликовано;Расписание следующего турнира ожидается в сентябре 2026 года;Публикация расписания: ожидается в сентябре 2026 года;Частично заполнен по текущему статусу;Расписание олимпиады в этом году пока не известно;;https://olimpiada.ru/activity/5714;—;;Точное соответствие проекту РСОШ 2026/27 не найдено;https://rsr-olymp.ru/news/123;24.09.2026;"Челябинский государственный университет; Челябинский областной многопрофильный лицей-интернат для одарённых детей";bioturnir.ru/...;"Положение; →";Турнир юных биологов является командно-личным соревнованием учащихся в их способности решать сложные биологические проблемные задачи, представлять решения и защищать их в научной дискуссии (биологическом бое). .. Южно-Уральский ТЮБ является региональным этапом Всероссийского Турнира юных биологов.;Командная | Участники выполняют задания вместе и борются за общий результат | Очная | Для участия нужно прийти в заранее известное место проведения;Объединение: Турнир юных биологов;https://olimpiada.ru/activity/5714
4356;Музеи. Парки. Усадьбы;"Биология; География; ИЗО; Искусство; История; Литература; Обществознание";1–11 классы;1.0;11.0;Очно-заочная;Лично-командная;8.9;Этап указан;Регистрация;"Регистрация: До 15 мар
Основной этап: До 31 мар";Опубликован;"Регистрация
До 15 мар
Основной этап
До 31 мар";Обновлено 1 сентября;https://olimpiada.ru/activity/4356;—;;Точное соответствие проекту РСОШ 2026/27 не найдено;https://rsr-olymp.ru/news/123;24.09.2026;"Департамент образования и науки города Москвы; →; Департамент культуры города Москвы";"museum.cpm.moscow; museum.org@yandex.ru";"Положение; →";В олимпиаде «Музеи. Парки. Усадьбы» могут принять участие дошкольники и школьники любого возраста, индивидуально либо в команде из двух человек. Для этого достаточно зарегистрироваться. В ходе вводного тура участникам нужно выполнить задания на сайте олимпиады. .. Основной тур проходит с сентября по март, в это время ребята вместе с учителями и родителями посещают музеи, парки и усадьбы Москвы. В каждом пункте их ждут интересные задания, для решения которых необходимо изучить экспозицию. Параллельно с олимпиадой организаторы проводят различные конкурсы. Для участников, которые хорошо выступили на основном туре, проходит финальная игра-прогулка: им нужно выполнять задания в ходе интеллектуального квеста по Москве. Призеров и победителей награждают грамотами. «Музеи. Парки. Усадьбы» не столько проверяют знания школьников, сколько помогают им узнать что-то новое, расширить кругозор. Кроме того, для учителей это возможность заинтересовать учащихся своим предметом, а для музеев – возможность привлечь новых посетителей.;Лично-командная | Можно участвовать самостоятельно или собрать команду | Очно-заочная | Нужно пройти дистанционный отбор, чтобы участвовать в очном финале;Каталог /activities;https://olimpiada.ru/activity/4356
5369;Национальная технологическая олимпиада для школьников 8-11 классов;"Биология; География; Информатика; Математика; Обществознание; Робототехника; Технология; Физика; Химия";8–11 классы;8.0;11.0;Очно-заочная;Командная;8.6;Регистрация открыта;Регистрация открыта до 22 октября. Отборочный этап проходит до 23 октября;"Регистрация: До 22 окт
Первый отборочный этап: До 23 окт
Второй отборочный этап: 5 ноя—11 дек
Заключительный этап: дата не указана
Уточняется: дата не указана";Частично опубликован;"Регистрация
До 22 окт
Первый отборочный этап
До 23 окт
Второй отборочный этап
5 ноя—11 дек
Заключительный этап
Уточняется";Обновлено 26 августа;https://olimpiada.ru/activity/5369;I–III;"несколько профилей НТО; уровень зависит от профиля";"Проект РСОШ 2026/27: уровень зависит от профиля; не утвержден на 24.09.2026";https://www.garant.ru/products/ipo/prime/doc/56963051/;24.09.2026;"Вузы-партнеры и соорганизаторы; →";"ntcontest.ru; help@ntcontest.ru";"Положение и регламент; →";Национальная технологическая олимпиада – всероссийские командные инженерные соревнования. Старший трек открыт для школьников 8-11 классов и студентов 1-2 курсов СПО, поступивших после 9 класса. .. Задачи первого этапа школьники решают дистанционно. На втором этапе ребята объединяются в команды и проходят онлайн-обучение. По итогам отбора команды приглашаются на финал, где они работают с реальным инженерным оборудованием и применяют знания на практике.;Командная | Участники выполняют задания вместе и борются за общий результат | Очно-заочная | Нужно пройти дистанционный отбор, чтобы участвовать в очном финале;Каталог /activities;https://olimpiada.ru/activity/5369
5746;Олимпиада школьников «Россия вокруг нас»;"Биология; География; Информатика; Математика; Физика; Химия; Экология";10–11 классы;10.0;11.0;Очно-заочная;Личная;6.8;Следующий цикл ожидается;Следующее соревнование пройдет в декабре 2026 года;Следующее соревнование: Следующее соревнование пройдет в декабре 2026 года;Частично заполнен по текущему статусу;Расписание олимпиады в этом году пока не известно;;https://olimpiada.ru/activity/5746;—;;Точное соответствие проекту РСОШ 2026/27 не найдено;https://rsr-olymp.ru/news/123;24.09.2026;"Уральский государственный лесотехнический университет; →";"usfeu.ru/...; serova62@mail.ru";;;Личная | Участник самостоятельно выполняет задания | Очно-заочная | Нужно пройти дистанционный отбор, чтобы участвовать в очном финале;Каталог /activities;https://olimpiada.ru/activity/5746
5511;Летняя олимпиада Учи.ру;"Биология; География; Математика; Предпринимательство; Русский язык; Экология; Экономика";1–11 классы;1.0;11.0;Дистанционная;Личная;8.6;Следующий цикл ожидается;Следующая олимпиада ожидается в конце мая 2027 года;Следующая олимпиада: Следующая олимпиада ожидается в конце мая 2027 года;Частично заполнен по текущему статусу;Расписание олимпиады в этом году пока не известно;;https://olimpiada.ru/activity/5511;—;;Точное соответствие проекту РСОШ 2026/27 не найдено;https://rsr-olymp.ru/news/123;24.09.2026;"Образовательная платформа Учи.ру; →";"leto.uchi.ru; info@uchi.ru";"Правила; →";Олимпиада охватывает множество предметов и проводится в игровой форме. .. Ученики 1-9 классов выполняют задания по математике, русскому языку, финансовой грамотности и окружающему миру. Задания представлены в игровой форме и направлены на развитие нестандартного мышления. Они тренируют внимание, логику и пространственное воображение, но при этом не требуют углубленного знания школьной программы. На выполнение заданий дается 60 минут. Зарегистрировать учеников на олимпиаду могут учителя или родители. По итогам все участники олимпиады награждаются дипломами или почетными грамотами, а учителя – благодарственными письмами.;Личная | Участник самостоятельно выполняет задания | Дистанционная | Можно участвовать не выходя из дома, достаточно иметь компьютер с доступом в интернет;Объединение: Олимпиады Учи.ру;https://olimpiada.ru/activity/5511
6980;Открытая межпредметная олимпиада школьников «Эрудиты Балтики»;"Биология; География; Математика; Физика; Химия";7–9 классы;7.0;9.0;Очно-заочная;Личная;6.0;Расписание не опубликовано;Расписание следующей олимпиады ожидается в феврале 2027 года;Публикация расписания: ожидается в феврале 2027 года;Частично заполнен по текущему статусу;Расписание олимпиады в этом году пока не известно;;https://olimpiada.ru/activity/6980;—;;Точное соответствие проекту РСОШ 2026/27 не найдено;https://rsr-olymp.ru/news/123;24.09.2026;Школа-интернат лицей-интернат;"shili39.gosuslugi.ru/...; erudity@shili39.ru";"Положение; →";Олимпиада проводится среди учеников 7-9 классов по естественно-научному (биология, химия, география) и физико-математическому (математика, физика) направлениям. .. Соревнование включает два этапа: отборочный и заключительный. Для участия можно выбрать не более двух профилей.;Личная | Участник самостоятельно выполняет задания | Очно-заочная | Нужно пройти дистанционный отбор, чтобы участвовать в очном финале;Каталог /activities;https://olimpiada.ru/activity/6980
5887;Олимпиада Учи.ру по естественным наукам «Наука вокруг нас»;"Биология; География; Физика; Химия";1–11 классы;1.0;11.0;Дистанционная;Личная;7.5;Расписание не опубликовано;Ожидается расписание следующей олимпиады;Публикация расписания: ожидается расписание следующей олимпиады;Частично заполнен по текущему статусу;Расписание олимпиады в этом году пока не известно;;https://olimpiada.ru/activity/5887;—;;Точное соответствие проекту РСОШ 2026/27 не найдено;https://rsr-olymp.ru/news/123;24.09.2026;"Учи.ру; →";nauka.uchi.ru;;Состязание направлено на развитие нестандартного мышления и интереса к изучению окружающего мира и естественных наук: физики, химии, биологии и географии. .. Олимпиада проводится онлайн для всех желающих учеников 1-11 классов. При выполнении интерактивных заданий участники учатся понимать различные явления с точки зрения науки, проводить исследования и нестандартно подходить к решению задач. Также вопросы тренируют логическое и наглядно-образное мышление. Примеры задач размещены на сайте организаторов. Зарегистрировать учеников на олимпиаду могут учителя или родители. По итогам соревнования школьники получат сертификаты, а учителя – благодарственные письма.;Личная | Участник самостоятельно выполняет задания | Дистанционная | Можно участвовать не выходя из дома, достаточно иметь компьютер с доступом в интернет;Объединение: Олимпиады Учи.ру;https://olimpiada.ru/activity/5887
5731;Олимпиада Учи.ру по окружающему миру и экологии;"Биология; География; Экология";1–11 классы;1.0;11.0;Дистанционная;Личная;8.2;Расписание не опубликовано;Ожидается расписание олимпиады;Публикация расписания: ожидается расписание олимпиады;Частично заполнен по текущему статусу;Расписание олимпиады в этом году пока не известно;;https://olimpiada.ru/activity/5731;—;;Точное соответствие проекту РСОШ 2026/27 не найдено;https://rsr-olymp.ru/news/123;24.09.2026;"Учи.ру; →";"ecomir.uchi.ru; support@uchi.ru";"Правила; →";Олимпиада проводится для учеников 1-11 классов в онлайн-режиме. Для участия не нужны специальные знания – важны логика и внимательность. .. Решение задач поможет школьникам проверить свои знания по окружающему миру, экологии и биологии, развить логику и любознательность, запомнить правила поведения дома и на природе. На выполнение заданий дается 60 минут, результаты будут известны сразу после окончания.;Личная | Участник самостоятельно выполняет задания | Дистанционная | Можно участвовать не выходя из дома, достаточно иметь компьютер с доступом в интернет;Объединение: Олимпиады Учи.ру;https://olimpiada.ru/activity/5731
5525;Открытая российская интернет-олимпиада по окружающему миру;"Биология; География; Экология";2–4 классы;2.0;4.0;Дистанционная;Личная;8.6;Информация ожидается;Ожидается информация от организаторов;"Осенняя олимпиада: 16—19 сен
Зимняя олимпиада: 16—19 дек
Весенняя олимпиада: 16—19 мар";Опубликован;"Осенняя олимпиада
16—19 сен
Зимняя олимпиада
16—19 дек
Весенняя олимпиада
16—19 мар";Обновлено 18 июня;https://olimpiada.ru/activity/5525;—;;Точное соответствие проекту РСОШ 2026/27 не найдено;https://rsr-olymp.ru/news/123;24.09.2026;СПбАППО;"metaschool.ru/...; krug@metaschool.ru";;;Личная | Участник самостоятельно выполняет задания | Дистанционная | Можно участвовать не выходя из дома, достаточно иметь компьютер с доступом в интернет;Объединение: Открытые российские интернет-олимпиады для школьников;https://olimpiada.ru/activity/5525
5152;Межрегиональная научная конференция старшеклассников «Школьные Харитоновские чтения»;"Биология; Информатика; История; Литература; Математика; Обществознание; Русский язык; Физика; Химия";9–11 классы;9.0;11.0;Очная;Личная;7.8;Текущий статус не указан;Для участия в конференции необходимо пройти отборочный этап. Он проводится заочно: школьники выполняют задания по выбранному предмету и представляют жюри тезисы своей научно-исследовательской работы. Победителей и призеров отборочного этапа приглашают выступить с докладом на очередной конференции.;XXVII конференция: 11—14 фев;Опубликован;"XXVII конференция
11—14 фев";Обновлено 14 сентября;https://olimpiada.ru/activity/5152;—;;Точное соответствие проекту РСОШ 2026/27 не найдено;https://rsr-olymp.ru/news/123;24.09.2026;"Российский Федеральный Ядерный центр ВНИИЭФ экспериментальной физики (ВНИИЭФ); г. Саров; →";"vniief.ru/...; kh.read@expd.vniief.ru";;«Школьные Харитоновские чтения» проводятся в рамках межрегиональной олимпиады «Будущие исследователи – будущее науки» для старшеклассников, которые занимаются научными исследованиями. .. Для участия в конференции необходимо пройти отборочный этап. Он проводится заочно: школьники выполняют задания по выбранному предмету и представляют жюри тезисы своей научно-исследовательской работы. Победителей и призеров отборочного этапа приглашают выступить с докладом на очередной конференции.;Личная | Участник самостоятельно выполняет задания | Очная | Для участия нужно прийти в заранее известное место проведения;Каталог /activities;https://olimpiada.ru/activity/5152
5373;Летняя многопрофильная школа;"Биология; Информатика; История; Литература; Математика; Физика; Химия";8–10 классы;8.0;10.0;;;7.7;Расписание не опубликовано;Расписание следующей школы ожидается в марте 2027 года;Публикация расписания: ожидается в марте 2027 года;Частично заполнен по текущему статусу;Расписание олимпиады в этом году пока не известно;;https://olimpiada.ru/activity/5373;—;;Точное соответствие проекту РСОШ 2026/27 не найдено;https://rsr-olymp.ru/news/123;24.09.2026;Национальный центр непрерывного естественно-научного образования;"lmsh.mccme.ru; lmsh.mccme.ru@gmail.com";;Летняя многопрофильная школа — это сочетание насыщенной учебной программы и активного отдыха в формате загородного лагеря. Школьники могут выбрать наиболее интересное им направление: математика, физика, химия, биология, информатика и технические и гуманитарные науки. .. Смена состоит из трех учебных недель — по пять учебных занятий и зачетный день, а по воскресеньям школьники пробуют себя в роли преподавателей. Ежедневно проводятся три пары: первые две посвящены профильным предметам, а третья носит творческий характер. Каждый школьник еженедельно выбирает самостоятельно три курса для изучения. В рамках школы ученики посещают практические занятия с элементами научной работы, а также курсы, помогающие лучше и глубже усвоить разделы школьной программы.;;Каталог /activities;https://olimpiada.ru/activity/5373
5757;Олимпиада школьников по технопредпринимательству;"Биология; Информатика; Математика; Робототехника; Технология; Физика; Химия; Экология";7–11 классы;7.0;11.0;Очно-заочная;Командная;7.3;Расписание не опубликовано;Расписание следующей олимпиады ожидается в декабре 2026 года;Публикация расписания: ожидается в декабре 2026 года;Частично заполнен по текущему статусу;Расписание олимпиады в этом году пока не известно;;https://olimpiada.ru/activity/5757;—;;Точное соответствие проекту РСОШ 2026/27 не найдено;https://rsr-olymp.ru/news/123;24.09.2026;"Санкт-Петербургский государственный университет; →; Кванториум Санкт-Петербурга";"techno-olimpiada.spbu.ru; olympiada@spbu.ru";"Положение и регламент; →";Олимпиада проводится среди команд учащихся, желающих развиваться в области технического и технологического творчества. Состязание включает в себя два этапа: отборочный и заключительный. .. Для исследования и выполнения заданий школьники могут выбрать из четырех направлений: Биотехнологии и химические науки. Искусственный интеллект и информационные технологии. Инженерия и робототехника. Промышленный дизайн и проектирование объектов. На отборочном этапе участникам необходимо собрать команду из 3-4 человек, пройти регистрацию, рассмотреть предложенный кейс (проблемная ситуация из практики компании-кейсодателя) и в формате презентации описать решение, а также представить презентацию команды. Заключительный этап проводится в очном формате в формате весенней школы в Санкт-Петербурге. Участвовать в нем могут победители и призеры отборочного этапа. В финале ребятам предстоит решить кейс повышенной сложности. Решения защищаются перед экспертным жюри.;Командная | Участники выполняют задания вместе и борются за общий результат | Очно-заочная | Нужно пройти дистанционный отбор, чтобы участвовать в очном финале;Каталог /activities;https://olimpiada.ru/activity/5757
6918;Инженерная олимпиада «Кентавр»;"Биология; Информатика; Математика; Физика; Химия";8–10 классы;8.0;10.0;Очно-заочная;Личная;6.4;Расписание не опубликовано;Расписание следующей олимпиады ожидается в октябре 2026 года;Публикация расписания: ожидается в октябре 2026 года;Частично заполнен по текущему статусу;Расписание олимпиады в этом году пока не известно;;https://olimpiada.ru/activity/6918;—;;Точное соответствие проекту РСОШ 2026/27 не найдено;https://rsr-olymp.ru/news/123;24.09.2026;"Физтех-лицей им. П. Л. Капицы; →";go2phystech.ru/...;"Положение; →";Соревнование проходит для всех желающих учеников 8-10 классов по биологии, информатике, математике, физике и химии. Задания олимпиады имеют прикладной характер. .. Состязание включает три этапа. Первые два проходят онлайн, заключительный проводится в очном формате. Для участия необходимо зарегистрироваться. Первый отборочный этап включает две попытки. На выполнение заданий по одному предмету участнику дается 25 минут. Приступать к решению можно в любой последовательности дисциплин в любое время в установленные сроки.;Личная | Участник самостоятельно выполняет задания | Очно-заочная | Нужно пройти дистанционный отбор, чтобы участвовать в очном финале;Каталог /activities;https://olimpiada.ru/activity/6918
5663;Многопрофильная инженерная олимпиада «Звезда» по технике и технологии;"Биология; Информатика; Математика; Физика; Химия";7–11 классы;7.0;11.0;Очно-заочная;Личная;7.8;Этап указан;Очный отборочный этап;"Интернет-тур отборочного этапа: 20 окт—22 дек
Очный отборочный этап: 5 ноя—22 дек";Опубликован;"Интернет-тур отборочного этапа
20 окт—22 дек
Очный отборочный этап
5 ноя—22 дек";Обновлено 17 сентября;https://olimpiada.ru/activity/5663;I;техника и технологии;"Проект РСОШ 2026/27; не утвержден на 24.09.2026";https://www.garant.ru/products/ipo/prime/doc/56963051/;24.09.2026;"Южно-Уральский государственный университет; →; Союз машиностроителей России; Южно-Российский политехнический университет (НПИ) имени М. И. Платова";"zv.susu.ru/...; zv@susu.ru";"Положение и регламент; →";;Личная | Участник самостоятельно выполняет задания | Очно-заочная | Нужно пройти дистанционный отбор, чтобы участвовать в очном финале;Объединение: Многопрофильная инженерная олимпиада «Звезда»;https://olimpiada.ru/activity/5663
170;Олимпиада «Шаг в будущее» по инженерному делу;"Биология; Информатика; Математика; Физика; Химия";8–11 классы;8.0;11.0;Очно-заочная;Личная;8.3;Регистрация открыта;I волна отбора по физике и информатике состоится с 23 по 25 октября. Идет регистрация;"I волна отборочного этапа по физике и информатике: 23—25 окт
I волна отборочного этапа по химии: 8 ноя
Отборочный этап по математике: 16—22 ноя
II волна отборочного этапа по химии: 29 ноя
II волна отборочного этапа по физике и информатике: 5—7 дек";Опубликован;"I волна отборочного этапа по физике и информатике
23—25 окт
I волна отборочного этапа по химии
8 ноя
Отборочный этап по математике
16—22 ноя
II волна отборочного этапа по химии
29 ноя
II волна отборочного этапа по физике и информатике
5—7 дек";Обновлено 16 сентября;https://olimpiada.ru/activity/170;II;инженерные науки;"Проект РСОШ 2026/27; не утвержден на 24.09.2026";https://www.garant.ru/products/ipo/prime/doc/56963051/;24.09.2026;"МГТУ имени Н. Э. Баумана; →";"olymp.bmstu.ru/...; olymp@bmstu.ru";"Положение и регламент; →";"Соревнование включает в себя академическое соревнование по математике, физике, программированию, химии или биологии, в зависимости от выбранной секции, и защиту научно-исследовательской работы. .. Отборочный этап проводится в два тура: академическое соревнование в заочной форме; предзащита научной работы в МГТУ им. Н. Э. Баумана и на региональных площадках. Заключительный этап также проводится в два тура: академическое соревнование в МГТУ им. Н. Э. Баумана и на региональных площадках; научное соревнование. Требования к оформлению работ";Личная | Участник самостоятельно выполняет задания | Очно-заочная | Нужно пройти дистанционный отбор, чтобы участвовать в очном финале;Объединение: Олимпиада «Шаг в будущее»;https://olimpiada.ru/activity/170
255;Олимпиадные школы МФТИ;"Биология; Информатика; Математика; Физика; Химия";5–11 классы;5.0;11.0;;;9.0;Информация ожидается;Ожидается информация от организаторов;Четвертая летняя смена: 15—27 авг;Опубликован;"Четвертая летняя смена
15—27 авг";Обновлено 3 марта;https://olimpiada.ru/activity/255;—;;Точное соответствие проекту РСОШ 2026/27 не найдено;https://rsr-olymp.ru/news/123;24.09.2026;"Центр развития ИТ-Образования МФТИ; →";"it-edu.com/...; it-education@phystech.edu";;Московский физико-технический институт организует Олимпиадные школы для учеников 5-11 классов по следующим направлениям и их сочетаниям: биология, математика, физика, информатика, химия. .. Для участия необходимо пройти тестирование по выбранному предмету. Ребят ждут учебные занятия, научно-популярные лекции и творческие конкурсы.;;Каталог /activities;https://olimpiada.ru/activity/255
4310;Форум научной молодежи «Шаг в будущее»;"Биология; Информатика; Математика; Физика; Химия";2–11 классы;2.0;11.0;Очно-заочная;Личная;7.9;Расписание не опубликовано;Расписание следующего мероприятия ожидается в ноябре 2026 года;Публикация расписания: ожидается в ноябре 2026 года;Частично заполнен по текущему статусу;Расписание олимпиады в этом году пока не известно;;https://olimpiada.ru/activity/4310;—;;Этот профиль не найден в проекте РСОШ 2026/27;https://rsr-olymp.ru/news/123;24.09.2026;Российское молодежное политехническое общество;"шагвбудущее.рф; apfn@step-into-the-future.ru";"Положение и регламент; →";Форум является смотром научных и инновационных достижений молодых исследователей, на котором демонстрируются научные разработки школьников и студентов. .. Для участия нужно подготовить проект и оформить научную статью, найти представительство программы в своем регионе и узнать условия участия в региональном отборе. Полные правила размещены на сайте организаторов .;Личная | Участник самостоятельно выполняет задания | Очно-заочная | Нужно пройти дистанционный отбор, чтобы участвовать в очном финале;Объединение: Олимпиада «Шаг в будущее»;https://olimpiada.ru/activity/4310
5854;Всероссийская олимпиада по агрогенетике «Иннагрика»;"Биология; Информатика; Математика; Химия";9–11 классы;9.0;11.0;Очно-заочная;Лично-командная;7.1;Регистрация открыта;Регистрация открыта до 15 октября;"Регистрация: До 15 окт
Отборочный этап: 16—18 окт
Полуфинал: 16—21 ноя
Финал: 14—20 дек";Опубликован;"Регистрация
До 15 окт
Отборочный этап
16—18 окт
Полуфинал
16—21 ноя
Финал
14—20 дек";Обновлено 2 сентября;https://olimpiada.ru/activity/5854;II;аграрная генетика;"Проект РСОШ 2026/27; не утвержден на 24.09.2026";https://www.garant.ru/products/ipo/prime/doc/56963051/;24.09.2026;;"innagrika.ru/...; info@innagrika.ru";"Регламент; →";Иннагрика – первая всероссийская олимпиада по агрогенетике для школьников старших классов. Состязание проходит в три этапа. .. Отборочный этап представляет собой индивидуальное тестирование в онлайн-формате. Школьники, успешно прошедшие состязание, приглашаются на полуфинал – командный этап, предполагающий решение кейсовых заданий по тематике аграрной генетики в очном формате. Финал олимпиады включает индивидуальные задания в формате тестирования и выполнение кейсов. Задания конкурса учитывают реальные научно-производственные задачи ведущих аграрных компаний России и разрабатываются профильными экспертами. Команды-победители определяются экспертным жюри по итогам защиты решенных кейсов.;Лично-командная | Можно участвовать самостоятельно или собрать команду | Очно-заочная | Нужно пройти дистанционный отбор, чтобы участвовать в очном финале;Каталог /activities;https://olimpiada.ru/activity/5854
5753;Московская олимпиада по генетике;"Биология; Математика";9–11 классы;9.0;11.0;Очно-заочная;Личная;8.4;Расписание не опубликовано;Ожидается расписание состязания;Публикация расписания: ожидается расписание состязания;Частично заполнен по текущему статусу;Расписание олимпиады в этом году пока не известно;;https://olimpiada.ru/activity/5753;II;генетика;"Проект РСОШ 2026/27; не утвержден на 24.09.2026";https://www.garant.ru/products/ipo/prime/doc/56963051/;24.09.2026;"Департамент образования и науки города Москвы; →";"mosgen.olimpiada.ru; mosgen@olimpiada.ru";"Регламент; →";Олимпиада по генетике проводится с 2020 года. К участию приглашаются школьники 9-11 классов. .. Отборочный этап проходит в дистанционной форме. Задания можно выполнять в любом месте, достаточно иметь компьютер и доступ к интернету. Победители и призеры этого этапа, а также финала прошлого сезона принимают участие в теоретическом туре заключительного этапа. Он проходит уже в очном формате. По его результатам лучших участников приглашают на практический тур, который также проводится очно. Сложность заданий зависит от класса. Олимпиада содержит задачи на разные области генетики, включая молекулярную генетику, вирусологию и генную инженерию.;Личная | Участник самостоятельно выполняет задания | Очно-заочная | Нужно пройти дистанционный отбор, чтобы участвовать в очном финале;Объединение: Московская олимпиада школьников;https://olimpiada.ru/activity/5753
5858;Арктическая олимпиада «Полярный круг»;"Биология; Математика; Физика; Химия";4–11 классы;4.0;11.0;Очно-заочная;Личная;7.6;Расписание не опубликовано;Расписание следующей олимпиады ожидается в декабре 2026 года;Публикация расписания: ожидается в декабре 2026 года;Частично заполнен по текущему статусу;Расписание олимпиады в этом году пока не известно;;https://olimpiada.ru/activity/5858;—;;Точное соответствие проекту РСОШ 2026/27 не найдено;https://rsr-olymp.ru/news/123;24.09.2026;"Департамент образования Ямало-Ненецкого автономного округа; Региональный институт развития образования Ямало-Ненецкого АО; Центр педагогического мастерства; Ассоциация победителей олимпиад";"arctolymp.ru; info@arctolymp.ru";"Положение; →";Арктическая олимпиада «Полярный круг» проводится для учеников 4-11 классов по четырем предметам: математика, физика, биология и химия. .. Тестовые задания отборочного этапа можно выполнять дистанционно. Финалистов ждут не только теоретические, но и практические задачи. Школьники, успешно прошедшие отбор, приглашаются в финал. Он проходит в очном формате.;Личная | Участник самостоятельно выполняет задания | Очно-заочная | Нужно пройти дистанционный отбор, чтобы участвовать в очном финале;Каталог /activities;https://olimpiada.ru/activity/5858
292;Кировская летняя многопредметная школа;"Биология; Математика; Физика; Химия";6–10 классы;6.0;10.0;;;7.7;Регистрация откроется позже;Регистрация на следующую смену начнется в апреле 2027 года;Регистрация: в апреле 2027 года;Частично заполнен по текущему статусу;Расписание олимпиады в этом году пока не известно;;https://olimpiada.ru/activity/292;—;;Точное соответствие проекту РСОШ 2026/27 не найдено;https://rsr-olymp.ru/news/123;24.09.2026;"Центр дополнительного образования одаренных школьников; →";"cdoosh.ru/...; info@cdoosh.ru";;Кировская летняя многопрофильная школа — это загородный лагерь, в котором школьники сочетают активный отдых с не менее активной формой обучения. Школа объединяет четыре направления учебной программы: математика, физика, биология и химия. Каждый ученик сам выбирает интересный ему предмет. .. На математический поток принимаются школьники, окончившие 6-10 классы, биологический — 7-10 классы, на физический и химический — 8-10 классы. Кроме регулярных занятий, ребята участвуют в соревнованиях по предметам, конкурсах, викторинах, кружках и факультативах. ЛМШ проводится ежегодно с 1985 года.;;Каталог /activities;https://olimpiada.ru/activity/292
5653;Всероссийская естественнонаучная олимпиада «Российская школа фармацевтов»;"Биология; Математика; Химия";10 класс;10.0;10.0;Очная;Личная;9.0;Расписание не опубликовано;Ожидается расписание соревнования;Публикация расписания: ожидается расписание соревнования;Частично заполнен по текущему статусу;Расписание олимпиады в этом году пока не известно;;https://olimpiada.ru/activity/5653;—;;Точное соответствие проекту РСОШ 2026/27 не найдено;https://rsr-olymp.ru/news/123;24.09.2026;"Санкт-Петербургский государственный химико-фармацевтический университет; →; Медико-Биологический Научно-Производственный Комплекс «Цитомед»";"pharm-school.ru; info@pharm-school.ru";;Ежегодно во Всероссийской естественно-научной олимпиаде «Российская школа фармацевтов» (ранее Межрегиональный творческий конкурс для старшеклассников «Российская школа фармацевтов») участвуют школьники из более чем 64 регионов России. .. Отборочный тур состоит из двух частей: письменное тестирование по предмету «Химия» и игровая викторина «Кто хочет стать фармацевтом?». В каждом учебном заведении выходят в финал до пяти человек. Заключительный этап проводится на площадке Санкт-Петербургского государственного химико-фармацевтического университета в очной форме.;Личная | Участник самостоятельно выполняет задания | Очная | Для участия нужно прийти в заранее известное место проведения;Каталог /activities;https://olimpiada.ru/activity/5653
5085;Летние школы в Адыгее;"Биология; Математика; Химия";7–11 классы;7.0;11.0;;;6.5;Регистрация откроется позже;Регистрация на следующую смену начнется в апреле 2027 года;Регистрация: в апреле 2027 года;Частично заполнен по текущему статусу;Расписание олимпиады в этом году пока не известно;;https://olimpiada.ru/activity/5085;—;;Точное соответствие проекту РСОШ 2026/27 не найдено;https://rsr-olymp.ru/news/123;24.09.2026;"Республиканская естественно-математическая школа при Адыгейском государственном университете; →";"smc.adygmath.ru/...; sms@adygmath.ru; sbs@adygmath.ru";;Летние школы в Адыгее проводятся по трем направлениям – математика, химия и биология – для учеников 7-11 классов. .. В математической школе участников ждут ежедневные занятия, игры и соревнования. Акцент делается на обучение не самим фактам, а методам их получения и применения. С ребятами работают известные педагоги-математики, члены жюри Всероссийской олимпиады школьников по математике, авторы многих олимпиадных задач. На летней биологической школе, помимо традиционных лекций и семинаров, участников ждут практические занятия по ботанике, зоологии, физиологии человека, биохимии и молекулярной биологии. В программу школ также включена разнообразная культурно-досуговая и спортивно-оздоровительная деятельность: интеллектуальные игры, творческие конкурсы, встречи с интересными людьми, спортивные состязания и экскурсии.;;Каталог /activities;https://olimpiada.ru/activity/5085
328;Олимпиада школьников «Ломоносов» по психологии;"Биология; Психология";5–11 классы;5.0;11.0;Очно-заочная;Личная;8.6;Расписание не опубликовано;Расписание следующей олимпиады ожидается в октябре 2026 года;Публикация расписания: ожидается в октябре 2026 года;Частично заполнен по текущему статусу;Расписание олимпиады в этом году пока не известно;;https://olimpiada.ru/activity/328;I;психология;"Проект РСОШ 2026/27; не утвержден на 24.09.2026";https://www.garant.ru/products/ipo/prime/doc/56963051/;24.09.2026;"Московский государственный университет имени М. В. Ломоносова; →; Факультет психологии МГУ";"olymp.msu.ru; psy.priem@gmail.com";"Положение; →; Регламент; Положение об апелляциях";Состязание по психологии проводится МГУ имени М. В. Ломоносова для учеников 5-11 классов. Соревнование проходит в два этапа: отборочный и заключительный. .. Задания позволяют проверить уровень знаний по ряду предметов, составляющих область психологии, и оценивают возможность самостоятельности, глубины и креативности мышления участников.;Личная | Участник самостоятельно выполняет задания | Очно-заочная | Нужно пройти дистанционный отбор, чтобы участвовать в очном финале;Объединение: Олимпиада школьников «Ломоносов»;https://olimpiada.ru/activity/328
5778;Всероссийская олимпиада имени первого ректора УрГАУ О. А. Ивановой;"Биология; Физика; Химия";8–11 классы;8.0;11.0;Очно-заочная;Личная;7.2;Расписание не опубликовано;Расписание олимпиады в этом году пока не известно;Не опубликовано;Не опубликован;Расписание олимпиады в этом году пока не известно;;https://olimpiada.ru/activity/5778;—;;Точное соответствие проекту РСОШ 2026/27 не найдено;https://rsr-olymp.ru/news/123;24.09.2026;"Уральский государственный аграрный университет; →";"urgau.ru/...; cpr.urgau@yandex.ru";"Положение; →";Олимпиада проходит для учеников 8-11 классов два раза в течение учебного года. Состязание включает два этапа. .. Отборочный этап проводится в заочном формате. Участники, успешно выполнившие задания, приглашаются на заключительный этап. Финал может проходить как очно, так и заочно.;Личная | Участник самостоятельно выполняет задания | Очно-заочная | Нужно пройти дистанционный отбор, чтобы участвовать в очном финале;Каталог /activities;https://olimpiada.ru/activity/5778
143;Международная естественно-научная олимпиада;"Биология; Физика; Химия";8–10 классы;8.0;10.0;Очная;Командная;7.4;Следующий цикл ожидается;Следующее соревнование начнется в ноябре;"Дополнительная дата: 23-я олимпиада
Дополнительная дата: 2—9 дек";Частично опубликован;"23-я олимпиада
2—9 дек";Обновлено 26 августа;https://olimpiada.ru/activity/143;—;;Точное соответствие проекту РСОШ 2026/27 не найдено;https://rsr-olymp.ru/news/123;24.09.2026;;ijsoweb.org;;Международная естественно-научная олимпиада – состязание для школьников не старше 15 лет по биологии, физике и химии. .. Соревнование проводится ежегодно с 2004 года в первую неделю декабря. Каждая страна-участник может отправить команду, состоящую из 6 участников и 3 руководителей. Соревнование включает в себя три тура: тестовый, теоретический и практический, которые проводятся в разные дни. На тестовом туре участникам нужно ответить на 30 вопросов: 10 по физике, 10 по химии, 10 по биологии. На теоретическом туре участники решают несколько задач по трем предметам. На экспериментальном туре в качестве задания предлагается провести исследование, для выполнения которого необходимы знания и физики, и химии, и биологии. Основная цель олимпиады – повысить интерес участников к естественным наукам. Организаторы олимпиады;Командная | Участники выполняют задания вместе и борются за общий результат | Очная | Для участия нужно прийти в заранее известное место проведения;Объединение: Международные олимпиады;https://olimpiada.ru/activity/143
5430;Всероссийский конкурс научных работ школьников «Юниор» по естественным наукам;"Биология; Химия";9–11 классы;9.0;11.0;Очно-заочная;Лично-командная;8.0;Итоги опубликованы;"Опубликованы итоги; следующее соревнование ожидается в декабре 2026 года";"Следующее соревнование: Опубликованы итоги; следующее соревнование ожидается в декабре 2026 года";Частично заполнен по текущему статусу;Расписание олимпиады в этом году пока не известно;;https://olimpiada.ru/activity/5430;III;естественные науки;"Проект РСОШ 2026/27; не утвержден на 24.09.2026";https://www.garant.ru/products/ipo/prime/doc/56963051/;24.09.2026;"НИЯУ МИФИ; →";"admission.mephi.ru/...; midelov@mephi.ru";;;Лично-командная | Можно участвовать самостоятельно или собрать команду | Очно-заочная | Нужно пройти дистанционный отбор, чтобы участвовать в очном финале;Каталог /activities;https://olimpiada.ru/activity/5430
280;Олимпиада «Будущее медицины»;"Биология; Химия";9–11 классы;9.0;11.0;Очно-заочная;Личная;8.4;Расписание не опубликовано;Расписание следующей олимпиады ожидается в январе 2027 года;Публикация расписания: ожидается в январе 2027 года;Частично заполнен по текущему статусу;Расписание олимпиады в этом году пока не известно;;https://olimpiada.ru/activity/280;—;;Точное соответствие проекту РСОШ 2026/27 не найдено;https://rsr-olymp.ru/news/123;24.09.2026;"Нижегородская государственная медицинская академия; →; Самарский государственный медицинский университет; Казанский государственный медицинский университет; Ижевская государственная медицинская академия; Кировский государственный медицинский университет; Башкирский государственный медицинский университет";"будущеемедицины.рф; olimp@nizhgma.ru";;;Личная | Участник самостоятельно выполняет задания | Очно-заочная | Нужно пройти дистанционный отбор, чтобы участвовать в очном финале;Каталог /activities;https://olimpiada.ru/activity/280
5745;Олимпиада школьников «Агро»;"Биология; Химия";10–11 классы;10.0;11.0;Очно-заочная;Личная;7.3;Расписание не опубликовано;Расписание следующей олимпиады ожидается в октябре 2026 года;Публикация расписания: ожидается в октябре 2026 года;Частично заполнен по текущему статусу;Расписание олимпиады в этом году пока не известно;;https://olimpiada.ru/activity/5745;—;;Точное соответствие проекту РСОШ 2026/27 не найдено;https://rsr-olymp.ru/news/123;24.09.2026;"Кубанский государственный аграрный университет имени И. Т. Трубилина; →";"kubsau.ru/...; agro-kubsau@mail.ru";"Положение; →; Регламент";Соревнование проводится Кубанским государственным аграрным университетом имени И. Т. Трубилина для учеников 10-11 классов, увлекающихся биологией и химией. .. Олимпиада проходит в два этапа: заочный отборочный и очный заключительный.;Личная | Участник самостоятельно выполняет задания | Очно-заочная | Нужно пройти дистанционный отбор, чтобы участвовать в очном финале;Каталог /activities;https://olimpiada.ru/activity/5745
5453;Северо-Восточная олимпиада по медицине;"Биология; Химия";10–11 классы;10.0;11.0;Очно-заочная;Личная;7.6;Следующий цикл ожидается;Следующее соревнование начнется в ноябре 2026 года;Следующее соревнование: Следующее соревнование начнется в ноябре 2026 года;Частично заполнен по текущему статусу;Расписание олимпиады в этом году пока не известно;;https://olimpiada.ru/activity/5453;—;;Этот профиль не найден в проекте РСОШ 2026/27;https://rsr-olymp.ru/news/123;24.09.2026;"Северо-Восточный федеральный университет имени М. К. Аммосова; →";"olympiadsvosh.s-vfu.ru/...; svosh.s-vfu@mail.ru";"Положение; →; Регламент";;Личная | Участник самостоятельно выполняет задания | Очно-заочная | Нужно пройти дистанционный отбор, чтобы участвовать в очном финале;Объединение: Северо-Восточная олимпиада;https://olimpiada.ru/activity/5453
6981;Московская олимпиада по биоэкономике;"Биология; Химия; Экология; Экономика";9–11 классы;9.0;11.0;Очно-заочная;Личная;6.9;Расписание не опубликовано;Ожидается расписание состязания;Публикация расписания: ожидается расписание состязания;Частично заполнен по текущему статусу;Расписание олимпиады в этом году пока не известно;;https://olimpiada.ru/activity/6981;—;;Этот профиль не найден в проекте РСОШ 2026/27;https://rsr-olymp.ru/news/123;24.09.2026;"Департамент образования и науки города Москвы; →";mos-bioecon.olimpiada.ru;"Положение; →";Московская олимпиада школьников по биоэкономике проводится с 2026 года для учеников 9-11 классов со всей России. Участников ждут междисциплинарные задачи на стыке естественных и социально-гуманитарных наук. .. Биоэкономика сегодня охватывает вопросы устойчивого развития, биотехнологий, циркулярной экономики и рационального природопользования. Понимание этих процессов позволяет анализировать бизнес-модели, оценивать ресурсный потенциал и находить баланс между технологическим прогрессом и сохранением природы.;Личная | Участник самостоятельно выполняет задания | Очно-заочная | Нужно пройти дистанционный отбор, чтобы участвовать в очном финале;Объединение: Московская олимпиада школьников;https://olimpiada.ru/activity/6981
5683;Балтийская олимпиада по географии;География;10–11 классы;10.0;11.0;Очная;Личная;6.4;Информация ожидается;Ожидается информация об олимпиаде;Обновление информации: ожидается информация об олимпиаде;Частично заполнен по текущему статусу;Расписание олимпиады в этом году пока не известно;;https://olimpiada.ru/activity/5683;—;;Точное соответствие проекту РСОШ 2026/27 не найдено;https://rsr-olymp.ru/news/123;24.09.2026;;balticigeo.jgs.lv;;В состязании традиционно принимают участие команды учащихся из России, Белоруссии, Латвии, Литвы, Польши и Эстонии. Школьники выполняют теоретические, практические и картографические задания и участвуют в мультимедиа-викторине. .. Состав сборной России формируется по результатам заключительного этапа Всероссийской олимпиады школьников. Также для участников это полезная тренировка перед Международной географической олимпиадой.;Личная | Участник самостоятельно выполняет задания | Очная | Для участия нужно прийти в заранее известное место проведения;Объединение: Международные олимпиады;https://olimpiada.ru/activity/5683
82;Всероссийская олимпиада по географии;География;5–11 классы;5.0;11.0;Очная;Личная;8.3;Идёт этап;Школьный этап проходит до 1 ноября;"Школьный этап: До 1 ноя
Муниципальный этап: 2 ноя—25 дек";Опубликован;"Школьный этап
До 1 ноя
Муниципальный этап
2 ноя—25 дек";Обновлено 1 сентября;https://olimpiada.ru/activity/82;ВсОШ;География;"ВсОШ: отдельная система; уровни I–III РСОШ не применяются";https://vserosolimp.edsoo.ru/;24.09.2026;"Минпросвещения России; →; Ответственные в регионах";vserosolimp.edsoo.ru;"Порядок проведения; →";Всероссийская олимпиада школьников по географии проводится с 1992 года. Соревнование включает четыре этапа: школьный, муниципальный, региональный и заключительный. .. В первом этапе олимпиады может принять участие любой ученик 5-11 класса, независимо от его успеваемости по предмету. На все последующие приглашаются только победители и призеры соответствующих этапов прошлого года и участники этого года, набравшие необходимое количество баллов на предыдущем этапе. Школьный, муниципальный и региональный этапы олимпиады по географии проводятся в два тура: теоретический и тестовый. Заключительный этап состоит из трёх туров: теоретического, практического (полевого) и тестового. В теоретическом туре участники решают задачи по различным темам школьного курса, в том числе из истории географической науки и географических открытий. Полевой тур проводится по маршруту на местности. Здесь требуются навыки ориентирования и способность применять на практике географические знания. Участники должны провести измерения на местности: например, с помощью подручных средств определить ширину реки и скорость ее течения, снять показания барометра-анероида, определить горные породы и минералы. Тестовый тур предполагает вопросы на географическую эрудицию.;Личная | Участник самостоятельно выполняет задания | Очная | Для участия нужно прийти в заранее известное место проведения | Правила игры | Общие положения прописаны в Порядке проведения олимпиады, который утверждает Минобрнауки России | Порядок проведения ВсОШ → | Льготы при поступлении | Победители и призеры финала олимпиады поступают без экзаменов в любой вуз по профильному направлению | Подробнее о льготах → | Локальные особенности | В Москве школьный этап проходит по единым заданиям и единому графику | Сайт этапов ВсОШ в Москве →;Объединение: Всероссийская олимпиада школьников;https://olimpiada.ru/activity/82
5028;Герценовская олимпиада школьников по географии;География;8–11 классы;8.0;11.0;Очно-заочная;Личная;7.7;Расписание не опубликовано;Расписание следующей олимпиады ожидается в октябре 2026 года;Публикация расписания: ожидается в октябре 2026 года;Частично заполнен по текущему статусу;Расписание олимпиады в этом году пока не известно;;https://olimpiada.ru/activity/5028;II;география;"Проект РСОШ 2026/27; не утвержден на 24.09.2026";https://www.garant.ru/products/ipo/prime/doc/56963051/;24.09.2026;"Российский государственный педагогический; университет имени А. И. Герцена; →";"herzen.spb.ru/...; olymp@rgpu.spb.ru";"Положение; →; Регламент";;Личная | Участник самостоятельно выполняет задания | Очно-заочная | Нужно пройти дистанционный отбор, чтобы участвовать в очном финале;Объединение: Герценовские олимпиады школьников;https://olimpiada.ru/activity/5028
5785;Европейская географическая олимпиада;География;6–11 классы;6.0;11.0;Очная;Личная;6.8;Информация ожидается;Ожидается информация об олимпиаде;Обновление информации: ожидается информация об олимпиаде;Частично заполнен по текущему статусу;Расписание олимпиады в этом году пока не известно;;https://olimpiada.ru/activity/5785;—;;Точное соответствие проекту РСОШ 2026/27 не найдено;https://rsr-olymp.ru/news/123;24.09.2026;;bgo.org.rs;;"Европейская географическая олимпиада проводится с 2015 года. Состязание призвано стимулировать активный интерес молодежи к географическим и экологическим исследованиям, подчеркнуть важность географии как науки среди молодежи. .. Олимпиада включает письменный тест, мультимедийный тест и полевой тур. Задания даются только на английском языке. Итоги подводятся индивидуально для учеников возрасте от 12 до 19 лет. Состязание проходит в двух возрастных категориях: младшая – школьники от 12 до 15 лет; старшая – ученики от 16 до 19 лет.";Личная | Участник самостоятельно выполняет задания | Очная | Для участия нужно прийти в заранее известное место проведения;Объединение: Международные олимпиады;https://olimpiada.ru/activity/5785
141;Международная географическая олимпиада;География;11 класс;11.0;11.0;Очная;Личная;6.6;Информация ожидается;Ожидается информация об олимпиаде;Обновление информации: ожидается информация об олимпиаде;Частично заполнен по текущему статусу;Расписание олимпиады в этом году пока не известно;;https://olimpiada.ru/activity/141;—;;Точное соответствие проекту РСОШ 2026/27 не найдено;https://rsr-olymp.ru/news/123;24.09.2026;;geoolympiad.org;;Олимпиада проводится для школьников из разных стран мира, успешно выступивших на национальных соревнованиях по географии. В сборной должно быть не более четырех участников. .. Ребята проявляют себя в трех турах: письменный тест, полевое наблюдение и мультимедийный тест. Отличительная особенность олимпиады – все задания даются участникам только на английском языке. Организаторы олимпиады;Личная | Участник самостоятельно выполняет задания | Очная | Для участия нужно прийти в заранее известное место проведения;Объединение: Международные олимпиады;https://olimpiada.ru/activity/141
6989;Международная юниорская географическая олимпиада;География;6–9 классы;6.0;9.0;Очная;Личная;5.3;Расписание не опубликовано;Ожидается расписание состязания;II олимпиада: 24—30 авг;Опубликован;"II олимпиада
24—30 авг";Обновлено 4 августа;https://olimpiada.ru/activity/6989;—;;Точное соответствие проекту РСОШ 2026/27 не найдено;https://rsr-olymp.ru/news/123;24.09.2026;;ijuniorgeo.edu.rs;;Соревнование проходит среди учеников в возрасте от 12 до 15 лет и включает три тура: теоретический, практический и полевой. .. Страну может представлять сборная в составе не более 8 учеников. Все задания олимпиады даются на английском языке.;Личная | Участник самостоятельно выполняет задания | Очная | Для участия нужно прийти в заранее известное место проведения;Объединение: Международные олимпиады;https://olimpiada.ru/activity/6989
198;Межрегиональная олимпиада школьников по географии «Земля – наш общий дом»;География;7–11 классы;7.0;11.0;Очно-заочная;Личная;7.2;Итоги опубликованы;"Опубликованы итоги; следующее соревнование ожидается в ноябре 2026 года";"Следующее соревнование: Опубликованы итоги; следующее соревнование ожидается в ноябре 2026 года";Частично заполнен по текущему статусу;Расписание олимпиады в этом году пока не известно;;https://olimpiada.ru/activity/198;—;;Точное соответствие проекту РСОШ 2026/27 не найдено;https://rsr-olymp.ru/news/123;24.09.2026;"Российский государственный гидрометеорологический университет (г. Санкт-Петербург); →";"dovus.rshu.ru/...; dovus@rshu.ru";;;Личная | Участник самостоятельно выполняет задания | Очно-заочная | Нужно пройти дистанционный отбор, чтобы участвовать в очном финале;Каталог /activities;https://olimpiada.ru/activity/198
104;Московская олимпиада по географии;География;6–11 классы;6.0;11.0;Очно-заочная;Личная;8.7;Расписание не опубликовано;Ожидается расписание состязания;Публикация расписания: ожидается расписание состязания;Частично заполнен по текущему статусу;Расписание олимпиады в этом году пока не известно;;https://olimpiada.ru/activity/104;I;география;"Проект РСОШ 2026/27; не утвержден на 24.09.2026";https://www.garant.ru/products/ipo/prime/doc/56963051/;24.09.2026;"Департамент образования и науки города Москвы; →; Географический факультет МГУ имени М. В. Ломоносова";"mosgeo.olimpiada.ru; mosgeo@olimpiada.ru";"Положение; →";Проводится ежегодно с 1953 года для школьников 6-11 классов. Отборочный этап проходит дистанционно, очный – в МГУ имени М. В. Ломоносова и на других площадках. .. В отборочном этапе принимает участие около 5 тысяч школьников, представляющих десятки российских регионов, а на очном ежегодно между собой соревнуется около 1 тысячи юных географов. Задания Московской олимпиады по географии основаны на базовой школьной программе и для их решения не нужны углубленные знания предмета. При этом задания в основном аналитического характера, тесты исключаются. Это позволяет отследить ход рассуждений участника. При решении задач очного этапа разрешено использовать школьные атласы.;Личная | Участник самостоятельно выполняет задания | Очно-заочная | Нужно пройти дистанционный отбор, чтобы участвовать в очном финале;Объединение: Московская олимпиада школьников;https://olimpiada.ru/activity/104
58;Московская открытая олимпиада по геологии;География;1–11 классы;1.0;11.0;Очная;Личная;7.8;Следующий цикл ожидается;Следующее соревнование начнется в ноябре 2026 года;Следующее соревнование: Следующее соревнование начнется в ноябре 2026 года;Частично заполнен по текущему статусу;Расписание олимпиады в этом году пока не известно;;https://olimpiada.ru/activity/58;I;геология;"Проект РСОШ 2026/27; не утвержден на 24.09.2026";https://www.garant.ru/products/ipo/prime/doc/56963051/;24.09.2026;"Геологический факультет МГУ им. М. В. Ломоносова; →; Московский детско-юношеский центр экологии; краеведения и туризма Департамента образования города Москвы";"olympiad.web.ru; olympiad@geol.msu.ru";;;Личная | Участник самостоятельно выполняет задания | Очная | Для участия нужно прийти в заранее известное место проведения;Каталог /activities;https://olimpiada.ru/activity/58
5444;Олимпиада «Покори Воробьевы горы!» по географии;География;5–11 классы;5.0;11.0;Очно-заочная;Личная;8.2;Следующий цикл ожидается;Следующее соревнование начнется в декабре;Следующее соревнование: Следующее соревнование начнется в декабре;Частично заполнен по текущему статусу;Расписание олимпиады в этом году пока не известно;;https://olimpiada.ru/activity/5444;II;география;"Проект РСОШ 2026/27; не утвержден на 24.09.2026";https://www.garant.ru/products/ipo/prime/doc/56963051/;24.09.2026;"Газета Московский комсомолец; →; Московский государственный университет имени М. В. Ломоносова";"pvg.mk.ru; konkurs@mk.ru";"Положение; →; Регламент";МГУ имени М. В. Ломоносова и издательский дом «Московский Комсомолец» ежегодно проводят олимпиаду «Покори Воробьевы горы!» по географии. К участию приглашаются школьники 5-11 классов. .. Олимпиада проходит в два этапа. Задания отборочного этапа размещаются в личных кабинетах участников, выполнять их можно дистанционно. Заключительный этап проводится очно в МГУ имени М. В. Ломоносова и на региональных площадках. На него приглашаются победители и призеры первого этапа.;Личная | Участник самостоятельно выполняет задания | Очно-заочная | Нужно пройти дистанционный отбор, чтобы участвовать в очном финале;Объединение: Олимпиада «Покори Воробьевы горы!»;https://olimpiada.ru/activity/5444
211;Олимпиада «Юные таланты» по географии;География;5–11 классы;5.0;11.0;Очно-заочная;Личная;8.3;Итоги опубликованы;"Опубликованы итоги; следующее соревнование ожидается в январе 2027 года";"Следующее соревнование: Опубликованы итоги; следующее соревнование ожидается в январе 2027 года";Частично заполнен по текущему статусу;Расписание олимпиады в этом году пока не известно;;https://olimpiada.ru/activity/211;I;география;"Проект РСОШ 2026/27; не утвержден на 24.09.2026";https://www.garant.ru/products/ipo/prime/doc/56963051/;24.09.2026;"Пермский государственный национальный исследовательский университет; →";"olymp.psu.ru/...; geoolymp.psu@mail.ru";"Положение; →";;Личная | Участник самостоятельно выполняет задания | Очно-заочная | Нужно пройти дистанционный отбор, чтобы участвовать в очном финале;Объединение: Многопредметная олимпиада «Юные таланты»;https://olimpiada.ru/activity/211
5879;Олимпиада Северо-Кавказского федерального университета «45 параллель» по геологии;География;8–11 классы;8.0;11.0;Очно-заочная;Личная;5.6;Этап запланирован;Отборочный этап пройдет с 1 октября по 20 февраля;"Отборочный этап: 1 окт—20 фев
Финал: 20 мар";Опубликован;"Отборочный этап
1 окт—20 фев
Финал
20 мар";Обновлено 31 августа;https://olimpiada.ru/activity/5879;—;;Точное соответствие проекту РСОШ 2026/27 не найдено;https://rsr-olymp.ru/news/123;24.09.2026;Северо-Кавказский федеральный университет;"parallel45.olymp.ncfu.ru; olimpiadastav@mail.ru";"Положение и регламент; →";;Личная | Участник самостоятельно выполняет задания | Очно-заочная | Нужно пройти дистанционный отбор, чтобы участвовать в очном финале;Объединение: Олимпиада Северо-Кавказского федерального университета «45 параллель»;https://olimpiada.ru/activity/5879
5196;Олимпиада Северо-кавказского федерального университета «45 параллель» по географии;География;6–11 классы;6.0;11.0;Очно-заочная;Личная;7.0;Этап запланирован;Отборочный этап пройдет с 1 октября по 20 февраля;"Отборочный этап: 1 окт—20 фев
Финал: 13 мар";Опубликован;"Отборочный этап
1 окт—20 фев
Финал
13 мар";Обновлено 31 августа;https://olimpiada.ru/activity/5196;—;;Точное соответствие проекту РСОШ 2026/27 не найдено;https://rsr-olymp.ru/news/123;24.09.2026;Северо-Кавказский федеральный университет;"parallel45.olymp.ncfu.ru; olimpiadastav@mail.ru";"Положение и регламент; →";;Личная | Участник самостоятельно выполняет задания | Очно-заочная | Нужно пройти дистанционный отбор, чтобы участвовать в очном финале;Объединение: Олимпиада Северо-Кавказского федерального университета «45 параллель»;https://olimpiada.ru/activity/5196
354;Олимпиада школьников «Ломоносов» по географии;География;5–11 классы;5.0;11.0;Очно-заочная;Личная;8.3;Расписание не опубликовано;Расписание следующей олимпиады ожидается в октябре 2026 года;Публикация расписания: ожидается в октябре 2026 года;Частично заполнен по текущему статусу;Расписание олимпиады в этом году пока не известно;;https://olimpiada.ru/activity/354;I;география;"Проект РСОШ 2026/27; не утвержден на 24.09.2026";https://www.garant.ru/products/ipo/prime/doc/56963051/;24.09.2026;"Московский государственный университет имени М. В. Ломоносова; →; Географический факультет МГУ";"olymp.msu.ru; pk@geogr.msu.ru";"Положение; →; Регламент; Положение об апелляциях";МГУ имени М. В. Ломоносова проводит олимпиаду по географии более 10 лет. Участвовать могут ученики 5-11 классов. .. Состязание включает два этапа. Первый, отборочный, этап проводится заочно. Финал проходит в очном формате или дистанционно. Задания носят творческий характер, при этом часть из них представлена в виде тестовых вопросов. Для подготовки организаторы советуют использовать знания школьного курса географии, материалы прошлых олимпиад, а также содержание методических пособий, разработанных преподавателями университета.;Личная | Участник самостоятельно выполняет задания | Очно-заочная | Нужно пройти дистанционный отбор, чтобы участвовать в очном финале;Объединение: Олимпиада школьников «Ломоносов»;https://olimpiada.ru/activity/354
345;Олимпиада школьников «Ломоносов» по геологии;География;5–11 классы;5.0;11.0;Очно-заочная;Личная;7.5;Расписание не опубликовано;Расписание следующей олимпиады ожидается в октябре 2026 года;Публикация расписания: ожидается в октябре 2026 года;Частично заполнен по текущему статусу;Расписание олимпиады в этом году пока не известно;;https://olimpiada.ru/activity/345;I;геология;"Проект РСОШ 2026/27; не утвержден на 24.09.2026";https://www.garant.ru/products/ipo/prime/doc/56963051/;24.09.2026;"Московский государственный университет имени М. В. Ломоносова; →; Геологический факультет МГУ";"olymp.msu.ru; stepanov@geol.msu.ru";"Положение; →; Регламент; Положение об апелляциях";Олимпиада проводится геологическим факультетом МГУ имени М. В. Ломоносова с 2009 года и традиционно входит в Перечень олимпиад Минобрнауки России, дающих льготы при поступлении в вузы. .. Соревнование включает два обязательных этапа. Первый, отборочный, проводится заочно. Финал проходит в очном формате или дистанционно. Участвовать могут ученики 5-11 классов. Олимпиада сочетает задания сразу по нескольким предметам, объединенных общей междисциплинарной проблематикой и тесно связанных с геологическими наукам. Геология как отдельный предмет не входит в школьную программу. Однако школьный курс географии содержит все необходимые начальные сведения о строении Земли и большинстве геологических процессов, поэтому современный школьник, даже не посещающий геологический кружок, может иметь знания по общей геологии в объеме, достаточном для понимания условий олимпиады.;Личная | Участник самостоятельно выполняет задания | Очно-заочная | Нужно пройти дистанционный отбор, чтобы участвовать в очном финале;Объединение: Олимпиада школьников «Ломоносов»;https://olimpiada.ru/activity/345
6940;Открытая Международная географическая олимпиада;География;9–11 классы;9.0;11.0;;;6.0;Расписание не опубликовано;Расписание олимпиады в этом году пока не известно;Не опубликовано;Не опубликован;Расписание олимпиады в этом году пока не известно;;https://olimpiada.ru/activity/6940;—;;Точное соответствие проекту РСОШ 2026/27 не найдено;https://rsr-olymp.ru/news/123;24.09.2026;"Министерство просвещения Российской Федерации; →; Географический факультет МГУ имени М.В. Ломоносова; Университетская гимназия МГУ имени М.В. Ломоносова; Гимназия им. Е.М. Примакова";"opengeo.msu.ru/...; opengeo@geogr.msu.ru";;Проводится в онлайн-формате для сборных команд из разных стран. Задания рассчитаны на учеников в возрасте 15-19 лет. Олимпиада направлена на развитие географического мышления, аналитических и практических навыков, а также поддержку международных связей среди юных географов. .. Соревновательная программа включает три тура: теоретический (географические задачи), практический (картографические и аналитические задания) и мультимедиа-тест. В команду от каждой страны могут входить не более 6 участников. Рабочий язык – английский.;;Объединение: Международные олимпиады;https://olimpiada.ru/activity/6940
469;Открытая региональная межвузовская олимпиада школьников по географии;География;8–11 классы;8.0;11.0;Очно-заочная;Личная;7.1;Следующий цикл ожидается;Следующее соревнование начнется в октябре;Следующее соревнование: Следующее соревнование начнется в октябре;Частично заполнен по текущему статусу;Расписание олимпиады в этом году пока не известно;;https://olimpiada.ru/activity/469;III;география;"Проект РСОШ 2026/27; не утвержден на 24.09.2026";https://www.garant.ru/products/ipo/prime/doc/56963051/;24.09.2026;"Национальный исследовательский Томский государственный университет; →; Национальный исследовательский Томский политехнический университет; Томский государственный университет систем управления и радиоэлектроники; Сибирский государственный медицинской университет; Томский государственный архитектурно-строительный университет; Томский государственный педагогический университет";"abiturient.tsu.ru/...; ormo@mail.tsu.ru";"Положение; →; Регламент";;Личная | Участник самостоятельно выполняет задания | Очно-заочная | Нужно пройти дистанционный отбор, чтобы участвовать в очном финале;Объединение: Открытая региональная межвузовская олимпиада школьников;https://olimpiada.ru/activity/469
5679;Северо-Восточная олимпиада по географии;География;10–11 классы;10.0;11.0;Очно-заочная;Личная;6.6;Следующий цикл ожидается;Следующее соревнование начнется в ноябре 2026 года;Следующее соревнование: Следующее соревнование начнется в ноябре 2026 года;Частично заполнен по текущему статусу;Расписание олимпиады в этом году пока не известно;;https://olimpiada.ru/activity/5679;—;;Этот профиль не найден в проекте РСОШ 2026/27;https://rsr-olymp.ru/news/123;24.09.2026;"Северо-Восточный федеральный университет имени М. К. Аммосова; →";"olympiadsvosh.s-vfu.ru/...; svosh.s-vfu@mail.ru";"Положение; →; Регламент";;Личная | Участник самостоятельно выполняет задания | Очно-заочная | Нужно пройти дистанционный отбор, чтобы участвовать в очном финале;Объединение: Северо-Восточная олимпиада;https://olimpiada.ru/activity/5679
6932;Всероссийская олимпиада по сервису и туризму;"География; История";7–11 классы;7.0;11.0;;;6.0;Расписание не опубликовано;Расписание олимпиады в этом году пока не известно;Не опубликовано;Не опубликован;Расписание олимпиады в этом году пока не известно;;https://olimpiada.ru/activity/6932;—;;Точное соответствие проекту РСОШ 2026/27 не найдено;https://rsr-olymp.ru/news/123;24.09.2026;Автономная некоммерческая организация развития и популяризации «Хорошее ДЕЛО»;"edutourlab.ru/...; rafik.mudarisov@bk.ru";"Положение и регламент; →";В олимпиаде участвуют учащиеся 7-11 классов, студенты СПО и вузов вне зависимости от направления и профиля обучения. Соревнование включает два этапа: отборочный и заключительный. .. Олимпиада проводится по номинациям: «Сервис», «Туризм», «Гостиничное дело», «Менеджмент в туристской и гостиничной индустрии», «Рекреация и спортивно-оздоровительный туризм», «Торговое дело», «Индустрия питания», «Событийная индустрия», «География», «Обществознание», «История», «Музеи и культурное наследие», «Предоставление экскурсионных услуг».;;Каталог /activities;https://olimpiada.ru/activity/6932
6914;Социально-гуманитарная олимпиада «Терра инкогнита»;"География; История; Обществознание; Право; Экономика";6–8 классы;6.0;8.0;Дистанционная;Личная;6.3;Расписание не опубликовано;Расписание следующей олимпиады ожидается в сентябре 2026 года;Публикация расписания: ожидается в сентябре 2026 года;Частично заполнен по текущему статусу;Расписание олимпиады в этом году пока не известно;;https://olimpiada.ru/activity/6914;—;;Точное соответствие проекту РСОШ 2026/27 не найдено;https://rsr-olymp.ru/news/123;24.09.2026;"Школа «Летово»; →";"letovo.online/...; online@letovo.ru";;Соревнование проходит онлайн для всех желающих учеников 6-8 классов. Участникам предстоит попробовать себя в роли историка, юриста, философа, социолога, экономиста и географа и ответить на вопросы о разных аспектах модерного государства. .. Олимпиада включает два этапа: отборочный и заключительный. Школьники, успешно выполнившие задания отбора, приглашаются в финал.;Личная | Участник самостоятельно выполняет задания | Дистанционная | Можно участвовать не выходя из дома, достаточно иметь компьютер с доступом в интернет;Каталог /activities;https://olimpiada.ru/activity/6914
430;Олимпиада «Юные таланты» по геологии;"География; Математика; Физика";5–11 классы;5.0;11.0;Очно-заочная;Личная;7.7;Итоги опубликованы;"Опубликованы итоги; следующее соревнование ожидается в январе 2027 года";"Следующее соревнование: Опубликованы итоги; следующее соревнование ожидается в январе 2027 года";Частично заполнен по текущему статусу;Расписание олимпиады в этом году пока не известно;;https://olimpiada.ru/activity/430;III;геология;"Проект РСОШ 2026/27; не утвержден на 24.09.2026";https://www.garant.ru/products/ipo/prime/doc/56963051/;24.09.2026;"Пермский государственный национальный исследовательский университет; →";"olymp.psu.ru/...; geology.psu@mail.ru";"Положение; →";;Личная | Участник самостоятельно выполняет задания | Очно-заочная | Нужно пройти дистанционный отбор, чтобы участвовать в очном финале;Объединение: Многопредметная олимпиада «Юные таланты»;https://olimpiada.ru/activity/430
5337;Сибирская геологическая олимпиада;"География; Экология";5–11 классы;5.0;11.0;Очно-заочная;Лично-командная;7.0;Расписание не опубликовано;Расписание олимпиады в этом году пока не известно;Не опубликовано;Не опубликован;Расписание олимпиады в этом году пока не известно;;https://olimpiada.ru/activity/5337;—;;Точное соответствие проекту РСОШ 2026/27 не найдено;https://rsr-olymp.ru/news/123;24.09.2026;"Геолого-геофизический факультет Новосибирского государственного университета; →; Институт геологии и минералогии; Институт нефтегазовой геологии и геофизики СО РАН";"education.nsu.ru/...; sib.olympic@gmail.com";;Олимпиада проводится для учеников 5-11 классов в два независимых тура: заочный и очный. Школьники могут принять участие в одном или сразу обоих соревнованиях. .. Первый тур проводится в форме конкурса научно-исследовательских работ. Очный тур проходит в Новосибирске. В течение двух дней школьники отвечают на вопросы жюри, участвуют в дискуссиях и выполняют письменные работы на знание географии, геологии и смежных наук.;Лично-командная | Можно участвовать самостоятельно или собрать команду | Очно-заочная | Нужно пройти дистанционный отбор, чтобы участвовать в очном финале;Каталог /activities;https://olimpiada.ru/activity/5337
5872;Олимпиада «Миссия выполнима. Твое призвание - финансист!» по международному туризму;"География; Экономика";8–11 классы;8.0;11.0;Очно-заочная;Личная;6.3;Текущий статус не указан;Регистрация на отборочный этап открыта до 30 ноября;Регистрация на отборочный этап: До 30 ноя;Опубликован;"Регистрация на отборочный этап
До 30 ноя";Обновлено 14 сентября;https://olimpiada.ru/activity/5872;—;;Этот профиль не найден в проекте РСОШ 2026/27;https://rsr-olymp.ru/news/123;24.09.2026;"Финансовый университет при Правительстве Российской Федерации; →";"mission.fa.ru; olymp@fa.ru";;;Личная | Участник самостоятельно выполняет задания | Очно-заочная | Нужно пройти дистанционный отбор, чтобы участвовать в очном финале;Объединение: Олимпиада «Миссия выполнима. Твое призвание – финансист!»;https://olimpiada.ru/activity/5872
5298;Межрегиональная олимпиада имени В. Е. Татлина;ИЗО;8–11 классы;8.0;11.0;Очно-заочная;Личная;7.2;Этап запланирован;Отборочный этап начнется 15 октября;Отборочный этап: 15 окт—10 дек;Опубликован;"Отборочный этап
15 окт—10 дек";Обновлено 8 сентября;https://olimpiada.ru/activity/5298;I;графика / композиция / рисунок;"Проект РСОШ 2026/27; не утвержден на 24.09.2026";https://www.garant.ru/products/ipo/prime/doc/56963051/;24.09.2026;"Пензенский государственный университет архитектуры и строительства; →";"pguas.ru/...; komis@pguas.ru";;Межрегиональная олимпиада школьников имени В. Е. Татлина проводится с 2004 года для учеников 8-11 классов. .. Соревнование проходит по номинациям: рисунок, графика и композиция в два этапа. Для участия в отборочном этапе выполненную работу необходимо отправить организаторам по почте или предоставить лично. Заключительный этап проводится очно в Пензенском государственном университете архитектуры и строительства.;Личная | Участник самостоятельно выполняет задания | Очно-заочная | Нужно пройти дистанционный отбор, чтобы участвовать в очном финале;Каталог /activities;https://olimpiada.ru/activity/5298
126;Московская олимпиада по изобразительному искусству;ИЗО;5–11 классы;5.0;11.0;Очно-заочная;Личная;7.9;Расписание не опубликовано;Ожидается расписание состязания;Публикация расписания: ожидается расписание состязания;Частично заполнен по текущему статусу;Расписание олимпиады в этом году пока не известно;;https://olimpiada.ru/activity/126;I;изобразительное искусство;"Проект РСОШ 2026/27; не утвержден на 24.09.2026";https://www.garant.ru/products/ipo/prime/doc/56963051/;24.09.2026;"Департамент образования и науки города Москвы; →; Академией акварели и изящных искусств С. Андрияки; Московский педагогический государственный университет; Южный федеральный университет";"mos-izo.olimpiada.ru; mos-izo@olimpiada.ru";"Регламент; →";Московская олимпиада по изобразительному искусству проводится для школьников в трех возрастных группах: 5-6 классы, 7-8 классы и 9-11 классы. .. Для учеников 5-8 классов соревнование проходит в один, дистанционный, этап. Учеников 9-11 классов ждут два этапа: заочный отборочный и очный заключительный. Дистанционный этап состоит из теоретического и практического туров. На первом участники решают тестовые задания, на втором выполняют работу по одной из номинаций. Школьники могут выбрать натюрморт, пейзаж, портрет, композицию, декоративно-прикладное искусство (орнамент), скульптуру или другое направление в зависимости от класса и предложенных тем. По результатам отбора школьников приглашают на заключительный этап. Финал проводится в очной форме. Темы заданий по номинациям объявляются в день проведения олимпиады. Художественные материалы участникам не предоставляются, их необходимо принести с собой. Творческие работы не возвращаются, оргкомитет использует их для выставок и публикаций, а лучшие проекты направляет на конкурсы всероссийского и международного уровня.;Личная | Участник самостоятельно выполняет задания | Очно-заочная | Нужно пройти дистанционный отбор, чтобы участвовать в очном финале;Объединение: Московская олимпиада школьников;https://olimpiada.ru/activity/126
5874;Олимпиада Северо-Кавказского федерального университета «45 параллель» по дизайну;ИЗО;9–11 классы;9.0;11.0;Очно-заочная;Личная;5.6;Этап запланирован;Отборочный этап пройдет с 1 октября по 20 февраля;"Отборочный этап: 1 окт—20 фев
Финал: 21 мар";Опубликован;"Отборочный этап
1 окт—20 фев
Финал
21 мар";Обновлено 31 августа;https://olimpiada.ru/activity/5874;—;;Точное соответствие проекту РСОШ 2026/27 не найдено;https://rsr-olymp.ru/news/123;24.09.2026;Северо-Кавказский федеральный университет;"parallel45.olymp.ncfu.ru; olimpiadastav@mail.ru";"Положение и регламент; →";;Личная | Участник самостоятельно выполняет задания | Очно-заочная | Нужно пройти дистанционный отбор, чтобы участвовать в очном финале;Объединение: Олимпиада Северо-Кавказского федерального университета «45 параллель»;https://olimpiada.ru/activity/5874
204;Строгановская олимпиада по рисунку, живописи и скульптуре;ИЗО;6–11 классы;6.0;11.0;Очно-заочная;Личная;7.7;Следующий цикл ожидается;Следующее соревнование начнется в ноябре;Следующее соревнование: Следующее соревнование начнется в ноябре;Частично заполнен по текущему статусу;Расписание олимпиады в этом году пока не известно;;https://olimpiada.ru/activity/204;I;изобразительное искусство;"Проект РСОШ 2026/27; не утвержден на 24.09.2026";https://www.garant.ru/products/ipo/prime/doc/56963051/;24.09.2026;"Российский государственный художественно-промышленный университет им. С. Г. Строганова; →";"stroganov-olympiada.ru; olimp@mghpu.ru";;;Личная | Участник самостоятельно выполняет задания | Очно-заочная | Нужно пройти дистанционный отбор, чтобы участвовать в очном финале;Каталог /activities;https://olimpiada.ru/activity/204
6987;Олимпиада СПГХПА им. А.Л. Штиглица «Штиглиц – стАрт»;"ИЗО; Искусство";6–11 классы;6.0;11.0;Очно-заочная;Личная;6.0;Следующий цикл ожидается;Следующее соревнование начнется в октябре;Следующее соревнование: Следующее соревнование начнется в октябре;Частично заполнен по текущему статусу;Расписание олимпиады в этом году пока не известно;;https://olimpiada.ru/activity/6987;—;;Точное соответствие проекту РСОШ 2026/27 не найдено;https://rsr-olymp.ru/news/123;24.09.2026;"Санкт-Петербургская государственная художественно-промышленная академия имени А.Л. Штиглица; →";"ghpa.ru/...; olimpiada@ghpa.ru";;Олимпиада проводится по комплексу предметов «Русская культура: изобразительное искусство и дизайн»: история искусств, рисунок, живопись и композиция (дизайн, ДПИ) для учеников 6-11 классов. .. Соревнование проходит в два этапа: дистанционный отборочный и очный заключительный.;Личная | Участник самостоятельно выполняет задания | Очно-заочная | Нужно пройти дистанционный отбор, чтобы участвовать в очном финале;Каталог /activities;https://olimpiada.ru/activity/6987
158;Олимпиада «Высшая проба» по дизайну;"ИЗО; Искусство; Технология";9–11 классы;9.0;11.0;Очно-заочная;Личная;8.1;Регистрация завершена;Регистрация открыта до 22 сентября;"Регистрация: До 22 сен
Отборочный этап: 25 сен—13 ноя";Опубликован;"Регистрация
До 22 сен
Отборочный этап
25 сен—13 ноя";Обновлено 7 сентября;https://olimpiada.ru/activity/158;I;дизайн;"Проект РСОШ 2026/27; не утвержден на 24.09.2026";https://www.garant.ru/products/ipo/prime/doc/56963051/;24.09.2026;"Национальный исследовательский университет Высшая школа экономики; →";"olymp.hse.ru/...; olymp@hse.ru";"Положение и регламент; →";Первая олимпиада «Высшая проба» по дизайну прошла в 2013 году. Задания турнира будут интересны школьникам, которые с удовольствием посвящают свое время изучению мировой художественной культуры, истории искусств и практического дизайна. .. Олимпиадные состязания проходят в два этапа. Заочный этап предполагает создание проекта, подготовленного в соответствии с методическими указаниями. На очном этапе школьники выполняют письменное задание, которое показывает общий уровень эрудиции и грамотности участников, их «культурный багаж».;Личная | Участник самостоятельно выполняет задания | Очно-заочная | Нужно пройти дистанционный отбор, чтобы участвовать в очном финале;Объединение: Олимпиада «Высшая проба»;https://olimpiada.ru/activity/158
5126;Олимпиада «Учись строить будущее» по архитектурной графике;"ИЗО; Черчение";10–11 классы;10.0;11.0;Очно-заочная;Личная;6.8;Следующий цикл ожидается;Следующее соревнование ожидается в ноябре 2026 года;Следующее соревнование: Следующее соревнование ожидается в ноябре 2026 года;Частично заполнен по текущему статусу;Расписание олимпиады в этом году пока не известно;;https://olimpiada.ru/activity/5126;—;;Точное соответствие проекту РСОШ 2026/27 не найдено;https://rsr-olymp.ru/news/123;24.09.2026;"Московский государственный строительный университет; →";"mgsu.ru/...; olimp@mgsu.ru";"Положение и регламент; →";;Личная | Участник самостоятельно выполняет задания | Очно-заочная | Нужно пройти дистанционный отбор, чтобы участвовать в очном финале;Объединение: Олимпиада «Учись строить будущее»;https://olimpiada.ru/activity/5126
5127;Олимпиада «Учись строить будущее» по архитектурному рисунку;"ИЗО; Черчение";10–11 классы;10.0;11.0;Очно-заочная;;6.1;Следующий цикл ожидается;Следующее соревнование ожидается в ноябре 2026 года;Следующее соревнование: Следующее соревнование ожидается в ноябре 2026 года;Частично заполнен по текущему статусу;Расписание олимпиады в этом году пока не известно;;https://olimpiada.ru/activity/5127;—;;Точное соответствие проекту РСОШ 2026/27 не найдено;https://rsr-olymp.ru/news/123;24.09.2026;Московский государственный строительный университет;"mgsu.ru/...; olimp@mgsu.ru";"Положение и регламент; →";;Очно-заочная | Нужно пройти дистанционный отбор, чтобы участвовать в очном финале;Объединение: Олимпиада «Учись строить будущее»;https://olimpiada.ru/activity/5127
5808;Олимпиада по архитектуре СПбГАСУ;"ИЗО; Черчение";9–11 классы;9.0;11.0;Очно-заочная;Личная;6.7;Этап запланирован;Регистрация на отборочный этап начнется 12 октября;"Регистрация: 12 окт—29 ноя
Отборочный этап: 12 окт—7 дек
Заключительный этап: рисунок, фрагмент интерьера: 27 мар
Заключительный этап: объемная архитектурная композиция: 28 мар";Опубликован;"Регистрация
12 окт—29 ноя
Отборочный этап
12 окт—7 дек
Заключительный этап: рисунок, фрагмент интерьера
27 мар
Заключительный этап: объемная архитектурная композиция
28 мар";Обновлено 16 сентября;https://olimpiada.ru/activity/5808;—;;Точное соответствие проекту РСОШ 2026/27 не найдено;https://rsr-olymp.ru/news/123;24.09.2026;"Санкт-Петербургский государственный архитектурно-строительный университет; →";"olymp.spbgasu.ru; farch@spbgasu.ru";"Положение; →; Регламент";Санкт-Петербургский государственный архитектурно-строительный университет с 2017 года проводит олимпиаду по архитектуре для учеников 9-11 классов. .. Соревнование проходит в два этапа: дистанционный отборочный и очный заключительный.;Личная | Участник самостоятельно выполняет задания | Очно-заочная | Нужно пройти дистанционный отбор, чтобы участвовать в очном финале;Каталог /activities;https://olimpiada.ru/activity/5808
5204;Сибирская олимпиада «Архитектурно-дизайнерское творчество»;"ИЗО; Черчение";9–11 классы;9.0;11.0;Очно-заочная;Личная;7.3;Следующий цикл ожидается;Следующее соревнование начнется в ноябре;Следующее соревнование: Следующее соревнование начнется в ноябре;Частично заполнен по текущему статусу;Расписание олимпиады в этом году пока не известно;;https://olimpiada.ru/activity/5204;—;;Точное соответствие проекту РСОШ 2026/27 не найдено;https://rsr-olymp.ru/news/123;24.09.2026;"Новосибирский государственный университет архитектуры; дизайна и искусств имени А. Д. Крячкова; →";"sibolimpiada.nsuada.ru; sibolimpiada@nsuada.ru";"Положение; →; Регламент";Новосибирский государственный университет архитектуры, дизайна и искусств с 2012 года проводит Сибирскую олимпиаду «Архитектурно-дизайнерское творчество» для учеников 9-11 классов. .. Соревнование проходит в два этапа: отборочный и заключительный. Первый проводится дистанционно по предметам: рисунок, живопись, черчение и компьютерная графика. Участие в отборочном этапе олимпиады допускается по одному и более предметам на выбор. Победители и призеры дистанционного соревнования приглашаются на заключительный этап, который проходит очно по направлениям «Рисунок» и «Проектирование». Выбор предметов определяется тем направлением подготовки, на котором участники хотели бы обучаться в университете в качестве студентов.;Личная | Участник самостоятельно выполняет задания | Очно-заочная | Нужно пройти дистанционный отбор, чтобы участвовать в очном финале;Каталог /activities;https://olimpiada.ru/activity/5204
5595;Romanian Master of Informatics;Информатика;8–11 классы;8.0;11.0;Очная;Командная;6.7;Следующий цикл ожидается;Следующее соревнование пройдет в ноябре 2026 года;Следующее соревнование: Следующее соревнование пройдет в ноябре 2026 года;Частично заполнен по текущему статусу;Расписание олимпиады в этом году пока не известно;;https://olimpiada.ru/activity/5595;—;;Точное соответствие проекту РСОШ 2026/27 не найдено;https://rsr-olymp.ru/news/123;24.09.2026;;rmi.lbi.ro/...;;Первая Международная олимпиада по информатике Romanian Master of Informatics прошла в 2011 году. Это командное состязание для школьников, увлекающихся программированием. .. Соревнование дает участникам возможность продемонстрировать свои способности в области информатики, обменяться знаниями и расширить межкультурные контакты.;Командная | Участники выполняют задания вместе и борются за общий результат | Очная | Для участия нужно прийти в заранее известное место проведения;Каталог /activities;https://olimpiada.ru/activity/5595
5805;Всероссийская Толстовская олимпиада школьников по информатике;Информатика;10–11 классы;10.0;11.0;Очно-заочная;Личная;6.8;Расписание не опубликовано;Расписание следующей олимпиады ожидается в ноябре 2026 года;Публикация расписания: ожидается в ноябре 2026 года;Частично заполнен по текущему статусу;Расписание олимпиады в этом году пока не известно;;https://olimpiada.ru/activity/5805;—;;Этот профиль не найден в проекте РСОШ 2026/27;https://rsr-olymp.ru/news/123;24.09.2026;"Тульский государственный педагогический университет им. Л. Н.Толстого; →; Южно-Уральский государственный гуманитарно-педагогический университет; Рязанский государственный университет имени С. А. Есенина; Московский государственный областной социально-гуманитарный институт; Московский городской педагогический университет; Тверской государственный университет; Белгородский государственный национальный исследовательский университет";"olymp.tsput.ru/...; Olymp@tsput.ru";"Положение; →; Регламент";;Личная | Участник самостоятельно выполняет задания | Очно-заочная | Нужно пройти дистанционный отбор, чтобы участвовать в очном финале;Объединение: Всероссийская Толстовская олимпиада;https://olimpiada.ru/activity/5805
5825;Всероссийская олимпиада по искусственному интеллекту;Информатика;8–11 классы;8.0;11.0;Очно-заочная;Личная;7.2;Идёт этап;Отборочный этап проходит до 6 октября;"Тренировочный этап: 1 июл—21 сен
Регистрация: До 6 окт
Отборочный этап: до 6 октября
Основной этап: 15—21 окт
Заключительный этап: 16—20 ноя";Опубликован;"Тренировочный этап
1 июл—21 сен
Регистрация
До 6 окт
Отборочный этап
Основной этап
15—21 окт
Заключительный этап
16—20 ноя";Обновлено 14 мая;https://olimpiada.ru/activity/5825;II;искусственный интеллект;"Проект РСОШ 2026/27; не утвержден на 24.09.2026";https://www.garant.ru/products/ipo/prime/doc/56963051/;24.09.2026;"Министерство просвещения России; →";ai.edu.gov.ru;"Положение; →; Регламент";Состязание рассчитано на учеников 8-11 классов, мотивированных к углубленному изучению информатики и математики, владеющих основами программирования на одном из общедоступных языков. Попробовать свои силы могут даже начинающие программисты. .. Задания олимпиады направлены на поиск нестандартных решений в области разработки и применения интеллектуальных алгоритмов и моделей обработки больших данных. Для подготовки к соревнованию школьникам предлагают пройти тренировочный этап. Чтобы принять участие, нужно зарегистрироваться. Первые два этапа проходят заочно. Отбор состоит из задач на логику, по искусственному интеллекту и алгоритмических задач. На следующем, основном, этапе участников ждут задания с более высоким уровнем сложности. Заключительный этап проводится в очном формате и включает задачи, связанные с искусственным интеллектом.;Личная | Участник самостоятельно выполняет задания | Очно-заочная | Нужно пройти дистанционный отбор, чтобы участвовать в очном финале;Каталог /activities;https://olimpiada.ru/activity/5825
5220;Герценовская олимпиада школьников по информатике;Информатика;10–11 классы;10.0;11.0;;;6.1;Расписание не опубликовано;Расписание олимпиады в этом году пока не известно;Не опубликовано;Не опубликован;Расписание олимпиады в этом году пока не известно;;https://olimpiada.ru/activity/5220;—;;Точное соответствие проекту РСОШ 2026/27 не найдено;https://rsr-olymp.ru/news/123;24.09.2026;РГПУ им. А. И. Герцена;"herzen.spb.ru/...; rgpu.olymp@yandex.ru";"Положение; →";;;Объединение: Герценовские внутривузовские олимпиады;https://olimpiada.ru/activity/5220
5784;Европейская девичья олимпиада по информатике;Информатика;10–11 классы;10.0;11.0;Очная;Личная;6.3;Следующий цикл ожидается;Следующее соревнование пройдет в июле 2027 года;Следующее соревнование: Следующее соревнование пройдет в июле 2027 года;Частично заполнен по текущему статусу;Расписание олимпиады в этом году пока не известно;;https://olimpiada.ru/activity/5784;—;;Точное соответствие проекту РСОШ 2026/27 не найдено;https://rsr-olymp.ru/news/123;24.09.2026;;stats.egoi.org/...;;Европейская девичья олимпиада по информатике – это международное ежегодное соревнование для девушек. Проводится с 2021 года. .. Соревнование проходит по модели Международной олимпиады по информатике и включает в себя два соревновательных тура. В состав команды входят до четырех участниц в возрасте до 20 лет. Олимпиада организована, чтобы поддержать интерес школьниц к изучению информатики и увеличить число девушек, участвующих в международных соревнованиях по этому предмету.;Личная | Участник самостоятельно выполняет задания | Очная | Для участия нужно прийти в заранее известное место проведения;Объединение: Международные олимпиады;https://olimpiada.ru/activity/5784
5475;Европейская олимпиада юниоров по информатике;Информатика;9 класс;9.0;9.0;Очная;Командная;6.6;Следующий цикл ожидается;Следующее соревнование пройдет в июле 2027 года;Следующее соревнование: Следующее соревнование пройдет в июле 2027 года;Частично заполнен по текущему статусу;Расписание олимпиады в этом году пока не известно;;https://olimpiada.ru/activity/5475;—;;Точное соответствие проекту РСОШ 2026/27 не найдено;https://rsr-olymp.ru/news/123;24.09.2026;;2025.ejoi.org;;Европейская олимпиада юниоров по информатике проводится c 2017 года. Соревнование представляет собой конкурс среди юных программистов из европейских стран. .. В команде от каждой страны 4 учащихся в возрасте не более 15 лет. Участников сборной отбирают по результатам национальных соревнований. В России это Всероссийская олимпиада по информатике. Формат соревнования похож на Международную олимпиаду по информатике. Состязание проходит в два тура. На каждом туре ребятам предстоит решить три задания за четыре часа. Кроме состязаний, участников ждет обмен опытом, новые знакомства и культурная программа.;Командная | Участники выполняют задания вместе и борются за общий результат | Очная | Для участия нужно прийти в заранее известное место проведения;Объединение: Международные олимпиады;https://olimpiada.ru/activity/5475
5141;Интернет-олимпиада по информатике «Код успеха»;Информатика;5–11 классы;5.0;11.0;Дистанционная;Лично-командная;8.2;Расписание не опубликовано;Расписание олимпиады в этом году пока не известно;Не опубликовано;Не опубликован;Расписание олимпиады в этом году пока не известно;;https://olimpiada.ru/activity/5141;—;;Точное соответствие проекту РСОШ 2026/27 не найдено;https://rsr-olymp.ru/news/123;24.09.2026;"Центр телекоммуникаций и информационных систем в образовании; →; Ярославский государственный университет им. П. Г. Демидова";"projects.edu.yar.ru; informat@edu.yar.ru";;;Лично-командная | Можно участвовать самостоятельно или собрать команду | Дистанционная | Можно участвовать не выходя из дома, достаточно иметь компьютер с доступом в интернет;Каталог /activities;https://olimpiada.ru/activity/5141
301;Интернет-олимпиада по компьютерной графике «Народный узор»;Информатика;6–11 классы;6.0;11.0;Дистанционная;Лично-командная;7.4;Расписание не опубликовано;Расписание олимпиады в этом году пока не известно;Не опубликовано;Не опубликован;Расписание олимпиады в этом году пока не известно;;https://olimpiada.ru/activity/301;—;;Точное соответствие проекту РСОШ 2026/27 не найдено;https://rsr-olymp.ru/news/123;24.09.2026;"Государственный университет просвещения; →";"computer.guppros.ru; comp_gup@mail.ru";;;Лично-командная | Можно участвовать самостоятельно или собрать команду | Дистанционная | Можно участвовать не выходя из дома, достаточно иметь компьютер с доступом в интернет;Каталог /activities;https://olimpiada.ru/activity/301
52;Интернет-олимпиады по информатике Университета ИТМО;Информатика;7–11 классы;7.0;11.0;Дистанционная;Лично-командная;8.6;Следующий цикл ожидается;Следующая олимпиада ожидается в октябре 2026 года;Следующая олимпиада: Следующая олимпиада ожидается в октябре 2026 года;Частично заполнен по текущему статусу;Расписание олимпиады в этом году пока не известно;;https://olimpiada.ru/activity/52;—;;Точное соответствие проекту РСОШ 2026/27 не найдено;https://rsr-olymp.ru/news/123;24.09.2026;"Университет ИТМО; →";"neerc.ifmo.ru/...; iojury@gmail.com";"Правила командных олимпиад; →; Правила личных олимпиад";Университет ИТМО ежегодно проводит цикл интернет-олимпиад по информатике. Принять участие в них могут все желающие, вне зависимости от класса обучения. В числе организаторов – члены жюри Всероссийской командной олимпиады школьников по программированию. .. Обычно первая часть учебного года отводится под командные олимпиады, а заключительная - под личные. Школьники сами выбирают в какой из двух номинаций участвовать (базовой или усложненной). Задания каждой отдельной олимпиады не только уникальные, но и интересные, где-то даже веселые: в качестве темы чаще всего выступает какой-нибудь только что вышедший фильм или мультфильм. Некоторые соревнования проводятся по задачам самых авторитетных прошедших интеллектуальных мероприятий, таких как Всероссийская командная олимпиада школьников по программированию, Индивидуальная олимпиада по информатике и программированию и других.;Лично-командная | Можно участвовать самостоятельно или собрать команду | Дистанционная | Можно участвовать не выходя из дома, достаточно иметь компьютер с доступом в интернет;Каталог /activities;https://olimpiada.ru/activity/52
4339;Кировская открытая олимпиада «Командный турнир по программированию»;Информатика;7–11 классы;7.0;11.0;Очная;Командная;5.6;Следующий цикл ожидается;Следующее соревнование ожидается в декабре 2026 года;Следующее соревнование: Следующее соревнование ожидается в декабре 2026 года;Частично заполнен по текущему статусу;Расписание олимпиады в этом году пока не известно;;https://olimpiada.ru/activity/4339;—;;Точное соответствие проекту РСОШ 2026/27 не найдено;https://rsr-olymp.ru/news/123;24.09.2026;;"contest.kpml.ru/...; yambar_sv@mail.ru";;;Командная | Участники выполняют задания вместе и борются за общий результат | Очная | Для участия нужно прийти в заранее известное место проведения;Объединение: Всероссийская командная олимпиада школьников по программированию;https://olimpiada.ru/activity/4339
5189;Командная олимпиада школьников Гомельской области по программированию;Информатика;;;;Очная;Командная;5.3;Следующий цикл ожидается;Следующее соревнование ожидается в декабре 2026 года;Следующее соревнование: Следующее соревнование ожидается в декабре 2026 года;Частично заполнен по текущему статусу;Расписание олимпиады в этом году пока не известно;;https://olimpiada.ru/activity/5189;—;;Точное соответствие проекту РСОШ 2026/27 не найдено;https://rsr-olymp.ru/news/123;24.09.2026;;dl.gsu.by;;;Командная | Участники выполняют задания вместе и борются за общий результат | Очная | Для участия нужно прийти в заранее известное место проведения;Объединение: Всероссийская командная олимпиада школьников по программированию;https://olimpiada.ru/activity/5189
4346;Командная олимпиада школьников Нижегородской области по программированию;Информатика;7–11 классы;7.0;11.0;Очная;Командная;5.3;Следующий цикл ожидается;Следующее соревнование ожидается в декабре 2026 года;Следующее соревнование: Следующее соревнование ожидается в декабре 2026 года;Частично заполнен по текущему статусу;Расписание олимпиады в этом году пока не известно;;https://olimpiada.ru/activity/4346;—;;Точное соответствие проекту РСОШ 2026/27 не найдено;https://rsr-olymp.ru/news/123;24.09.2026;НГТУ им. Р. Е. Алексеева;"sites.google.com/...; kulaginal@mail.ru";;;Командная | Участники выполняют задания вместе и борются за общий результат | Очная | Для участия нужно прийти в заранее известное место проведения;Объединение: Всероссийская командная олимпиада школьников по программированию;https://olimpiada.ru/activity/4346
4342;Командная олимпиада школьников Удмуртской Республики по программированию;Информатика;7–11 классы;7.0;11.0;Очная;Командная;5.6;Следующий цикл ожидается;Следующее соревнование ожидается в декабре 2026 года;Следующее соревнование: Следующее соревнование ожидается в декабре 2026 года;Частично заполнен по текущему статусу;Расписание олимпиады в этом году пока не известно;;https://olimpiada.ru/activity/4342;—;;Точное соответствие проекту РСОШ 2026/27 не найдено;https://rsr-olymp.ru/news/123;24.09.2026;Ресурсный центр по работе с одаренными детьми;neerc.ifmo.ru/...;;;Командная | Участники выполняют задания вместе и борются за общий результат | Очная | Для участия нужно прийти в заранее известное место проведения;Объединение: Всероссийская командная олимпиада школьников по программированию;https://olimpiada.ru/activity/4342
4341;Командная олимпиада школьников Челябинской области по программированию;Информатика;7–11 классы;7.0;11.0;Очная;Командная;5.7;Следующий цикл ожидается;Следующее соревнование ожидается в декабре 2026 года;Следующее соревнование: Следующее соревнование ожидается в декабре 2026 года;Частично заполнен по текущему статусу;Расписание олимпиады в этом году пока не известно;;https://olimpiada.ru/activity/4341;—;;Точное соответствие проекту РСОШ 2026/27 не найдено;https://rsr-olymp.ru/news/123;24.09.2026;"ЮУрГУ (НИУ); →";ipc.susu.ru/...;;;Командная | Участники выполняют задания вместе и борются за общий результат | Очная | Для участия нужно прийти в заранее известное место проведения;Объединение: Всероссийская командная олимпиада школьников по программированию;https://olimpiada.ru/activity/4341
5188;Командная олимпиада школьников по программированию Республики Татарстан;Информатика;1–11 классы;1.0;11.0;Очная;Командная;6.0;Следующий цикл ожидается;Следующее соревнование ожидается в декабре 2026 года;Следующее соревнование: Следующее соревнование ожидается в декабре 2026 года;Частично заполнен по текущему статусу;Расписание олимпиады в этом году пока не известно;;https://olimpiada.ru/activity/5188;—;;Точное соответствие проекту РСОШ 2026/27 не найдено;https://rsr-olymp.ru/news/123;24.09.2026;;"olymp.innopolis.ru/...; olymp@innopolis.ru";;;Командная | Участники выполняют задания вместе и борются за общий результат | Очная | Для участия нужно прийти в заранее известное место проведения;Объединение: Всероссийская командная олимпиада школьников по программированию;https://olimpiada.ru/activity/5188
5338;Командная олимпиада школьников по программированию Сибирского и Дальневосточного региона;Информатика;7–11 классы;7.0;11.0;Очно-заочная;Командная;5.7;Следующий цикл ожидается;Следующее соревнование ожидается в декабре 2026 года;Следующее соревнование: Следующее соревнование ожидается в декабре 2026 года;Частично заполнен по текущему статусу;Расписание олимпиады в этом году пока не известно;;https://olimpiada.ru/activity/5338;—;;Точное соответствие проекту РСОШ 2026/27 не найдено;https://rsr-olymp.ru/news/123;24.09.2026;"Алтайский государственный технический университет; Сибирский федеральный университет; Дальневосточный государственный университет";"neerc.secna.ru/...; kruchkova_elena@mail.ru";;;Командная | Участники выполняют задания вместе и борются за общий результат | Очно-заочная | Нужно пройти дистанционный отбор, чтобы участвовать в очном финале;Объединение: Всероссийская командная олимпиада школьников по программированию;https://olimpiada.ru/activity/5338
5191;Командная олимпиада школьников по программированию г. Мурманска;Информатика;;;;Очная;Командная;5.3;Следующий цикл ожидается;Следующее соревнование ожидается в декабре 2026 года;Следующее соревнование: Следующее соревнование ожидается в декабре 2026 года;Частично заполнен по текущему статусу;Расписание олимпиады в этом году пока не известно;;https://olimpiada.ru/activity/5191;—;;Точное соответствие проекту РСОШ 2026/27 не найдено;https://rsr-olymp.ru/news/123;24.09.2026;Мурманский государственный гуманитарный университет;"neerc.ifmo.ru/...; kafalgipm@mspu.edu.ru";;;Командная | Участники выполняют задания вместе и борются за общий результат | Очная | Для участия нужно прийти в заранее известное место проведения;Объединение: Всероссийская командная олимпиада школьников по программированию;https://olimpiada.ru/activity/5191
5676;Командный турнир по программированию для школьников;Информатика;6–11 классы;6.0;11.0;Очно-заочная;Командная;7.2;Текущий статус не указан;Нужно пройти дистанционный отбор, чтобы участвовать в очном финале;Турнир: 28 сен—4 окт;Опубликован;"Турнир
28 сен—4 окт";Обновлено 18 сентября;https://olimpiada.ru/activity/5676;—;;Точное соответствие проекту РСОШ 2026/27 не найдено;https://rsr-olymp.ru/news/123;24.09.2026;"Национальный исследовательский университет Высшая школа экономики; →";"cs.hse.ru/...; teamolymp@hse.ru";;;Командная | Участники выполняют задания вместе и борются за общий результат | Очно-заочная | Нужно пройти дистанционный отбор, чтобы участвовать в очном финале;Каталог /activities;https://olimpiada.ru/activity/5676
4338;Командный чемпионат по программированию среди учащихся города Минска;Информатика;7–11 классы;7.0;11.0;Очная;Командная;5.9;Следующий цикл ожидается;Следующее соревнование ожидается в декабре 2026 года;Следующее соревнование: Следующее соревнование ожидается в декабре 2026 года;Частично заполнен по текущему статусу;Расписание олимпиады в этом году пока не известно;;https://olimpiada.ru/activity/4338;—;;Точное соответствие проекту РСОШ 2026/27 не найдено;https://rsr-olymp.ru/news/123;24.09.2026;;acm.bsu.by/...;;;Командная | Участники выполняют задания вместе и борются за общий результат | Очная | Для участия нужно прийти в заранее известное место проведения;Объединение: Всероссийская командная олимпиада школьников по программированию;https://olimpiada.ru/activity/4338
5190;Командный чемпионат школьников Карелии по программированию;Информатика;;;;Очная;Командная;5.3;Следующий цикл ожидается;Следующее соревнование ожидается в декабре 2026 года;Следующее соревнование: Следующее соревнование ожидается в декабре 2026 года;Частично заполнен по текущему статусу;Расписание олимпиады в этом году пока не известно;;https://olimpiada.ru/activity/5190;—;;Точное соответствие проекту РСОШ 2026/27 не найдено;https://rsr-olymp.ru/news/123;24.09.2026;;acm.petrsu.ru/...;;;Командная | Участники выполняют задания вместе и борются за общий результат | Очная | Для участия нужно прийти в заранее известное место проведения;Объединение: Всероссийская командная олимпиада школьников по программированию;https://olimpiada.ru/activity/5190
4325;Командный чемпионат школьников Санкт-Петербурга по программированию;Информатика;1–11 классы;1.0;11.0;Очная;Командная;6.2;Следующий цикл ожидается;Следующее соревнование ожидается в декабре 2026 года;Следующее соревнование: Следующее соревнование ожидается в декабре 2026 года;Частично заполнен по текущему статусу;Расписание олимпиады в этом году пока не известно;;https://olimpiada.ru/activity/4325;—;;Точное соответствие проекту РСОШ 2026/27 не найдено;https://rsr-olymp.ru/news/123;24.09.2026;"Унивеситет ИТМО; →; Санкт-Петербургский государственный университет";"neerc.ifmo.ru/...; fitp@mail.ifmo.ru";"Правила олимпиады; →";Командный чемпионат Санкт-Петербурга по программированию – отборочное соревнование для учащихся Санкт-Петербурга и Ленинградской области на Всероссийскую командную олимпиаду школьников по программированию. Принять участие в нем могут и ребята из других регионов, если у них нет собственных домашних отборов. .. Олимпиада проводится в один очный тур на базе Университета ИТМО. На туре команде, состоящей из 3 учащихся, предоставляется персональный компьютер и предлагается решить несколько задач за 5 часов. При этом никаких возрастных ограничений не предусмотрено, а единственное требование – заранее пройти регистрацию. По итогам чемпионата дальше проходят команды, попавшие в квоту (количество команд, определенное оргкомитетом, которые будут представлены в финале от данного отбора).;Командная | Участники выполняют задания вместе и борются за общий результат | Очная | Для участия нужно прийти в заранее известное место проведения;Объединение: Всероссийская командная олимпиада школьников по программированию;https://olimpiada.ru/activity/4325
5607;Кубок Псковской области по программированию;Информатика;1–11 классы;1.0;11.0;Очно-заочная;Командная;8.3;Следующий цикл ожидается;Следующее соревнование ожидается в декабре 2026 года;Следующее соревнование: Следующее соревнование ожидается в декабре 2026 года;Частично заполнен по текущему статусу;Расписание олимпиады в этом году пока не известно;;https://olimpiada.ru/activity/5607;—;;Точное соответствие проекту РСОШ 2026/27 не найдено;https://rsr-olymp.ru/news/123;24.09.2026;"Государственное управление образования Псковской области; →; Региональный центр информационных технологий; Псковский областной институт повышения квалификации работников образования; Псковский государственный университет";"cup.pskovedu.ru; cup@pskovedu.ru";;;Командная | Участники выполняют задания вместе и борются за общий результат | Очно-заочная | Нужно пройти дистанционный отбор, чтобы участвовать в очном финале;Объединение: Всероссийская командная олимпиада школьников по программированию;https://olimpiada.ru/activity/5607
14;Летняя компьютерная школа;Информатика;6–10 классы;6.0;10.0;;;7.4;Расписание не опубликовано;Расписание следующей смены ожидается в мае 2026 года;Публикация расписания: ожидается в мае 2026 года;Частично заполнен по текущему статусу;Расписание олимпиады в этом году пока не известно;;https://olimpiada.ru/activity/14;—;;Точное соответствие проекту РСОШ 2026/27 не найдено;https://rsr-olymp.ru/news/123;24.09.2026;;"lksh.ru; lksh@lksh.ru";;Летняя компьютерная школа — это загородный лагерь для учеников 6-10 классов, увлеченных программированием. Школа является крупнейшим в России и ближайшем зарубежье местом для обучения юных программистов, где для детей предусмотрены возможности активного отдыха и интенсивных занятий. .. Летняя компьютерная школа проводится с 1999 года в две смены: июльская и августовская. Школьники обучаются алгоритмическому программированию и решению олимпиадных задач, а также смежным разделам информатики. Каждая смена собирает не менее 200 учеников со всей России и из-за рубежа — от начинающих изучение компьютерных языков до победителей олимпиад по информатике самого высокого уровня.;Платная, есть льготы | Можно получить скидку за успехи в олимпиадах;Каталог /activities;https://olimpiada.ru/activity/14
5283;Международная олимпиада Innopolis Open по информатике;Информатика;7–11 классы;7.0;11.0;Очно-заочная;Личная;8.6;Итоги опубликованы;"Опубликованы итоги; следующее соревнование ожидается в ноябре 2026 года";"Следующее соревнование: Опубликованы итоги; следующее соревнование ожидается в ноябре 2026 года";Частично заполнен по текущему статусу;Расписание олимпиады в этом году пока не известно;;https://olimpiada.ru/activity/5283;II;информатика;"Проект РСОШ 2026/27; не утвержден на 24.09.2026";https://www.garant.ru/products/ipo/prime/doc/56963051/;24.09.2026;"Университет Иннополис; →";"dovuz.innopolis.university/...; olymp@innopolis.ru";"Положение; →; Регламент";Олимпиада Университета Иннополис «Innopolis Open» по информатике проводится для всех желающих школьников 7-11 классов. Соревнование проходит в два этапа. .. Отборочный этап проводится дистанционно и состоит из двух независимых туров. Участник может принимать участие в обоих турах или только в одном из них. Очный этап проводится в Иннополисе. На участие в финале приглашаются школьники, показавшие наилучшие результаты в одном из отборочных туров, а также участники, ставшие призерами и победителями олимпиады предыдущего года.;Личная | Участник самостоятельно выполняет задания | Очно-заочная | Нужно пройти дистанционный отбор, чтобы участвовать в очном финале;Объединение: Международная олимпиада Innopolis Open;https://olimpiada.ru/activity/5283
5698;Международная олимпиада Innopolis Open по информационной безопасности;Информатика;7–11 классы;7.0;11.0;Очно-заочная;Лично-командная;8.0;Этап запланирован;Первый тур отбора пройдет 14-15 ноября;"Первый тур отбора: 14—15 ноя
Второй тур отбора: 24 янв
Финал: 19—21 фев";Опубликован;"Первый тур отбора
14—15 ноя
Второй тур отбора
24 янв
Финал
19—21 фев";Обновлено 18 сентября;https://olimpiada.ru/activity/5698;II;информационная безопасность;"Проект РСОШ 2026/27; не утвержден на 24.09.2026";https://www.garant.ru/products/ipo/prime/doc/56963051/;24.09.2026;"Университет Иннополис; →";"dovuz.innopolis.university/...; iu.ctf@innopolis.ru";"Положение; →; Регламент";Олимпиада Университета Иннополис «Innopolis Open» по информационной безопасности проводится ежегодно для обучающихся 7-11 классов общеобразовательных учреждений Российской Федерации и иностранных государств. .. Состязания включает два отборочных тура (проходят онлайн): первый – индивидуальный, второй – командный. Очное заключительное соревнование проводится в Иннополисе. Рабочий язык олимпиады –русский.;Лично-командная | Можно участвовать самостоятельно или собрать команду | Очно-заочная | Нужно пройти дистанционный отбор, чтобы участвовать в очном финале;Объединение: Международная олимпиада Innopolis Open;https://olimpiada.ru/activity/5698
5770;Международная олимпиада Innopolis Open по искусственному интеллекту;Информатика;7–11 классы;7.0;11.0;Очно-заочная;Лично-командная;7.5;Итоги опубликованы;"Опубликованы итоги; следующее соревнование ожидается в ноябре 2026 года";"Следующее соревнование: Опубликованы итоги; следующее соревнование ожидается в ноябре 2026 года";Частично заполнен по текущему статусу;Расписание олимпиады в этом году пока не известно;;https://olimpiada.ru/activity/5770;III;искусственный интеллект;"Проект РСОШ 2026/27; не утвержден на 24.09.2026";https://www.garant.ru/products/ipo/prime/doc/56963051/;24.09.2026;"Университет Иннополис; →";"dovuz.innopolis.university/...; ioai@innopolis.university";"Положение; →; Регламент";Олимпиада Университета Иннополис «Innopolis Open» по искусственному интеллекту проводится для всех желающих школьников из 7-11 классов. Соревнование проходит в три этапа: два отборочных и заключительный.;Лично-командная | Можно участвовать самостоятельно или собрать команду | Очно-заочная | Нужно пройти дистанционный отбор, чтобы участвовать в очном финале;Объединение: Международная олимпиада Innopolis Open;https://olimpiada.ru/activity/5770
6934;Международная олимпиада УрФУ для школьников «Изумруд» по анализу данных;Информатика;8–11 классы;8.0;11.0;Очно-заочная;Личная;6.0;Идёт этап;Отборочный этап проходит до 19 января;"Отборочный этап: До 19 янв
Дополнительная дата: 31 янв—2 фев";Частично опубликован;"Отборочный этап
До 19 янв
31 янв—2 фев";Обновлено 4 июня;https://olimpiada.ru/activity/6934;—;;Этот профиль не найден в проекте РСОШ 2026/27;https://rsr-olymp.ru/news/123;24.09.2026;"Уральский федеральный университет имени первого Президента России Б. Н. Ельцина; →";"izumrud.urfu.ru/...; olymp@urfu.ru";"Нормативные документы; →";;Личная | Участник самостоятельно выполняет задания | Очно-заочная | Нужно пройти дистанционный отбор, чтобы участвовать в очном финале;Объединение: Международная олимпиада УрФУ для школьников «Изумруд»;https://olimpiada.ru/activity/6934
5638;Международная олимпиада УрФУ для школьников «Изумруд» по информатике;Информатика;8–11 классы;8.0;11.0;Очно-заочная;Личная;8.1;Идёт этап;Отборочный этап проходит до 19 января;"Отборочный этап: До 19 янв
Дополнительная дата: 31 янв—2 фев";Частично опубликован;"Отборочный этап
До 19 янв
31 янв—2 фев";Обновлено 4 июня;https://olimpiada.ru/activity/5638;II;информатика;"Проект РСОШ 2026/27; не утвержден на 24.09.2026";https://www.garant.ru/products/ipo/prime/doc/56963051/;24.09.2026;"Уральский федеральный университет имени первого Президента России Б. Н. Ельцина; →";"izumrud.urfu.ru; olymp@urfu.ru";"Нормативные документы; →";;Личная | Участник самостоятельно выполняет задания | Очно-заочная | Нужно пройти дистанционный отбор, чтобы участвовать в очном финале;Объединение: Международная олимпиада УрФУ для школьников «Изумруд»;https://olimpiada.ru/activity/5638
137;Международная олимпиада по информатике;Информатика;11 класс;11.0;11.0;Очная;Личная;7.2;Расписание не опубликовано;Расписание олимпиады в этом году пока не известно;Не опубликовано;Не опубликован;Расписание олимпиады в этом году пока не известно;;https://olimpiada.ru/activity/137;—;;Точное соответствие проекту РСОШ 2026/27 не найдено;https://rsr-olymp.ru/news/123;24.09.2026;;ioi2026.uz;;Ежегодное соревнование для школьников более чем из 80 стран мира. Олимпиада проводится с 1989 года. .. По правилам в команде должно быть не больше 4 участников. В сборную страны ученики обычно отбираются по результатам национальных соревнований. В России команда формируется по итогам Всероссийской олимпиады по информатике и учебно-тренировочных сборов. Состязание проводится в два тура. На один тур отводится пять часов. За это время нужно решить и запрограммировать три алгоритмические задачи. Итоги подводятся в индивидуальном зачете. Расписание олимпиады;Личная | Участник самостоятельно выполняет задания | Очная | Для участия нужно прийти в заранее известное место проведения;Объединение: Международные олимпиады;https://olimpiada.ru/activity/137
6942;Международная олимпиада по искусственному интеллекту;Информатика;10–11 классы;10.0;11.0;Очная;Лично-командная;5.5;Следующий цикл ожидается;Следующее соревнование начнется в ноябре;IV олимпиада: 4—10 июл;Опубликован;"IV олимпиада
4—10 июл";Обновлено 18 сентября;https://olimpiada.ru/activity/6942;—;;Точное соответствие проекту РСОШ 2026/27 не найдено;https://rsr-olymp.ru/news/123;24.09.2026;;ioai-official.org;;Ежегодное соревнование для старшеклассников со всего мира. Впервые прошла в Болгарии в 2024 году. .. Каждую страну представляет команда из 4-6 участников. В сборную ученики обычно отбираются по результатам национальных соревнований. Состязание проводится в два тура. Участники программируют роботов, решают нестандартные задания, применяя знания из разных областей – от компьютерного зрения и машинного обучения до обработки естественного языка. Итоги подводятся в индивидуальном и командном зачетах. Сайт организаторов;Лично-командная | Можно участвовать самостоятельно или собрать команду | Очная | Для участия нужно прийти в заранее известное место проведения;Объединение: Международные олимпиады;https://olimpiada.ru/activity/6942
6968;Международная олимпиада по промышленной разработке PROD;Информатика;8–11 классы;8.0;11.0;Очно-заочная;Личная;5.7;Следующий цикл ожидается;Следующая олимпиада ожидается в октябре 2026 года;Следующая олимпиада: Следующая олимпиада ожидается в октябре 2026 года;Частично заполнен по текущему статусу;Расписание олимпиады в этом году пока не известно;;https://olimpiada.ru/activity/6968;—;;Точное соответствие проекту РСОШ 2026/27 не найдено;https://rsr-olymp.ru/news/123;24.09.2026;"Группа компаний «Т-Технологии»; Центральный университет";"prodcontest.com/...; info@prodcontest.com";"Положение; →";Попробовать себя в роли разработчика могут все желающие ученики 8-11 классов из любой точки мира. Участвуя, ребята погрузятся в создание ИТ-систем, автоматизацию процессов и разработку приложений. .. Состязание включает три этапа по трекам: фронтенд, бэкенд, мобильная разработка и MLOps-инжиниринг. Школьникам предстоит решить кейсы по выбранному направлению и создать проект вместе с командой. Узнать подробнее об олимпиаде и ознакомиться с материалами для подготовки можно на сайте организаторов .;Личная | Участник самостоятельно выполняет задания | Очно-заочная | Нужно пройти дистанционный отбор, чтобы участвовать в очном финале;Каталог /activities;https://olimpiada.ru/activity/6968
6953;Международная цифровая олимпиада «Волга-IT'2025»;Информатика;10–11 классы;10.0;11.0;Очно-заочная;Личная;5.6;Расписание не опубликовано;Расписание олимпиады в этом году пока не известно;Не опубликовано;Не опубликован;Расписание олимпиады в этом году пока не известно;;https://olimpiada.ru/activity/6953;—;;Точное соответствие проекту РСОШ 2026/27 не найдено;https://rsr-olymp.ru/news/123;24.09.2026;"Ульяновский государственный технический университет; →; Ульяновский государственный университет";"volga-it.org; volga-it.org@yandex.ru";"Положение; →";Международная цифровая олимпиада для школьников и студентов в возрасте от 16 до 23 лет проходит в три этапа: квалификация, полуфинал и финал. .. Задания основаны на реальных кейсах IT-компаний и предполагают знания в следующих областях: 1С-программирование, JavaScript-программирование макросов и плагинов для «Р7 офис», Web-дизайн, автоматизация тестирования (Java, Python), базы данных (PostgreSQL), инженерия ПРОМТ-запросов, искусственный интеллект и анализ данных, мобильная разработка кроссплатформенных приложений для ОС Аврора на Flutter, телекоммуникации и информационная безопасность.;Личная | Участник самостоятельно выполняет задания | Очно-заочная | Нужно пройти дистанционный отбор, чтобы участвовать в очном финале;Каталог /activities;https://olimpiada.ru/activity/6953
5439;Международный турнир по информатике имени Джона Атанасова;Информатика;9–11 классы;9.0;11.0;Очная;Личная;6.8;Следующий цикл ожидается;Следующее соревнование пройдет в апреле 2027 года;Следующее соревнование: Следующее соревнование пройдет в апреле 2027 года;Частично заполнен по текущему статусу;Расписание олимпиады в этом году пока не известно;;https://olimpiada.ru/activity/5439;—;;Точное соответствие проекту РСОШ 2026/27 не найдено;https://rsr-olymp.ru/news/123;24.09.2026;;"iati-shu.org; keleved@gmail.com";;Международный турнир по информатике имени Джона Атанасова проводится в Болгарии с 2009 года. Российские школьники участвуют в соревновании с 2014 года. .. Турнир проводится для двух возрастных групп: учащиеся до 15,5 лет и старшеклассники. До 2024 года соревнование называлось Международный осенний турнир по информатике.;Личная | Участник самостоятельно выполняет задания | Очная | Для участия нужно прийти в заранее известное место проведения;Каталог /activities;https://olimpiada.ru/activity/5439
27;Московская командная олимпиада по программированию среди школьников;Информатика;5–11 классы;5.0;11.0;Очная;Командная;7.3;Этап указан;Отборочный этап любительской лиги;"Отборочный этап любительской лиги: 26 сен
Финал любительской лиги: 4 окт
Отборочный этап профессиональной лиги: 11 окт
Финал профессиональной лиги: 15 ноя";Опубликован;"Отборочный этап любительской лиги
26 сен
Финал любительской лиги
4 окт
Отборочный этап профессиональной лиги
11 окт
Финал профессиональной лиги
15 ноя";Обновлено 16 сентября;https://olimpiada.ru/activity/27;—;;Точное соответствие проекту РСОШ 2026/27 не найдено;https://rsr-olymp.ru/news/123;24.09.2026;"МГУ имени М. В. Ломоносова; →; Департамент образования и науки города Москвы";"mkoshp.ru; inf-team@mosolymp.ru";;Победители приглашаются на Всероссийскую командную олимпиаду по программированию;Командная | Участники выполняют задания вместе и борются за общий результат | Очная | Для участия нужно прийти в заранее известное место проведения;Объединение: Всероссийская командная олимпиада школьников по программированию;https://olimpiada.ru/activity/27
102;Московская олимпиада по информатике;Информатика;6–11 классы;6.0;11.0;Очно-заочная;Личная;8.1;Расписание не опубликовано;Ожидается расписание состязания;Публикация расписания: ожидается расписание состязания;Частично заполнен по текущему статусу;Расписание олимпиады в этом году пока не известно;;https://olimpiada.ru/activity/102;I;информатика;"Проект РСОШ 2026/27; не утвержден на 24.09.2026";https://www.garant.ru/products/ipo/prime/doc/56963051/;24.09.2026;"Департамент образования и науки города Москвы; →; МГУ имени М. В. Ломоносова; НИУ ВШЭ";"mos-inf.olimpiada.ru; inf-moscow-9@mosolymp.ru; inf-moscow-11@mosolymp.ru";"Положение; →";Это одна из немногих олимпиад по информатике, которая проводит отдельные туры для 10-11 классов и для школьников 6-9 классов, которые только начинают изучать программирование. .. Отборочный этап проходит в дистанционной форме и состоит из одного тура. Для младшей и старшей группы эта часть соревнования проводится на разных платформах. В заключительном этапе принимают участие школьники, успешно выступившие в отборе, а также победители и призеры финала прошлого сезона. Эта часть состязания тоже проходит в один тур, но уже в очной форме.;Личная | Участник самостоятельно выполняет задания | Очно-заочная | Нужно пройти дистанционный отбор, чтобы участвовать в очном финале;Объединение: Московская олимпиада школьников;https://olimpiada.ru/activity/102
4344;Областная командная олимпиада школьников по программированию в Великом Новгороде;Информатика;7–11 классы;7.0;11.0;Очная;Командная;5.3;Следующий цикл ожидается;Следующее соревнование ожидается в декабре 2026 года;Следующее соревнование: Следующее соревнование ожидается в декабре 2026 года;Частично заполнен по текущему статусу;Расписание олимпиады в этом году пока не известно;;https://olimpiada.ru/activity/4344;—;;Точное соответствие проекту РСОШ 2026/27 не найдено;https://rsr-olymp.ru/news/123;24.09.2026;"Новгородский Государственный Университет им. Ярослава Мудрого; Центр дополнительного образования Городская компьютерная школа при МАОУ Гимназия ""Эврика""; Новгородская лаборатория Института системного программирования Российской академии наук; Новгородский центр разработки программного обеспечения АстроСофт";"olimp-nw.narod.ru/...; olimp-nw@yandex.ru";;;Командная | Участники выполняют задания вместе и борются за общий результат | Очная | Для участия нужно прийти в заранее известное место проведения;Объединение: Всероссийская командная олимпиада школьников по программированию;https://olimpiada.ru/activity/4344
153;Олимпиада «Высшая проба» по информатике;Информатика;9–11 классы;9.0;11.0;Очно-заочная;Личная;8.0;Регистрация открыта;Регистрация открыта до 21 октября;Регистрация: До 21 окт;Опубликован;"Регистрация
До 21 окт";Обновлено 6 июля;https://olimpiada.ru/activity/153;I;информатика;"Проект РСОШ 2026/27; не утвержден на 24.09.2026";https://www.garant.ru/products/ipo/prime/doc/56963051/;24.09.2026;"Национальный исследовательский университет Высшая школа экономики; →";"olymp.hse.ru/...; olymp@hse.ru";"Положение и регламент; →";В 2013 году перечень соревнований «Высшей пробы» пополнился олимпиадой по информатике. На нее приглашаются школьники 9-11 классов. .. Задачи первого этапа определяют общий уровень знаний участников в области информатики. Кроме того, выявляются навыки алгоритмического подхода к решению нетрадиционных задач. Задания, предлагаемые участникам второго этапа олимпиады, предполагают написание программного кода и проведение тестирования в режиме реального времени.;Личная | Участник самостоятельно выполняет задания | Очно-заочная | Нужно пройти дистанционный отбор, чтобы участвовать в очном финале;Объединение: Олимпиада «Высшая проба»;https://olimpiada.ru/activity/153
5907;Олимпиада «Высшая проба» по промышленному программированию;Информатика;9–11 классы;9.0;11.0;Очно-заочная;Личная;7.0;Регистрация открыта;Регистрация открыта до 21 октября;Регистрация: До 21 окт;Опубликован;"Регистрация
До 21 окт";Обновлено 6 июля;https://olimpiada.ru/activity/5907;II;промышленное программирование;"Проект РСОШ 2026/27; не утвержден на 24.09.2026";https://www.garant.ru/products/ipo/prime/doc/56963051/;24.09.2026;"Национальный исследовательский университет Высшая школа экономики; →";"olymp.hse.ru/...; olymp@hse.ru";"Положение и регламент; →";К участию в олимпиаде приглашают всех желающих учеников 9-11 классов. Школьников ждут задания как на теорию, так и на практику. .. Для решения задач потребуются знания основ одного из языков программирования (Python, Go, C++ или Java), навыки работы с данными в форматах JSON, XML или CSV, базами данных и SQL, а также понимание того, как работают интернет-протокол HTTP и верстка на HTML и CSS. Также пригодятся: основы параллельного программирования, понимание протоколов передачи данных TCP и UDP, теоретические знания в области компьютерных наук.;Личная | Участник самостоятельно выполняет задания | Очно-заочная | Нужно пройти дистанционный отбор, чтобы участвовать в очном финале;Объединение: Олимпиада «Высшая проба»;https://olimpiada.ru/activity/5907
5481;Олимпиада «Гранит науки» по информатике;Информатика;9–11 классы;9.0;11.0;Очно-заочная;Личная;8.3;Этап запланирован;Отборочный этап начнется 5 октября;"Отборочный этап: 5 окт—13 янв
Заключительный этап: 6 фев";Опубликован;"Отборочный этап
5 окт—13 янв
Заключительный этап
6 фев";Обновлено 27 августа;https://olimpiada.ru/activity/5481;II;информатика;"Проект РСОШ 2026/27; не утвержден на 24.09.2026";https://www.garant.ru/products/ipo/prime/doc/56963051/;24.09.2026;"ФГБОУ ВО Санкт-Петербургский горный университет; →";"ogn.spmi.ru; abitur@spmi.ru";"Положение; →; Регламент";;Личная | Участник самостоятельно выполняет задания | Очно-заочная | Нужно пройти дистанционный отбор, чтобы участвовать в очном финале;Объединение: Олимпиада «Гранит науки»;https://olimpiada.ru/activity/5481
5178;Олимпиада «Миссия выполнима. Твое призвание - финансист!» по информатике;Информатика;8–11 классы;8.0;11.0;Очно-заочная;Личная;7.8;Текущий статус не указан;Регистрация на отборочный этап открыта до 30 ноября;"Регистрация на отборочный этап: До 30 ноя
Отборочный этап: 3—4 дек";Опубликован;"Регистрация на отборочный этап
До 30 ноя
Отборочный этап
3—4 дек";Обновлено 14 сентября;https://olimpiada.ru/activity/5178;—;;Этот профиль не найден в проекте РСОШ 2026/27;https://rsr-olymp.ru/news/123;24.09.2026;"Финансовый университет при Правительстве Российской Федерации; →";"mission.fa.ru; olymp@fa.ru";;;Личная | Участник самостоятельно выполняет задания | Очно-заочная | Нужно пройти дистанционный отбор, чтобы участвовать в очном финале;Объединение: Олимпиада «Миссия выполнима. Твое призвание – финансист!»;https://olimpiada.ru/activity/5178
5881;Олимпиада «Росатом» по информатике;Информатика;9–11 классы;9.0;11.0;Очно-заочная;Личная;7.5;Следующий цикл ожидается;Следующая олимпиада ожидается в ноябре 2026 года;Следующая олимпиада: Следующая олимпиада ожидается в ноябре 2026 года;Частично заполнен по текущему статусу;Расписание олимпиады в этом году пока не известно;;https://olimpiada.ru/activity/5881;I;информатика;"Проект РСОШ 2026/27; не утвержден на 24.09.2026";https://www.garant.ru/products/ipo/prime/doc/56963051/;24.09.2026;"Национальный исследовательский ядерный университет «МИФИ»; →";"olymp.mephi.ru/...; olympiad@mephi.ru";"Регламент; →";Соревнование проводится для учеников 9-11 классов в два этапа: отборочный и заключительный. .. Отборочный этап проходит в заочном формате. Школьников, успешно прошедших отбор, пригласят в финал.;Личная | Участник самостоятельно выполняет задания | Очно-заочная | Нужно пройти дистанционный отбор, чтобы участвовать в очном финале;Объединение: Физико-математическая олимпиада «Росатом»;https://olimpiada.ru/activity/5881
5843;Олимпиада «Учись строить будущее» по информатике и ИКТ;Информатика;10–11 классы;10.0;11.0;Очно-заочная;Личная;6.0;Следующий цикл ожидается;Следующее соревнование ожидается в ноябре 2026 года;Следующее соревнование: Следующее соревнование ожидается в ноябре 2026 года;Частично заполнен по текущему статусу;Расписание олимпиады в этом году пока не известно;;https://olimpiada.ru/activity/5843;—;;Точное соответствие проекту РСОШ 2026/27 не найдено;https://rsr-olymp.ru/news/123;24.09.2026;"Московский государственный строительный университет; →";"mgsu.ru/...; olimp@mgsu.ru";"Положение и регламент; →";;Личная | Участник самостоятельно выполняет задания | Очно-заочная | Нужно пройти дистанционный отбор, чтобы участвовать в очном финале;Объединение: Олимпиада «Учись строить будущее»;https://olimpiada.ru/activity/5843
5898;Олимпиада «Физтех.Код будущего»;Информатика;7–11 классы;7.0;11.0;Очно-заочная;Личная;7.2;Регистрация открыта;Отборочный этап пройдет с 28 сентября до 5 ноября. Регистрация открыта;"I отборочный этап: 28 сен—5 ноя
Регистрация: До 30 сен
II отборочный этап: 20 ноя—25 янв";Опубликован;"I отборочный этап
28 сен—5 ноя
Регистрация
До 30 сен
II отборочный этап
20 ноя—25 янв";Обновлено 17 сентября;https://olimpiada.ru/activity/5898;II;информатика и программирование;"Проект РСОШ 2026/27; не утвержден на 24.09.2026";https://www.garant.ru/products/ipo/prime/doc/56963051/;24.09.2026;"Московский физико-технический институт; Высшая школа экономики; Московский политехнический университет; Омский государственный технический университет; Санкт-Петербургский политехнический университет Петра Великого; Алтайский государственный университет; Алтайский государственный технический университет им. И. И. Ползунова; Балтийский федеральный университет им. И. Канта; Волгоградский государственный университет; Московский технический университет связи и информатики; Новосибирский государственный технический университет; Рыбинский государственный авиационный технический университет имени П. А. Соловьёва; Санкт-Петербургский государственный университет телекоммуникаций им. проф. М. А. Бонч-Бруевича; Сибирский государственный университет телекоммуникаций и информатики; Тамбовский государственный университет имени Г. Р. Державина; МИРЭА – Российский технологический университет; Московский государственный технологический университет «СТАНКИН»; Фирма «1С»";"uc1.1c.ru/...; sc@1c.ru";"Положение и регламент; →";Это направление олимпиады «Физтех» проводится по профилю «информатика и программирование». Участникам предстоит не только выполнить задания по предмету, но и разработать приложение. .. На первый отборочный тур приглашают всех желающих учеников 7-11 классов. Школьники, успешно выполнившие задания и набравшие необходимое количество баллов, проходят во второй тур. По его итогам определяются финалисты состязания. Заключительный этап состоит из двух частей. Предметный тур представляет собой решение участниками олимпиадных предметных задач повышенной сложности. Практический включает себя задачи по промышленному программированию. До 2025 года состязание носило название: Олимпиада по информатике и программированию «Наше будущее».;Личная | Участник самостоятельно выполняет задания | Очно-заочная | Нужно пройти дистанционный отбор, чтобы участвовать в очном финале;Объединение: Олимпиада школьников «Физтех»;https://olimpiada.ru/activity/5898
406;Олимпиада «Шаг в будущее» по информатике;Информатика;8–11 классы;8.0;11.0;Очно-заочная;Личная;7.7;Регистрация открыта;I волна отбора состоится с 23 по 25 октября. Идет регистрация;"I волна отборочного этапа: 23—25 окт
II волна отборочного этапа: 5—7 дек";Опубликован;"I волна отборочного этапа
23—25 окт
II волна отборочного этапа
5—7 дек";Обновлено 16 сентября;https://olimpiada.ru/activity/406;III;информатика;"Проект РСОШ 2026/27; не утвержден на 24.09.2026";https://www.garant.ru/products/ipo/prime/doc/56963051/;24.09.2026;"МГТУ имени Н. Э. Баумана; →";"olymp.bmstu.ru/...; olymp@bmstu.ru";"Положение и регламент; →";Соревнование проводится для учеников 8-11 классов в два этапа: отборочный и заключительный. .. Олимпиада включает блок ситуационных задач повышенной сложности, требующий применения как инженерных навыков и способностей применять методы программирования к решению «физических» задач, так и познаний в отдельных областях, связанных с промышленной разработкой программного обеспечения.;Личная | Участник самостоятельно выполняет задания | Очно-заочная | Нужно пройти дистанционный отбор, чтобы участвовать в очном финале;Объединение: Олимпиада «Шаг в будущее»;https://olimpiada.ru/activity/406
209;Олимпиада «Юные таланты» по информатике;Информатика;9–11 классы;9.0;11.0;Очно-заочная;Личная;7.5;Итоги опубликованы;"Опубликованы итоги; следующее соревнование ожидается в марте 2027 года";"Следующее соревнование: Опубликованы итоги; следующее соревнование ожидается в марте 2027 года";Частично заполнен по текущему статусу;Расписание олимпиады в этом году пока не известно;;https://olimpiada.ru/activity/209;—;;Этот профиль не найден в проекте РСОШ 2026/27;https://rsr-olymp.ru/news/123;24.09.2026;"Пермский государственный национальный исследовательский университет; →";"olymp.psu.ru/...; kontestinf@gmail.com; oinfa@ya.ru";"Положение; →";;Личная | Участник самостоятельно выполняет задания | Очно-заочная | Нужно пройти дистанционный отбор, чтобы участвовать в очном финале;Объединение: Многопредметная олимпиада «Юные таланты»;https://olimpiada.ru/activity/209
5200;Олимпиада Северо-Кавказского федерального университета «45 параллель» по информатике;Информатика;5–11 классы;5.0;11.0;Очно-заочная;Личная;6.6;Этап запланирован;Отборочный этап пройдет с 1 октября по 20 февраля;"Отборочный этап: 1 окт—20 фев
Финал: 3 апр";Опубликован;"Отборочный этап
1 окт—20 фев
Финал
3 апр";Обновлено 31 августа;https://olimpiada.ru/activity/5200;—;;Точное соответствие проекту РСОШ 2026/27 не найдено;https://rsr-olymp.ru/news/123;24.09.2026;Северо-Кавказский федеральный университет;"parallel45.olymp.ncfu.ru; olimpiadastav@mail.ru";"Положение и регламент; →";;Личная | Участник самостоятельно выполняет задания | Очно-заочная | Нужно пройти дистанционный отбор, чтобы участвовать в очном финале;Объединение: Олимпиада Северо-Кавказского федерального университета «45 параллель»;https://olimpiada.ru/activity/5200
5729;Олимпиада Учи.ру по информатике;Информатика;1–11 классы;1.0;11.0;Дистанционная;Личная;7.9;Идёт этап;Первый тур проходит до 28 сентября;"I тур: До 28 сен
II тур: 24 ноя";Опубликован;"I тур
До 28 сен
II тур
24 ноя";Обновлено 31 августа;https://olimpiada.ru/activity/5729;—;;Точное соответствие проекту РСОШ 2026/27 не найдено;https://rsr-olymp.ru/news/123;24.09.2026;"Учи.ру; →";"informatics.uchi.ru; support@uchi.ru";"Правила; →";Участие в олимпиаде знакомит школьнико с основами информатики. Проверить свои знания могут все желающие ученики 1-11 классов. .. С помощью интерактивных заданий школьники тренируют логическое, структурное и алгоритмическое мышление, учатся систематизировать большие объемы информации, искать наиболее рациональное решение, раскладывать задачи на элементы и выявлять среди них ключевые. Для участия нужно зарегистрироваться, сделать это могут учителя или родители. На выполнение заданий отводится один час. Результаты станут известны сразу после окончания олимпиады.;Личная | Участник самостоятельно выполняет задания | Дистанционная | Можно участвовать не выходя из дома, достаточно иметь компьютер с доступом в интернет;Объединение: Олимпиады Учи.ру;https://olimpiada.ru/activity/5729
5849;Олимпиада Яндекс Учебника по информатике;Информатика;5–11 классы;5.0;11.0;Дистанционная;Личная;6.8;Информация ожидается;Ожидается информация от организаторов;Обновление информации: ожидается информация от организаторов;Частично заполнен по текущему статусу;Расписание олимпиады в этом году пока не известно;;https://olimpiada.ru/activity/5849;—;;Точное соответствие проекту РСОШ 2026/27 не найдено;https://rsr-olymp.ru/news/123;24.09.2026;"Яндекс Учебник; →";"education.yandex.ru/...; olymp@education.yandex.ru";;Соревнование проводится онлайн для всех желающих учеников 5-11 классов. Выполняя интерактивные задания, школьники пробуют использовать математику для решения нестандартных задач, программируют несложные команды для роботов и применяют на практике навыки логики, тестирования, алгоритмического мышления, декомпозиции и геометрической интуиции. .. Олимпиада проводится в два тура. Участвовать могут ученики с любым уровнем подготовки. В первом туре учеников ждут задания из трех блоков. Ребятам предстоит решить логические задачи, запрограммировать робота и написать код на Python. Для решения первой группы заданий не потребуются углубленные знания по информатике, но предстоит разобраться в вопросах, выходящих за рамки обычной школьной программы. Во второй части школьники будут разрабатывать команды для ровера из готовых блоков, а в третьей – напишут несколько программ на Python. Школьники, набравшие больше всего баллов, пройдут во второй тур. На нем ученикам предстоит пройти обучение, выполнить тематические задания и создать собственный дашборд – интерактивную информационную модель Yandex DataLens, которая наглядно представляет, визуализирует, объясняет и анализирует данные.;Личная | Участник самостоятельно выполняет задания | Дистанционная | Можно участвовать не выходя из дома, достаточно иметь компьютер с доступом в интернет;Каталог /activities;https://olimpiada.ru/activity/5849
6964;Олимпиада по информатике «Кубок Яндекс Образования»;Информатика;5–11 классы;5.0;11.0;Очно-заочная;Личная;6.4;Информация ожидается;Информация о следующей олимпиаде ожидается в октябре 2026 года;Обновление информации: ожидается в октябре 2026 года;Частично заполнен по текущему статусу;Расписание олимпиады в этом году пока не известно;;https://olimpiada.ru/activity/6964;—;;Точное соответствие проекту РСОШ 2026/27 не найдено;https://rsr-olymp.ru/news/123;24.09.2026;"Яндекс Образование; Яндекс Учебник; Яндекс Лицей";"education.yandex.ru/...; education.sup@yandex.ru";;Трехэтапное образовательное соревнование для школьников, которое развивает алгоритмическое мышление и учит решать нестандартные задачи. .. Первый этап проходит онлайн для всех желающих учеников 5-11 классов. Состязание включает задачи на логику и алгоритмы, ребят ждет программирование в Blockly и Python. Школьники из 8-11 классов, успешно справившиеся с заданиями, приглашаются на следующее испытание, которое тоже пройдет в онлайн-формате и представляет собой индивидуальные задания с автоматической проверкой. 100 победителей второго этапа пройдут в финал. Он проходит в Москве, где участникам предстоит выполнить не только индивидуальные задания, но и пройти командный хакатон.;Личная | Участник самостоятельно выполняет задания | Очно-заочная | Нужно пройти дистанционный отбор, чтобы участвовать в очном финале;Каталог /activities;https://olimpiada.ru/activity/6964
5708;Олимпиада по информатике имени Мстислава Келдыша;Информатика;5–8 классы;5.0;8.0;Очная;Личная;7.3;Информация ожидается;Информация о следующей олимпиаде ожидается в апреле 2027 года;Обновление информации: ожидается в апреле 2027 года;Частично заполнен по текущему статусу;Расписание олимпиады в этом году пока не известно;;https://olimpiada.ru/activity/5708;—;;Точное соответствие проекту РСОШ 2026/27 не найдено;https://rsr-olymp.ru/news/123;24.09.2026;"Образовательный центр «Сириус»; Центр педагогического мастерства г. Москвы; Т-Банк";"keldysh.siriusolymp.ru; olymp@sirius.online";"Положение; →";Олимпиада проводится очно для учеников 5-8 классов. На нее приглашаются школьники, набравшие необходимое количество баллов на выводящих соревнованиях. .. На олимпиаду приглашают учеников по итогам муниципального этапа Всероссийской олимпиады школьников по информатике, региональных олимпиад по информатике, отбора на образовательную программу «Информатика.Юниоры» в образовательном центре «Сириус», а также победителей и призеров регионального этапа олимпиады Келдыша прошлого года. Соревнование включает два этапа: региональный и заключительный. Первый может состоять из нескольких туров. В финале школьникам нужно решить 4-6 задач за четыре часа.;Личная | Участник самостоятельно выполняет задания | Очная | Для участия нужно прийти в заранее известное место проведения;Каталог /activities;https://olimpiada.ru/activity/5708
5371;Олимпиада по программированию «Технокубок»;Информатика;8–11 классы;8.0;11.0;Очно-заочная;Личная;7.9;Следующий цикл ожидается;Следующее соревнование начнется в ноябре 2026 года;Следующее соревнование: Следующее соревнование начнется в ноябре 2026 года;Частично заполнен по текущему статусу;Расписание олимпиады в этом году пока не известно;;https://olimpiada.ru/activity/5371;I;информатика и программирование;"Проект РСОШ 2026/27; не утвержден на 24.09.2026";https://www.garant.ru/products/ipo/prime/doc/56963051/;24.09.2026;"Московский физико-технический институт; →; Московский государственный технический университет имени Н. Э. Баумана; VK Education";"techno-cup.ru; technocup@cups.online";"Положение; →; Регламент";«Технокубок» – олимпиада по программированию для школьников 8-11 классов. Проводится с 2015 года. .. Соревнование проходит в два этапа: отборочный – в заочной форме на платформе All Cups, заключительный – очно на площадках организаторов и дистанционно. Первый этап проводится в несколько раундов. Можно участвовать в любом из них, засчитывается самая удачная попытка. Для новичков организованы ознакомительные раунды. К участию в заключительном этапе допускаются победители и призеры отборочного. Для решения олимпиадных задач необходимо знать различные алгоритмы и уметь их эффективно реализовать с использованием различных структур данных. Формат состязаний приближен к международным студенческим соревнованиям по спортивному программированию.;Личная | Участник самостоятельно выполняет задания | Очно-заочная | Нужно пройти дистанционный отбор, чтобы участвовать в очном финале;Каталог /activities;https://olimpiada.ru/activity/5371
343;Олимпиада школьников «Ломоносов» по информатике;Информатика;7–11 классы;7.0;11.0;Очно-заочная;Личная;8.0;Расписание не опубликовано;Расписание следующей олимпиады ожидается в октябре 2026 года;Публикация расписания: ожидается в октябре 2026 года;Частично заполнен по текущему статусу;Расписание олимпиады в этом году пока не известно;;https://olimpiada.ru/activity/343;II;информатика;"Проект РСОШ 2026/27; не утвержден на 24.09.2026";https://www.garant.ru/products/ipo/prime/doc/56963051/;24.09.2026;"Московский государственный университет имени М. В. Ломоносова; →; Факультет вычислительной математики и кибернетики МГУ";"olymp.msu.ru; pk@cs.msu.su";"Положение; →; Регламент; Положение об апелляциях";Олимпиада по информатике проводится для учеников 7-11 классов. Состязание традиционно проводится в два этапа: отборочный и заключительный. .. Задачи разрабатывались с целью выявить школьников, имеющих склонность к информатике и ИКТ. Особенностью задач по информатике является их текстовый характер. Участник должен прочитать и правильно понять текст задания, извлечь из него необходимую информацию, формализовать информацию в виде модели и решить полученную задачу. Использование прикладных программ или написание собственной программы может упростить решение задачи. Школьникам могут быть предложены задачи на составление программы, поиск входных данных программы по выходным, поиск ошибки в исходном коде на одном из языков программирования, обработку тестовых данных, которую трудно выполнить вручную.;Личная | Участник самостоятельно выполняет задания | Очно-заочная | Нужно пройти дистанционный отбор, чтобы участвовать в очном финале;Объединение: Олимпиада школьников «Ломоносов»;https://olimpiada.ru/activity/343
5648;Олимпиада школьников «Путь к успеху» по информатике;Информатика;9–11 классы;9.0;11.0;Очно-заочная;Личная;7.3;Итоги опубликованы;"Опубликованы итоги; следующее соревнование ожидается в ноябре 2026 года";"Следующее соревнование: Опубликованы итоги; следующее соревнование ожидается в ноябре 2026 года";Частично заполнен по текущему статусу;Расписание олимпиады в этом году пока не известно;;https://olimpiada.ru/activity/5648;—;;Точное соответствие проекту РСОШ 2026/27 не найдено;https://rsr-olymp.ru/news/123;24.09.2026;"Магнитогорский государственный технический университет имени Г. И. Носова; →";"molimp.magtu.ru; fdp_magtu@mail.ru";"Положение; →";Олимпиада «Путь к успеху» по информатике проводится в два тура. Участвовать в соревновании могут все желающие школьники 9-11 классов и учащиеся 1-3 курсов средних профессиональных учреждений. ..;Личная | Участник самостоятельно выполняет задания | Очно-заочная | Нужно пройти дистанционный отбор, чтобы участвовать в очном финале;Объединение: Многопрофильная олимпиада школьников «Путь к успеху»;https://olimpiada.ru/activity/5648
4337;Олимпиада школьников по информатике и программированию;Информатика;11 класс;11.0;11.0;Очно-заочная;Личная;9.0;Итоги опубликованы;"Опубликованы итоги; следующее соревнование ожидается в феврале 2027 года";"Следующее соревнование: Опубликованы итоги; следующее соревнование ожидается в феврале 2027 года";Частично заполнен по текущему статусу;Расписание олимпиады в этом году пока не известно;;https://olimpiada.ru/activity/4337;I;информатика и программирование;"Проект РСОШ 2026/27; не утвержден на 24.09.2026";https://www.garant.ru/products/ipo/prime/doc/56963051/;24.09.2026;"Национальный исследовательский университет ИТМО; →";neerc.ifmo.ru/...;;Олимпиада школьников по информатике и программированию является личным соревнованием. Прошлое название – Индивидуальная олимпиада школьников по информатике и программированию (ИОИП). .. К участию в олимпиаде приглашаются учащиеся 11 класса из России и выпускных классов других государств. Условия задач предлагаются на русском языке. Состязания проводятся по правилам Всероссийской олимпиады школьников по информатике. Время тура – 5 часов.;Личная | Участник самостоятельно выполняет задания | Очно-заочная | Нужно пройти дистанционный отбор, чтобы участвовать в очном финале;Каталог /activities;https://olimpiada.ru/activity/4337
5711;Отборочная региональная олимпиада Тюменской области по программированию;Информатика;1–11 классы;1.0;11.0;Очная;Командная;5.0;Следующий цикл ожидается;Следующее соревнование ожидается в декабре 2026 года;Следующее соревнование: Следующее соревнование ожидается в декабре 2026 года;Частично заполнен по текущему статусу;Расписание олимпиады в этом году пока не известно;;https://olimpiada.ru/activity/5711;—;;Точное соответствие проекту РСОШ 2026/27 не найдено;https://rsr-olymp.ru/news/123;24.09.2026;;fmschool72.ru/...;;;Командная | Участники выполняют задания вместе и борются за общий результат | Очная | Для участия нужно прийти в заранее известное место проведения;Объединение: Всероссийская командная олимпиада школьников по программированию;https://olimpiada.ru/activity/5711
5086;Открытая Всесибирская олимпиада по программированию им. И.В. Поттосина;Информатика;1–11 классы;1.0;11.0;Очно-заочная;Командная;7.8;Расписание не опубликовано;Расписание следующей олимпиады ожидается в сентябре 2026 года;Публикация расписания: ожидается в сентябре 2026 года;Частично заполнен по текущему статусу;Расписание олимпиады в этом году пока не известно;;https://olimpiada.ru/activity/5086;—;;Точное соответствие проекту РСОШ 2026/27 не найдено;https://rsr-olymp.ru/news/123;24.09.2026;"Новосибирский государственный университет; →; Сибирское отделение РАН; Институт систем информатики СО РАН";"olympic.nsu.ru; nsu_jury@gorodok.net";;Соревнование по программированию для всех желающих школьников и студентов. Олимпиада проводится в два тура. .. Первый тур – дистанционный. Правила схожи с международной олимпиадой АСМ ICPC по программированию. Второй, очный, тур проводится в Новосибирске на базе НГУ. Команда может использовать только один компьютер с выходом в Интернет (FTP, HTTP). Рабочими языками олимпиады являются Pascal, C/С++, Java. Решения участников проверяются автоматизированной системой.;Командная | Участники выполняют задания вместе и борются за общий результат | Очно-заочная | Нужно пройти дистанционный отбор, чтобы участвовать в очном финале;Каталог /activities;https://olimpiada.ru/activity/5086
23;Открытая олимпиада по программированию;Информатика;5–11 классы;5.0;11.0;Очно-заочная;Личная;8.4;Расписание не опубликовано;Расписание следующей олимпиады ожидается в ноябре 2026 года;Публикация расписания: ожидается в ноябре 2026 года;Частично заполнен по текущему статусу;Расписание олимпиады в этом году пока не известно;;https://olimpiada.ru/activity/23;I;информатика и программирование;"Проект РСОШ 2026/27; не утвержден на 24.09.2026";https://www.garant.ru/products/ipo/prime/doc/56963051/;24.09.2026;"Департамент образования и науки города Москвы; →; Московский физико-технический институт; Высшая школа экономики";"inf-open.ru; contact@inf-open.ru";;Олимпиада проводится с 2002 года для всех желающих школьников, увлекающихся программированием. Состязание состоит из отборочного и заключительного этапов. .. Отбор проводится в один тур: длинный, который включает 9 задач. По его итогам школьников приглашают на финал. По сложности задач и уровню участников соревнование не уступает заключительному этапу Всероссийской олимпиады школьников по информатике.;Личная | Участник самостоятельно выполняет задания | Очно-заочная | Нужно пройти дистанционный отбор, чтобы участвовать в очном финале | Как проверяют работы | Задания проверяют автоматически, с помощью тестирующей системы | Правила игры | Возможные языки программирования: C, C++, Pascal, Java, Python. Полный список определяется организаторами | История | В 2002-2006 годах проводилась как заочный тур Московской олимпиады по информатике | МОШ по информатике →;Каталог /activities;https://olimpiada.ru/activity/23
5185;Открытая олимпиада по программированию «Когнитивные технологии»;Информатика;7–11 классы;7.0;11.0;Очно-заочная;Личная;8.2;Итоги опубликованы;"Опубликованы итоги; следующее соревнование ожидается в ноябре 2026 года";"Следующее соревнование: Опубликованы итоги; следующее соревнование ожидается в ноябре 2026 года";Частично заполнен по текущему статусу;Расписание олимпиады в этом году пока не известно;;https://olimpiada.ru/activity/5185;II;информатика и программирование;"Проект РСОШ 2026/27; не утвержден на 24.09.2026";https://www.garant.ru/products/ipo/prime/doc/56963051/;24.09.2026;"Университет науки и технологий МИСИС; →; Московский физико-технический институт";"olymp.misis.ru; cognitive@misis.ru";"Положение; →; Регламент";Олимпиада по программированию проводится для учеников 7-11 классов. Соревнование включает два этапа: заочный отборочный и очный заключительный. .. Для успешного выполнения заданий нужно не только знать базовые алгоритмы и структуры данных, но и уметь применять их при разработке программ, уметь разрабатывать собственные методы решения задач, а также знать и использовать математические методы, уметь решать геометрические задачи, применять методы комбинаторики и математической логики.;Личная | Участник самостоятельно выполняет задания | Очно-заочная | Нужно пройти дистанционный отбор, чтобы участвовать в очном финале;Каталог /activities;https://olimpiada.ru/activity/5185
4357;Открытая олимпиада школьников (информатика);Информатика;5–11 классы;5.0;11.0;Очно-заочная;Личная;8.8;Итоги опубликованы;"Опубликованы результаты; следующее соревнование ожидается в декабре 2026 года";"Следующее соревнование: Опубликованы результаты; следующее соревнование ожидается в декабре 2026 года";Частично заполнен по текущему статусу;Расписание олимпиады в этом году пока не известно;;https://olimpiada.ru/activity/4357;I;информатика;"Проект РСОШ 2026/27; не утвержден на 24.09.2026";https://www.garant.ru/products/ipo/prime/doc/56963051/;24.09.2026;"Национальный исследовательский университет ИТМО; →";"olymp.itmo.ru; olymp_support@itmo.ru";"Положение; →; Регламент; Методические рекомендации";Открытая олимпиада школьников (информатика) проводится для учащихся 5-11 классов по информатике. Включает два этапа: отборочный и заключительный. .. Отборочный этап проходит в два тура для 5-9 классов и в три тура для 10-11 классов. Школьники, успешно прошедшие отбор, а также победители и призеры олимпиады прошлого года приглашаются на заключительный этап. Финал планируется проводить в очном формате.;Личная | Участник самостоятельно выполняет задания | Очно-заочная | Нужно пройти дистанционный отбор, чтобы участвовать в очном финале;Каталог /activities;https://olimpiada.ru/activity/4357
6974;Открытая региональная межвузовская олимпиада школьников по информатике;Информатика;8–11 классы;8.0;11.0;Очно-заочная;Личная;6.0;Следующий цикл ожидается;Следующее соревнование начнется в октябре;Следующее соревнование: Следующее соревнование начнется в октябре;Частично заполнен по текущему статусу;Расписание олимпиады в этом году пока не известно;;https://olimpiada.ru/activity/6974;—;;Этот профиль не найден в проекте РСОШ 2026/27;https://rsr-olymp.ru/news/123;24.09.2026;"Национальный исследовательский Томский государственный университет; →; Национальный исследовательский Томский политехнический университет; Томский государственный университет систем управления и радиоэлектроники; Сибирский государственный медицинской университет; Томский государственный архитектурно-строительный университет; Томский государственный педагогический университет";"abiturient.tsu.ru/...; ormo@mail.tsu.ru";"Положение; →; Регламент";;Личная | Участник самостоятельно выполняет задания | Очно-заочная | Нужно пройти дистанционный отбор, чтобы участвовать в очном финале;Объединение: Открытая региональная межвузовская олимпиада школьников;https://olimpiada.ru/activity/6974
4351;Пермская региональная олимпиада школьников по программированию;Информатика;5–11 классы;5.0;11.0;Очная;Командная;5.6;Следующий цикл ожидается;Следующее соревнование ожидается в декабре 2026 года;Следующее соревнование: Следующее соревнование ожидается в декабре 2026 года;Частично заполнен по текущему статусу;Расписание олимпиады в этом году пока не известно;;https://olimpiada.ru/activity/4351;—;;Точное соответствие проекту РСОШ 2026/27 не найдено;https://rsr-olymp.ru/news/123;24.09.2026;;"ijudge.ru; aydarov@psu.ru";;;Командная | Участники выполняют задания вместе и борются за общий результат | Очная | Для участия нужно прийти в заранее известное место проведения;Объединение: Всероссийская командная олимпиада школьников по программированию;https://olimpiada.ru/activity/4351
5015;Плехановская олимпиада по информатике;Информатика;8–11 классы;8.0;11.0;Очно-заочная;;6.9;Следующий цикл ожидается;Следующее соревнование начнется в октябре;Следующее соревнование: Следующее соревнование начнется в октябре;Частично заполнен по текущему статусу;Расписание олимпиады в этом году пока не известно;;https://olimpiada.ru/activity/5015;—;;Этот профиль не найден в проекте РСОШ 2026/27;https://rsr-olymp.ru/news/123;24.09.2026;РЭУ имени Г.В. Плеханова;"rea.ru/...; olymp@rea.ru";;;Очно-заочная | Нужно пройти дистанционный отбор, чтобы участвовать в очном финале;Объединение: Плехановская олимпиада школьников;https://olimpiada.ru/activity/5015
4340;Региональная командная олимпиада Центрального региона по программированию;Информатика;1–11 классы;1.0;11.0;Очная;Командная;5.6;Следующий цикл ожидается;Следующее соревнование ожидается в декабре 2026 года;Следующее соревнование: Следующее соревнование ожидается в декабре 2026 года;Частично заполнен по текущему статусу;Расписание олимпиады в этом году пока не известно;;https://olimpiada.ru/activity/4340;—;;Точное соответствие проекту РСОШ 2026/27 не найдено;https://rsr-olymp.ru/news/123;24.09.2026;;acm.uniyar.ac.ru;;Олимпиада является домашним очным отбором на Всероссийскую командную олимпиаду школьников по программированию (ВКОШП) для учащихся Ярославской области. .. Принять участие могут все желающие учащиеся, независимо от возраста. Единственное требование − заблаговременно подать заявку. Лучшие коллективы отправятся на финал ВКОШП. Их количество или квота определяется каждый год центральным оргкомитетом.;Командная | Участники выполняют задания вместе и борются за общий результат | Очная | Для участия нужно прийти в заранее известное место проведения;Объединение: Всероссийская командная олимпиада школьников по программированию;https://olimpiada.ru/activity/4340
5606;Саратовский командный турнир по программированию;Информатика;1–11 классы;1.0;11.0;Очная;Командная;7.0;Следующий цикл ожидается;Следующее соревнование ожидается в декабре 2026 года;Следующее соревнование: Следующее соревнование ожидается в декабре 2026 года;Частично заполнен по текущему статусу;Расписание олимпиады в этом году пока не известно;;https://olimpiada.ru/activity/5606;—;;Точное соответствие проекту РСОШ 2026/27 не найдено;https://rsr-olymp.ru/news/123;24.09.2026;"Саратовский государственный университет имени Н. Г. Чернышевского; →";"vkoshp.sgu.ru; SemenovaTV@gmail.com";;Региональный очный отбор на ВКОШП в Саратовской области. Команды-участницы могут состоять из учеников любых возрастов.;Командная | Участники выполняют задания вместе и борются за общий результат | Очная | Для участия нужно прийти в заранее известное место проведения;Объединение: Всероссийская командная олимпиада школьников по программированию;https://olimpiada.ru/activity/5606
5308;Северо-Восточная олимпиада по информатике;Информатика;10–11 классы;10.0;11.0;Очно-заочная;Личная;6.9;Следующий цикл ожидается;Следующее соревнование начнется в ноябре 2026 года;Следующее соревнование: Следующее соревнование начнется в ноябре 2026 года;Частично заполнен по текущему статусу;Расписание олимпиады в этом году пока не известно;;https://olimpiada.ru/activity/5308;—;;Этот профиль не найден в проекте РСОШ 2026/27;https://rsr-olymp.ru/news/123;24.09.2026;"Северо-Восточный федеральный университет имени М. К. Аммосова; →";"olympiadsvosh.s-vfu.ru/...; svosh.s-vfu@mail.ru";"Положение; →; Регламент";;Личная | Участник самостоятельно выполняет задания | Очно-заочная | Нужно пройти дистанционный отбор, чтобы участвовать в очном финале;Объединение: Северо-Восточная олимпиада;https://olimpiada.ru/activity/5308
54;Турнир Архимеда по программированию;Информатика;5–11 классы;5.0;11.0;Очная;Командная;7.3;Расписание не опубликовано;Расписание следующего состязания ожидается в апреле 2027 года;Публикация расписания: ожидается в апреле 2027 года;Частично заполнен по текущему статусу;Расписание олимпиады в этом году пока не известно;;https://olimpiada.ru/activity/54;—;;Точное соответствие проекту РСОШ 2026/27 не найдено;https://rsr-olymp.ru/news/123;24.09.2026;;"arhimedes.org/...; info@arhimedes.org";;Командное соревнование для школьников, только начинающих изучать программирование;Командная | Участники выполняют задания вместе и борются за общий результат | Очная | Для участия нужно прийти в заранее известное место проведения;Каталог /activities;https://olimpiada.ru/activity/54
5718;Ульяновский командный чемпионат школьников по программированию;Информатика;6–11 классы;6.0;11.0;Очно-заочная;Командная;5.0;Следующий цикл ожидается;Следующее соревнование ожидается в декабре 2026 года;Следующее соревнование: Следующее соревнование ожидается в декабре 2026 года;Частично заполнен по текущему статусу;Расписание олимпиады в этом году пока не известно;;https://olimpiada.ru/activity/5718;—;;Точное соответствие проекту РСОШ 2026/27 не найдено;https://rsr-olymp.ru/news/123;24.09.2026;Ассоциация развития информационных технологий Ульяновской области;"ulivt.ru/...; ulivt@ulstu.ru";;Соревнование является региональным этапом Всероссийской командной олимпиады школьников по программированию для учащихся школ Ульяновской области. .. Участие могут принимать школьники из 6-11 классов. В составе команды 3 ученика, не обязательно из одного класса или школы. Перед очным соревнованием необходимо пройти заочный квалификационный отбор.;Командная | Участники выполняют задания вместе и борются за общий результат | Очно-заочная | Нужно пройти дистанционный отбор, чтобы участвовать в очном финале;Объединение: Всероссийская командная олимпиада школьников по программированию;https://olimpiada.ru/activity/5718
398;Университетская олимпиада школьников «Бельчонок» по информатике;Информатика;2–11 классы;2.0;11.0;Очно-заочная;Личная;8.4;Этап запланирован;Отборочный этап пройдет с 1 октября до 12 января;"Отборочный этап: 1 окт—12 янв
Финал: 14 фев";Опубликован;"Отборочный этап
1 окт—12 янв
Финал
14 фев";Обновлено 11 сентября;https://olimpiada.ru/activity/398;III;информатика;"Проект РСОШ 2026/27; не утвержден на 24.09.2026";https://www.garant.ru/products/ipo/prime/doc/56963051/;24.09.2026;Сибирский федеральный университет в лице Довузовского управления СФУ;"dovuz.sfu-kras.ru/...; dovuz@sfu-kras.ru";"Положение и регламент; →";;Личная | Участник самостоятельно выполняет задания | Очно-заочная | Нужно пройти дистанционный отбор, чтобы участвовать в очном финале;Объединение: Университетская олимпиада школьников «Бельчонок»;https://olimpiada.ru/activity/398
226;Уральская командная олимпиада по программированию;Информатика;7–11 классы;7.0;11.0;Очно-заочная;Командная;5.9;Следующий цикл ожидается;Следующее соревнование ожидается в декабре 2026 года;Следующее соревнование: Следующее соревнование ожидается в декабре 2026 года;Частично заполнен по текущему статусу;Расписание олимпиады в этом году пока не известно;;https://olimpiada.ru/activity/226;—;;Точное соответствие проекту РСОШ 2026/27 не найдено;https://rsr-olymp.ru/news/123;24.09.2026;"Уральский федеральный университет; →";"uralsportprog.ru/...; acm30site@gmail.com";;Олимпиада является региональным отбором для учащихся 7-11 классов из Свердловской области на Всероссийскую командную олимпиаду школьников по программированию (ВКОШП). .. Изначально олимпиада проходила в один очный тур, но с 2017 года стал действовать новый порядок. Теперь команды, состоящие из 3 человек, должный сначала пройти онлайн-отбор на основной (очный) тур. Принять участие в соревновании могут также представители других регионов.;Командная | Участники выполняют задания вместе и борются за общий результат | Очно-заочная | Нужно пройти дистанционный отбор, чтобы участвовать в очном финале;Объединение: Всероссийская командная олимпиада школьников по программированию;https://olimpiada.ru/activity/226
180;Всероссийская олимпиада для старшеклассников по финансовой грамотности (Финатлон для старшеклассников);"Информатика; История; Математика; Обществознание; Право; Экономика";6–11 классы;6.0;11.0;Очно-заочная;Личная;8.9;Идёт этап;Отборочный этап проходит до конца ноября;"Регистрация: До 30 ноя
Отборочный этап: до конца ноября
Финал: 6 мар";Опубликован;"Регистрация
До 30 ноя
Отборочный этап
Финал
6 мар";Обновлено 29 мая;https://olimpiada.ru/activity/180;III;финансовая грамотность;"Проект РСОШ 2026/27; не утвержден на 24.09.2026";https://www.garant.ru/products/ipo/prime/doc/56963051/;24.09.2026;"Союз защиты прав потребителей финансовых услуг (ФинПотребСоюз); →; Федеральная служба по надзору в сфере защиты прав потребителей и благополучия человека (Роспотребнадзор); Федеральная служба по финансовому мониторингу (Росфинмониторинг); Институт экономики РАН; Российское движение школьников; Институт фондового рынка и управления (ИФРУ); Национальный институт финансовых рынков и управления (НИФРУ)";"fin-olimp.ru; olimpiada@ifru.ru";"Положение; →; Регламент";"Соревнование проводится для учеников 6-11 классов по двум профилям: финансовая грамотность, экономика и защита прав потребителей финансовых услуг; информатика, цифровые финансовые технологии и финансовая грамотность. .. Отборочный этап проходит дистанционно. Финальные соревнования организуют на региональных площадках в очном формате. Тематика заданий приближена к реальной экономике, в них ставятся актуальные проблемы финансового рынка и защиты прав потребителей финансовых услуг.";Личная | Участник самостоятельно выполняет задания | Очно-заочная | Нужно пройти дистанционный отбор, чтобы участвовать в очном финале;Каталог /activities;https://olimpiada.ru/activity/180
5004;Выездная школа «Комбинаторика и алгоритмы»;"Информатика; Математика";9–11 классы;9.0;11.0;;;7.0;Регистрация откроется позже;Регистрация на следующую смену начнется в июне 2027 года;"Дополнительная дата: Смена-2026
Дополнительная дата: 17—27 авг";Частично опубликован;"Смена-2026
17—27 авг";Обновлено 8 июня;https://olimpiada.ru/activity/5004;—;;Точное соответствие проекту РСОШ 2026/27 не найдено;https://rsr-olymp.ru/news/123;24.09.2026;"Фирма «1C»; →; МФТИ";"combalg.ru/...; combalg@yandex.ru";;Школа организована при поддержке МФТИ и фирмы «1C». Научный руководитель школы – д.ф.-м.н. Андрей Михайлович Райгородский. На занятия приглашаются ученики 9-11 классов. .. Школа направлена на изучение таких разделов математики, как комбинаторика и теория алгоритмов. На занятиях затрагивают теорию графов, теорию информации, вероятностные алгоритмы, задачи комбинаторной геометрии, раскраски и разбиения, теорию информации и другие современные области математики. Все желающие могут реализовать некоторые алгоритмы на компьютере. Для призеров Всероссийских олимпиад по математике и информатике предусмотрены льготы при зачислении на смену.;Льготы при поступлении в МФТИ | Успехи участников школы могут учитываться при приёме в МФТИ;Каталог /activities;https://olimpiada.ru/activity/5004
6961;Московская олимпиада по информационной безопасности;"Информатика; Математика";7–8 классы;7.0;8.0;Очно-заочная;Личная;6.2;Расписание не опубликовано;Ожидается расписание состязания;Публикация расписания: ожидается расписание состязания;Частично заполнен по текущему статусу;Расписание олимпиады в этом году пока не известно;;https://olimpiada.ru/activity/6961;—;;Этот профиль не найден в проекте РСОШ 2026/27;https://rsr-olymp.ru/news/123;24.09.2026;"Департамент образования и науки города Москвы; →";"mos-ib.olimpiada.ru; ib@mosolymp.ru";"Положение; →";Олимпиада по информационной безопасности проводится для школьников 7-8 классов в два этапа: отборочный (дистанционный) и заключительный (очный). .. Участникам нужно хорошо разбираться в математике, информатике и программировании. До 2025/26 учебного года соревнование проводилось в рамках Московской олимпиады по труду (технологии).;Личная | Участник самостоятельно выполняет задания | Очно-заочная | Нужно пройти дистанционный отбор, чтобы участвовать в очном финале;Объединение: Московская олимпиада школьников;https://olimpiada.ru/activity/6961
5783;Олимпиада «ТИИМ – Технологии. Интеллект. Информатика. Математика»;"Информатика; Математика";5–11 классы;5.0;11.0;Очно-заочная;Личная;7.6;Информация ожидается;Информация о регистрации ожидается в октябре 2026 года;"Очный отборочный тур по математике: 7—8 ноя
Дистанционный отборочный тур по математике: 9 ноя—10 янв
Дистанционный отборочный тур по информатике: 23 ноя—10 янв
Заключительный этап по математике: 7 фев
Заключительный этап по информатике: 14 фев";Опубликован;"Очный отборочный тур по математике
7—8 ноя
Дистанционный отборочный тур по математике
9 ноя—10 янв
Дистанционный отборочный тур по информатике
23 ноя—10 янв
Заключительный этап по математике
7 фев
Заключительный этап по информатике
14 фев";Обновлено 31 августа;https://olimpiada.ru/activity/5783;—;;Точное соответствие проекту РСОШ 2026/27 не найдено;https://rsr-olymp.ru/news/123;24.09.2026;Московский технический университет связи и информатики;"тиим.рф; info@тиим.рф";"Порядок проведения по математике; →; Порядок проведения по информатике";Олимпиада по математике проводится для учащихся 5-11 классов, по информатике – для 8-11 классов. Состязание включает два этапа: отборочный и заключительный. .. Для участия надо зарегистрироваться и пройти пробный тест для знакомства с системой. После можно приступать к выполнению заданий отборочного этапа. Состязание может проходить как в очном, так и заочном формате. Участники, успешно прошедшие отбор, приглашаются в финал. Материалы для подготовки к олимпиаде опубликованы на сайте организаторов .;Личная | Участник самостоятельно выполняет задания | Очно-заочная | Нужно пройти дистанционный отбор, чтобы участвовать в очном финале;Каталог /activities;https://olimpiada.ru/activity/5783
5795;Международная олимпиада по финансовой безопасности;"Информатика; Математика; Обществознание; Право; Экономика";8–10 классы;8.0;10.0;Очно-заочная;Личная;7.5;Этап запланирован;Финал пройдет с 27 сентября по 2 октября;"Квалификационный этап: 2—3 сен
Финальный этап: 27 сен—2 окт";Опубликован;"Квалификационный этап
2—3 сен
Финальный этап
27 сен—2 окт";Обновлено 2 февраля;https://olimpiada.ru/activity/5795;I;финансовая безопасность;"Проект РСОШ 2026/27; не утвержден на 24.09.2026";https://www.garant.ru/products/ipo/prime/doc/56963051/;24.09.2026;"Федеральная служба по финансовому мониторингу; →";rosfinolymp.ru;"Положение; →";"Состязание проходит среди учеников 8-10 классов по трем направлениям: математика и информатика (IT, программирование, искусственный интеллект); обществознание и право; экономика. Для участия нужно зарегистрироваться. .. Отборочный этап проходит на площадках организаторов. Победителей приглашают в финал. Целями проведения олимпиады стали повышение информационной, финансовой и правовой грамотности молодежи, содействие их профессиональной ориентации, развитие научных знаний в области финансовой безопасности.";Личная | Участник самостоятельно выполняет задания | Очно-заочная | Нужно пройти дистанционный отбор, чтобы участвовать в очном финале;Каталог /activities;https://olimpiada.ru/activity/5795
5212;Международная Жаутыковская олимпиада школьников;"Информатика; Математика; Физика";10–11 классы;10.0;11.0;Очная;Командная;6.9;Следующий цикл ожидается;Следующее соревнование пройдет в январе 2027 года;Следующее соревнование: Следующее соревнование пройдет в январе 2027 года;Частично заполнен по текущему статусу;Расписание олимпиады в этом году пока не известно;;https://olimpiada.ru/activity/5212;—;;Точное соответствие проекту РСОШ 2026/27 не найдено;https://rsr-olymp.ru/news/123;24.09.2026;;"izho.kz/...; izho@fizmat.kz";;Международная Жаутыковская олимпиада – ежегодное соревнование для учащихся 10-11 классов по информатике, физике и математике. .. Проводится с 2005 года в Казахстане. В олимпиаде принимают участие команды из разных стран, состоящие не более чем из 7 человек: 3 представителя на математику и по 2 на остальные дисциплины, а также 1 или 2 наставника. Задания доступны на русском, казахском и английском языках. Итоги подводятся в личном зачете по каждому из предметов и в командном зачете по общему числу баллов. Число стран-участниц ежегодно растет. В 2017 году задания олимпиады выполняли школьники из 15 государств.;Командная | Участники выполняют задания вместе и борются за общий результат | Очная | Для участия нужно прийти в заранее известное место проведения;Объединение: Международные олимпиады;https://olimpiada.ru/activity/5212
5466;Московская предпрофессиональная олимпиада;"Информатика; Математика; Физика";8–11 классы;8.0;11.0;Очно-заочная;Лично-командная;7.3;Расписание не опубликовано;Ожидается расписание состязания;Публикация расписания: ожидается расписание состязания;Частично заполнен по текущему статусу;Расписание олимпиады в этом году пока не известно;;https://olimpiada.ru/activity/5466;III;предпрофессиональный профиль;"Проект РСОШ 2026/27; не утвержден на 24.09.2026";https://www.garant.ru/products/ipo/prime/doc/56963051/;24.09.2026;"Департамент образования и науки города Москвы; →; Московский политехнический университет; Московский физико-технический институт (государственный университет); Национальный исследовательский технологический университет «МИСиС»; Национальный исследовательский ядерный университет «МИФИ»; Национальный исследовательский центр «Курчатовский институт»; Национальный исследовательский университет «МИЭТ»; Национальный исследовательский университет «Высшая школа экономики»; МИРЭА - Российский технологический университет; Российский университет транспорта (МИИТ); Российский экономический университет имени Г. В. Плеханова; Московский государственный университет пищевых производств";"predprof.olimpiada.ru; predprof@olimpiada.ru";"Положение; →";Московская предпрофессиональная олимпиада – межпредметное соревнование для школьников 8-11 классов. Состязание проводится по трем практикам: «Информационные технологии», «Инженерия» и «Исследования&raquo. .. Олимпиада проходит в два этапа. Отборочный этап состоит из двух дистанционных туров и предусматривает индивидуально-командное участие. В теоретическом туре каждый школьник работает самостоятельно. Ребята выполняют задания по информатике, математике и физике. Набрав нужное количество баллов на теоретическом туре, участник попадает на практический тур. На нем формируются команды, которым организаторы предлагают темы для выполнения кейсовых заданий. Школьникам необходимо подготовить документацию с решением. Заключительный этап также состоит из двух туров, которые проводятся в очном формате. Теоретический тур предполагает индивидуальное решение междисциплинарных задач. Практический тур включает в себя индивидуальное тестирование по практическому заданию и защиту проекта командой.;Лично-командная | Можно участвовать самостоятельно или собрать команду | Очно-заочная | Нужно пройти дистанционный отбор, чтобы участвовать в очном финале;Объединение: Московская олимпиада школьников;https://olimpiada.ru/activity/5466
5736;Олимпиада школьников ПАО «Россети»;"Информатика; Математика; Физика";9–11 классы;9.0;11.0;Очно-заочная;Личная;7.4;Расписание не опубликовано;Расписание следующей олимпиады ожидается в декабре 2026 года;Публикация расписания: ожидается в декабре 2026 года;Частично заполнен по текущему статусу;Расписание олимпиады в этом году пока не известно;;https://olimpiada.ru/activity/5736;—;;Точное соответствие проекту РСОШ 2026/27 не найдено;https://rsr-olymp.ru/news/123;24.09.2026;"ПАО «Россети»; →";"olimpiadarosseti.ru; help-olimpiada@rosseti.ru";"Положение и регламент; →";Олимпиада проводится для учеников 9-11 классов. Участники выполняют задания сразу по трем предметам: математике, физике и информатике. .. Состязание включает два этапа. Для участия нужно зарегистрироваться. Основными целями и задачами олимпиады являются: выявление одаренных, способных к техническому творчеству и инновационному мышлению школьников старших классов, планирующих свою профессиональную деятельность в электроэнергетической отрасли, и вовлечение их в разработку передовых инфраструктурных и технологических проектов.;Личная | Участник самостоятельно выполняет задания | Очно-заочная | Нужно пройти дистанционный отбор, чтобы участвовать в очном финале;Каталог /activities;https://olimpiada.ru/activity/5736
5748;Техническая олимпиада МАИ «Траектория взлета»;"Информатика; Математика; Физика";7–11 классы;7.0;11.0;Дистанционная;Личная;7.5;Регистрация открыта;Отборочный этап пройдет с 14 по 22 ноября, регистрация открыта до 22 ноября;"Отборочный этап: 14—22 ноя
Регистрация на отборочный этап: До 22 ноя
Заключительный этап: 19 дек";Опубликован;"Отборочный этап
14—22 ноя
Регистрация на отборочный этап
До 22 ноя
Заключительный этап
19 дек";Обновлено 11 сентября;https://olimpiada.ru/activity/5748;—;;Точное соответствие проекту РСОШ 2026/27 не найдено;https://rsr-olymp.ru/news/123;24.09.2026;"Московский авиационный институт; →";"pre.mai.ru/...; olimpiada@mai.ru";;Московский авиационный институт проводит олимпиаду для учеников 7-11 классов, проявляющих интерес к сфере высоких технологий. .. Соревнование проходит в два этапа: заочный отборочный и заключительный.;Личная | Участник самостоятельно выполняет задания | Дистанционная | Можно участвовать не выходя из дома, достаточно иметь компьютер с доступом в интернет;Каталог /activities;https://olimpiada.ru/activity/5748
5398;Инженерная олимпиада школьников Центра России;"Информатика; Математика; Физика; Химия";8–11 классы;8.0;11.0;Очно-заочная;Личная;6.9;Следующий цикл ожидается;Следующее соревнование пройдет в феврале 2027 года;Следующее соревнование: Следующее соревнование пройдет в феврале 2027 года;Частично заполнен по текущему статусу;Расписание олимпиады в этом году пока не известно;;https://olimpiada.ru/activity/5398;—;;Точное соответствие проекту РСОШ 2026/27 не найдено;https://rsr-olymp.ru/news/123;24.09.2026;"Липецкий государственный технический университет; →; Белгородский государственный технологический университет им. В.Г. Шухова; Брянский государственный инженерно-технологический университет; Воронежский государственный университет; Воронежский государственный университет инженерных технологий; Курский государственный университет; Орловский государственный университет имени И. С. Тургенева; Тамбовский государственный университет имени Г. Р. Державина; Тамбовский государственный технический университет; Тульский государственный университет; Юго-Западный государственный университет";"vk.com/...; olimpiadalgtu@mail.ru";;Ведущие технические вузы Центральной России ежегодно проводят Инженерную олимпиаду для школьников 8-11 классов. Соревнования проходят отдельно по математике, физике и химии. .. Олимпиада проводится в два этапа: отборочный (два тура) и заключительный. Отборочный этап проходит в очной, очно-заочной или заочной формах. Финальные соревнования только очно на площадках вузов-организаторов.;Личная | Участник самостоятельно выполняет задания | Очно-заочная | Нужно пройти дистанционный отбор, чтобы участвовать в очном финале;Каталог /activities;https://olimpiada.ru/activity/5398
5336;Международная олимпиада школьников «Туймаада»;"Информатика; Математика; Физика; Химия";9–11 классы;9.0;11.0;Очная;Командная;7.3;Следующий цикл ожидается;Следующее соревнование пройдет в июле 2027 года;Следующее соревнование: Следующее соревнование пройдет в июле 2027 года;Частично заполнен по текущему статусу;Расписание олимпиады в этом году пока не известно;;https://olimpiada.ru/activity/5336;—;;Точное соответствие проекту РСОШ 2026/27 не найдено;https://rsr-olymp.ru/news/123;24.09.2026;"Министерство образования Республики Саха (Якутия) Российской Федерации; →; Северо-Восточный федеральный университет имени М. К. Аммосова; Муниципальный район Хангаласский улус";"tuymaada.lensky-kray.ru; olympiadtuymaada@gmail.com";;Соревнования по физике, химии, математике и информатике проходят в Якутске для учеников 9-11 классов;Командная | Участники выполняют задания вместе и борются за общий результат | Очная | Для участия нужно прийти в заранее известное место проведения;Каталог /activities;https://olimpiada.ru/activity/5336
5463;Олимпиада мегаполисов;"Информатика; Математика; Физика; Химия";8–11 классы;8.0;11.0;Очная;Командная;7.5;Расписание не опубликовано;Расписание олимпиады в этом году пока не известно;Не опубликовано;Не опубликован;Расписание олимпиады в этом году пока не известно;;https://olimpiada.ru/activity/5463;—;;Точное соответствие проекту РСОШ 2026/27 не найдено;https://rsr-olymp.ru/news/123;24.09.2026;"Правительство Москвы; →; Департамент образования и науки города Москвы; Полный список";"megapolis.educom.ru; megapolis@edu.mos.ru";;К участию в олимпиаде Мегаполисов приглашаются команды школьников из крупнейших городов и столиц мира. Участниками олимпиады могут стать старшеклассники от 14 до 18 лет. .. Соревнование представляет собой командный турнир по четырем дисциплинам (математика, информатика, химия, физика). Каждый город представляют восемь участников, по двое в каждом предмете. С каждой командой приглашаются три руководителя. Они участвуют в переводе задания на язык команды, поэтому должны владеть английским языком и быть специалистами по предметам олимпиады. Соревнования по физике и химии включают теоретический и практический туры. По математике и информатике оба тура – это решение задач. Задания соответствуют уровню и формату традиционной международной олимпиады. Помимо основных испытаний школьники принимают участие в междисциплинарном блиц-туре, в котором представлены задачи по математике, информатике, химии и физике. Сложность заданий соответствует уровню школьного выпускного экзамена. Результаты блиц-тура не суммируются с результатами олимпиады и не идут в общий зачет. Кроме того, участников олимпиады Мегаполисов ждет обширная культурная программа, благодаря которой они смогут познакомиться с историей и культурным наследием России.;Командная | Участники выполняют задания вместе и борются за общий результат | Очная | Для участия нужно прийти в заранее известное место проведения;Каталог /activities;https://olimpiada.ru/activity/5463
5179;Политехническая олимпиада СПбПУ;"Информатика; Математика; Физика; Химия";9–11 классы;9.0;11.0;Очно-заочная;Личная;7.8;Следующий цикл ожидается;Следующее соревнование ожидается в декабре 2026 года;Следующее соревнование: Следующее соревнование ожидается в декабре 2026 года;Частично заполнен по текущему статусу;Расписание олимпиады в этом году пока не известно;;https://olimpiada.ru/activity/5179;—;;Точное соответствие проекту РСОШ 2026/27 не найдено;https://rsr-olymp.ru/news/123;24.09.2026;;"olymp.spbstu.ru; olymp@spbstu.ru";;;Личная | Участник самостоятельно выполняет задания | Очно-заочная | Нужно пройти дистанционный отбор, чтобы участвовать в очном финале;Каталог /activities;https://olimpiada.ru/activity/5179
5516;Олимпиада «Газпром»;"Информатика; Математика; Физика; Химия; Экономика";9–11 классы;9.0;11.0;Очно-заочная;Личная;8.3;Этап указан;Отборочный этап;"Подготовительный этап: 10—31 окт
Отборочный этап: 1 ноя—15 янв";Опубликован;"Подготовительный этап
10—31 окт
Отборочный этап
1 ноя—15 янв";Обновлено 21 сентября;https://olimpiada.ru/activity/5516;III;инженерные науки / ИКТ / физика;"Проект РСОШ 2026/27; не утвержден на 24.09.2026";https://www.garant.ru/products/ipo/prime/doc/56963051/;24.09.2026;"ПАО Газпром; →; Государственный университет морского и речного флота имени адмирала С. О. Макарова; Казанский национальный исследовательский технологический университет; Московский государственный технический университет имени Н. Э. Баумана; Национальный исследовательский Томский политехнический университет; Санкт-Петербургский горный университет; Российский государственный университет нефти и газа (национальный исследовательский университет) имени И. М. Губкина; Санкт-Петербургский государственный морской технический университет; Санкт-Петербургский государственный экономический университет; Санкт-Петербургский государственный электротехнический университет «ЛЭТИ»; Северо-Восточный федеральный университет имени М. К. Аммосова; Тюменский индустриальный университет; Уфимский государственный нефтяной технический университет; Ухтинский государственный технический университет; Санкт-Петербургский политехнический университет Петра Великого";"olympiad.gazprom.ru; gazprom@etu.ru";"Положение; →; Регламент";«Газпром» совместно с ведущими техническими и экономическими вузами России проводит отраслевую олимпиаду для учеников 9-11 классов по математике, физике, химии, ИКТ, инженерному делу и экономике. .. Соревнования проходят в два этапа: отборочный (дистанционный) и заключительный (очный). К участию в финале допускаются победители и призеры отборочного этапа. Каждый вуз-организатор является также площадкой для написания очного этапа.;Личная | Участник самостоятельно выполняет задания | Очно-заочная | Нужно пройти дистанционный отбор, чтобы участвовать в очном финале;Каталог /activities;https://olimpiada.ru/activity/5516
5815;Национальная олимпиада по анализу данных DANO;"Информатика; Математика; Экономика";9–11 классы;9.0;11.0;Очно-заочная;Лично-командная;7.9;Регистрация открыта;Регистрация открыта до 5 октября;"Регистрация: До 5 окт
Первый отборочный этап: 9—12 окт
Второй отборочный этап: 1 ноя
Заключительный этап: задачный тур: 18 дек
Заключительный этап: проектный тур: 18—23 дек";Опубликован;"Регистрация
До 5 окт
Первый отборочный этап
9—12 окт
Второй отборочный этап
1 ноя
Заключительный этап: задачный тур
18 дек
Заключительный этап: проектный тур
18—23 дек";Обновлено 3 сентября;https://olimpiada.ru/activity/5815;—;;Этот профиль не найден в проекте РСОШ 2026/27;https://rsr-olymp.ru/news/123;24.09.2026;"Национальный исследовательский университет «Высшая школа экономики»; →; Т-Банк; Уральский федеральный университет; Университет Иннополис; Национальный исследовательский университет «ИТМО»; Адыгейский государственный университет; Российская экономическая школа";"dano.hse.ru; info@danocontest.ru";"Регламент; →";Соревнование проводится для учеников 9-11 классов в рамках Всероссийской олимпиады «Высшая проба» и включает три этапа. На первых двух участники выполняют задания индивидуально, а затем смогут поработать в команде. .. Задания первого отборочного этапа направлены на проверку базовых знаний математики и логику. Для участия во втором отборочном этапе понадобятся навыки работы с данными. Эти соревнования проходят онлайн. Далее школьники объединяются в команды, знакомятся с базами данных для анализа и выбирают направление исследования. Заключительный этап состоит из двух туров: задачного и проектного. На первом школьники выполняют олимпиадные задания индивидуально. Второй тур представляет собой устные выступления участников команд с презентацией исследовательских проектов. В библиотеке DANO доступны тренировочные задачи, видеоподкасты экспертов, подборки источников данных и другие материалы. На этапе подготовки к заключительному этапу команды могут пользоваться менторской поддержкой. Профили олимпиады «Высшая проба»;Лично-командная | Можно участвовать самостоятельно или собрать команду | Очно-заочная | Нужно пройти дистанционный отбор, чтобы участвовать в очном финале;Объединение: Олимпиада «Высшая проба»;https://olimpiada.ru/activity/5815
73;Всероссийская олимпиада по информатике;"Информатика; Робототехника";5–11 классы;5.0;11.0;Очная;Личная;8.7;Этап запланирован;Школьный этап на платформе «Сириуса» пройдет с 19 по 23 октября;"Школьный этап на платформе «Сириуса»: 19—23 окт
Школьный этап: До 1 ноя
Муниципальный этап: 2 ноя—25 дек";Опубликован;"Школьный этап на платформе «Сириуса»
19—23 окт
Школьный этап
До 1 ноя
Муниципальный этап
2 ноя—25 дек";Обновлено 3 сентября;https://olimpiada.ru/activity/73;ВсОШ;"Информатика; Робототехника";"ВсОШ: отдельная система; уровни I–III РСОШ не применяются";https://vserosolimp.edsoo.ru/;24.09.2026;"Минпросвещения России; →; Ответственные в регионах";vserosolimp.edsoo.ru;"Порядок проведения; →";Первая олимпиада по информатике в России прошла еще в 1988 году, тогда она называлась Всесоюзной. Сейчас во Всероссийской олимпиаде по информатике участвуют школьники из 5-11 классов. .. Состязание проводится в четыре этапа: школьный, муниципальный, региональный и заключительный. В первом этапе участвуют все желающие учащиеся 5-11 классов. На муниципальный этап проходят школьники 7-11 классов. Задания на этом этапе становятся сложнее. Региональный и заключительный этапы проходят для 9-11 классов. Задания даются одинаковые для всех участников. С 2025/26 учебного года соревнование включает четыре профиля: «Программирование», «Информационная безопасность», «Робототехника» и «Искусственный интеллект». Победители и призеры заключительного этапа Всероссийской олимпиады школьников получают льготы при поступлении в вузы на профильные специальности.;Личная | Участник самостоятельно выполняет задания | Очная | Для участия нужно прийти в заранее известное место проведения | Правила игры | Общие положения прописаны в Порядке проведения олимпиады, который утверждает Минобрнауки России | Порядок проведения ВсОШ → | Льготы при поступлении | Победители и призеры финала олимпиады поступают без экзаменов в любой вуз по профильному направлению | Подробнее о льготах → | Локальные особенности | В Москве школьный этап проходит по единым заданиям и единому графику | Сайт этапов ВсОШ в Москве →;Объединение: Всероссийская олимпиада школьников;https://olimpiada.ru/activity/73
5284;Международная олимпиада Innopolis Open по робототехнике;"Информатика; Робототехника";7–11 классы;7.0;11.0;Очно-заочная;Лично-командная;7.2;Итоги опубликованы;"Опубликованы итоги; следующее соревнование ожидается в ноябре 2026 года";"Следующее соревнование: Опубликованы итоги; следующее соревнование ожидается в ноябре 2026 года";Частично заполнен по текущему статусу;Расписание олимпиады в этом году пока не известно;;https://olimpiada.ru/activity/5284;III;робототехника;"Проект РСОШ 2026/27; не утвержден на 24.09.2026";https://www.garant.ru/products/ipo/prime/doc/56963051/;24.09.2026;"Университет Иннополис; →";"dovuz.innopolis.university/...; robo@innopolis.ru";"Положение; →; Регламент";Олимпиада проводится для школьников из 7-11 классов. Состязание включает три этапа. .. Первый этап является отборочным и проходит в дистанционном формате. Он состоит из двух независимых туров, на которых ребятам предстоит решить задачи по информатике. На втором отборочном этапе школьники собираются в команды и выполняют задания вместе. Соревнование также проводится онлайн. Участники, успешно прошедшие отбор, приглашаются в финал. Он проходит индивидуально и в командах по 2-3 человека в Университете Иннополис.;Лично-командная | Можно участвовать самостоятельно или собрать команду | Очно-заочная | Нужно пройти дистанционный отбор, чтобы участвовать в очном финале;Объединение: Международная олимпиада Innopolis Open;https://olimpiada.ru/activity/5284
6970;Олимпиада «Будущее технологий»;"Информатика; Робототехника";8–10 классы;8.0;10.0;Очно-заочная;Личная;5.8;Регистрация открыта;Регистрация открыта до 15 ноября;"Регистрация: До 15 ноя
Отборочный этап: 16—29 ноя
Заключительный этап: 22—25 фев";Опубликован;"Регистрация
До 15 ноя
Отборочный этап
16—29 ноя
Заключительный этап
22—25 фев";Обновлено 31 августа;https://olimpiada.ru/activity/6970;—;;Точное соответствие проекту РСОШ 2026/27 не найдено;https://rsr-olymp.ru/news/123;24.09.2026;"Физтех-лицей им. П. Л. Капицы; →";"olympiad.rwb.ru; future-tech@go2phystech.ru";;«Будущее технологий» — кейсовая олимпиада для учащихся 8-10 классов. Состязание проходит по трем направлениям. .. Технологическое предпринимательство — для будущих инженеров и разработчиков, которые мечтают создавать востребованные продукты в сфере технологий. Искусственный интеллект — для дата-аналитиков и разработчиков, которые хотят создавать интеллектуальные системы, меняющие цифровую реальность. Робототехника — для тех, кто видит себя создателем умных машин будущего — от промышленных манипуляторов до беспилотных аппаратов.;Личная | Участник самостоятельно выполняет задания | Очно-заочная | Нужно пройти дистанционный отбор, чтобы участвовать в очном финале;Каталог /activities;https://olimpiada.ru/activity/6970
227;Олимпиада «Высшая проба» по инженерным наукам;"Информатика; Физика";9–11 классы;9.0;11.0;Очно-заочная;Личная;8.1;Регистрация завершена;Регистрация открыта до 22 сентября;"Регистрация: До 22 сен
Первый тур отборочного этапа: 26 сен";Опубликован;"Регистрация
До 22 сен
Первый тур отборочного этапа
26 сен";Обновлено 7 сентября;https://olimpiada.ru/activity/227;II;инженерные науки;"Проект РСОШ 2026/27; не утвержден на 24.09.2026";https://www.garant.ru/products/ipo/prime/doc/56963051/;24.09.2026;"Национальный исследовательский университет Высшая школа экономики; →";"olymp.hse.ru/...; olymp@hse.ru";"Положение и регламент; →";Олимпиада «Высшая проба» по инженерным наукам (ранее по электронике и вычислительной технике) проходит ежегодно, начиная с 2013 года. К участию приглашаются школьники 9-11 классов, которые хотят научиться создавать «умные» приборы и интеллектуальные системы. .. Олимпиада проходит в два этапа. Участникам заочного отбора для решения задач потребуются глубокие знания школьных курсов физики, информатики и алгебры логики. Второй этап – творческий. Он проходит в очной форме. Задания состоят из теоретической и практической частей. Участникам предстоит решить задачу из области новейших компьютерных и сетевых технологий, робототехники, цифровой и аналоговой электроники. В практической части нужно собрать работающее электронное устройство на платформе Arduino, настроить электронную схему или построить интерактивную модель измерительно-управляющей системы с помощью виртуальных приборов и средств программирования.;Личная | Участник самостоятельно выполняет задания | Очно-заочная | Нужно пройти дистанционный отбор, чтобы участвовать в очном финале;Объединение: Олимпиада «Высшая проба»;https://olimpiada.ru/activity/227
93;Всероссийская олимпиада по искусству (МХК);Искусство;5–11 классы;5.0;11.0;Очная;Личная;8.4;Идёт этап;Школьный этап проходит до 1 ноября;"Школьный этап: До 1 ноя
Муниципальный этап: 2 ноя—25 дек";Опубликован;"Школьный этап
До 1 ноя
Муниципальный этап
2 ноя—25 дек";Обновлено 1 сентября;https://olimpiada.ru/activity/93;ВсОШ;Искусство;"ВсОШ: отдельная система; уровни I–III РСОШ не применяются";https://vserosolimp.edsoo.ru/;24.09.2026;"Минпросвещения России; →; Ответственные в регионах";vserosolimp.edsoo.ru;"Порядок проведения; →";Всероссийская олимпиада школьников по искусству – одна из самых молодых: впервые она прошла в 2010 году. Соревнование проводится для 5-11 классов. .. Для успешного выступления учащимся нужно показать, что они хорошо разбираются в искусстве, могут назвать произведения и проанализировать их, а также умеют красиво и точно выражать свои мысли и впечатления. Часто в заданиях используются видеоматериалы. Школьный, муниципальный и региональный этапы олимпиады проходят в один тур. Финал проводится для 9-11 классов в два тура, на каждый из них дается по 3 часа 55 минут. В первом ребят ждут теоретические задания, второй тур – творческий. Участникам предлагается придумать идею для документального фильма или плакат на заданную тему, создать проект энциклопедии или презентацию, иллюстрирующую возрождение Царскосельского лицея. Чтобы справиться с заданиями второго тура, учащимся пригодится не только хороший культурный базис, но и богатая фантазия. Победители и призеры заключительного этапа олимпиады получают льготы при поступлении на профильные направления вузов.;Личная | Участник самостоятельно выполняет задания | Очная | Для участия нужно прийти в заранее известное место проведения | Правила игры | Общие положения прописаны в Порядке проведения олимпиады, который утверждает Минобрнауки России | Порядок проведения ВсОШ → | Льготы при поступлении | Победители и призеры финала олимпиады поступают без экзаменов в любой вуз по профильному направлению | Подробнее о льготах → | Локальные особенности | В Москве школьный этап проходит по единым заданиям и единому графику | Сайт этапов ВсОШ в Москве →;Объединение: Всероссийская олимпиада школьников;https://olimpiada.ru/activity/93
5761;Всероссийская открытая олимпиада по музыкально-теоретическим дисциплинам;Искусство;8–11 классы;8.0;11.0;Очно-заочная;Личная;6.3;Следующий цикл ожидается;Следующее соревнование пройдет в марте 2027 года;Следующее соревнование: Следующее соревнование пройдет в марте 2027 года;Частично заполнен по текущему статусу;Расписание олимпиады в этом году пока не известно;;https://olimpiada.ru/activity/5761;—;;Точное соответствие проекту РСОШ 2026/27 не найдено;https://rsr-olymp.ru/news/123;24.09.2026;"Саратовская государственная консерватория имени Л. В. Собинова; →";"sarcons.ru/...; sposgk.olimpiada@yandex.ru";"Положение; →; Регламент";"Олимпиада проводится для учеников выпускных классов детских музыкальных школ и детских школ искусств. .. Номинации: «Сольфеджио и теория музыки» (очно); «Музыкальная литература» (очно); «Творческий проект по музыкальной литературе» (заочно). Возможно участие как в одной номинации, так и в двух или трех сразу.";Личная | Участник самостоятельно выполняет задания | Очно-заочная | Нужно пройти дистанционный отбор, чтобы участвовать в очном финале;Каталог /activities;https://olimpiada.ru/activity/5761
5911;Международная музыкальная олимпиада по предмету «Деревянные духовые инструменты»;Искусство;9–11 классы;9.0;11.0;Очная;Личная;5.0;Итоги опубликованы;"Опубликованы итоги; следующее соревнование ожидается в марте 2027 года";"Следующее соревнование: Опубликованы итоги; следующее соревнование ожидается в марте 2027 года";Частично заполнен по текущему статусу;Расписание олимпиады в этом году пока не известно;;https://olimpiada.ru/activity/5911;III;музыкальное искусство;"Проект РСОШ 2026/27; не утвержден на 24.09.2026";https://www.garant.ru/products/ipo/prime/doc/56963051/;24.09.2026;"Федеральное государственное бюджетное образовательное учреждение высшего профессионального образования Нижегородская государственная консерватория (академия) им. М.И. Глинки (ННГК им. М.И. Глинки); →";"new.nnovcons.ru/...; nngk.olimpiada@yandex.ru";;;Личная | Участник самостоятельно выполняет задания | Очная | Для участия нужно прийти в заранее известное место проведения;Объединение: Международная музыкальная олимпиада;https://olimpiada.ru/activity/5911
5034;Международная музыкальная олимпиада по предмету «Инструменты народного оркестра»;Искусство;9–11 классы;9.0;11.0;Очная;Личная;5.8;Итоги опубликованы;"Опубликованы итоги; следующее соревнование ожидается в марте 2027 года";"Следующее соревнование: Опубликованы итоги; следующее соревнование ожидается в марте 2027 года";Частично заполнен по текущему статусу;Расписание олимпиады в этом году пока не известно;;https://olimpiada.ru/activity/5034;III;музыкальное искусство;"Проект РСОШ 2026/27; не утвержден на 24.09.2026";https://www.garant.ru/products/ipo/prime/doc/56963051/;24.09.2026;"Нижегородская государственная консерватория (академия) им. М. И. Глинки (ННГК им. М. И. Глинки); →";"new.nnovcons.ru/...; nngk.olimpiada@yandex.ru";;;Личная | Участник самостоятельно выполняет задания | Очная | Для участия нужно прийти в заранее известное место проведения;Объединение: Международная музыкальная олимпиада;https://olimpiada.ru/activity/5034
5354;Международная музыкальная олимпиада по предмету «Музыкальная педагогика и исполнительство»;Искусство;9–11 классы;9.0;11.0;Очная;Личная;5.7;Итоги опубликованы;"Опубликованы итоги; следующее соревнование ожидается в марте 2027 года";"Следующее соревнование: Опубликованы итоги; следующее соревнование ожидается в марте 2027 года";Частично заполнен по текущему статусу;Расписание олимпиады в этом году пока не известно;;https://olimpiada.ru/activity/5354;III;музыкальное искусство;"Проект РСОШ 2026/27; не утвержден на 24.09.2026";https://www.garant.ru/products/ipo/prime/doc/56963051/;24.09.2026;"Федеральное государственное бюджетное образовательное учреждение высшего профессионального образования Нижегородская государственная консерватория (академия) им. М.И. Глинки (ННГК им. М.И. Глинки); →";"new.nnovcons.ru/...; nngk.olimpiada@yandex.ru";;;Личная | Участник самостоятельно выполняет задания | Очная | Для участия нужно прийти в заранее известное место проведения;Объединение: Международная музыкальная олимпиада;https://olimpiada.ru/activity/5354
5035;Международная музыкальная олимпиада по предмету «Струнные инструменты»;Искусство;9–11 классы;9.0;11.0;Очная;Личная;5.9;Итоги опубликованы;"Опубликованы итоги; следующая олимпиада ожидается в марте 2027 года";"Следующая олимпиада: Опубликованы итоги; следующая олимпиада ожидается в марте 2027 года";Частично заполнен по текущему статусу;Расписание олимпиады в этом году пока не известно;;https://olimpiada.ru/activity/5035;III;музыкальное искусство;"Проект РСОШ 2026/27; не утвержден на 24.09.2026";https://www.garant.ru/products/ipo/prime/doc/56963051/;24.09.2026;"Нижегородская государственная консерватория (академия) им. М. И. Глинки (ННГК им. М. И. Глинки); →";"new.nnovcons.ru/...; nngk.olimpiada@yandex.ru";;;Личная | Участник самостоятельно выполняет задания | Очная | Для участия нужно прийти в заранее известное место проведения;Объединение: Международная музыкальная олимпиада;https://olimpiada.ru/activity/5035
5912;Международная музыкальная олимпиада по предмету «Фортепиано»;Искусство;9–11 классы;9.0;11.0;Очная;Личная;5.0;Итоги опубликованы;"Опубликованы итоги; следующее соревнование ожидается в марте 2027 года";"Следующее соревнование: Опубликованы итоги; следующее соревнование ожидается в марте 2027 года";Частично заполнен по текущему статусу;Расписание олимпиады в этом году пока не известно;;https://olimpiada.ru/activity/5912;III;музыкальное искусство;"Проект РСОШ 2026/27; не утвержден на 24.09.2026";https://www.garant.ru/products/ipo/prime/doc/56963051/;24.09.2026;"Федеральное государственное бюджетное образовательное учреждение высшего профессионального образования Нижегородская государственная консерватория (академия) им. М.И. Глинки (ННГК им. М.И. Глинки); →";"new.nnovcons.ru/...; nngk.olimpiada@yandex.ru";;;Личная | Участник самостоятельно выполняет задания | Очная | Для участия нужно прийти в заранее известное место проведения;Объединение: Международная музыкальная олимпиада;https://olimpiada.ru/activity/5912
5039;Международная музыкальная олимпиада по предмету «Хоровое дирижирование»;Искусство;9–11 классы;9.0;11.0;Очная;Личная;6.0;Итоги опубликованы;"Опубликованы итоги; следующее соревнование ожидается в марте 2027 года";"Следующее соревнование: Опубликованы итоги; следующее соревнование ожидается в марте 2027 года";Частично заполнен по текущему статусу;Расписание олимпиады в этом году пока не известно;;https://olimpiada.ru/activity/5039;III;музыкальное искусство;"Проект РСОШ 2026/27; не утвержден на 24.09.2026";https://www.garant.ru/products/ipo/prime/doc/56963051/;24.09.2026;"Нижегородская государственная консерватория (академия) им. М. И. Глинки (ННГК им. М. И. Глинки); →";"new.nnovcons.ru/...; nngk.olimpiada@yandex.ru";;;Личная | Участник самостоятельно выполняет задания | Очная | Для участия нужно прийти в заранее известное место проведения;Объединение: Международная музыкальная олимпиада;https://olimpiada.ru/activity/5039
5278;Межрегиональная олимпиада «Архитектура и искусство» по комплексу предметов;Искусство;8–11 классы;8.0;11.0;Очно-заочная;Личная;7.5;Идёт этап;Отборочный этап проходит до 2 февраля;"Отборочный этап: До 2 фев
Заключительный этап: «рисунок»: 23 мар
Заключительный этап: «композиция»: 25 мар";Опубликован;"Отборочный этап
До 2 фев
Заключительный этап: «рисунок»
23 мар
Заключительный этап: «композиция»
25 мар";Обновлено 2 сентября;https://olimpiada.ru/activity/5278;I;архитектура, изобразительное и прикладные виды искусств;"Проект РСОШ 2026/27; не утвержден на 24.09.2026";https://www.garant.ru/products/ipo/prime/doc/56963051/;24.09.2026;"Тюменский индустриальный университет; →; Департамент образования и науки Тюменской области";"tyuiu.ru/...; iad@tyuiu.ru";"Положение; →; Регламент";Тюменский индустриальный университет с 2003 года ежегодно проводит межрегиональную олимпиаду школьников «Архитектура и искусство» по предметам «рисунок» и «композиция». .. Соревнования проводятся в два этапа по четырем возрастным группам: 8, 9, 10, 11 классы. К участию в финале допускаются победители и призеры отборочного этапа олимпиады. Он проводится дистанционно и включает задания по рисунку, композиции и черчению разного уровня сложности. Заключительный этап проходит очно в Тюменском индустриальном университете на кафедре «Архитектура и дизайн». Олимпиада ежегодно собирает участников более чем из 40 регионов России.;Личная | Участник самостоятельно выполняет задания | Очно-заочная | Нужно пройти дистанционный отбор, чтобы участвовать в очном финале;Каталог /activities;https://olimpiada.ru/activity/5278
5470;Московская олимпиада по истории искусств;Искусство;9–11 классы;9.0;11.0;Очно-заочная;Личная;7.5;Этап запланирован;Регистрация на отборочный этап начнется 15 октября;"Регистрация на отборочный этап: 15 окт—22 ноя
Отборочный этап: 14—22 ноя";Опубликован;"Регистрация на отборочный этап
15 окт—22 ноя
Отборочный этап
14—22 ноя";Обновлено 28 августа;https://olimpiada.ru/activity/5470;I;история искусств;"Проект РСОШ 2026/27; не утвержден на 24.09.2026";https://www.garant.ru/products/ipo/prime/doc/56963051/;24.09.2026;"Департамент образования и науки города Москвы; →; Государственная Третьяковская галерея; МГУ имени М. В. Ломоносова";"arthistory.olimpiada.ru; istisk@mosolymp.ru";"Правила проведения; →";Государственная Третьяковская галерея и Центр педагогического мастерства проводят олимпиаду по истории искусств для старшеклассников. Участвовать могут школьники, интересующиеся историей, литературой и мировой художественной культурой. .. Каждая олимпиада посвящена историческому событию и связана с тематической выставкой в Третьяковской галерее. Состязание проходит в два тура. Во время заочного тура школьники могут познакомиться с историческим контекстом, различными направлениями в искусстве этого времени, составить общее представление о художественной жизни в России. Чтобы найти ответы, можно пользоваться всеми возможными источниками информации: Интернетом, книгами, фильмами, аудиозаписями и материалами с выставок. По итогам отборочного тура участники приглашаются на финал. На очном туре школьники выполняют задания, связанные с анализом экспонатов в Третьяковской галерее.;Личная | Участник самостоятельно выполняет задания | Очно-заочная | Нужно пройти дистанционный отбор, чтобы участвовать в очном финале;Объединение: Московская олимпиада школьников;https://olimpiada.ru/activity/5470
5906;Олимпиада «Высшая проба» по истории искусств;Искусство;9–11 классы;9.0;11.0;Очно-заочная;Личная;6.7;Регистрация завершена;Регистрация открыта до 22 сентября;"Регистрация: До 22 сен
Первый тур отборочного этапа: 27 сен";Опубликован;"Регистрация
До 22 сен
Первый тур отборочного этапа
27 сен";Обновлено 7 сентября;https://olimpiada.ru/activity/5906;II;история искусств;"Проект РСОШ 2026/27; не утвержден на 24.09.2026";https://www.garant.ru/products/ipo/prime/doc/56963051/;24.09.2026;"Национальный исследовательский университет Высшая школа экономики; →";"olymp.hse.ru/...; olymp@hse.ru";"Положение и регламент; →";Проходит для школьников, которым интересно искусство всех времен – от античной архитектуры до современных VR-проектов – и которые планируют профессионально реализоваться в сферах, связанных с искусством: науке, музейной работе, художественной критике. .. Отборочный этап включает тестовые задания, которые проверяют знание стилевой эволюции искусства (отечественного и зарубежного), основных техник и видов искусства, ключевых авторов и их произведений, а также владение искусствоведческой терминологией в рамках школьной программы по истории. Для выполнения заданий заключительного этапа от участников потребуются не только фактические знания по истории искусства, но и умение «читать» и чувствовать произведения – их форму и содержание, анализировать визуальную информацию, совмещать результаты такого анализа с объективными знаниями по истории и собственными субъективными впечатлениями.;Личная | Участник самостоятельно выполняет задания | Очно-заочная | Нужно пройти дистанционный отбор, чтобы участвовать в очном финале;Объединение: Олимпиада «Высшая проба»;https://olimpiada.ru/activity/5906
5669;Олимпиада «Высшая проба» по культурологии;Искусство;9–11 классы;9.0;11.0;Очно-заочная;Личная;7.9;Регистрация завершена;Регистрация открыта до 22 сентября;"Регистрация: До 22 сен
Первый тур отборочного этапа: 4 окт";Опубликован;"Регистрация
До 22 сен
Первый тур отборочного этапа
4 окт";Обновлено 7 сентября;https://olimpiada.ru/activity/5669;I;культурология;"Проект РСОШ 2026/27; не утвержден на 24.09.2026";https://www.garant.ru/products/ipo/prime/doc/56963051/;24.09.2026;"Национальный исследовательский университет Высшая школа экономики; →";"olymp.hse.ru/...; olymp@hse.ru";"Положение и регламент; →";Высшая школа экономики в 2018/19 учебном году впервые проводит олимпиаду по культурологии. К участию приглашаются ученики 9-11 классов.;Личная | Участник самостоятельно выполняет задания | Очно-заочная | Нужно пройти дистанционный отбор, чтобы участвовать в очном финале;Объединение: Олимпиада «Высшая проба»;https://olimpiada.ru/activity/5669
5420;Международная олимпиада школьников «Искусство графики»;"Искусство; ИЗО";10–11 классы;10.0;11.0;Очно-заочная;Личная;8.2;Итоги опубликованы;"Опубликованы итоги; следующее соревнование ожидается в ноябре 2026 года";"Следующее соревнование: Опубликованы итоги; следующее соревнование ожидается в ноябре 2026 года";Частично заполнен по текущему статусу;Расписание олимпиады в этом году пока не известно;;https://olimpiada.ru/activity/5420;I;графический дизайн / композиция / рисунок;"Проект РСОШ 2026/27; не утвержден на 24.09.2026";https://www.garant.ru/products/ipo/prime/doc/56963051/;24.09.2026;"Московский политехнический университет (Высшая школа печати и медиаиндустрии); →";"mospolytech.ru/...; art_of_graphics@mospolytech.ru";;;Личная | Участник самостоятельно выполняет задания | Очно-заочная | Нужно пройти дистанционный отбор, чтобы участвовать в очном финале;Каталог /activities;https://olimpiada.ru/activity/5420
5781;Межрегиональная олимпиада «Технологии. Дизайн. Искусство» по академическому рисунку;"Искусство; ИЗО";9–11 классы;9.0;11.0;Очно-заочная;Личная;6.6;Расписание не опубликовано;Расписание олимпиады в этом году пока не известно;Не опубликовано;Не опубликован;Расписание олимпиады в этом году пока не известно;;https://olimpiada.ru/activity/5781;—;;Точное соответствие проекту РСОШ 2026/27 не найдено;https://rsr-olymp.ru/news/123;24.09.2026;Российский государственный университет имени А. Н. Косыгина (Технологии. Дизайн. Искусство);"rguk.ru/...; priem@rguk.ru";"Регламент; →";Олимпиада проводится по профилю «Изобразительные и прикладные виды искусств, дизайн», предмет: академический рисунок. Соревнование призвано выявить наиболее способных к художественно-образному мышлению и одаренных учащихся 9-11 классов, обладающих навыками создания объемно-пространственных форм средствами рисования. .. Соревнование включает два этапа. Первый является отборочным. Во втором этапе могут принять участие победители и призеры отборочного этапа текущего года, а также заключительного этапа предыдущего учебного года.;Личная | Участник самостоятельно выполняет задания | Очно-заочная | Нужно пройти дистанционный отбор, чтобы участвовать в очном финале;Объединение: Межрегиональная олимпиада школьников «Технологии. Дизайн. Искусство»;https://olimpiada.ru/activity/5781
5836;Межрегиональная олимпиада школьников «Технологии. Дизайн. Искусство» по графической композиции;"Искусство; ИЗО";9–11 классы;9.0;11.0;Очно-заочная;Личная;6.0;Расписание не опубликовано;Расписание олимпиады в этом году пока не известно;Не опубликовано;Не опубликован;Расписание олимпиады в этом году пока не известно;;https://olimpiada.ru/activity/5836;—;;Точное соответствие проекту РСОШ 2026/27 не найдено;https://rsr-olymp.ru/news/123;24.09.2026;Российский государственный университет имени А. Н. Косыгина (Технологии. Дизайн. Искусство);"rguk.ru/...; priem@rguk.ru";"Регламент; →";Олимпиада проводится по профилю «Графика, дизайн», предмет: графическая композиция. Соревнование включает два этапа. .. Первый является отборочным. Во втором этапе могут принять участие победители и призеры отборочного этапа текущего года, а также заключительного этапа предыдущего учебного года.;Личная | Участник самостоятельно выполняет задания | Очно-заочная | Нужно пройти дистанционный отбор, чтобы участвовать в очном финале;Объединение: Межрегиональная олимпиада школьников «Технологии. Дизайн. Искусство»;https://olimpiada.ru/activity/5836
5780;Межрегиональная олимпиада «Технологии. Дизайн. Искусство» по линейно-конструктивному рисунку и спецкомпозиции;"Искусство; ИЗО; Технология";9–11 классы;9.0;11.0;Очно-заочная;Личная;6.4;Расписание не опубликовано;Расписание олимпиады в этом году пока не известно;Не опубликовано;Не опубликован;Расписание олимпиады в этом году пока не известно;;https://olimpiada.ru/activity/5780;—;;Точное соответствие проекту РСОШ 2026/27 не найдено;https://rsr-olymp.ru/news/123;24.09.2026;Российский государственный университет имени А. Н. Косыгина (Технологии. Дизайн. Искусство);"rguk.ru/...; priem@rguk.ru";"Регламент; →";Олимпиада проводится по профилю «Технологии, конструирование и проектирование изделий легкой промышленности», предметы: линейно-конструктивный рисунок, спецкомпозиция. Соревнование призвано выявить наиболее способных к художественно-образному мышлению и умению создавать гармонические сочетания цветов среди одаренных учащихся 9-11 классов, обладающих навыками создания объемно-пространственных форм средствами рисования и навыками решения абстрактной композиции. .. Олимпиада включает два этапа. Первый является отборочным. Во втором этапе могут принять участие победители и призеры отборочного этапа текущего года, а также заключительного этапа предыдущего учебного года.;Личная | Участник самостоятельно выполняет задания | Очно-заочная | Нужно пройти дистанционный отбор, чтобы участвовать в очном финале;Объединение: Межрегиональная олимпиада школьников «Технологии. Дизайн. Искусство»;https://olimpiada.ru/activity/5780
177;Южно-Российская межрегиональная олимпиада школьников «Архитектура и искусство»;"Искусство; ИЗО; Черчение";6–11 классы;6.0;11.0;Очно-заочная;Личная;9.3;Итоги опубликованы;"Опубликованы итоги; следующее соревнование ожидается в октябре 2026 года";"Следующее соревнование: Опубликованы итоги; следующее соревнование ожидается в октябре 2026 года";Частично заполнен по текущему статусу;Расписание олимпиады в этом году пока не известно;;https://olimpiada.ru/activity/177;I;архитектура, изобразительное и прикладные виды искусств;"Проект РСОШ 2026/27; не утвержден на 24.09.2026";https://www.garant.ru/products/ipo/prime/doc/56963051/;24.09.2026;"Академия архитектуры и искусств Южного федерального университета (ААИ ЮФУ); →";"raai.sfedu.ru/...; anna.kurdinova@list.ru";;Олимпиада проводится для всех желающих школьников 6-11 классов по предметам: рисунок, живопись, композиция, черчение. .. Соревнование включает в себя три этапа. Отборочный муниципальный проводится в очной и заочной формах. Отборочный региональный и заключительный – очно. Южный федеральный университет является организатором-координатором соревнования.;Личная | Участник самостоятельно выполняет задания | Очно-заочная | Нужно пройти дистанционный отбор, чтобы участвовать в очном финале;Каталог /activities;https://olimpiada.ru/activity/177
5803;Межрегиональная олимпиада школьников «Технологии. Дизайн. Искусство» по праву;"Искусство; Право";9–11 классы;9.0;11.0;Очно-заочная;Личная;6.6;Расписание не опубликовано;Расписание олимпиады в этом году пока не известно;Не опубликовано;Не опубликован;Расписание олимпиады в этом году пока не известно;;https://olimpiada.ru/activity/5803;—;;Точное соответствие проекту РСОШ 2026/27 не найдено;https://rsr-olymp.ru/news/123;24.09.2026;Российский государственный университет имени А. Н. Косыгина (Технологии. Дизайн. Искусство);"rguk.ru/...; priem@rguk.ru";"Регламент; →";Соревнование проводится для учеников 9-11 классов и включает два этапа. .. Первый является отборочным. Во втором этапе могут принять участие победители и призеры отборочного этапа текущего года, а также заключительного этапа предыдущего учебного года.;Личная | Участник самостоятельно выполняет задания | Очно-заочная | Нужно пройти дистанционный отбор, чтобы участвовать в очном финале;Объединение: Межрегиональная олимпиада школьников «Технологии. Дизайн. Искусство»;https://olimpiada.ru/activity/5803
5404;Международная олимпиада-конкурс «Химия: наука и искусство» имени В. Я. Курбатова;"Искусство; Химия";5–11 классы;5.0;11.0;Очно-заочная;Лично-командная;7.3;Этап указан;Финал;"Прием работ: До 16 фев
Финал: 24—25 мар";Опубликован;"Прием работ
До 16 фев
Финал
24—25 мар";Обновлено 29 мая;https://olimpiada.ru/activity/5404;—;;Точное соответствие проекту РСОШ 2026/27 не найдено;https://rsr-olymp.ru/news/123;24.09.2026;"Санкт-; Петербургский государственный технологический институт (технический университет)";"technolog.edu.ru/...; kurbatov.olymp.konkurs@gmail.com";"Положение; →; Регламент";Олимпиада-конкурс по химии и искусству проводится для учеников 5-11 классов в два этапа. Принимаются научно-исследовательские работы в различных областях химии и работы по реставрации, сохранению и созданию произведений архитектуры, живописи, декоративно-прикладного искусства, книг, кино- и фотодокументов. .. Конкурс проводится в номинациях: «Первые шаги в химии», «Химия и искусство», «Физическая химия и нанотехнологии», «Химия и жизнь» и «Химия и экология».;Лично-командная | Можно участвовать самостоятельно или собрать команду | Очно-заочная | Нужно пройти дистанционный отбор, чтобы участвовать в очном финале;Каталог /activities;https://olimpiada.ru/activity/5404
5802;Межрегиональная олимпиада «Технологии. Дизайн. Искусство» по химии;"Искусство; Химия";9–11 классы;9.0;11.0;Очно-заочная;Личная;6.5;Расписание не опубликовано;Расписание олимпиады в этом году пока не известно;Не опубликовано;Не опубликован;Расписание олимпиады в этом году пока не известно;;https://olimpiada.ru/activity/5802;—;;Точное соответствие проекту РСОШ 2026/27 не найдено;https://rsr-olymp.ru/news/123;24.09.2026;Российский государственный университет имени А. Н. Косыгина (Технологии. Дизайн. Искусство);"rguk.ru/...; priem@rguk.ru";"Регламент; →";Соревнование проводится для учеников 9-11 классов и включает два этапа. .. Первый является отборочным. Во втором этапе могут принять участие победители и призеры отборочного этапа текущего года, а также заключительного этапа предыдущего учебного года.;Личная | Участник самостоятельно выполняет задания | Очно-заочная | Нужно пройти дистанционный отбор, чтобы участвовать в очном финале;Объединение: Межрегиональная олимпиада школьников «Технологии. Дизайн. Искусство»;https://olimpiada.ru/activity/5802
5301;Всероссийская олимпиада по испанскому языку;Испанский язык;5–11 классы;5.0;11.0;Очная;Личная;8.0;Идёт этап;Школьный этап проходит до 1 ноября;"Школьный этап: До 1 ноя
Муниципальный этап: 2 ноя—25 дек";Опубликован;"Школьный этап
До 1 ноя
Муниципальный этап
2 ноя—25 дек";Обновлено 1 сентября;https://olimpiada.ru/activity/5301;ВсОШ;Испанский язык;"ВсОШ: отдельная система; уровни I–III РСОШ не применяются";https://vserosolimp.edsoo.ru/;24.09.2026;"Минпросвещения России; →; Ответственные в регионах";vserosolimp.edsoo.ru;"Порядок проведения; →";Всероссийская олимпиада школьников по испанскому языку – самый масштабный конкурс для испанистов со всей России. .. Олимпиада достаточно молодая, проводится с 2015 года. В ней могут принимать участие школьники с 5 по 11 класс. Соревнование проходит в четыре этапа: школьный, муниципальный (в масштабах района), региональный (город/регион) и заключительный. Все четыре этапа являются очными. Сезон ежегодно стартует в сентябре-октябре. Далее учащихся с лучшими результатами допускают на следующие этапы. Победители и призеры заключительного этапа олимпиады получают льготы при поступлении в российские вузы. Задания олимпиады составляются на основе примерной школьной программы. Но важно заметить, что для победы недостаточно хорошо владеть только испанским языком, нужно еще разбираться в культуре, истории и географии стран-носителей языка. Помимо письменных заданий, включающих работу с текстами, аудирование, лексико-грамматические тесты и эссе, участников ждет устный тур – беседа с членами жюри. Например, это может быть диалог, описание фотографии или картинки.;Личная | Участник самостоятельно выполняет задания | Очная | Для участия нужно прийти в заранее известное место проведения | Правила игры | Общие положения прописаны в Порядке проведения олимпиады, который утверждает Минобрнауки России | Порядок проведения ВсОШ → | Льготы при поступлении | Победители и призеры финала олимпиады поступают без экзаменов в любой вуз по профильному направлению | Подробнее о льготах → | Локальные особенности | В Москве школьный этап проходит по единым заданиям и единому графику | Сайт этапов ВсОШ в Москве →;Объединение: Всероссийская олимпиада школьников;https://olimpiada.ru/activity/5301
5207;Всероссийская Толстовская олимпиада школьников по истории;История;10–11 классы;10.0;11.0;Очно-заочная;Личная;8.3;Расписание не опубликовано;Расписание следующей олимпиады ожидается в ноябре 2026 года;Публикация расписания: ожидается в ноябре 2026 года;Частично заполнен по текущему статусу;Расписание олимпиады в этом году пока не известно;;https://olimpiada.ru/activity/5207;III;история;"Проект РСОШ 2026/27; не утвержден на 24.09.2026";https://www.garant.ru/products/ipo/prime/doc/56963051/;24.09.2026;"Тульский государственный педагогический университет им. Л. Н.Толстого; →; Южно-Уральский государственный гуманитарно-педагогический университет; Рязанский государственный университет имени С. А. Есенина; Московский государственный областной социально-гуманитарный институт; Московский городской педагогический университет; Тверской государственный университет; Белгородский государственный национальный исследовательский университет";"olymp.tsput.ru/...; Olymp@tsput.ru";"Положение; →; Регламент";;Личная | Участник самостоятельно выполняет задания | Очно-заочная | Нужно пройти дистанционный отбор, чтобы участвовать в очном финале;Объединение: Всероссийская Толстовская олимпиада;https://olimpiada.ru/activity/5207
84;Всероссийская олимпиада по истории;История;5–11 классы;5.0;11.0;Очная;Личная;7.9;Идёт этап;Школьный этап проходит до 1 ноября;"Школьный этап: До 1 ноя
Муниципальный этап: 2 ноя—25 дек";Опубликован;"Школьный этап
До 1 ноя
Муниципальный этап
2 ноя—25 дек";Обновлено 1 сентября;https://olimpiada.ru/activity/84;ВсОШ;История;"ВсОШ: отдельная система; уровни I–III РСОШ не применяются";https://vserosolimp.edsoo.ru/;24.09.2026;"Минпросвещения России; →; Ответственные в регионах";vserosolimp.edsoo.ru;"Порядок проведения; →";Всероссийская олимпиада школьников по истории проводится для учащихся 5-11 классов. Соревнование состоит из четырех этапов: школьного, муниципального, регионального и заключительного. .. В первом этапе могут принимать участие все желающие. Им предлагается ответить на тестовые вопросы, а также восстановить порядок событий в хронологии, заполнить пропуски в тексте нужными терминами. В основном, задания олимпиады касаются истории России, но есть и несколько на знание мировой истории. На муниципальном этапе могут выступать учащиеся 7-11 классов, которые набрали установленное количество баллов. Часть заданий по форме аналогичны школьному этапу олимпиады, но также могут предложить проанализировать документы или дать развернутый ответ на вопрос. Региональный этап проводится для 9-11 классов, он проходит в два тура. На первом участникам предлагаются теоретические задания. Второй состоит из двух частей: исторического эссе и исследовательского проекта. Чтобы выполнить проект, ребятам надо изучить предоставленный исторический документ и написать работу на его основе. В финале принимают участие школьники 9-11 классов, причем для десяти- и одиннадцатиклассников задания одинаковые. Соревнование проводится в три тура. На первом ребятам нужно написать историческое эссе и исследовательский проект. На втором – выполнить задания по теории. Некоторые вопросы обычно связаны с регионом проведения олимпиады. Третий тур – устный: участники презентуют небольшие сообщения на одну из предложенных тем и отвечают на вопросы своих соперников. Победители и призеры финала получают право на льготы при поступлении на профильные факультеты российских вузов.;Личная | Участник самостоятельно выполняет задания | Очная | Для участия нужно прийти в заранее известное место проведения | Правила игры | Общие положения прописаны в Порядке проведения олимпиады, который утверждает Минобрнауки России | Порядок проведения ВсОШ → | Льготы при поступлении | Победители и призеры финала олимпиады поступают без экзаменов в любой вуз по профильному направлению | Подробнее о льготах → | Локальные особенности | В Москве школьный этап проходит по единым заданиям и единому графику | Сайт этапов ВсОШ в Москве →;Объединение: Всероссийская олимпиада школьников;https://olimpiada.ru/activity/84
5349;Герценовская олимпиада по истории;История;;;;Очная;;6.5;Расписание не опубликовано;Расписание олимпиады в этом году пока не известно;Не опубликовано;Не опубликован;Расписание олимпиады в этом году пока не известно;;https://olimpiada.ru/activity/5349;—;;Точное соответствие проекту РСОШ 2026/27 не найдено;https://rsr-olymp.ru/news/123;24.09.2026;РГПУ им. А. И. Герцена;"herzen.spb.ru/...; rgpu.olymp@yandex.ru; herzen1797@gmail.com";"Положение; →";;Очная | Для участия нужно прийти в заранее известное место проведения;Объединение: Герценовские внутривузовские олимпиады;https://olimpiada.ru/activity/5349
5617;Международная олимпиада УрФУ для школьников «Изумруд» по истории;История;8–11 классы;8.0;11.0;Очно-заочная;Личная;8.5;Идёт этап;Отборочный этап проходит до 19 января;"Отборочный этап: До 19 янв
Дополнительная дата: 31 янв—2 фев";Частично опубликован;"Отборочный этап
До 19 янв
31 янв—2 фев";Обновлено 4 июня;https://olimpiada.ru/activity/5617;III;история;"Проект РСОШ 2026/27; не утвержден на 24.09.2026";https://www.garant.ru/products/ipo/prime/doc/56963051/;24.09.2026;"Уральский федеральный университет имени первого Президента России Б. Н. Ельцина; →";"izumrud.urfu.ru/...; olymp@urfu.ru";"Нормативные документы; →";;Личная | Участник самостоятельно выполняет задания | Очно-заочная | Нужно пройти дистанционный отбор, чтобы участвовать в очном финале;Объединение: Международная олимпиада УрФУ для школьников «Изумруд»;https://olimpiada.ru/activity/5617
65;Международная олимпиада по истории авиации и воздухоплавания имени А. Ф. Можайского;История;6–11 классы;6.0;11.0;Очно-заочная;Личная;7.0;Следующий цикл ожидается;Следующее соревнование начнется в октябре;Следующее соревнование: Следующее соревнование начнется в октябре;Частично заполнен по текущему статусу;Расписание олимпиады в этом году пока не известно;;https://olimpiada.ru/activity/65;—;;Точное соответствие проекту РСОШ 2026/27 не найдено;https://rsr-olymp.ru/news/123;24.09.2026;"Организаторы олимпиады; →";"olymp.as-club.ru; olymp@as-club.ru";"Положение; →";Международная олимпиада по истории авиации и воздухоплавания имени А. Ф. Можайского проводится для юношей и девушек в возрасте от 12 до 18 лет независимо от гражданства и места проживания. .. Всем зарегистрированным участникам при подготовке к соревнованию предлагаются для изучения специально разработанные курсы: «История авиации и воздухоплавания», «Люди и судьбы российской авиации», «Теоретические и инженерные основы аэрокосмической техники». Олимпиада проводится в два тура. На первом участников ждет дистанционное тестирование и конкурс историко-исследовательских работ. Победители представят свои проекты на Молодежном симпозиуме в Москве. Каждый участник второго тура при подготовке очного выступления может получить консультации от экспертов в центрах по подготовке к олимпиаде или дистанционно.;Личная | Участник самостоятельно выполняет задания | Очно-заочная | Нужно пройти дистанционный отбор, чтобы участвовать в очном финале;Каталог /activities;https://olimpiada.ru/activity/65
5106;Многопрофильная инженерная олимпиада «Звезда» по истории;История;6–11 классы;6.0;11.0;Очно-заочная;Личная;7.6;Этап указан;Очный отборочный этап;"Интернет-тур отборочного этапа: 20 окт—22 дек
Очный отборочный этап: 5 ноя—22 дек";Опубликован;"Интернет-тур отборочного этапа
20 окт—22 дек
Очный отборочный этап
5 ноя—22 дек";Обновлено 17 сентября;https://olimpiada.ru/activity/5106;—;;Этот профиль не найден в проекте РСОШ 2026/27;https://rsr-olymp.ru/news/123;24.09.2026;"Южно-Уральский государственный университет; →; Союз машиностроителей России; Южно-Российский политехнический университет (НПИ) имени М. И. Платова";"zv.susu.ru/...; zv@susu.ru";"Положение и регламент; →";;Личная | Участник самостоятельно выполняет задания | Очно-заочная | Нужно пройти дистанционный отбор, чтобы участвовать в очном финале;Объединение: Многопрофильная инженерная олимпиада «Звезда»;https://olimpiada.ru/activity/5106
103;Московская олимпиада по истории;История;5–11 классы;5.0;11.0;Очно-заочная;Личная;8.2;Расписание не опубликовано;Ожидается расписание состязания;Публикация расписания: ожидается расписание состязания;Частично заполнен по текущему статусу;Расписание олимпиады в этом году пока не известно;;https://olimpiada.ru/activity/103;II;история;"Проект РСОШ 2026/27; не утвержден на 24.09.2026";https://www.garant.ru/products/ipo/prime/doc/56963051/;24.09.2026;"Департамент образования и науки города Москвы; →";"moshist.ru; hist@mosolymp.ru";"Положение; →";Московская олимпиада школьников по истории проходит с 2004 года. Она проводится среди учащихся 5-11 классов. .. Для пятиклассников проходит один, дистанционный, этап. Для учеников 6-11 классов соревнование проводится в два этапа: заочный отборочный и очный заключительный. Творческий характер заданий олимпиады вызывает большой интерес у школьников из разных регионов России. Выполняя задания, можно примерить на себя роль учителя и найти ошибки в тексте, познакомиться с “советским фотошопом” или определить, о ком писали поэты свои стихи.;Личная | Участник самостоятельно выполняет задания | Очно-заочная | Нужно пройти дистанционный отбор, чтобы участвовать в очном финале;Объединение: Московская олимпиада школьников;https://olimpiada.ru/activity/103
359;Олимпиада «Будущие исследователи - будущее науки» по истории;История;7–11 классы;7.0;11.0;Очно-заочная;Личная;7.2;Следующий цикл ожидается;Следующее соревнование начнется в ноябре 2026 года;Следующее соревнование: Следующее соревнование начнется в ноябре 2026 года;Частично заполнен по текущему статусу;Расписание олимпиады в этом году пока не известно;;https://olimpiada.ru/activity/359;II;история;"Проект РСОШ 2026/27; не утвержден на 24.09.2026";https://www.garant.ru/products/ipo/prime/doc/56963051/;24.09.2026;"Белгородский государственный технологический университет им. В.Г. Шухова; →; Правительство Нижегородской области; Нижегородский государственный университет им. Н.И.Лобачевского; Российский федеральный ядерный центр ВНИИЭФ г. Сарова; Ярославская государственная медицинская академия; Ярославский государственный университет им. П.Г.Демидова";"unn.ru/...; olimp@unn.ru";"Положение; →; Регламент";Олимпиада «Будущие исследователи - будущее науки» по истории проводится для учеников 7-11 классов в два этапа. .. Задания первого этапа можно выполнять как очно на площадках организаторов, так и дистанционно. Финал проводится только очно и представляет собой предметную олимпиаду с защитой проекта.;Личная | Участник самостоятельно выполняет задания | Очно-заочная | Нужно пройти дистанционный отбор, чтобы участвовать в очном финале;Объединение: Олимпиада «Будущие исследователи - будущее науки»;https://olimpiada.ru/activity/359
157;Олимпиада «Высшая проба» по востоковедению;История;9–11 классы;9.0;11.0;Очно-заочная;Личная;7.7;Регистрация завершена;Регистрация открыта до 22 сентября;"Регистрация: До 22 сен
Первый тур отборочного этапа: 26 сен";Опубликован;"Регистрация
До 22 сен
Первый тур отборочного этапа
26 сен";Обновлено 7 сентября;https://olimpiada.ru/activity/157;II;востоковедение;"Проект РСОШ 2026/27; не утвержден на 24.09.2026";https://www.garant.ru/products/ipo/prime/doc/56963051/;24.09.2026;"Национальный исследовательский университет Высшая школа экономики; →";"olymp.hse.ru/...; olymp@hse.ru";"Положение и регламент; →";Олимпиада по востоковедению проводится с 2012 года для учеников 9-11 классов. .. К участию в соревновании приглашаются старшеклассники, которых интересует история, экономика, литература, языки, искусство, религия, философия и этнография стран и народов Востока. Выполнение олимпиадных заданий не требует знания восточных языков.;Личная | Участник самостоятельно выполняет задания | Очно-заочная | Нужно пройти дистанционный отбор, чтобы участвовать в очном финале;Объединение: Олимпиада «Высшая проба»;https://olimpiada.ru/activity/157
147;Олимпиада «Высшая проба» по истории;История;7–11 классы;7.0;11.0;Очно-заочная;Личная;9.2;Регистрация завершена;Регистрация открыта до 22 сентября;"Регистрация: До 22 сен
Дополнительная дата: Первый тур отборочного этапа: 1 день
Дополнительная дата: 29 сен
Дополнительная дата: Первый тур отборочного этапа: 2 день
Дополнительная дата: 3 окт";Частично опубликован;"Регистрация
До 22 сен
Первый тур отборочного этапа: 1 день
29 сен
Первый тур отборочного этапа: 2 день
3 окт";Обновлено 7 сентября;https://olimpiada.ru/activity/147;I;история;"Проект РСОШ 2026/27; не утвержден на 24.09.2026";https://www.garant.ru/products/ipo/prime/doc/56963051/;24.09.2026;"Национальный исследовательский университет Высшая школа экономики; →";"olymp.hse.ru/...; olymp@hse.ru";"Положение и регламент; →";Высшая школа экономики c 2010 года проводит олимпиады по истории. На них ежегодно собирается большое число участников из разных регионов России, стран СНГ и Балтии. .. Почти все задания олимпиады связаны с анализом исторических источников: нужно прочитать текст, понять, когда, кем и зачем он написан. Обращайте внимание на формулировку вопроса. Ошибка в том, о чем не спрашивали, – самая обидная. Чтобы победить в этой олимпиаде, нужно хорошо представлять себе историю искусства, знать классические литературные тексты, иметь базовое представление об этапах развития науки и техники.;Личная | Участник самостоятельно выполняет задания | Очно-заочная | Нужно пройти дистанционный отбор, чтобы участвовать в очном финале;Объединение: Олимпиада «Высшая проба»;https://olimpiada.ru/activity/147
5819;Олимпиада «Высшая проба» по международным отношениям;История;9–11 классы;9.0;11.0;Очно-заочная;Личная;7.7;Регистрация завершена;Регистрация открыта до 22 сентября;"Регистрация: До 22 сен
Первый тур отборочного этапа: 4 окт";Опубликован;"Регистрация
До 22 сен
Первый тур отборочного этапа
4 окт";Обновлено 7 сентября;https://olimpiada.ru/activity/5819;II;международные отношения;"Проект РСОШ 2026/27; не утвержден на 24.09.2026";https://www.garant.ru/products/ipo/prime/doc/56963051/;24.09.2026;"Национальный исследовательский университет Высшая школа экономики; →";"olymp.hse.ru/...; olymp@hse.ru";"Положение и регламент; →";Олимпиада по международным отношениям проводится Высшей школой экономики с 2022/23 учебного года. Попробовать свои силы приглашают учеников 9-11 классов, увлеченных современными международными отношениями, дипломатией, всемирной историей, политологией, страноведением и глобальными проблемами. .. Олимпиада состоит из тестовых и творческих заданий, предполагающих знание на профильном уровне отечественной и всемирной истории, а также связанных с глобальными процессами разделами курсов обществознания и основ мировой политики. Состязание включает два этапа: отборочный и заключительный.;Личная | Участник самостоятельно выполняет задания | Очно-заочная | Нужно пройти дистанционный отбор, чтобы участвовать в очном финале;Объединение: Олимпиада «Высшая проба»;https://olimpiada.ru/activity/5819
5418;Олимпиада «Миссия выполнима. Твое призвание - финансист!» по истории;История;8–11 классы;8.0;11.0;Очно-заочная;Личная;7.8;Текущий статус не указан;Регистрация на отборочный этап открыта до 30 ноября;"Регистрация на отборочный этап: До 30 ноя
Отборочный этап: 1—2 дек";Опубликован;"Регистрация на отборочный этап
До 30 ноя
Отборочный этап
1—2 дек";Обновлено 14 сентября;https://olimpiada.ru/activity/5418;III;история;"Проект РСОШ 2026/27; не утвержден на 24.09.2026";https://www.garant.ru/products/ipo/prime/doc/56963051/;24.09.2026;"Финансовый университет при Правительстве РФ; →";"mission.fa.ru; olymp@fa.ru";;;Личная | Участник самостоятельно выполняет задания | Очно-заочная | Нужно пройти дистанционный отбор, чтобы участвовать в очном финале;Объединение: Олимпиада «Миссия выполнима. Твое призвание – финансист!»;https://olimpiada.ru/activity/5418
5031;Олимпиада «Наше наследие»;История;1–11 классы;1.0;11.0;Очная;Личная;9.8;Этап указан;Финал для 3-4 классов;"Дополнительная дата: Школьный тур для 7-11 классов
Дополнительная дата: 1—19 сен
Дополнительная дата: Муниципальный тур для 7-11 классов
Дополнительная дата: До 22 сен
Дополнительная дата: Региональный тур для 7-11 классов
Дополнительная дата: 3 окт
Дополнительная дата: Школьный тур для 3-6 классов
Дополнительная дата: До 23 окт
Дополнительная дата: Муниципальный тур для 3-6 классов
Дополнительная дата: 23—24 окт
Школьный тур для 1 класса: 10 ноя—22 янв
Дополнительная дата: Региональный тур для 3-6 классов
Дополнительная дата: 14 ноя
Школьный тур для 2 класса: До 4 дек
Муниципальный тур для 2 класса: 4—5 дек
Муниципальный тур для 1 класса: 22—23 янв
Дополнительная дата: Финал для 3-4 классов
Дополнительная дата: 28—31 янв
Региональный тур для 2 класса: 13 фев
Дополнительная дата: Финал для 5-6 классов
Дополнительная дата: 5—8 мар
Региональный тур для 1 класса: 20 мар
Финал для 2 класса: 2—4 апр
Финал для 1 класса: 8—9 мая";Частично опубликован;"Школьный тур для 7-11 классов
1—19 сен
Муниципальный тур для 7-11 классов
До 22 сен
Региональный тур для 7-11 классов
3 окт
Школьный тур для 3-6 классов
До 23 окт
Муниципальный тур для 3-6 классов
23—24 окт
Школьный тур для 1 класса
10 ноя—22 янв
Региональный тур для 3-6 классов
14 ноя
Школьный тур для 2 класса
До 4 дек
Муниципальный тур для 2 класса
4—5 дек
Муниципальный тур для 1 класса
22—23 янв
Финал для 3-4 классов
28—31 янв
Региональный тур для 2 класса
13 фев
Финал для 5-6 классов
5—8 мар
Региональный тур для 1 класса
20 мар
Финал для 2 класса
2—4 апр
Финал для 1 класса
8—9 мая";Обновлено 25 июня;https://olimpiada.ru/activity/5031;—;;Точное соответствие проекту РСОШ 2026/27 не найдено;https://rsr-olymp.ru/news/123;24.09.2026;"Православный Свято-Тихоновский гуманитарный университет; →";"ovio.pravolimp.ru; ovio@pravolimp.ru";;Олимпиада проводится среди учащихся всех классов в 4 тура, организуются также различные дополнительные конкурсы. Попробовать свои силы будет интересно тем, кто увлекается отечественной историей и культурой;Личная | Участник самостоятельно выполняет задания | Очная | Для участия нужно прийти в заранее известное место проведения;Каталог /activities;https://olimpiada.ru/activity/5031
5049;Олимпиада «Океан знаний» по истории;История;10–11 классы;10.0;11.0;Очно-заочная;Личная;7.7;Расписание не опубликовано;Расписание следующей олимпиады ожидается в сентябре 2026 года;Публикация расписания: ожидается в сентябре 2026 года;Частично заполнен по текущему статусу;Расписание олимпиады в этом году пока не известно;;https://olimpiada.ru/activity/5049;—;;Точное соответствие проекту РСОШ 2026/27 не найдено;https://rsr-olymp.ru/news/123;24.09.2026;"ФГАОУ ВПО Дальневосточный федеральный университет (ДВФУ); →";"dvfu.ru/...; ocean@dvfu.ru";;;Личная | Участник самостоятельно выполняет задания | Очно-заочная | Нужно пройти дистанционный отбор, чтобы участвовать в очном финале;Объединение: Олимпиада «Океан знаний»;https://olimpiada.ru/activity/5049
164;Олимпиада «Покори Воробьевы горы!» по истории;История;5–11 классы;5.0;11.0;Очно-заочная;Личная;8.6;Следующий цикл ожидается;Следующее соревнование начнется в декабре;Следующее соревнование: Следующее соревнование начнется в декабре;Частично заполнен по текущему статусу;Расписание олимпиады в этом году пока не известно;;https://olimpiada.ru/activity/164;I;история;"Проект РСОШ 2026/27; не утвержден на 24.09.2026";https://www.garant.ru/products/ipo/prime/doc/56963051/;24.09.2026;"Газета Московский комсомолец; →; Московский государственный университет имени М. В. Ломоносова";"pvg.mk.ru; konkurs@mk.ru";"Положение; →; Регламент";МГУ имени М. В. Ломоносова и издательский дом «Московский Комсомолец» проводят олимпиаду «Покори Воробьевы горы!» по истории для школьников 5-11 классов. .. Олимпиада проходит в два этапа. Задания отборочного этапа размещаются в личных кабинетах участников, выполнять их можно дистанционно. Заключительный этап проводится очно в МГУ имени М. В. Ломоносова и на региональных площадках. На него приглашаются победители и призеры первого этапа. Участники олимпиады должны понимать исторические процессы и уметь их объяснять.;Личная | Участник самостоятельно выполняет задания | Очно-заочная | Нужно пройти дистанционный отбор, чтобы участвовать в очном финале;Объединение: Олимпиада «Покори Воробьевы горы!»;https://olimpiada.ru/activity/164
436;Олимпиада «Юные таланты» по истории;История;8–11 классы;8.0;11.0;Очно-заочная;Личная;7.2;Расписание не опубликовано;Расписание олимпиады в этом году пока не известно;Не опубликовано;Не опубликован;Расписание олимпиады в этом году пока не известно;;https://olimpiada.ru/activity/436;—;;Этот профиль не найден в проекте РСОШ 2026/27;https://rsr-olymp.ru/news/123;24.09.2026;Федеральное бюджетное государственное образовательное учреждение высшего профессионального образования Пермский государственный национальный исследовательский университет;"olymp.psu.ru/...; olymphis.psu@gmail.com";"Положение; →";;Личная | Участник самостоятельно выполняет задания | Очно-заочная | Нужно пройти дистанционный отбор, чтобы участвовать в очном финале;Объединение: Многопредметная олимпиада «Юные таланты»;https://olimpiada.ru/activity/436
5285;Олимпиада РАНХиГС по истории;История;8–11 классы;8.0;11.0;Очно-заочная;Личная;8.5;Регистрация открыта;Отборочный этап стартует 20 октября. Регистрация открыта;"Отборочный этап: 20 окт—18 ноя
Регистрация: До 18 ноя";Опубликован;"Отборочный этап
20 окт—18 ноя
Регистрация
До 18 ноя";Обновлено 10 сентября;https://olimpiada.ru/activity/5285;II;история;"Проект РСОШ 2026/27; не утвержден на 24.09.2026";https://www.garant.ru/products/ipo/prime/doc/56963051/;24.09.2026;"Российская академия народного хозяйства и государственной службы при президенте РФ; →";"ranepa.ru/...; olymp@ranepa.ru";"Положение; →";Олимпиада по истории проходит для учеников 8-9 и 10-11 классов. Состязание включает два этапа: отборочный и заключительный. .. Отборочный этап проводится в заочном формате. Заключительный этап проходит очно в филиалах РАНХиГС в Москве и регионах России. По итогам соревнования определяют победителей и призеров.;Личная | Участник самостоятельно выполняет задания | Очно-заочная | Нужно пройти дистанционный отбор, чтобы участвовать в очном финале;Объединение: Олимпиада РАНХиГС;https://olimpiada.ru/activity/5285
392;Олимпиада РГГУ для школьников по истории;История;9–11 классы;9.0;11.0;Очно-заочная;Личная;8.3;Этап запланирован;Регистрация на отборочный этап начнется 1 декабря 2026 года;"Регистрация на отборочный этап: 1 дек—11 янв
Отборочный этап: 13—27 янв
Заключительный этап: 21—22 фев";Опубликован;"Регистрация на отборочный этап
1 дек—11 янв
Отборочный этап
13—27 янв
Заключительный этап
21—22 фев";Обновлено 18 мая;https://olimpiada.ru/activity/392;II;история;"Проект РСОШ 2026/27; не утвержден на 24.09.2026";https://www.garant.ru/products/ipo/prime/doc/56963051/;24.09.2026;"Российский государственный гуманитарный университет; →";"rsuh.ru/...; olympiada@rggu.ru";"Положение; →; Регламент";;Личная | Участник самостоятельно выполняет задания | Очно-заочная | Нужно пройти дистанционный отбор, чтобы участвовать в очном финале;Объединение: Олимпиада РГГУ для школьников;https://olimpiada.ru/activity/392
353;Олимпиада школьников «Ломоносов» по истории;История;5–11 классы;5.0;11.0;Очно-заочная;Личная;8.4;Расписание не опубликовано;Расписание следующей олимпиады ожидается в октябре 2026 года;Публикация расписания: ожидается в октябре 2026 года;Частично заполнен по текущему статусу;Расписание олимпиады в этом году пока не известно;;https://olimpiada.ru/activity/353;I;история;"Проект РСОШ 2026/27; не утвержден на 24.09.2026";https://www.garant.ru/products/ipo/prime/doc/56963051/;24.09.2026;"Московский государственный университет имени М. В. Ломоносова; →; Исторический факультет МГУ";"olymp.msu.ru; lomonosov.hist.2016@yandex.ru";"Положение; →; Регламент; Положение об апелляциях";Олимпиада впервые прошла в 2005 году на историческом факультете. Сейчас в ней участвуют ученики 5-11 классов, интересующиеся историей. .. Состязание включает отборочный и заключительный этапы. Первый, отборочный, проводится заочно. Финал проходит в очном формате или дистанционно. Методическая комиссия олимпиады разрабатывает отдельные комплекты заданий для учащихся двух возрастных параллелей: 10-11 и 5-9 классов. Учитываются как возрастные особенности участников, так и специфика школьной программы.;Личная | Участник самостоятельно выполняет задания | Очно-заочная | Нужно пройти дистанционный отбор, чтобы участвовать в очном финале;Объединение: Олимпиада школьников «Ломоносов»;https://olimpiada.ru/activity/353
341;Олимпиада школьников «Ломоносов» по международным отношениям и глобалистике;История;5–11 классы;5.0;11.0;Очно-заочная;Личная;8.2;Расписание не опубликовано;Расписание следующей олимпиады ожидается в октябре 2026 года;Публикация расписания: ожидается в октябре 2026 года;Частично заполнен по текущему статусу;Расписание олимпиады в этом году пока не известно;;https://olimpiada.ru/activity/341;I;международные отношения и глобалистика;"Проект РСОШ 2026/27; не утвержден на 24.09.2026";https://www.garant.ru/products/ipo/prime/doc/56963051/;24.09.2026;"Московский государственный университет имени М. В. Ломоносова; →; Факультет глобальных процессов МГУ";"olymp.msu.ru; ask@fgp.msu.ru";"Положение; →; Регламент; Положение об апелляциях";Олимпиада по комплексу предметов «международные отношения и глобалистика» проводится МГУ имени М. В. Ломоносова с 2009 года. Соревнование проходит в два этапа. .. Первый, отборочный, проводится заочно. Финал проходит в очном формате или дистанционно. Для успешного выполнения заданий участники должны разбираться в истории международных отношений и внешней политики России, знать особенности современных международных экономических и политических отношений, глобализации и ее влияния на различные сферы общественной жизни.;Личная | Участник самостоятельно выполняет задания | Очно-заочная | Нужно пройти дистанционный отбор, чтобы участвовать в очном финале;Объединение: Олимпиада школьников «Ломоносов»;https://olimpiada.ru/activity/341
5763;Олимпиада школьников «Ломоносов» по религиоведению;История;5–11 классы;5.0;11.0;Очно-заочная;Личная;7.2;Расписание не опубликовано;Расписание следующей олимпиады ожидается в октябре 2026 года;Публикация расписания: ожидается в октябре 2026 года;Частично заполнен по текущему статусу;Расписание олимпиады в этом году пока не известно;;https://olimpiada.ru/activity/5763;II;религиоведение;"Проект РСОШ 2026/27; не утвержден на 24.09.2026";https://www.garant.ru/products/ipo/prime/doc/56963051/;24.09.2026;"Московский государственный университет имени М. В. Ломоносова; →; Философский факультет МГУ";"olymp.msu.ru; olymp@lomonosov.msu.ru";"Положение; →; Регламент; Положение об апелляциях";На состязании школьники смогут продемонстрировать свои знания и эрудицию в области истории, обществознания, философии, социологии, психологии. Состязание проводится в два обязательных этапа. .. Первый, отборочный, этап проводится заочно. Финал проходит в очном формате или дистанционно.;Личная | Участник самостоятельно выполняет задания | Очно-заочная | Нужно пройти дистанционный отбор, чтобы участвовать в очном финале;Объединение: Олимпиада школьников «Ломоносов»;https://olimpiada.ru/activity/5763
5700;Олимпиада школьников «Путь к успеху» по истории;История;10–11 классы;10.0;11.0;Очно-заочная;Личная;6.9;Итоги опубликованы;"Опубликованы итоги; следующее соревнование ожидается в ноябре 2026 года";"Следующее соревнование: Опубликованы итоги; следующее соревнование ожидается в ноябре 2026 года";Частично заполнен по текущему статусу;Расписание олимпиады в этом году пока не известно;;https://olimpiada.ru/activity/5700;—;;Точное соответствие проекту РСОШ 2026/27 не найдено;https://rsr-olymp.ru/news/123;24.09.2026;"Магнитогорский государственный технический университет имени Г. И. Носова; →";"molimp.magtu.ru; fdp_magtu@mail.ru";"Положение; →";Олимпиада «Путь к успеху» по истории проводится в два тура. Отборочный тур проходит дистанционно, в нем участники решают тестовые задания разных типов и уровней сложности. В заключительном туре учащиеся защищают исследовательские проекты. .. Участвовать в соревновании могут все желающие школьники 10-11 классов и учащиеся 1-3 курсов средних профессиональных учреждений.;Личная | Участник самостоятельно выполняет задания | Очно-заочная | Нужно пройти дистанционный отбор, чтобы участвовать в очном финале;Объединение: Многопрофильная олимпиада школьников «Путь к успеху»;https://olimpiada.ru/activity/5700
470;Открытая региональная межвузовская олимпиада школьников по истории;История;8–11 классы;8.0;11.0;Очно-заочная;Личная;7.4;Следующий цикл ожидается;Следующее соревнование начнется в октябре;Следующее соревнование: Следующее соревнование начнется в октябре;Частично заполнен по текущему статусу;Расписание олимпиады в этом году пока не известно;;https://olimpiada.ru/activity/470;III;история;"Проект РСОШ 2026/27; не утвержден на 24.09.2026";https://www.garant.ru/products/ipo/prime/doc/56963051/;24.09.2026;"Национальный исследовательский Томский государственный университет; →; Национальный исследовательский Томский политехнический университет; Томский государственный университет систем управления и радиоэлектроники; Сибирский государственный медицинской университет; Томский государственный архитектурно-строительный университет; Томский государственный педагогический университет";"abiturient.tsu.ru/...; ormo@mail.tsu.ru";"Положение; →; Регламент";;Личная | Участник самостоятельно выполняет задания | Очно-заочная | Нужно пройти дистанционный отбор, чтобы участвовать в очном финале;Объединение: Открытая региональная межвузовская олимпиада школьников;https://olimpiada.ru/activity/470
5440;Северо-Восточная олимпиада по истории;История;10–11 классы;10.0;11.0;Очно-заочная;Личная;6.8;Следующий цикл ожидается;Следующее соревнование начнется в ноябре 2026 года;Следующее соревнование: Следующее соревнование начнется в ноябре 2026 года;Частично заполнен по текущему статусу;Расписание олимпиады в этом году пока не известно;;https://olimpiada.ru/activity/5440;—;;Этот профиль не найден в проекте РСОШ 2026/27;https://rsr-olymp.ru/news/123;24.09.2026;"Северо-Восточный федеральный университет имени М. К. Аммосова; →";"olympiadsvosh.s-vfu.ru/...; svosh.s-vfu@mail.ru";"Положение; →; Регламент";;Личная | Участник самостоятельно выполняет задания | Очно-заочная | Нужно пройти дистанционный отбор, чтобы участвовать в очном финале;Объединение: Северо-Восточная олимпиада;https://olimpiada.ru/activity/5440
5033;Международная музыкальная олимпиада по предмету «Теория и история музыки»;"История; Искусство";9–11 классы;9.0;11.0;Очная;Личная;6.1;Итоги опубликованы;"Опубликованы итоги; следующее соревнование ожидается в феврале 2027 года";"Следующее соревнование: Опубликованы итоги; следующее соревнование ожидается в феврале 2027 года";Частично заполнен по текущему статусу;Расписание олимпиады в этом году пока не известно;;https://olimpiada.ru/activity/5033;III;музыкальное искусство;"Проект РСОШ 2026/27; не утвержден на 24.09.2026";https://www.garant.ru/products/ipo/prime/doc/56963051/;24.09.2026;"Нижегородская государственная консерватория (академия) им. М. И. Глинки (ННГК им. М. И. Глинки); →";"new.nnovcons.ru/...; nngk.olimpiada@yandex.ru";;;Личная | Участник самостоятельно выполняет задания | Очная | Для участия нужно прийти в заранее известное место проведения;Объединение: Международная музыкальная олимпиада;https://olimpiada.ru/activity/5033
206;Телевизионная гуманитарная олимпиада школьников «Умницы и умники»;"История; Литература; Обществознание; Право";10–11 классы;10.0;11.0;Очно-заочная;Личная;7.1;Следующий цикл ожидается;Следующая олимпиада начнется в сентябре 2026 года;Следующая олимпиада: Следующая олимпиада начнется в сентябре 2026 года;Частично заполнен по текущему статусу;Расписание олимпиады в этом году пока не известно;;https://olimpiada.ru/activity/206;I;гуманитарные и социальные науки;"Проект РСОШ 2026/27; не утвержден на 24.09.2026";https://www.garant.ru/products/ipo/prime/doc/56963051/;24.09.2026;"Московский государственный институт международных отношений; →; Студия Первого канала Центрального телевидения";"abiturient.mgimo.ru/...; olymp@inno.mgimo.ru";;Проходит в формате телеконкурса для учеников 10-11 классов, разбирающихся в областях отечественной и всемирной истории, отечественной и зарубежной литературы, современных обществоведческих наук. .. Регистрация и отбор участников начинаются с середины марта. Школьники, прошедшие отбор, приглашаются на олимпиаду. Эфиры конкурса выходят каждую субботу с сентября до июля. Выпуски телепередач;Личная | Участник самостоятельно выполняет задания | Очно-заочная | Нужно пройти дистанционный отбор, чтобы участвовать в очном финале;Каталог /activities;https://olimpiada.ru/activity/206
5054;Всероссийская академическая олимпиада имени В.И. Вернадского по истории и обществознанию;"История; Обществознание";7–11 классы;7.0;11.0;Очно-заочная;Личная;8.8;Расписание не опубликовано;Расписание следующей олимпиады ожидается в октябре 2026 года;Публикация расписания: ожидается в октябре 2026 года;Частично заполнен по текущему статусу;Расписание олимпиады в этом году пока не известно;;https://olimpiada.ru/activity/5054;I;гуманитарные и социальные науки;"Проект РСОШ 2026/27; не утвержден на 24.09.2026";https://www.garant.ru/products/ipo/prime/doc/56963051/;24.09.2026;"Бурятский государственный университет имени Доржи Банзарова; Волгоградский институт бизнеса; Кемеровский государственный университет; Московский университет имени С.Ю. Витте; Российский новый университет; Санкт-Петербургский государственный экономический университет; Тамбовский государственный технический университет; Финансовый университет при Правительстве Российской Федерации; Ульяновский государственный университет";"vernadsky.online; vernadsky.info@gmail.com";"Положение и регламент; →; Материалы олимпиады";Олимпиада по профилю «гуманитарные и социальные науки» проходит по истории и обществознанию в два этапа: отборочный и заключительный. .. Отборочный этап проводится в различных формах: конкурс творческих работ, очные туры на региональных площадках и заочный этап. На последнем участники пишут эссе, ежегодно организаторами определяется новая тема работы. Заключительный этап проходит в очной форме на региональных площадках. Участники выполняют задания по истории и обществознанию.;Личная | Участник самостоятельно выполняет задания | Очно-заочная | Нужно пройти дистанционный отбор, чтобы участвовать в очном финале;Каталог /activities;https://olimpiada.ru/activity/5054
5661;Многопрофильная инженерная олимпиада «Звезда» по международным отношениям;"История; Обществознание";10–11 классы;10.0;11.0;Очно-заочная;Личная;7.2;Этап указан;Очный отборочный этап;"Интернет-тур отборочного этапа: 20 окт—22 дек
Очный отборочный этап: 5 ноя—22 дек";Опубликован;"Интернет-тур отборочного этапа
20 окт—22 дек
Очный отборочный этап
5 ноя—22 дек";Обновлено 17 сентября;https://olimpiada.ru/activity/5661;—;;Этот профиль не найден в проекте РСОШ 2026/27;https://rsr-olymp.ru/news/123;24.09.2026;"Южно-Уральский государственный университет; →; Союз машиностроителей России; Южно-Российский политехнический университет (НПИ) имени М. И. Платова";"zv.susu.ru/...; zv@susu.ru";"Положение и регламент; →";;Личная | Участник самостоятельно выполняет задания | Очно-заочная | Нужно пройти дистанционный отбор, чтобы участвовать в очном финале;Объединение: Многопрофильная инженерная олимпиада «Звезда»;https://olimpiada.ru/activity/5661
5005;Олимпиада МГИМО(У) МИД России для школьников;"История; Обществознание";7–11 классы;7.0;11.0;Очно-заочная;Личная;9.0;Следующий цикл ожидается;Следующее соревнование начнется в ноябре;Следующее соревнование: Следующее соревнование начнется в ноябре;Частично заполнен по текущему статусу;Расписание олимпиады в этом году пока не известно;;https://olimpiada.ru/activity/5005;II;гуманитарные и социальные науки / международные отношения;"Проект РСОШ 2026/27; не утвержден на 24.09.2026";https://www.garant.ru/products/ipo/prime/doc/56963051/;24.09.2026;"МГИМО (У) МИД России; →";"olymp.mgimo.ru; olymp@inno.mgimo.ru";"Регламент; →";МГИМО(У) МИД России совместно с редакцией «Российской газеты» проводят олимпиаду для школьников 7-11 классов по профилю «гуманитарные и социальные науки». Соревнование проходит в два этапа: дистанционный отборочный и очный заключительный. .. Во время первого этапа участникам нужно подготовить эссе на тему, связанную с актуальными проблемами международных отношений. Финал проводится в два тура. Тех, кто смог защитить свое эссе на собеседовании с жюри, пригласят написать работу по всему комплексу предметов и профилей олимпиады.;Личная | Участник самостоятельно выполняет задания | Очно-заочная | Нужно пройти дистанционный отбор, чтобы участвовать в очном финале;Каталог /activities;https://olimpiada.ru/activity/5005
5415;Олимпиада РАНХиГС по политологии;"История; Обществознание";8–11 классы;8.0;11.0;Очно-заочная;Личная;8.3;Регистрация открыта;Отборочный этап стартует 20 октября. Регистрация открыта;"Отборочный этап: 20 окт—18 ноя
Регистрация: До 18 ноя";Опубликован;"Отборочный этап
20 окт—18 ноя
Регистрация
До 18 ноя";Обновлено 10 сентября;https://olimpiada.ru/activity/5415;II;политология;"Проект РСОШ 2026/27; не утвержден на 24.09.2026";https://www.garant.ru/products/ipo/prime/doc/56963051/;24.09.2026;"Российская академия народного хозяйства и государственной службы при президенте РФ; →";"ranepa.ru/...; olymp@ranepa.ru";"Положение; →";Олимпиада по политологии проходит для всех желающих учащихся 8-11 классов в два этапа: отборочный и заключительный. .. Отборочный этап проводится в заочном формате. Участники, успешно выполнившие задания, приглашаются на заключительный этап. Финал проходит очно в филиалах РАНХиГС в Москве и регионах России.;Личная | Участник самостоятельно выполняет задания | Очно-заочная | Нужно пройти дистанционный отбор, чтобы участвовать в очном финале;Объединение: Олимпиада РАНХиГС;https://olimpiada.ru/activity/5415
156;Олимпиада школьников «Ломоносов» по основам российской государственности;"История; Обществознание";5–11 классы;5.0;11.0;Очно-заочная;Личная;8.6;Расписание не опубликовано;Расписание следующей олимпиады ожидается в октябре 2026 года;Публикация расписания: ожидается в октябре 2026 года;Частично заполнен по текущему статусу;Расписание олимпиады в этом году пока не известно;;https://olimpiada.ru/activity/156;I;основы российской государственности;"Проект РСОШ 2026/27; не утвержден на 24.09.2026";https://www.garant.ru/products/ipo/prime/doc/56963051/;24.09.2026;"Московский государственный университет имени М. В. Ломоносова; →; Факультет глобальных процессов МГУ";"olymp.msu.ru; ask@fgp.msu.ru";"Положение; →; Регламент; Положение об апелляциях";Олимпиада проводится с 2012 года для учеников 5-11 классов. Участвуют школьники, интересующиеся интересующихся российской историей, обществознанием и сфрагистикой. .. Состязание проходит в два этапа: отборочный и заключительный. Большинство заданий являются междисциплинарными, т.е. требуют углубленных знаний истории России и смежных дисциплин. Задания составлены таким образом, что предусмотрены различные варианты ответов: в виде слова, имени, даты или словосочетания. Также нужно кратко обосновать и привести собственный пример, дать развернутый ответ на конкретный вопрос, написать эссе (историческое сочинение) на предложенную тему. В отдельном блоке заданий нужно провести анализ иллюстрации, схемы, исторических карт и ответить на вопросы. Организаторы напоминают, что изображение всегда содержит какую-то подсказку.;Личная | Участник самостоятельно выполняет задания | Очно-заочная | Нужно пройти дистанционный отбор, чтобы участвовать в очном финале;Объединение: Олимпиада школьников «Ломоносов»;https://olimpiada.ru/activity/156
342;Олимпиада школьников «Ломоносов» по политологии;"История; Обществознание";7–11 классы;7.0;11.0;Очно-заочная;Личная;8.2;Расписание не опубликовано;Расписание следующей олимпиады ожидается в октябре 2026 года;Публикация расписания: ожидается в октябре 2026 года;Частично заполнен по текущему статусу;Расписание олимпиады в этом году пока не известно;;https://olimpiada.ru/activity/342;II;политология;"Проект РСОШ 2026/27; не утвержден на 24.09.2026";https://www.garant.ru/products/ipo/prime/doc/56963051/;24.09.2026;"Московский государственный университет имени М. В. Ломоносова; →; Факультет политологии МГУ";"olymp.msu.ru; polit.olimp@mail.ru";"Положение; →; Регламент; Положение об апелляциях";Состязание по политологии для учеников 7-11 классов проводится МГУ имени М. В. Ломоносова с 2009 года. Олимпиада включает отборочный и заключительный этапы. .. Участвовать могут ученики 7-11 классов. Для выполнения заданий нужно знать политическую историю России, международные отношения, правовые основы функционирования политической системы государства, особенности современных политических отношений и процессов. Эти знания школьники могут получить, изучая обществознание и историю в школе.;Личная | Участник самостоятельно выполняет задания | Очно-заочная | Нужно пройти дистанционный отбор, чтобы участвовать в очном финале;Объединение: Олимпиада школьников «Ломоносов»;https://olimpiada.ru/activity/342
5469;Международная олимпиада по интеллектуальной собственности для старшеклассников;"История; Обществознание; Предпринимательство; Право; Экономика";11 класс;11.0;11.0;Очно-заочная;Личная;7.6;Расписание не опубликовано;Расписание олимпиады ожидается в ноябре 2026 года;Публикация расписания: ожидается в ноябре 2026 года;Частично заполнен по текущему статусу;Расписание олимпиады в этом году пока не известно;;https://olimpiada.ru/activity/5469;—;;Точное соответствие проекту РСОШ 2026/27 не найдено;https://rsr-olymp.ru/news/123;24.09.2026;"Российская государственная академия интеллектуальной собственности; Федеральная служба по интеллектуальной собственности; Евразийское патентное ведомство";"olimpiada.rgiis.ru; alts@rgiis.ru";;Цель олимпиады – повышение интереса молодого поколения к интеллектуальной собственности, поддержание изобретательской и исследовательской активности молодежи, повышение статуса изобретателя, формирование новой инновационной культуры, стимулирование молодых людей на инновационные поиски и разработку перспективных, прорывных молодежных проектов. .. Принять участие могут выпускники школ, колледжей, училищ и техникумов. Состязание включает три тура: тестирование, конкурс письменных работ, защита работ.;Личная | Участник самостоятельно выполняет задания | Очно-заочная | Нужно пройти дистанционный отбор, чтобы участвовать в очном финале;Каталог /activities;https://olimpiada.ru/activity/5469
6916;Северо-Восточная олимпиада по рекламе и связям с общественностью;"История; Обществознание; Русский язык";10–11 классы;10.0;11.0;Очно-заочная;Личная;6.0;Следующий цикл ожидается;Следующее соревнование начнется в ноябре 2026 года;Следующее соревнование: Следующее соревнование начнется в ноябре 2026 года;Частично заполнен по текущему статусу;Расписание олимпиады в этом году пока не известно;;https://olimpiada.ru/activity/6916;—;;Этот профиль не найден в проекте РСОШ 2026/27;https://rsr-olymp.ru/news/123;24.09.2026;"Северо-Восточный федеральный университет имени М. К. Аммосова; →";"olympiadsvosh.s-vfu.ru/...; svosh.s-vfu@mail.ru";"Положение; →; Регламент";;Личная | Участник самостоятельно выполняет задания | Очно-заочная | Нужно пройти дистанционный отбор, чтобы участвовать в очном финале;Объединение: Северо-Восточная олимпиада;https://olimpiada.ru/activity/6916
5302;Всероссийская олимпиада по итальянскому языку;Итальянский язык;5–11 классы;5.0;11.0;Очная;Личная;6.6;Идёт этап;Школьный этап проходит до 1 ноября;"Школьный этап: До 1 ноя
Муниципальный этап: 2 ноя—25 дек";Опубликован;"Школьный этап
До 1 ноя
Муниципальный этап
2 ноя—25 дек";Обновлено 1 сентября;https://olimpiada.ru/activity/5302;ВсОШ;Итальянский язык;"ВсОШ: отдельная система; уровни I–III РСОШ не применяются";https://vserosolimp.edsoo.ru/;24.09.2026;"Минпросвещения России; →; Ответственные в регионах";vserosolimp.edsoo.ru;"Порядок проведения; →";Всероссийская олимпиада школьников по итальянскому языку впервые была проведена в 2015 году в 19 регионах России. .. Соревнование проводится для учащихся 5-11 классов. При этом в школьном этапе может участвовать любой желающий вне зависимости от того, где он изучает язык: на уроках, с репетитором или дома. Участникам предлагается аудирование, лексико-грамматический тест, викторина на знание итальянской истории, географии и культуры. Кроме того, проверяется и умение школьников работать с текстом. Муниципальный этап проводится для учащихся 7-11 классов. К уже перечисленным типам заданий добавляется творческое сочинение. В региональном и заключительном этапах могут участвовать ученики 9-11 классов. Оба этапа проходят в два тура. Первый включает письменные задания. На втором, устном, школьникам предлагается выступить на заданную тему, их ответы записываются на аудионосители. Победители и призеры финального этапа Всероссийской олимпиады школьников получают льготы при поступлении на профильные направления в вузы.;Личная | Участник самостоятельно выполняет задания | Очная | Для участия нужно прийти в заранее известное место проведения | Правила игры | Общие положения прописаны в Порядке проведения олимпиады, который утверждает Минобрнауки России | Порядок проведения ВсОШ → | Льготы при поступлении | Победители и призеры финала олимпиады поступают без экзаменов в любой вуз по профильному направлению | Подробнее о льготах → | Локальные особенности | В Москве школьный этап проходит по единым заданиям и единому графику | Сайт этапов ВсОШ в Москве →;Объединение: Всероссийская олимпиада школьников;https://olimpiada.ru/activity/5302
5303;Всероссийская олимпиада по китайскому языку;Китайский язык;5–11 классы;5.0;11.0;Очная;Личная;7.7;Идёт этап;Школьный этап проходит до 1 ноября;"Школьный этап: До 1 ноя
Муниципальный этап: 2 ноя—25 дек";Опубликован;"Школьный этап
До 1 ноя
Муниципальный этап
2 ноя—25 дек";Обновлено 1 сентября;https://olimpiada.ru/activity/5303;ВсОШ;Китайский язык;"ВсОШ: отдельная система; уровни I–III РСОШ не применяются";https://vserosolimp.edsoo.ru/;24.09.2026;"Минпросвещения России; →; Ответственные в регионах";vserosolimp.edsoo.ru;"Порядок проведения; →";Всероссийская олимпиада школьников по китайскому языку впервые состоялась в 2015 году, пилотный проект проводился в 19 регионах. .. В школьном этапе соревнования может попробовать свои силы любой учащийся 5-11 классов. Школьникам предлагается выполнить задания по аудированию, сделать лексико-грамматический тест, а также ответить на вопросы к тексту. Кроме того, олимпиада для старшеклассников включает в себя викторину по китайской истории и культуре. В муниципальном этапе могут выступать учащиеся 7-11 классов. Их ждут аналогичные задания, а также им нужно написать творческое сочинение. В региональном и заключительном этапах участвуют школьники 9-11 классов, оба этапа проходят в два тура. В первом ребятам нужно выполнить письменные работы. Второй тур – устный: школьников распределяют по группам из 3-4 человек, и они готовятся к презентации ток-шоу или дискуссии на заданную тему. Победители и призеры финала получают льготы при поступлении на профильные факультеты вузов.;Личная | Участник самостоятельно выполняет задания | Очная | Для участия нужно прийти в заранее известное место проведения | Правила игры | Общие положения прописаны в Порядке проведения олимпиады, который утверждает Минобрнауки России | Порядок проведения ВсОШ → | Льготы при поступлении | Победители и призеры финала олимпиады поступают без экзаменов в любой вуз по профильному направлению | Подробнее о льготах → | Локальные особенности | В Москве школьный этап проходит по единым заданиям и единому графику | Сайт этапов ВсОШ в Москве →;Объединение: Всероссийская олимпиада школьников;https://olimpiada.ru/activity/5303
5524;Открытая российская интернет-олимпиада по китайскому языку;Китайский язык;1–9 классы;1.0;9.0;Дистанционная;Личная;7.1;Регистрация открыта;Отборочный этап стартует 20 октября. Регистрация открыта;"Осенняя олимпиада: 16—18 ноя
Зимняя олимпиада: 16—18 фев
Весенняя олимпиада: 16—18 мая";Опубликован;"Осенняя олимпиада
16—18 ноя
Зимняя олимпиада
16—18 фев
Весенняя олимпиада
16—18 мая";Обновлено 18 июня;https://olimpiada.ru/activity/5524;—;;Точное соответствие проекту РСОШ 2026/27 не найдено;https://rsr-olymp.ru/news/123;24.09.2026;СПбАППО;"metaschool.ru/...; krug@metaschool.ru";;;Личная | Участник самостоятельно выполняет задания | Дистанционная | Можно участвовать не выходя из дома, достаточно иметь компьютер с доступом в интернет;Объединение: Открытые российские интернет-олимпиады для школьников;https://olimpiada.ru/activity/5524
298;Летняя лингвистическая школа;Лингвистика;8–10 классы;8.0;10.0;;;6.9;Следующий цикл ожидается;Следующая смена ожидается в июле 2027 года;Следующая смена: Следующая смена ожидается в июле 2027 года;Частично заполнен по текущему статусу;Расписание олимпиады в этом году пока не известно;;https://olimpiada.ru/activity/298;—;;Точное соответствие проекту РСОШ 2026/27 не найдено;https://rsr-olymp.ru/news/123;24.09.2026;"НИУ ВШЭ; →; Московский центр непрерывного математического образования";"ling.olimpiada.ru/...; info@lingling.ru; linglingresults@gmail.com";;Летняя лингвистическая школа проводится для учеников 8-10 классов с 1992 года. Участников ждут лекции ведущих российских лингвистов, семинары, интеллектуальные игры и конкурсы. .. В школу приезжают победители Традиционной олимпиады по лингвистике, а также участники лингвистических кружков при РГГУ, ВШЭ и МЦНМО.;;Каталог /activities;https://olimpiada.ru/activity/298
6978;Летовская олимпиада по лингвистике;Лингвистика;6–8 классы;6.0;8.0;Очно-заочная;Лично-командная;5.5;Расписание не опубликовано;Расписание следующей олимпиады ожидается в январе 2027 года;Публикация расписания: ожидается в январе 2027 года;Частично заполнен по текущему статусу;Расписание олимпиады в этом году пока не известно;;https://olimpiada.ru/activity/6978;—;;Точное соответствие проекту РСОШ 2026/27 не найдено;https://rsr-olymp.ru/news/123;24.09.2026;"Школа «Летово»; →";"events.letovo.ru/...; ask@letovo.ru";;Состязание рассчитано на школьников, только начинающих свой олимпиадный путь, но готовых к решению нестандартных заданий и работе в команде. Для успешного решения лингвистических задач не нужно знать иностранные языки — достаточно иметь логическое мышление и языковое чутье. .. Первый тур, индивидуальный, проходит онлайн. На нем участникам предлагается решить несколько лингвистических задач. Второй тур проводится очно в Москве, где финалистов распределяют на команды. Состязание устроено в формате лингвистического детектива: ребятам нужно будет раскрыть дело, используя свои знания о строении языков.;Лично-командная | Можно участвовать самостоятельно или собрать команду | Очно-заочная | Нужно пройти дистанционный отбор, чтобы участвовать в очном финале;Каталог /activities;https://olimpiada.ru/activity/6978
5210;Международная научно-практическая конференция «Языкознание для всех»;Лингвистика;6–11 классы;6.0;11.0;Очная;Личная;7.3;Информация ожидается;Информация о следующей конференции ожидается в октябре 2026 года;Обновление информации: ожидается в октябре 2026 года;Частично заполнен по текущему статусу;Расписание олимпиады в этом году пока не известно;;https://olimpiada.ru/activity/5210;—;;Точное соответствие проекту РСОШ 2026/27 не найдено;https://rsr-olymp.ru/news/123;24.09.2026;"Московский педагогический государственный университет; →; Российский государственный педагогический университет им. А. И. Герцена; Школа № 2094";"sites.google.com/...; konferentsia.yazykoznanie-2026@yandex.ru";;Конференция проводится с 1997 года. Мероприятие проходит для учащихся 6-11 классов и студентов. .. Конференция помогает повышать уровень культуры речи, формирует ценностное отношение к русскому языку у будущих учителей разных предметов.;Личная | Участник самостоятельно выполняет задания | Очная | Для участия нужно прийти в заранее известное место проведения;Каталог /activities;https://olimpiada.ru/activity/5210
5144;Международная олимпиада по лингвистике;Лингвистика;8–11 классы;8.0;11.0;Очная;Лично-командная;7.3;Расписание не опубликовано;Ожидается расписание состязания;XXIV олимпиада: 21—28 июл;Опубликован;"XXIV олимпиада
21—28 июл";Обновлено 17 августа;https://olimpiada.ru/activity/5144;—;;Точное соответствие проекту РСОШ 2026/27 не найдено;https://rsr-olymp.ru/news/123;24.09.2026;;iol2026.ioling.org;;Соревнование проходит ежегодно в одной из стран, где проводятся национальные лингвистические олимпиады. Первая Международная олимпиада по лингвистике состоялась в 2003 году в Болгарии. .. К участию приглашаются команды из четырех школьников и одного руководителя. Олимпиада состоит из двух соревновательных туров: индивидуального и командного. На индивидуальном туре каждому участнику необходимо решить пять задач, на командном сборным предлагается одна, но более объемная, лингвистическая задача. Рабочий язык – английский, но школьники могут выполнять задания на своем родном языке. https://ioling.org/;Лично-командная | Можно участвовать самостоятельно или собрать команду | Очная | Для участия нужно прийти в заранее известное место проведения;Объединение: Международные олимпиады;https://olimpiada.ru/activity/5144
39;Московская традиционная олимпиада по лингвистике;Лингвистика;8–11 классы;8.0;11.0;Очно-заочная;Личная;8.9;Расписание не опубликовано;Ожидается расписание состязания;Публикация расписания: ожидается расписание состязания;Частично заполнен по текущему статусу;Расписание олимпиады в этом году пока не известно;;https://olimpiada.ru/activity/39;I;лингвистика;"Проект РСОШ 2026/27; не утвержден на 24.09.2026";https://www.garant.ru/products/ipo/prime/doc/56963051/;24.09.2026;"Департамент образования и науки города Москвы; →; Отделение теоретической и прикладной лингвистики филологического факультета МГУ имени М. В. Ломоносова; Институт лингвистики РГГУ; Школа лингвистики НИУ ВШЭ; При поддержке Московского центра непрерывного математического образования";"ling.olimpiada.ru/...; ling@olimpiada.ru";"Регламент; →";Уникальное соревнование для школьников 8-11 классов. Участникам не требуется никакой специальной лингвистической подготовки: главное – языковая интуиция и способность к логическим рассуждениям. .. Состязания проходят в два этапа: отборочный (проводится онлайн) и заключительный, который состоит из двух очных туров. Победитель определяется по совокупности результатов, показанных на очных соревнованиях. Очные туры проходят одновременно в разных городах России. На каждом туре участник получает 5 задач, для решения которых достаточно той информации, которая содержится в условии. В заданиях каждой олимпиады используется 15-20 различных языков. Важнейшая составляющая олимпиады – разбор задач: задания первого тура обсуждаются накануне второго, а материалы второго тура – непосредственно перед церемонией награждения. Специалисты знакомят школьников с ходом решения каждой задачи и интересными языковыми фактами, связанными с ней.;Личная | Участник самостоятельно выполняет задания | Очно-заочная | Нужно пройти дистанционный отбор, чтобы участвовать в очном финале | Как проверяют работы | В проверке работ участвуют 60-70 человек, среди которых большую часть составляют лингвисты МГУ и РГГУ | История | Первая олимпиада сразу же была названа «традиционной» | О заданиях | В задачах каждой олимпиады используется 15-20 различных языков;Объединение: Московская олимпиада школьников;https://olimpiada.ru/activity/39
5419;Устная олимпиада по лингвистике;Лингвистика;8–11 классы;8.0;11.0;Очная;Личная;7.2;Следующий цикл ожидается;Следующее соревнование пройдет в октябре 2026 года;Следующее соревнование: Следующее соревнование пройдет в октябре 2026 года;Частично заполнен по текущему статусу;Расписание олимпиады в этом году пока не известно;;https://olimpiada.ru/activity/5419;—;;Точное соответствие проекту РСОШ 2026/27 не найдено;https://rsr-olymp.ru/news/123;24.09.2026;НИУ ВШЭ;"vk.com/...; hseling.for.school@gmail.com";;Устная олимпиада по лингвистике проводится студентами Высшей школы экономики. Соревнование проходит очно в Москве в один день. .. Задания рассчитаны на учащихся 8-11 классов, но школьники помладше тоже могут попробовать свои силы. Участники выполняют задания по коптскому, горномарийскому, русскому жестовому и другим языкам. Зачет подводится по двум возрастным группам: 8-9 классы и 10-11 классы. Решения участники представляют жюри в устной форме.;Личная | Участник самостоятельно выполняет задания | Очная | Для участия нужно прийти в заранее известное место проведения;Каталог /activities;https://olimpiada.ru/activity/5419
5793;Северо-Восточная олимпиада по родным языкам;"Лингвистика; Литература; Русский язык";8–11 классы;8.0;11.0;Очно-заочная;Личная;7.1;Следующий цикл ожидается;Следующее соревнование начнется в ноябре 2026 года;Следующее соревнование: Следующее соревнование начнется в ноябре 2026 года;Частично заполнен по текущему статусу;Расписание олимпиады в этом году пока не известно;;https://olimpiada.ru/activity/5793;III;родные языки;"Проект РСОШ 2026/27; не утвержден на 24.09.2026";https://www.garant.ru/products/ipo/prime/doc/56963051/;24.09.2026;"Северо-Восточный федеральный университет имени М. К. Аммосова; →";"olympiadsvosh.s-vfu.ru/...; svosh.s-vfu@mail.ru";"Положение; →; Регламент";Олимпиада по родным языкам проводится с 2021/22 учебного года. К участию приглашаются ученики 8-11 классов. .. Соревнование проходит по 29 языкам народов России, среди них русский, аварский, алтайский, даргинский, карельский, кетский, якутский, эвенский, эвенкийский, долганский, юкагирский, чукотский, татарский, башкирский, ненецкий и чеченский языки.;Личная | Участник самостоятельно выполняет задания | Очно-заочная | Нужно пройти дистанционный отбор, чтобы участвовать в очном финале;Объединение: Северо-Восточная олимпиада;https://olimpiada.ru/activity/5793
5636;Интернет-олимпиада по славянской филологии;"Лингвистика; Русский язык";5–11 классы;5.0;11.0;Дистанционная;Личная;8.0;Следующий цикл ожидается;Следующее соревнование пройдет в апреле 2027 года;Следующее соревнование: Следующее соревнование пройдет в апреле 2027 года;Частично заполнен по текущему статусу;Расписание олимпиады в этом году пока не известно;;https://olimpiada.ru/activity/5636;—;;Точное соответствие проекту РСОШ 2026/27 не найдено;https://rsr-olymp.ru/news/123;24.09.2026;"Филологический факультет МГУ им. М. В. Ломоносова; →";"philol.msu.ru/...; olymp@philol.msu.ru";;;Личная | Участник самостоятельно выполняет задания | Дистанционная | Можно участвовать не выходя из дома, достаточно иметь компьютер с доступом в интернет;Каталог /activities;https://olimpiada.ru/activity/5636
5662;Многопрофильная инженерная олимпиада «Звезда» по переводу и переводоведению;"Лингвистика; Русский язык";10–11 классы;10.0;11.0;Очно-заочная;Личная;7.3;Этап указан;Очный отборочный этап;"Интернет-тур отборочного этапа: 20 окт—22 дек
Очный отборочный этап: 5 ноя—22 дек";Опубликован;"Интернет-тур отборочного этапа
20 окт—22 дек
Очный отборочный этап
5 ноя—22 дек";Обновлено 17 сентября;https://olimpiada.ru/activity/5662;—;;Этот профиль не найден в проекте РСОШ 2026/27;https://rsr-olymp.ru/news/123;24.09.2026;"Южно-Уральский государственный университет; →; Союз машиностроителей России; Южно-Российский политехнический университет (НПИ) имени М. И. Платова";"zv.susu.ru/...; zv@susu.ru";"Положение и регламент; →";;Личная | Участник самостоятельно выполняет задания | Очно-заочная | Нужно пройти дистанционный отбор, чтобы участвовать в очном финале;Объединение: Многопрофильная инженерная олимпиада «Звезда»;https://olimpiada.ru/activity/5662
5428;Всероссийская Толстовская олимпиада школьников по литературе;Литература;10–11 классы;10.0;11.0;Очно-заочная;Личная;8.1;Расписание не опубликовано;Расписание следующей олимпиады ожидается в ноябре 2026 года;Публикация расписания: ожидается в ноябре 2026 года;Частично заполнен по текущему статусу;Расписание олимпиады в этом году пока не известно;;https://olimpiada.ru/activity/5428;III;литература;"Проект РСОШ 2026/27; не утвержден на 24.09.2026";https://www.garant.ru/products/ipo/prime/doc/56963051/;24.09.2026;"Тульский государственный педагогический университет им. Л.Н.Толстого; →; Южно-Уральский государственный гуманитарно-педагогический университет; Рязанский государственный университет имени С. А. Есенина; Московский государственный областной социально-гуманитарный институт; Московский городской педагогический университет; Тверской государственный университет; Белгородский государственный национальный исследовательский университет";"olymp.tsput.ru/...; Olymp@tsput.ru";"Положение; →; Регламент";;Личная | Участник самостоятельно выполняет задания | Очно-заочная | Нужно пройти дистанционный отбор, чтобы участвовать в очном финале;Объединение: Всероссийская Толстовская олимпиада;https://olimpiada.ru/activity/5428
83;Всероссийская олимпиада по литературе;Литература;5–11 классы;5.0;11.0;Очная;Личная;8.5;Идёт этап;Школьный этап проходит до 1 ноября;"Школьный этап: До 1 ноя
Муниципальный этап: 2 ноя—25 дек";Опубликован;"Школьный этап
До 1 ноя
Муниципальный этап
2 ноя—25 дек";Обновлено 1 сентября;https://olimpiada.ru/activity/83;ВсОШ;Литература;"ВсОШ: отдельная система; уровни I–III РСОШ не применяются";https://vserosolimp.edsoo.ru/;24.09.2026;"Минпросвещения России; →; Ответственные в регионах";vserosolimp.edsoo.ru;"Порядок проведения; →";Всероссийская олимпиада школьников по литературе проводится для учащихся 5-11 классов. Как правило, школьникам даются задания, связанные со знаниями текстов русской классики, литературоведческих терминов, истории литературы. .. Кроме того, учащимся необходимо уметь проводить анализ текстов. Также их ждет творческое задание. На школьном, муниципальном и региональном этапах все задания соревнования письменные. Заключительный этап состоит из трех туров: первые два из них – письменные, а последний – устный, школьнику необходимо подготовить выступление на заданную тему. Победители и призеры заключительного этапа получают льготы при поступлении в профильные вузы. Всероссийская олимпиада школьников по литературе проводится с 1995 года.;Личная | Участник самостоятельно выполняет задания | Очная | Для участия нужно прийти в заранее известное место проведения | Правила игры | Общие положения прописаны в Порядке проведения олимпиады, который утверждает Минобрнауки России | Порядок проведения ВсОШ → | Льготы при поступлении | Победители и призеры финала олимпиады поступают без экзаменов в любой вуз по профильному направлению | Подробнее о льготах → | Локальные особенности | В Москве школьный этап проходит по единым заданиям и единому графику | Сайт этапов ВсОШ в Москве →;Объединение: Всероссийская олимпиада школьников;https://olimpiada.ru/activity/83
5883;Литературная олимпиада «Образ»;Литература;6–8 классы;6.0;8.0;Дистанционная;Личная;6.1;Расписание не опубликовано;Расписание следующей олимпиады ожидается в сентябре 2026 года;Публикация расписания: ожидается в сентябре 2026 года;Частично заполнен по текущему статусу;Расписание олимпиады в этом году пока не известно;;https://olimpiada.ru/activity/5883;—;;Точное соответствие проекту РСОШ 2026/27 не найдено;https://rsr-olymp.ru/news/123;24.09.2026;"Школа «Летово»; →";"letovo.online/...; online@letovo.ru";;Онлайн-олимпиада по литературе проходит для учеников 6-8 классов. Для участия не обязательно обладать специальными знаниями, достаточно воображения и фантазии. .. Соревнование включает отборочный и финальный этапы. Задания первого предполагают тестовый формат: участникам нужно решать самые разные задания, подключив фантазию, эрудицию, кругозор. Участников, ставших лучшими по итогам отбора, пригласят в финал.;Личная | Участник самостоятельно выполняет задания | Дистанционная | Можно участвовать не выходя из дома, достаточно иметь компьютер с доступом в интернет;Каталог /activities;https://olimpiada.ru/activity/5883
148;Олимпиада «Высшая проба» по филологии;Литература;7–11 классы;7.0;11.0;Очно-заочная;Личная;9.1;Регистрация завершена;Регистрация открыта до 22 сентября;"Регистрация: До 22 сен
Первый тур отборочного этапа: 26 сен";Опубликован;"Регистрация
До 22 сен
Первый тур отборочного этапа
26 сен";Обновлено 7 сентября;https://olimpiada.ru/activity/148;I;филология;"Проект РСОШ 2026/27; не утвержден на 24.09.2026";https://www.garant.ru/products/ipo/prime/doc/56963051/;24.09.2026;"Национальный исследовательский университет Высшая школа экономики; →";"olymp.hse.ru/...; olymp@hse.ru";"Положение и регламент; →";Олимпиада «Высшей пробы» по литературе впервые прошла в 2011 году. Спустя шесть лет она немного изменила свой формат и стала олимпиадой по филологии. Помимо традиционных заданий по литературе, соревнование включает и задачи нового типа. .. Задания заочного этапа проверяют, как хорошо участники знают произведения отечественной и зарубежной литературы, могут ли соотнести тексты и исторические события. Все типы заданий второго этапа представляют собой своего рода «лабораторные работы». Участникам предлагают подобрать из художественных текстов аргументы для решения той или иной литературной проблемы, сопоставить и прокомментировать фрагменты произведений. Все задания направлены на выявление вдумчивого, исследовательского и нестандартного подхода к работе с материалом.;Личная | Участник самостоятельно выполняет задания | Очно-заочная | Нужно пройти дистанционный отбор, чтобы участвовать в очном финале;Объединение: Олимпиада «Высшая проба»;https://olimpiada.ru/activity/148
165;Олимпиада «Покори Воробьевы горы!» по литературе;Литература;5–11 классы;5.0;11.0;Очно-заочная;Личная;8.6;Следующий цикл ожидается;Следующее соревнование начнется в декабре;Следующее соревнование: Следующее соревнование начнется в декабре;Частично заполнен по текущему статусу;Расписание олимпиады в этом году пока не известно;;https://olimpiada.ru/activity/165;I;литература;"Проект РСОШ 2026/27; не утвержден на 24.09.2026";https://www.garant.ru/products/ipo/prime/doc/56963051/;24.09.2026;"Газета Московский комсомолец; →; Московский государственный университет имени М.В. Ломоносова";"pvg.mk.ru; konkurs@mk.ru";"Положение; →; Регламент";МГУ имени М. В. Ломоносова и издательский дом «Московский Комсомолец» проводят олимпиаду «Покори Воробьевы горы!» по литературе для школьников 5-11 классов. .. Олимпиада проходит в два этапа. Задания отборочного этапа размещаются в личных кабинетах участников, выполнять их можно дистанционно. Они состоят из двух блоков: тестовые вопросы и задание на понимание текста. Заключительный этап проводится очно в МГУ имени М. В. Ломоносова и на региональных площадках. На него приглашаются победители и призеры первого этапа. Участникам предстоит написать сочинение на одну из предложенных тем.;Личная | Участник самостоятельно выполняет задания | Очно-заочная | Нужно пройти дистанционный отбор, чтобы участвовать в очном финале;Объединение: Олимпиада «Покори Воробьевы горы!»;https://olimpiada.ru/activity/165
5360;Олимпиада РГГУ для школьников по литературе;Литература;9–11 классы;9.0;11.0;Очно-заочная;Личная;8.1;Этап запланирован;Регистрация на отборочный этап начнется 1 декабря 2026 года;"Регистрация на отборочный этап: 1 дек—11 янв
Отборочный этап: 13—27 янв
Заключительный этап: 21—22 фев";Опубликован;"Регистрация на отборочный этап
1 дек—11 янв
Отборочный этап
13—27 янв
Заключительный этап
21—22 фев";Обновлено 18 мая;https://olimpiada.ru/activity/5360;I;литература;"Проект РСОШ 2026/27; не утвержден на 24.09.2026";https://www.garant.ru/products/ipo/prime/doc/56963051/;24.09.2026;"Российский государственный гуманитарный университет; →";"rsuh.ru/...; rsuh@rsuh.ru";"Положение; →; Регламент";;Личная | Участник самостоятельно выполняет задания | Очно-заочная | Нужно пройти дистанционный отбор, чтобы участвовать в очном финале;Объединение: Олимпиада РГГУ для школьников;https://olimpiada.ru/activity/5360
349;Олимпиада школьников «Ломоносов» по литературе;Литература;5–11 классы;5.0;11.0;Очно-заочная;Личная;8.6;Расписание не опубликовано;Расписание следующей олимпиады ожидается в октябре 2026 года;Публикация расписания: ожидается в октябре 2026 года;Частично заполнен по текущему статусу;Расписание олимпиады в этом году пока не известно;;https://olimpiada.ru/activity/349;I;литература;"Проект РСОШ 2026/27; не утвержден на 24.09.2026";https://www.garant.ru/products/ipo/prime/doc/56963051/;24.09.2026;"Московский государственный университет имени М. В. Ломоносова; →; Филологический факультет МГУ";"olymp.msu.ru; pk@philol.msu.ru";"Положение; →; Регламент; Положение об апелляциях";Олимпиада по литературе проводится на базе филологического факультета МГУ имени М. В. Ломоносова с 2005 года. Выполнять задания могут ученики 5-11 классов. .. Соревнование включает два обязательных этапа. Первый, отборочный, проводится заочно. Финал проходит в очном формате или дистанционно. Творческие задания составляются методической комиссией, в состав которой входят профессора филологического факультета. При оценке работ учитываются знание текстов литературных произведений, умение анализировать фактический материал, логичность изложения, убедительность аргументации, а также владение русским литературным языком.;Личная | Участник самостоятельно выполняет задания | Очно-заочная | Нужно пройти дистанционный отбор, чтобы участвовать в очном финале;Объединение: Олимпиада школьников «Ломоносов»;https://olimpiada.ru/activity/349
5707;Олимпиада школьников «Путь к успеху» по литературе;Литература;7–11 классы;7.0;11.0;Очно-заочная;Личная;7.3;Итоги опубликованы;"Опубликованы итоги; следующее соревнование ожидается в ноябре 2026 года";"Следующее соревнование: Опубликованы итоги; следующее соревнование ожидается в ноябре 2026 года";Частично заполнен по текущему статусу;Расписание олимпиады в этом году пока не известно;;https://olimpiada.ru/activity/5707;—;;Точное соответствие проекту РСОШ 2026/27 не найдено;https://rsr-olymp.ru/news/123;24.09.2026;"Магнитогорский государственный технический университет имени Г. И. Носова; →";"molimp.magtu.ru; fdp_magtu@mail.ru";"Положение; →";;Личная | Участник самостоятельно выполняет задания | Очно-заочная | Нужно пройти дистанционный отбор, чтобы участвовать в очном финале;Объединение: Многопрофильная олимпиада школьников «Путь к успеху»;https://olimpiada.ru/activity/5707
471;Открытая региональная межвузовская олимпиада школьников по литературе;Литература;8–11 классы;8.0;11.0;Очно-заочная;Личная;7.1;Следующий цикл ожидается;Следующее соревнование начнется в октябре;Следующее соревнование: Следующее соревнование начнется в октябре;Частично заполнен по текущему статусу;Расписание олимпиады в этом году пока не известно;;https://olimpiada.ru/activity/471;II;литература;"Проект РСОШ 2026/27; не утвержден на 24.09.2026";https://www.garant.ru/products/ipo/prime/doc/56963051/;24.09.2026;"Национальный исследовательский Томский государственный университет; →; Национальный исследовательский Томский политехнический университет; Томский государственный университет систем управления и радиоэлектроники; Сибирский государственный медицинской университет; Томский государственный архитектурно-строительный университет; Томский государственный педагогический университет";"abiturient.tsu.ru/...; ormo@mail.tsu.ru";"Положение; →; Регламент";;Личная | Участник самостоятельно выполняет задания | Очно-заочная | Нужно пройти дистанционный отбор, чтобы участвовать в очном финале;Объединение: Открытая региональная межвузовская олимпиада школьников;https://olimpiada.ru/activity/471
431;Олимпиада «Юные таланты» по журналистике;"Литература; Обществознание; Русский язык";6–11 классы;6.0;11.0;Очно-заочная;Личная;7.9;Итоги опубликованы;"Опубликованы итоги; следующее соревнование ожидается в декабре 2026 года";"Следующее соревнование: Опубликованы итоги; следующее соревнование ожидается в декабре 2026 года";Частично заполнен по текущему статусу;Расписание олимпиады в этом году пока не известно;;https://olimpiada.ru/activity/431;—;;Этот профиль не найден в проекте РСОШ 2026/27;https://rsr-olymp.ru/news/123;24.09.2026;Федеральное бюджетное государственное образовательное учреждение высшего профессионального образования Пермский государственный национальный исследовательский университет;"olymp.psu.ru/...; olymp.journal@yandex.ru";"Положение; →";;Личная | Участник самостоятельно выполняет задания | Очно-заочная | Нужно пройти дистанционный отбор, чтобы участвовать в очном финале;Объединение: Многопредметная олимпиада «Юные таланты»;https://olimpiada.ru/activity/431
5859;Конкурс олимпиадного творчества КОТ;"Литература; Русский язык";7–11 классы;7.0;11.0;;;6.5;Расписание не опубликовано;Расписание олимпиады в этом году пока не известно;Не опубликовано;Не опубликован;Расписание олимпиады в этом году пока не известно;;https://olimpiada.ru/activity/5859;—;;Точное соответствие проекту РСОШ 2026/27 не найдено;https://rsr-olymp.ru/news/123;24.09.2026;"Центр педагогического мастерства города Москвы; Ассоциация победителей олимпиад";"цпм.рф/...; konkurs@apo-team.ru";;Конкурс проходит среди учеников 7-11 классов, интересующихся журналистикой. Для участия нужно подготовить и опубликовать материалы об интеллектуальных соревнованиях и подготовке к ним, олимпиадниках и их наставниках. .. Работы могут быть представлены в формате видеороликов, мультимедийных лонгридов, постов в социальных сетях, статей, тематических выпусков журналов, комиксов и пр. Все материалы участникам также нужно опубликовать на онлайн-ресурсах своих школ. Попробовать свои силы можно лично или в команде до трех человек. Список номинаций и правила размещены на сайте конкурса .;;Каталог /activities;https://olimpiada.ru/activity/5859
4323;Международная олимпиада Союзного государства «Россия и Беларусь: историческая и духовная общность»;"Литература; Русский язык";10–11 классы;10.0;11.0;Очно-заочная;Лично-командная;6.5;Следующий цикл ожидается;Следующее соревнование пройдет в октябре 2026 года;Следующее соревнование: Следующее соревнование пройдет в октябре 2026 года;Частично заполнен по текущему статусу;Расписание олимпиады в этом году пока не известно;;https://olimpiada.ru/activity/4323;—;;Точное соответствие проекту РСОШ 2026/27 не найдено;https://rsr-olymp.ru/news/123;24.09.2026;"Министерство образования и науки Российской Федерации; →; Министерство образования Республики Беларусь";edu.gov.by/...;;Олимпиада Союзного государства «Россия и Беларусь: историческая и духовная общность» проводится с 2004 года и направлена на укрепление дружеских связей между молодежью Республики Беларусь и Российской Федерации. .. Задания относятся к двум направлениям: «Русский язык» и «Русская литература» и ориентированы на выявление у участников творческих способностей, интереса к русской культуре и ее месту в мировом пространстве. Заключительный этап проводится попеременно в белорусских и российских городах: в Беларуси по нечетным годам, в России – по четным. Финал включает в себя написание сочинения по литературе, комплексную работу по русскому языку и литературе и отдельные конкурсы: выразительного чтения, знатоков и риторического мастерства. Сайт проведения в Москве: https://sites.google.com/site/rossiabelarus/home;Лично-командная | Можно участвовать самостоятельно или собрать команду | Очно-заочная | Нужно пройти дистанционный отбор, чтобы участвовать в очном финале;Каталог /activities;https://olimpiada.ru/activity/4323
5268;Многопрофильная олимпиада «Менделеев» по профилю филология;"Литература; Русский язык";4–11 классы;4.0;11.0;Очно-заочная;Личная;7.7;Расписание не опубликовано;Расписание следующей олимпиады ожидается в ноябре 2026 года;Публикация расписания: ожидается в ноябре 2026 года;Частично заполнен по текущему статусу;Расписание олимпиады в этом году пока не известно;;https://olimpiada.ru/activity/5268;—;;Точное соответствие проекту РСОШ 2026/27 не найдено;https://rsr-olymp.ru/news/123;24.09.2026;"Совет ректоров вузов Тюменской области; Совет молодых учёных и специалистов Тюменской области; Департамент образования и науки Тюменской области; Тюменский государственный университет";"abiturient.utmn.ru/...; alena_postovik@mail.ru";"Положение; →; Регламент";;Личная | Участник самостоятельно выполняет задания | Очно-заочная | Нужно пройти дистанционный отбор, чтобы участвовать в очном финале;Объединение: Многопрофильная олимпиада «Менделеев»;https://olimpiada.ru/activity/5268
40;Московская филологическая олимпиада;"Литература; Русский язык";7–11 классы;7.0;11.0;Очно-заочная;Личная;7.4;Расписание не опубликовано;Ожидается расписание состязания;Публикация расписания: ожидается расписание состязания;Частично заполнен по текущему статусу;Расписание олимпиады в этом году пока не известно;;https://olimpiada.ru/activity/40;—;;Этот профиль не найден в проекте РСОШ 2026/27;https://rsr-olymp.ru/news/123;24.09.2026;"Департамент образования и науки города Москвы; →";"mos-phil.olimpiada.ru; phil@mosolymp.ru";"Положение; →";Московская филологическая олимпиада является преемницей двух олимпиад – «Русский язык, культурология и межкультурная коммуникация» и «История и теория литературы», которые проводились с 2008 по 2011 год. .. Объединение было продиктовано тем, что большинство школьников принимали участие в двух состязаниях. На олимпиаду приглашаются учащиеся 7-11 классов, независимо от места проживания и учебы. Соревнование состоит из двух этапов: отборочного и заключительного. Для 11 класса в рамках финала проходят два тура: письменный и устный. Задания отборочного этапа состоят из вопросов, связанных с языком, стилем, поэтикой произведения. Часто используются аудиоматериалы. На очном этапе учащимся предлагают проанализировать текст и написать историко-литературный комментарий и небольшое эссе.;Личная | Участник самостоятельно выполняет задания | Очно-заочная | Нужно пройти дистанционный отбор, чтобы участвовать в очном финале;Объединение: Московская олимпиада школьников;https://olimpiada.ru/activity/40
159;Олимпиада «Высшая проба» по журналистике;"Литература; Русский язык";9–11 классы;9.0;11.0;Очно-заочная;Личная;9.0;Регистрация завершена;Регистрация открыта до 22 сентября;"Регистрация: До 22 сен
Первый тур отборочного этапа: 3 окт";Опубликован;"Регистрация
До 22 сен
Первый тур отборочного этапа
3 окт";Обновлено 7 сентября;https://olimpiada.ru/activity/159;I;журналистика;"Проект РСОШ 2026/27; не утвержден на 24.09.2026";https://www.garant.ru/products/ipo/prime/doc/56963051/;24.09.2026;"Национальный исследовательский университет Высшая школа экономики; →";"olymp.hse.ru/...; olymp@hse.ru";"Положение и регламент; →";Олимпиада по журналистике появилась в ряду других турниров школьников «Высшая проба» в 2013 году. Это первая в России олимпиада, заявившая своим предметным полем исключительно журналистику. .. На заочном этапе участникам предлагаются тестовые задания разного типа, в том числе вопросы на знание художественной литературы не только из школьной программы. Прошедшим на очный этап предстоит написать эссе на одну из предложенных тем. В своей работе участник должен показать понимание темы, знание ее контекста, владение стилем, умение ориентироваться в законах композиции, общую грамотность. Для подготовки к олимпиаде организаторы советуют следить за новостями. Знакомство с материалами газет и журналов, программами радиостанций и телеканалов позволит вам быть в курсе новостной повестки дня.;Личная | Участник самостоятельно выполняет задания | Очно-заочная | Нужно пройти дистанционный отбор, чтобы участвовать в очном финале;Объединение: Олимпиада «Высшая проба»;https://olimpiada.ru/activity/159
5445;Олимпиада «Покори Воробьевы горы!» по журналистике;"Литература; Русский язык";5–11 классы;5.0;11.0;Очно-заочная;Личная;8.4;Следующий цикл ожидается;Следующее соревнование начнется в декабре;Следующее соревнование: Следующее соревнование начнется в декабре;Частично заполнен по текущему статусу;Расписание олимпиады в этом году пока не известно;;https://olimpiada.ru/activity/5445;I;журналистика;"Проект РСОШ 2026/27; не утвержден на 24.09.2026";https://www.garant.ru/products/ipo/prime/doc/56963051/;24.09.2026;"Газета Московский комсомолец; →; Московский государственный университет имени М. В. Ломоносова";"pvg.mk.ru; konkurs@mk.ru";"Положение; →; Регламент";МГУ имени М. В. Ломоносова и издательский дом «Московский Комсомолец» проводят олимпиаду «Покори Воробьевы горы!» по журналистике для школьников 5-11 классов. .. Олимпиада проходит в два этапа. Задания отборочного этапа размещаются в личных кабинетах участников, выполнять их можно дистанционно. Школьникам 5-9 классов предстоит ответить на вопросы теста и сочинить небольшой рассказ. Старшеклассникам предложат написать рецензию. Заключительный этап проводится очно в МГУ имени М. В. Ломоносова и на региональных площадках. На него приглашаются победители и призеры первого этапа. Всем участникам нужно будет написать сочинение на предложенную тему.;Личная | Участник самостоятельно выполняет задания | Очно-заочная | Нужно пройти дистанционный отбор, чтобы участвовать в очном финале;Объединение: Олимпиада «Покори Воробьевы горы!»;https://olimpiada.ru/activity/5445
5411;Олимпиада РАНХиГС по журналистике;"Литература; Русский язык";8–11 классы;8.0;11.0;Очно-заочная;Личная;8.2;Регистрация открыта;Отборочный этап стартует 20 октября. Регистрация открыта;"Отборочный этап: 20 окт—18 ноя
Регистрация: До 18 ноя";Опубликован;"Отборочный этап
20 окт—18 ноя
Регистрация
До 18 ноя";Обновлено 10 сентября;https://olimpiada.ru/activity/5411;II;журналистика;"Проект РСОШ 2026/27; не утвержден на 24.09.2026";https://www.garant.ru/products/ipo/prime/doc/56963051/;24.09.2026;"Российская академия народного хозяйства и государственной службы при президенте РФ; →";"ranepa.ru/...; olymp@ranepa.ru";"Положение; →";В олимпиаде по журналистике участвуют школьники из 8-11 классов. Соревнование проводится в два этапа: отборочный и заключительный. .. На отборочном этапе участники выполняют задания дистанционно. По итогам соревнования школьников приглашают на финал. Заключительный этап проводится в очном формате в более 10 филиалах РАНХиГС в Москве и регионах России.;Личная | Участник самостоятельно выполняет задания | Очно-заочная | Нужно пройти дистанционный отбор, чтобы участвовать в очном финале;Объединение: Олимпиада РАНХиГС;https://olimpiada.ru/activity/5411
6962;Олимпиада РАНХиГС по филологии;"Литература; Русский язык";8–11 классы;8.0;11.0;Очно-заочная;Личная;6.9;Регистрация открыта;Отборочный этап стартует 20 октября. Регистрация открыта;"Отборочный этап: 20 окт—18 ноя
Регистрация: До 18 ноя";Опубликован;"Отборочный этап
20 окт—18 ноя
Регистрация
До 18 ноя";Обновлено 10 сентября;https://olimpiada.ru/activity/6962;—;;Этот профиль не найден в проекте РСОШ 2026/27;https://rsr-olymp.ru/news/123;24.09.2026;"Российская академия народного хозяйства и государственной службы при президенте РФ; →";"ranepa.ru/...; olymp@ranepa.ru";"Положение; →";В олимпиаде по филологии участвуют школьники из 8-11 классов. Соревнование проводится в два этапа: отборочный и заключительный. .. На отборочном этапе участники выполняют задания дистанционно. По итогам соревнования школьников приглашают на финал. Заключительный этап проводится в очном формате в более 10 филиалах РАНХиГС в Москве и регионах России.;Личная | Участник самостоятельно выполняет задания | Очно-заочная | Нужно пройти дистанционный отбор, чтобы участвовать в очном финале;Объединение: Олимпиада РАНХиГС;https://olimpiada.ru/activity/6962
5875;Олимпиада Северо-Кавказского федерального университета «45 параллель» по журналистике;"Литература; Русский язык";9–11 классы;9.0;11.0;Очно-заочная;Личная;6.0;Этап запланирован;Отборочный этап пройдет с 1 октября по 20 февраля;"Отборочный этап: 1 окт—20 фев
Финал: 3 апр";Опубликован;"Отборочный этап
1 окт—20 фев
Финал
3 апр";Обновлено 31 августа;https://olimpiada.ru/activity/5875;—;;Точное соответствие проекту РСОШ 2026/27 не найдено;https://rsr-olymp.ru/news/123;24.09.2026;Северо-Кавказский федеральный университет;"parallel45.olymp.ncfu.ru; olimpiadastav@mail.ru";"Положение и регламент; →";;Личная | Участник самостоятельно выполняет задания | Очно-заочная | Нужно пройти дистанционный отбор, чтобы участвовать в очном финале;Объединение: Олимпиада Северо-Кавказского федерального университета «45 параллель»;https://olimpiada.ru/activity/5875
5876;Олимпиада Северо-Кавказского федерального университета «45 параллель» по медиаталанту;"Литература; Русский язык";8–11 классы;8.0;11.0;Очно-заочная;Личная;6.0;Этап запланирован;Отборочный этап пройдет с 1 октября по 20 февраля;"Отборочный этап: 1 окт—20 фев
Финал: 4 апр";Опубликован;"Отборочный этап
1 окт—20 фев
Финал
4 апр";Обновлено 31 августа;https://olimpiada.ru/activity/5876;—;;Точное соответствие проекту РСОШ 2026/27 не найдено;https://rsr-olymp.ru/news/123;24.09.2026;Северо-Кавказский федеральный университет;"parallel45.olymp.ncfu.ru; olimpiadastav@mail.ru";"Положение и регламент; →";;Личная | Участник самостоятельно выполняет задания | Очно-заочная | Нужно пройти дистанционный отбор, чтобы участвовать в очном финале;Объединение: Олимпиада Северо-Кавказского федерального университета «45 параллель»;https://olimpiada.ru/activity/5876
326;Олимпиада школьников «Ломоносов» по журналистике;"Литература; Русский язык";5–11 классы;5.0;11.0;Очно-заочная;Личная;8.6;Расписание не опубликовано;Расписание следующей олимпиады ожидается в октябре 2026 года;Публикация расписания: ожидается в октябре 2026 года;Частично заполнен по текущему статусу;Расписание олимпиады в этом году пока не известно;;https://olimpiada.ru/activity/326;I;журналистика;"Проект РСОШ 2026/27; не утвержден на 24.09.2026";https://www.garant.ru/products/ipo/prime/doc/56963051/;24.09.2026;"Московский государственный университет имени М. В. Ломоносова; →; Факультет журналистики МГУ";"olymp.msu.ru; pkjourn@yandex.ru";"Положение; →; Регламент; Положение об апелляциях";Соревнование проводится факультетом журналистики МГУ имени М. В. Ломоносова совместно с «Российской газетой» и «Радио России». Попробовать свои силы могут ученики 5-11 классов. .. Отборочный этап включает в себя два типа заданий: ответы на вопросы тестового характера и написание эссе. Заключительный этап предполагает написание сочинения на междисциплинарную тему (на стыке журналистики и литературы).;Личная | Участник самостоятельно выполняет задания | Очно-заочная | Нужно пройти дистанционный отбор, чтобы участвовать в очном финале;Объединение: Олимпиада школьников «Ломоносов»;https://olimpiada.ru/activity/326
5438;Открытая региональная межвузовская олимпиада школьников по издательскому делу;"Литература; Русский язык";8–11 классы;8.0;11.0;Очно-заочная;Личная;7.0;Следующий цикл ожидается;Следующее соревнование начнется в октябре;Следующее соревнование: Следующее соревнование начнется в октябре;Частично заполнен по текущему статусу;Расписание олимпиады в этом году пока не известно;;https://olimpiada.ru/activity/5438;—;;Этот профиль не найден в проекте РСОШ 2026/27;https://rsr-olymp.ru/news/123;24.09.2026;"Национальный исследовательский Томский государственный университет; →; Национальный исследовательский Томский политехнический университет; Томский государственный университет систем управления и радиоэлектроники; Сибирский государственный медицинской университет; Томский государственный архитектурно-строительный университет; Томский государственный педагогический университет";"abiturient.tsu.ru/...; ormo@mail.tsu.ru";"Положение; →; Регламент";;Личная | Участник самостоятельно выполняет задания | Очно-заочная | Нужно пройти дистанционный отбор, чтобы участвовать в очном финале;Объединение: Открытая региональная межвузовская олимпиада школьников;https://olimpiada.ru/activity/5438
5827;Плехановская олимпиада по журналистике;"Литература; Русский язык";8–11 классы;8.0;11.0;Очно-заочная;Личная;7.3;Следующий цикл ожидается;Следующее соревнование начнется в октябре 2026 года;Следующее соревнование: Следующее соревнование начнется в октябре 2026 года;Частично заполнен по текущему статусу;Расписание олимпиады в этом году пока не известно;;https://olimpiada.ru/activity/5827;—;;Этот профиль не найден в проекте РСОШ 2026/27;https://rsr-olymp.ru/news/123;24.09.2026;"РЭУ имени Г. В. Плеханова; →";"rea.ru/...; olymp@rea.ru";;Олимпиада для школьников, которые имеют свое мнение и не боятся его выражать. .. Соревнование проходит в два этапа: отборочный и заключительный. Первый этап дистанционный, задания выполняются в интернете. Второй этап проходит очно в стенах Российского экономического университета имени Г. В. Плеханова и на региональных площадках. На финал приглашаются участники, успешно прошедшие отборочный этап, и победители и призеры заключительного этапа прошлого года.;Личная | Участник самостоятельно выполняет задания | Очно-заочная | Нужно пройти дистанционный отбор, чтобы участвовать в очном финале;Объединение: Плехановская олимпиада школьников;https://olimpiada.ru/activity/5827
5312;Северо-Восточная олимпиада по русскому языку и литературе;"Литература; Русский язык";8–11 классы;8.0;11.0;Очно-заочная;Личная;7.8;Следующий цикл ожидается;Следующее соревнование начнется в ноябре 2026 года;Следующее соревнование: Следующее соревнование начнется в ноябре 2026 года;Частично заполнен по текущему статусу;Расписание олимпиады в этом году пока не известно;;https://olimpiada.ru/activity/5312;—;;Этот профиль не найден в проекте РСОШ 2026/27;https://rsr-olymp.ru/news/123;24.09.2026;"Северо-Восточный федеральный университет имени М. К. Аммосова; →";"olympiadsvosh.s-vfu.ru/...; svosh.s-vfu@mail.ru";"Положение; →; Регламент";;Личная | Участник самостоятельно выполняет задания | Очно-заочная | Нужно пройти дистанционный отбор, чтобы участвовать в очном финале;Объединение: Северо-Восточная олимпиада;https://olimpiada.ru/activity/5312
5515;Romanian Master of Mathematics;Математика;9–11 классы;9.0;11.0;Очная;Командная;6.7;Расписание не опубликовано;Расписание олимпиады в этом году пока не известно;Не опубликовано;Не опубликован;Расписание олимпиады в этом году пока не известно;;https://olimpiada.ru/activity/5515;—;;Точное соответствие проекту РСОШ 2026/27 не найдено;https://rsr-olymp.ru/news/123;24.09.2026;;"rmms.lbi.ro/...; rmmsvianu2016@gmail.com.";;Международная олимпиада Romanian Master of Mathematics проводится ежегодно в Бухаресте (Румыния). Впервые соревнование прошло в 2008 году. В олимпиаде принимают участие юные математики со всего мира. .. Школьники выполняют индивидуальные задания в течение двух дней. В каждом из туров необходимо за 4,5 часа решить три задания. Олимпиадные задачи не похожи на школьные и требуют творческого подхода. Организаторы отдельно отмечают самые оригинальные решения. По уровню сложности и тематике задания близки к задачам Международной математической олимпиады. Результаты подводятся в личном и командном зачетах. Официальный язык соревнований – английский, но задания участники получают на своем родном языке. Для российских школьников Romanian Master of Mathematics – один из этапов отбора в сборную команду на Международную математическую олимпиаду.;Командная | Участники выполняют задания вместе и борются за общий результат | Очная | Для участия нужно прийти в заранее известное место проведения;Каталог /activities;https://olimpiada.ru/activity/5515
5282;Азиатско-Тихоокеанская математическая олимпиада;Математика;10–11 классы;10.0;11.0;Очная;Командная;7.0;Расписание не опубликовано;Расписание олимпиады в этом году пока не известно;Не опубликовано;Не опубликован;Расписание олимпиады в этом году пока не известно;;https://olimpiada.ru/activity/5282;—;;Точное соответствие проекту РСОШ 2026/27 не найдено;https://rsr-olymp.ru/news/123;24.09.2026;Оргкомитет APMO;"apmo-official.org; apmokz@gmail.com";;;Командная | Участники выполняют задания вместе и борются за общий результат | Очная | Для участия нужно прийти в заранее известное место проведения;Объединение: Международные олимпиады;https://olimpiada.ru/activity/5282
16;Весенний Турнир Архимеда;Математика;5 класс;5.0;5.0;Очная;Лично-командная;7.1;Расписание не опубликовано;Расписание следующего турнира ожидается в феврале 2027 года;Публикация расписания: ожидается в феврале 2027 года;Частично заполнен по текущему статусу;Расписание олимпиады в этом году пока не известно;;https://olimpiada.ru/activity/16;—;;Точное соответствие проекту РСОШ 2026/27 не найдено;https://rsr-olymp.ru/news/123;24.09.2026;Московский центр непрерывного математического образования;"arhimedes.org/...; info@arhimedes.org";;Состязание проводится с 1993 года и представляет собой лично-командную олимпиаду для учащихся пятых и шестых классов. .. Для пятиклассников первым проводится личный тур, на котором ребятам предстоит решить шесть задач. Затем проходит командный тур – устная олимпиада, то есть школьники представляют решения задач устно. Для пятиклассников зачет индивидуальный и командный, для шестиклассников – только командный. Всем участникам вручаются призы, награждение проходит в день олимпиады.;Лично-командная | Можно участвовать самостоятельно или собрать команду | Очная | Для участия нужно прийти в заранее известное место проведения;Каталог /activities;https://olimpiada.ru/activity/16
72;Всероссийская олимпиада по математике;Математика;4–11 классы;4.0;11.0;Очная;Личная;8.6;Этап запланирован;Школьный этап на платформе «Сириуса» пройдет с 13 по 16 октября;"Школьный этап на платформе «Сириуса»: 13—16 окт
Школьный этап: До 1 ноя
Муниципальный этап: 2 ноя—25 дек";Опубликован;"Школьный этап на платформе «Сириуса»
13—16 окт
Школьный этап
До 1 ноя
Муниципальный этап
2 ноя—25 дек";Обновлено 3 сентября;https://olimpiada.ru/activity/72;ВсОШ;Математика;"ВсОШ: отдельная система; уровни I–III РСОШ не применяются";https://vserosolimp.edsoo.ru/;24.09.2026;"Минпросвещения России; →; Ответственные в регионах";vserosolimp.edsoo.ru;"Порядок проведения; →";Во Всероссийской олимпиаде школьников по математике могут принимать участие учащиеся 4-11 классов. При этом для 4-6 классов проводится только школьный этап, а для 7-8 участие заканчивается на муниципальном этапе. .. На региональный и заключительный этапы приглашаются ученики 9-11 классов, набравшие необходимое количество баллов. В качестве аналога восьмиклассники могут попробовать свои силы в олимпиаде им. Леонарда Эйлера. Олимпиады по математике стали первыми интеллектуальными соревнованиями для школьников, которые появились в России. Состязания по этому предмету проводились еще в 19 веке. А первая математическая олимпиада в современном понимании слова прошла в 1934 году в Ленинграде.;Личная | Участник самостоятельно выполняет задания | Очная | Для участия нужно прийти в заранее известное место проведения | Правила игры | Общие положения прописаны в Порядке проведения олимпиады, который утверждает Минобрнауки России | Порядок проведения ВсОШ → | Льготы при поступлении | Победители и призеры финала олимпиады поступают без экзаменов в любой вуз по профильному направлению | Подробнее о льготах → | Локальные особенности | В Москве школьный этап проходит по единым заданиям и единому графику | Сайт этапов ВсОШ в Москве →;Объединение: Всероссийская олимпиада школьников;https://olimpiada.ru/activity/72
252;Вузовско-академическая олимпиада по математике;Математика;5–11 классы;5.0;11.0;Очная;Личная;8.1;Итоги опубликованы;"Опубликован итоги; следующее соревнование ожидается в январе 2027 года";"Следующее соревнование: Опубликован итоги; следующее соревнование ожидается в январе 2027 года";Частично заполнен по текущему статусу;Расписание олимпиады в этом году пока не известно;;https://olimpiada.ru/activity/252;—;;Точное соответствие проекту РСОШ 2026/27 не найдено;https://rsr-olymp.ru/news/123;24.09.2026;"Уральский федеральный университет им. Б. Н. Ельцина; →; Институт математики и механики УрО РАН";"sp.urfu.ru/...; olimp_2015@acm.urfu.ru";;;Личная | Участник самостоятельно выполняет задания | Очная | Для участия нужно прийти в заранее известное место проведения;Каталог /activities;https://olimpiada.ru/activity/252
5375;Европейская девичья математическая олимпиада;Математика;10–11 классы;10.0;11.0;Очная;Личная;7.0;Следующий цикл ожидается;Следующая олимпиада пройдет с 11 по 17 апреля 2027 года в Хорватии;XVI олимпиада: 11—17 апр;Опубликован;"XVI олимпиада
11—17 апр";Обновлено 16 апреля;https://olimpiada.ru/activity/5375;—;;Точное соответствие проекту РСОШ 2026/27 не найдено;https://rsr-olymp.ru/news/123;24.09.2026;;egmo.org;;Европейская девичья математическая олимпиада – это международное ежегодное соревнование для девушек школьного возраста. Соревнование проводится с 2012 года. .. Соревнование организовано по модели Международной математической олимпиады и включает шесть задач. В состав команды входят до четырех участниц. https://www.egmo.org/;Личная | Участник самостоятельно выполняет задания | Очная | Для участия нужно прийти в заранее известное место проведения;Объединение: Международные олимпиады;https://olimpiada.ru/activity/5375
5056;Задачный конкурс журнала «Квантик» для школьников 5-8 классов;Математика;5–8 классы;5.0;8.0;Дистанционная;Лично-командная;7.7;Расписание не опубликовано;Ожидается расписание состязания;"XII тур: 6 авг—5 сен
I тур: До 5 окт";Опубликован;"XII тур
6 авг—5 сен
I тур
До 5 окт";Обновлено 7 сентября;https://olimpiada.ru/activity/5056;—;;Точное соответствие проекту РСОШ 2026/27 не найдено;https://rsr-olymp.ru/news/123;24.09.2026;"Журнал «Квантик»; →";"kvantik.com/...; matkonkurs@kvantik.com";;Конкурс ориентирован на школьников 5-8 классов, но и младшеклассники могут присылать решения. .. Задачи печатаются на сайте и в каждом номере журнала «Квантик». Участвовать можно, начиная с любого тура. Победителей ждут дипломы журнала «Квантик», научно-популярные книги, диски с увлекательными математическими мультфильмами. С 2016 года «Квантик» и Заочный конкурс по математике (рассылавший интересные математические задачи детям по всей России с 1980 года) совместно проводят соревнование для любознательных школьников на страницах журнала.;Лично-командная | Можно участвовать самостоятельно или собрать команду | Дистанционная | Можно участвовать не выходя из дома, достаточно иметь компьютер с доступом в интернет;Каталог /activities;https://olimpiada.ru/activity/5056
45;Зимний Турнир Архимеда;Математика;6–7 классы;6.0;7.0;Очная;Личная;7.8;Расписание не опубликовано;Расписание следующего турнира ожидается в декабре 2026 года;Публикация расписания: ожидается в декабре 2026 года;Частично заполнен по текущему статусу;Расписание олимпиады в этом году пока не известно;;https://olimpiada.ru/activity/45;—;;Точное соответствие проекту РСОШ 2026/27 не найдено;https://rsr-olymp.ru/news/123;24.09.2026;"Московский центр непрерывного математического образования; Физико-математическая школа № 2007";"arhimedes.org/...; info@arhimedes.org";"Регламент-2023; →";Олимпиада по математике для учеников 6 и 7 классов;Личная | Участник самостоятельно выполняет задания | Очная | Для участия нужно прийти в заранее известное место проведения;Каталог /activities;https://olimpiada.ru/activity/45
30;Интернет-карусель по математике;Математика;5–11 классы;5.0;11.0;Дистанционная;Командная;8.0;Информация ожидается;Ожидается информация о соревновании;Обновление информации: ожидается информация о соревновании;Частично заполнен по текущему статусу;Расписание олимпиады в этом году пока не известно;;https://olimpiada.ru/activity/30;—;;Точное соответствие проекту РСОШ 2026/27 не найдено;https://rsr-olymp.ru/news/123;24.09.2026;"Математический карусель-кружок; Лицей «Вторая школа»";"karusel.desc.ru; karusel@desc.ru";;Командное состязание для учеников 5-11 классов, на выполнение заданий дается ограниченное время;Командная | Участники выполняют задания вместе и борются за общий результат | Дистанционная | Можно участвовать не выходя из дома, достаточно иметь компьютер с доступом в интернет;Объединение: Интернет-карусель;https://olimpiada.ru/activity/30
5468;Кавказская математическая олимпиада;Математика;8–11 классы;8.0;11.0;Очная;Личная;7.0;Следующий цикл ожидается;Следующее соревнование пройдет в марте 2027 года;Следующее соревнование: Следующее соревнование пройдет в марте 2027 года;Частично заполнен по текущему статусу;Расписание олимпиады в этом году пока не известно;;https://olimpiada.ru/activity/5468;—;;Точное соответствие проекту РСОШ 2026/27 не найдено;https://rsr-olymp.ru/news/123;24.09.2026;"Министерство образования и науки Республики Адыгея; →; Адыгейский государственный университет; Республиканская естественно-математическая школа";"cmo.adygmath.ru; cmo@adygmath.ru";;Олимпиада по математике проводится для учеников 8-11 классов. Ежегодно в соревновании участвуют школьники из 15 регионов Юга России и зарубежных стран. .. Над задачами олимпиады работают известные педагоги, члены жюри Всероссийской олимпиады школьников по математике. Помимо соревнований участников ждут экскурсии и научно-популярные лекции.;Личная | Участник самостоятельно выполняет задания | Очная | Для участия нужно прийти в заранее известное место проведения;Каталог /activities;https://olimpiada.ru/activity/5468
5409;Китайская женская математическая олимпиада;Математика;9–11 классы;9.0;11.0;Очная;Командная;6.7;Информация ожидается;Ожидается информация о следующей олимпиаде;Обновление информации: ожидается информация о следующей олимпиаде;Частично заполнен по текущему статусу;Расписание олимпиады в этом году пока не известно;;https://olimpiada.ru/activity/5409;—;;Точное соответствие проекту РСОШ 2026/27 не найдено;https://rsr-olymp.ru/news/123;24.09.2026;;ytsyz.com.cn/...;;Олимпиада проводится с 2002 года, Россия принимает участие с 2004. Состязание отличается высоким уровнем заданий сравнимым с задачами Международной математической олимпиады. Участие в соревновании могут принимать только девушки. .. Китайская женская математическая олимпиада - соревнование для команд, представляющих различные провинции и специальные административные районы Китая. Целью состязания было пробудить интерес девушек к олимпиадам по математике, ведь по статистике они участвовали в подобных состязаниях гораздо реже юношей. Традиционно китайская сторона приглашает на соревнование команды из Сингапура, Филиппин и России. В разные годы в олимпиаде также принимали участие представители США, Великобритании и других стран.;Командная | Участники выполняют задания вместе и борются за общий результат | Очная | Для участия нужно прийти в заранее известное место проведения;Каталог /activities;https://olimpiada.ru/activity/5409
6972;Китайская национальная олимпиада по математике;Математика;10–11 классы;10.0;11.0;Очная;Личная;6.0;Расписание не опубликовано;Расписание олимпиады в этом году пока не известно;Не опубликовано;Не опубликован;Расписание олимпиады в этом году пока не известно;;https://olimpiada.ru/activity/6972;—;;Точное соответствие проекту РСОШ 2026/27 не найдено;https://rsr-olymp.ru/news/123;24.09.2026;;"Правила размещения; Пользовательское соглашение; О сайте; Наши проекты; ВКонтакте; search-cross";;Соревнование ежегодно собирает математиков из Китая, Гонконга, Макао, России и Сингапура. Для российских участников мероприятие является подготовкой и тренировкой к Международной математической олимпиаде.;Личная | Участник самостоятельно выполняет задания | Очная | Для участия нужно прийти в заранее известное место проведения;Каталог /activities;https://olimpiada.ru/activity/6972
5630;Конкурс имени А. П. Савина;Математика;8–9 классы;8.0;9.0;Дистанционная;Лично-командная;7.5;Следующий цикл ожидается;Следующий конкурс ожидается в сентябре 2026 года;Следующий конкурс: Следующий конкурс ожидается в сентябре 2026 года;Частично заполнен по текущему статусу;Расписание олимпиады в этом году пока не известно;;https://olimpiada.ru/activity/5630;—;;Точное соответствие проекту РСОШ 2026/27 не найдено;https://rsr-olymp.ru/news/123;24.09.2026;"Журнал «Квант»; →";"sites.google.com/...; savin.contest@gmail.com";;Конкурс по решению математических задач проводится научно-популярным физико-математическим журналом «Квант». Задания рассчитаны на учеников 8-9 классов, но учащиеся всех возрастов также могут попробовать свои силы. .. Конкурс проводится каждый месяц в течение учебного года. Каждый тур длится месяц. В течение тура участникам предлагается решить 4 задачи. Участвовать можно, начиная с любого тура. Итоги конкурса подводятся в конце учебного года. Победителей награждают дипломами журнала «Квант» и призами.;Лично-командная | Можно участвовать самостоятельно или собрать команду | Дистанционная | Можно участвовать не выходя из дома, достаточно иметь компьютер с доступом в интернет;Каталог /activities;https://olimpiada.ru/activity/5630
12;Летняя конференция международного математического Турнира Городов;Математика;9–10 классы;9.0;10.0;Очная;Лично-командная;6.6;Расписание не опубликовано;Расписание конференции ожидается в мае 2027 года;Публикация расписания: ожидается в мае 2027 года;Частично заполнен по текущему статусу;Расписание олимпиады в этом году пока не известно;;https://olimpiada.ru/activity/12;—;;Точное соответствие проекту РСОШ 2026/27 не найдено;https://rsr-olymp.ru/news/123;24.09.2026;"Департамент образования и науки города Москвы; →; Московский центр непрерывного математического образования";"turgor.ru/...; turgor@mccme.ru";;Мероприятие для школьников и учителей, на котором участники решают математические задачи исследовательского характера;Лично-командная | Можно участвовать самостоятельно или собрать команду | Очная | Для участия нужно прийти в заранее известное место проведения;Каталог /activities;https://olimpiada.ru/activity/12
15;Летняя математическая школа «Kostroma Open»;Математика;5–10 классы;5.0;10.0;;;7.2;Расписание не опубликовано;Расписание следующей школы ожидается в марте 2027 года;Публикация расписания: ожидается в марте 2027 года;Частично заполнен по текущему статусу;Расписание олимпиады в этом году пока не известно;;https://olimpiada.ru/activity/15;—;;Точное соответствие проекту РСОШ 2026/27 не найдено;https://rsr-olymp.ru/news/123;24.09.2026;"Московский центр непрерывного математического образования; →";"kostroma-open.info/...; info@kostroma-open.info";;Летняя школа «Kostroma Open» – загородный лагерь, в котором отдыхают и занимаются дети, увлеченные математикой. Первая смена прошла в 1993 году. .. Кроме ежедневных учебных занятий, которые проводятся в игровой форме, школьников ждут спортивные соревнования, интеллектуальные игры, творческие конкурсы и клубы по интересам.;Платная, есть льготы | Можно получить скидку за успехи в олимпиадах;Каталог /activities;https://olimpiada.ru/activity/15
13;Летняя школа «Современная математика»;Математика;10–11 классы;10.0;11.0;;;6.9;Расписание не опубликовано;Расписание олимпиады в этом году пока не известно;Не опубликовано;Не опубликован;Расписание олимпиады в этом году пока не известно;;https://olimpiada.ru/activity/13;—;;Точное соответствие проекту РСОШ 2026/27 не найдено;https://rsr-olymp.ru/news/123;24.09.2026;"Российская Академия наук (отделение математики); →; Математический институт имени В. А. Стеклова; Московский государственный университет; Математический факультет ВШЭ; Московский центр непрерывного математического образования";"mccme.ru/...; dubna@mccme.ru";;Начиная с 2001 года отделение математики Российской Академии наук, Математический институт имени В. А. Стеклова и Московский центр непрерывного математического образования проводят уникальную по составу преподавателей и участников школу по математике. .. В течение двух недель около ста участников школы принимают участие в 70-80 лекциях или семинарах. Каждое такое занятие длится дольше, чем школьный урок, но короче, чем институтская «пара»: ровно 74 минуты. Несмотря на то, что лето бывало очень жарким, находились участники, посещавшие по 3-4 занятия в день. Cлова «Современная математика» в названии не преувеличение, о чём можно судить по программам прошедших школ.;Платная, есть льготы | Можно получить скидку за успехи в олимпиадах;Каталог /activities;https://olimpiada.ru/activity/13
8;Математическая регата;Математика;7–11 классы;7.0;11.0;Очная;Командная;7.7;Текущий статус не указан;Регистрация для 9 классов;"Регистрация для 9 классов: 10—17 сен
Финал для 9 классов: 10 окт
Регистрация для 11 классов: 14—21 окт
Финал для 11 классов: 14 ноя
Регистрация для 8 классов: 16—23 дек
Финал для 8 классов: 16 янв
Регистрация для 10 классов: 27 янв—3 фев
Финал для 10 классов: 27 фев
Регистрация для 7 классов: 15—22 апр
Финал для 7 классов: 15 мая";Опубликован;"Регистрация для 9 классов
10—17 сен
Финал для 9 классов
10 окт
Регистрация для 11 классов
14—21 окт
Финал для 11 классов
14 ноя
Регистрация для 8 классов
16—23 дек
Финал для 8 классов
16 янв
Регистрация для 10 классов
27 янв—3 фев
Финал для 10 классов
27 фев
Регистрация для 7 классов
15—22 апр
Финал для 7 классов
15 мая";Обновлено 16 июня;https://olimpiada.ru/activity/8;—;;Точное соответствие проекту РСОШ 2026/27 не найдено;https://rsr-olymp.ru/news/123;24.09.2026;"Московский центр непрерывного математического образования; →; Высшая школа экономики";"math.hse.ru/...; regata@hse.ru";;Математические регаты – массовые командные соревнования для 7-11 классов. .. Для участия в регате командам в составе 3-4 школьников нужно сперва подать заявку и пройти отборочный этап. Он проводится в онлайн-формате на специальной платформе. Время на решение задач: 90 минут. Задания проверяют знания алгебры, геометрии, теории чисел, комбинаторики и логики. Команды, набравшие в отборочном этапе наибольшую сумму баллов, будут приглашены в финал. Он проводится в очном формате в Москве. Участников ждет 5 туров, каждый представляет собой коллективное письменное решение трех задач. После каждого тура проходит проверка, апелляция и разбор заданий. В этот же день организаторы определяют победителей и призеров. История и архив регат;Командная | Участники выполняют задания вместе и борются за общий результат | Очная | Для участия нужно прийти в заранее известное место проведения;Каталог /activities;https://olimpiada.ru/activity/8
7;Математический праздник;Математика;6–7 классы;6.0;7.0;Очная;Личная;9.1;Следующий цикл ожидается;Следующее соревнование пройдет в феврале 2027 года;Следующее соревнование: Следующее соревнование пройдет в феврале 2027 года;Частично заполнен по текущему статусу;Расписание олимпиады в этом году пока не известно;;https://olimpiada.ru/activity/7;—;;Этот профиль не найден в проекте РСОШ 2026/27;https://rsr-olymp.ru/news/123;24.09.2026;"Департамент образования и науки города Москвы; →; МЦНМО";"olympiads.mccme.ru/...; matprazdnik@mccme.ru";"Положение; →";Олимпиада, игры и лекции для школьников 6-7 классов. С 1990 года проводится в Московском государственном университете им. М. В. Ломоносова. .. В последние годы праздник проходит и на других площадках. К проведению соревнования присоединяются многие школы и вузы Москвы и других регионов. Участвовать в празднике можно целый день. Утром проводится олимпиада по математике, состязание для учеников 6 и 7 классов. Школьников ждут нестандартные задачи, решить которые помогут воображение и смекалка. На выполнение заданий дается два часа. После этого можно посетить лекцию, послушать разбор задач, поиграть в математические игры или посмотреть мультфильм. Традиционно праздник проходит в один день. Публикация результатов участников и награждение могут быть организованы и в другое время.;Личная | Участник самостоятельно выполняет задания | Очная | Для участия нужно прийти в заранее известное место проведения | Правила игры | За 2 часа школьникам предлагается решить 6-7 задач | Связи | Является частью Московской математической олимпиады | ММО → | Призы | Победители получают математические книги в подарок | Как проверяют работы | Каждую задачу проверяет отдельный человек. Такая проверка называется «вертикальной» | Организаторы | Готовят праздник сотни энтузиастов: студенты, руководители кружков, преподаватели школ и вузов и многие другие | История | Олимпиаду придумали студенты МГУ, которые преподавали на Малом мехмате: И. Ященко, Д. Ботин, А. Спивак | Малый мехмат → | strelka2 | Еще факты;Объединение: Московская олимпиада школьников;https://olimpiada.ru/activity/7
42;Международная математическая олимпиада;Математика;11 класс;11.0;11.0;Очная;Личная;7.5;Расписание не опубликовано;Ожидается расписание состязания;"Дополнительная дата: 68-я олимпиада
Дополнительная дата: 16—26 июл";Частично опубликован;"68-я олимпиада
16—26 июл";Обновлено 24 августа;https://olimpiada.ru/activity/42;—;;Точное соответствие проекту РСОШ 2026/27 не найдено;https://rsr-olymp.ru/news/123;24.09.2026;;imo2027.hu;;Международная математическая олимпиада проводится с 1959 года. В последние годы количество стран-участниц превышает 100. .. Каждую страну представляет команда, состоящая не более чем из шести школьников. Состязание включает два тура, по три задачи в каждом. Задания охватывают разные области школьной математики, в основном это геометрия, теория чисел, алгебра и комбинаторика. Итоги подводятся в личном зачете и победители и призеры награждаются медалями. По сумме баллов участников также формируется неофициальный командный рейтинг. Сайт олимпиады;Личная | Участник самостоятельно выполняет задания | Очная | Для участия нужно прийти в заранее известное место проведения | География | В олимпиаде участвуют более 100 стран;Объединение: Международные олимпиады;https://olimpiada.ru/activity/42
5367;Международная олимпиада Innopolis Open по математике;Математика;7–11 классы;7.0;11.0;Очно-заочная;Личная;9.0;Этап запланирован;Первый тур отбора пройдет 24-25 октября;"Первый тур отбора: 24—25 окт
Второй тур отбора: 28—29 ноя
Финал: 5—7 мар";Опубликован;"Первый тур отбора
24—25 окт
Второй тур отбора
28—29 ноя
Финал
5—7 мар";Обновлено 18 сентября;https://olimpiada.ru/activity/5367;II;математика;"Проект РСОШ 2026/27; не утвержден на 24.09.2026";https://www.garant.ru/products/ipo/prime/doc/56963051/;24.09.2026;"Университет Иннополис; →";"dovuz.innopolis.university/...; olymp@innopolis.ru";"Положение; →; Регламент";Олимпиада Университета Иннополис «Innopolis Open» по математике проводится для всех желающих школьников 7-11 классов. Соревнование проходит в два этапа. .. Отборочный этап проводится дистанционно и состоит из двух независимых отборочных туров. Участник может принимать участие в обоих турах или только в одном из них. Очный этап проводится в Иннополисе. На участие в финале приглашаются школьники, показавшие наилучшие результаты в одном из отборочных туров, а также участники, ставшие призерами и победителями олимпиады предыдущего года.;Личная | Участник самостоятельно выполняет задания | Очно-заочная | Нужно пройти дистанционный отбор, чтобы участвовать в очном финале;Объединение: Международная олимпиада Innopolis Open;https://olimpiada.ru/activity/5367
5393;Международная олимпиада УрФУ для школьников «Изумруд» по математике;Математика;8–11 классы;8.0;11.0;Очно-заочная;Личная;8.6;Идёт этап;Отборочный этап проходит до 19 января;"Отборочный этап: До 19 янв
Дополнительная дата: 31 янв—2 фев";Частично опубликован;"Отборочный этап
До 19 янв
31 янв—2 фев";Обновлено 4 июня;https://olimpiada.ru/activity/5393;III;математика;"Проект РСОШ 2026/27; не утвержден на 24.09.2026";https://www.garant.ru/products/ipo/prime/doc/56963051/;24.09.2026;"Уральский федеральный университет имени первого Президента России Б. Н. Ельцина; →";"izumrud.urfu.ru; olymp@urfu.ru";"Нормативные документы; →";;Личная | Участник самостоятельно выполняет задания | Очно-заочная | Нужно пройти дистанционный отбор, чтобы участвовать в очном финале;Объединение: Международная олимпиада УрФУ для школьников «Изумруд»;https://olimpiada.ru/activity/5393
4322;Международный конкурс по математике для старшеклассников «Я решаю!»;Математика;9–11 классы;9.0;11.0;Очно-заочная;Личная;8.0;Следующий цикл ожидается;Следующее соревнование ожидается в сентябре 2026 года;Следующее соревнование: Следующее соревнование ожидается в сентябре 2026 года;Частично заполнен по текущему статусу;Расписание олимпиады в этом году пока не известно;;https://olimpiada.ru/activity/4322;—;;Точное соответствие проекту РСОШ 2026/27 не найдено;https://rsr-olymp.ru/news/123;24.09.2026;"Фонд поддержки социально-культурных инициатив Креативная платформа ДжиЭс; Холдинг GS Group; →; СПбГУ; РГПУ им. А. И. Герцена; Санкт-Петербургский городской Дворец творчества юных; ФМЛ № 239 г. Санкт-Петербурга";"math.gs-group.com; math@gs-group.com";;;Личная | Участник самостоятельно выполняет задания | Очно-заочная | Нужно пройти дистанционный отбор, чтобы участвовать в очном финале;Каталог /activities;https://olimpiada.ru/activity/4322
140;Международный математический турнир старшеклассников «Кубок памяти А.Н.Колмогорова»;Математика;9–11 классы;9.0;11.0;Очная;Командная;7.5;Регистрация открыта;Регистрация открыта до 5 ноября 2026 года;"Регистрация: До 5 ноя
XXIX кубок: 24 ноя—1 дек";Опубликован;"Регистрация
До 5 ноя
XXIX кубок
24 ноя—1 дек";Обновлено 28 июля;https://olimpiada.ru/activity/140;—;;Точное соответствие проекту РСОШ 2026/27 не найдено;https://rsr-olymp.ru/news/123;24.09.2026;Центр дополнительного образования одаренных школьников;"turmath.ru/...; center@extedu.kirov.ru";;Кубок проводится с 1997 года и призван стимулировать интерес школьников к занятиям математикой, способствовать профессиональным и дружеским контактам учащихся, математиков и педагогов. .. Состязание проводится для школьников из 9-11 классов. Основу Кубка составляет турнир математических боев. В жюри входят ведущие специалисты по работе с математически одаренными школьниками, члены жюри Всероссийской олимпиады по математике.;Командная | Участники выполняют задания вместе и борются за общий результат | Очная | Для участия нужно прийти в заранее известное место проведения;Каталог /activities;https://olimpiada.ru/activity/140
5797;Межрегиональная многопрофильная олимпиада школьников «Менделеев» по математике;Математика;5–7 классы;5.0;7.0;Очная;Личная;7.1;Расписание не опубликовано;Расписание следующей олимпиады ожидается в ноябре 2026 года;Публикация расписания: ожидается в ноябре 2026 года;Частично заполнен по текущему статусу;Расписание олимпиады в этом году пока не известно;;https://olimpiada.ru/activity/5797;—;;Точное соответствие проекту РСОШ 2026/27 не найдено;https://rsr-olymp.ru/news/123;24.09.2026;"Совет ректоров вузов Тюменской области; Департамент образования и науки Тюменской области; ФГАОУ ВО «Тюменский государственный университет»";"abiturient.utmn.ru/...; olimp@utmn.ru";"Положение; →; Регламент";;Личная | Участник самостоятельно выполняет задания | Очная | Для участия нужно прийти в заранее известное место проведения;Объединение: Многопрофильная олимпиада «Менделеев»;https://olimpiada.ru/activity/5797
24;Межрегиональная олимпиада школьников им. И. Я. Верченко по математике и криптографии;Математика;8–11 классы;8.0;11.0;Очно-заочная;Личная;8.6;Расписание не опубликовано;Расписание следующей олимпиады ожидается в октябре 2026 года;Публикация расписания: ожидается в октябре 2026 года;Частично заполнен по текущему статусу;Расписание олимпиады в этом году пока не известно;;https://olimpiada.ru/activity/24;II;математика и криптография;"Проект РСОШ 2026/27; не утвержден на 24.09.2026";https://www.garant.ru/products/ipo/prime/doc/56963051/;24.09.2026;"Академия криптографии Российской Федерации; →; Институт криптографии; связи и информатики";"v-olymp.ru/...; olymp@cryptolymp.ru";"Положение; →";Начиная с 1991/92 учебного года Академия криптографии Российской Федерации и Институт криптографии, связи и информатики Академии ФСБ России проводят ежегодную олимпиаду школьников по математике и криптографии для учащихся 8-11 классов. .. Соревнование проходит в два тура: отборочный и заключительный. Первый проводится в дистанционной форме. По его итогам лучших участников приглашают на очный финал.;Личная | Участник самостоятельно выполняет задания | Очно-заочная | Нужно пройти дистанционный отбор, чтобы участвовать в очном финале;Каталог /activities;https://olimpiada.ru/activity/24
197;Межрегиональная олимпиада школьников по математике «САММАТ»;Математика;6–11 классы;6.0;11.0;Очно-заочная;Личная;7.9;Итоги опубликованы;"Опубликованы итоги; следующее соревнование ожидается в ноябре 2026 года";"Следующее соревнование: Опубликованы итоги; следующее соревнование ожидается в ноябре 2026 года";Частично заполнен по текущему статусу;Расписание олимпиады в этом году пока не известно;;https://olimpiada.ru/activity/197;—;;Точное соответствие проекту РСОШ 2026/27 не найдено;https://rsr-olymp.ru/news/123;24.09.2026;"Самарский государственный технический университет; →; Министерство образования и науки Самарской области";"sammat.ru; olympsammat@gmail.com";"Положение; →; Регламент";«САММАТ» – ежегодная межрегиональная олимпиада по математике для школьников 5–11 классов. Проводится в два этапа: отборочный и заключительный. .. Отборочный этап соревнования проходит как в очной, так и в заочной форме. Варианты заданий для них различны, но равноценны. Одновременное участие в отборочном этапе в очной и заочной формах не допускается. Заключительный этап проводится только очно, на него приглашаются победители и призеры отборочного этапа.;Личная | Участник самостоятельно выполняет задания | Очно-заочная | Нужно пройти дистанционный отбор, чтобы участвовать в очном финале;Каталог /activities;https://olimpiada.ru/activity/197
6954;Многопрофильная инженерная олимпиада «Звезда» по математике;Математика;5 класс;5.0;5.0;Очно-заочная;Личная;6.2;Этап указан;Очный отборочный этап;"Интернет-тур отборочного этапа: 20 окт—22 дек
Очный отборочный этап: 5 ноя—22 дек";Опубликован;"Интернет-тур отборочного этапа
20 окт—22 дек
Очный отборочный этап
5 ноя—22 дек";Обновлено 17 сентября;https://olimpiada.ru/activity/6954;—;;Этот профиль не найден в проекте РСОШ 2026/27;https://rsr-olymp.ru/news/123;24.09.2026;"Южно-Уральский государственный университет; →; Союз машиностроителей России; Южно-Российский политехнический университет (НПИ) имени М. И. Платова";"zv.susu.ru/...; zv@susu.ru";"Положение и регламент; →";;Личная | Участник самостоятельно выполняет задания | Очно-заочная | Нужно пройти дистанционный отбор, чтобы участвовать в очном финале;Объединение: Многопрофильная инженерная олимпиада «Звезда»;https://olimpiada.ru/activity/6954
11;Московская математическая конференция;Математика;8–11 классы;8.0;11.0;Очная;Личная;7.1;Расписание не опубликовано;Расписание следующей конференции ожидается в ноябре 2026 года;Публикация расписания: ожидается в ноябре 2026 года;Частично заполнен по текущему статусу;Расписание олимпиады в этом году пока не известно;;https://olimpiada.ru/activity/11;—;;Точное соответствие проекту РСОШ 2026/27 не найдено;https://rsr-olymp.ru/news/123;24.09.2026;"Московский Центр Непрерывного Математического Образования; →; Департамент образования и науки города Москвы; Центр педагогического мастерства г. Москвы; Математический институт им. В. А. Стеклова РАН; МГУ имени М. В. Ломоносова; Московское математическое общество; НИУ Высшая школа экономики; Московский физико-технический институт";"mccme.ru/...; mmks@mccme.ru";;Участие в мероприятии будет интересно учителям и старшеклассникам. Учащиеся приобщаются к научной работе, проводят исследования задач и представляют решения слушателям конференции. .. Конкурс традиционно проводится в Москве. Работы бывают трех типов: научно-исследовательские, учебно-исследовательские и исследовательские разработки. Подготовка работы на ММКШ – хорошая тренировка перед олимпиадами!;Личная | Участник самостоятельно выполняет задания | Очная | Для участия нужно прийти в заранее известное место проведения;Каталог /activities;https://olimpiada.ru/activity/11
1;Московская математическая олимпиада;Математика;8–11 классы;8.0;11.0;Очно-заочная;Личная;9.6;Расписание не опубликовано;Ожидается расписание состязания;Публикация расписания: ожидается расписание состязания;Частично заполнен по текущему статусу;Расписание олимпиады в этом году пока не известно;;https://olimpiada.ru/activity/1;I;математика;"Проект РСОШ 2026/27; не утвержден на 24.09.2026";https://www.garant.ru/products/ipo/prime/doc/56963051/;24.09.2026;"Департамент образования и науки города Москвы; →; МГУ имени М. В. Ломоносова";"mmo.mccme.ru; mmo@mccme.ru";"Положение; →";Московская математическая олимпиада – очное соревнование для школьников 8-11 классов. Проводится с 1935 года ежегодно в МГУ имени М. В. Ломоносова. .. Любой ученик 8-10 классов может зарегистрироваться на сайте и прийти на олимпиаду. А вот одиннадцатиклассникам сначала нужно пройти отборочный тур. Победители и призеры прошлогодней олимпиады за 10 класс и обладатели дипломов или премий осеннего тура Турнира городов приглашаются вне конкурса. Олимпиада для 11 классов проводится в два дня: по итогам первого дня часть участников пригласят на второй. В варианте обычно 6 задач, на решение которых дается 5 часов. Занимательные задания не требуют знаний, выходящих за пределы школьного курса. Победителей и призеров награждают книгами по математике.;Личная | Участник самостоятельно выполняет задания | Очно-заочная | Нужно пройти дистанционный отбор, чтобы участвовать в очном финале | Другие названия | Также известна как ММО, Мосгор по математике | Известные люди | Председателями оргкомитета олимпиады в разные годы были А. Н. Колмогоров, П. А. Александрова, В. И. Арнольд | Связи | Для 6-7 классов проводится отдельная олимпиада – Математический праздник | Матпраздник → | Правила игры | В варианте обычно шесть задач, на решение которых дается пять часов | Тоже интересно | Является также сложным вариантом весеннего тура Турнира городов | Турнир городов → | Призы | Призами олимпиады традиционно являются книги по математике. Зачастую они становятся основой библиотеки будущего ученого | strelka2 | Еще факты;Объединение: Московская олимпиада школьников;https://olimpiada.ru/activity/1
55;Московская олимпиада по вероятности и статистике;Математика;7–11 классы;7.0;11.0;Очно-заочная;Личная;6.7;Этап запланирован;Дистанционный этап пройдет c 18 по 24 ноября;"Дистанционный этап: 18—24 ноя
Заключительный этап: 31 янв";Опубликован;"Дистанционный этап
18—24 ноя
Заключительный этап
31 янв";Обновлено 10 сентября;https://olimpiada.ru/activity/55;II;теория вероятностей и статистика;"Проект РСОШ 2026/27; не утвержден на 24.09.2026";https://www.garant.ru/products/ipo/prime/doc/56963051/;24.09.2026;"Департамент образования и науки города Москвы; →; Московский центр непрерывного математического образования; Центр педагогического мастерства г. Москвы; Кафедра теории вероятностей МГУ им. М. В. Ломоносова";"ptlab.mccme.ru/...; prob-in-school@yandex.ru";"Регламент; →";Олимпиада проводится с 2008 года. С 2023/24 учебного года включена в состав Московской олимпиады школьников. Ее цель – познакомить участника с интересными и занимательными задачками из теории вероятностей и математической статистики, а также дать возможность провести небольшое исследование. .. Соревнование проходит в один дистанционный этап для 7 класса и два этапа (заочный отборочный и очный заключительный) для 8-11 классов. Архив олимпиады;Личная | Участник самостоятельно выполняет задания | Очно-заочная | Нужно пройти дистанционный отбор, чтобы участвовать в очном финале;Объединение: Московская олимпиада школьников;https://olimpiada.ru/activity/55
5465;Московская открытая олимпиада «Наглядная геометрия»;Математика;3–10 классы;3.0;10.0;Очно-заочная;Личная;9.3;Расписание не опубликовано;Расписание следующего конкурса ожидается в декабре 2026 года;Публикация расписания: ожидается в декабре 2026 года;Частично заполнен по текущему статусу;Расписание олимпиады в этом году пока не известно;;https://olimpiada.ru/activity/5465;—;;Точное соответствие проекту РСОШ 2026/27 не найдено;https://rsr-olymp.ru/news/123;24.09.2026;"Департамент образования и науки города Москвы; →; Государственное бюджетное профессиональное образовательное учреждение города Москвы «Воробьевы горы»";"nover.ru/...; olimpiada@mailvg.ru";;;Личная | Участник самостоятельно выполняет задания | Очно-заочная | Нужно пройти дистанционный отбор, чтобы участвовать в очном финале;Каталог /activities;https://olimpiada.ru/activity/5465
9;Московская устная командная олимпиада по математике;Математика;8–11 классы;8.0;11.0;Очная;Командная;7.0;Расписание не опубликовано;Расписание олимпиады в этом году пока не известно;Не опубликовано;Не опубликован;Расписание олимпиады в этом году пока не известно;;https://olimpiada.ru/activity/9;—;;Точное соответствие проекту РСОШ 2026/27 не найдено;https://rsr-olymp.ru/news/123;24.09.2026;"Школа № 444; →; Лицей «Вторая школа»; Школа № 2007 ФМШ";"olympiads.mccme.ru/...; peshnin.am@sch2.ru";;Соревнование между командами школьников, основанное на решении и сдаче олимпиадных задач высокого уровня по математике. Принять участие могут ученики 8-9 классов. .. Команда состоит из 6-8 человек. Каждая команда должна состоять только из учеников, обучающихся в одной школе. Цель – сдать как можно больше задач. Участники получают вариант, состоящий из 10 задач, относящихся к разным разделам математики. Задания решаются коллективно, но для представления результатов выбирается один из членов команды. На решение и сдачу ответов отводится 4 часа.;Командная | Участники выполняют задания вместе и борются за общий результат | Очная | Для участия нужно прийти в заранее известное место проведения;Каталог /activities;https://olimpiada.ru/activity/9
6;Объединенная межвузовская математическая олимпиада;Математика;9–11 классы;9.0;11.0;Очно-заочная;Личная;8.7;Расписание не опубликовано;Расписание следующей олимпиады ожидается в январе 2027 года;Публикация расписания: ожидается в январе 2027 года;Частично заполнен по текущему статусу;Расписание олимпиады в этом году пока не известно;;https://olimpiada.ru/activity/6;II;математика;"Проект РСОШ 2026/27; не утвержден на 24.09.2026";https://www.garant.ru/products/ipo/prime/doc/56963051/;24.09.2026;"Департамент образования и науки города Москвы; →";"mccme.ru/...; ommo@mccme.ru";"Регламент; →";Олимпиада проводится с 2009 года для учеников 11 класса, но участие 9 и 10 классов также приветствуется организаторами. Состязание включает два обязательных этапа. .. Первый этап – заочный. Для участия необходимо зарегистрироваться и приступить к выполнению заданий. Обратите внимание, при регистрации нужно выбрать один из вузов-участников, в котором школьник планирует решать задачи финального, очного, этапа. На финал приглашаются участники, успешно справившиеся с заданиями заочного этапа. На решение задач, как правило, отводится 240 минут. По итогам состязания определяются победители и призеры.;Личная | Участник самостоятельно выполняет задания | Очно-заочная | Нужно пройти дистанционный отбор, чтобы участвовать в очном финале | Как проверяют работы | Первая проверка проходит на площадках проведения, лучшие работы привозят в МЦНМО | Регламент олимпиады → | Другие названия | ОММО, межвуз;Каталог /activities;https://olimpiada.ru/activity/6
223;Объединенная международная математическая олимпиада «Формула Единства» / «Третье тысячелетие»;Математика;5–11 классы;5.0;11.0;Очно-заочная;Личная;8.7;Этап запланирован;Отборочный этап пройдет с 15 октября по 5 ноября;Отборочный этап: 15 окт—5 ноя;Опубликован;"Отборочный этап
15 окт—5 ноя";Обновлено 15 сентября;https://olimpiada.ru/activity/223;II;математика;"Проект РСОШ 2026/27; не утвержден на 24.09.2026";https://www.garant.ru/products/ipo/prime/doc/56963051/;24.09.2026;"Санкт-Петербургский государственный электротехнический университет «ЛЭТИ» им. В.И. Ульянова (Ленина); →; РАНХиГС; Балтийский государственный технический университет «Военмех» имени Д. Ф. Устинова";"formulo.org/...; info@formulo.org ; olimp@formulo.org";"Положение; →; Регламент";Олимпиада по математике проводится для всех желающих школьников 5-11 классов. Очный тур проходит в большинстве регионов России, а также зарубежных странах. .. Состязание включает в себя два этапа. Отборочный этап проводится в заочной форме дистанционно. Заключительный – очно на региональных площадках.;Личная | Участник самостоятельно выполняет задания | Очно-заочная | Нужно пройти дистанционный отбор, чтобы участвовать в очном финале;Объединение: Олимпиада «Формула Единства»/«Третье тысячелетие»;https://olimpiada.ru/activity/223
360;Олимпиада «Будущие исследователи - будущее науки» по математике;Математика;7–11 классы;7.0;11.0;Очно-заочная;Личная;8.4;Следующий цикл ожидается;Следующее соревнование начнется в ноябре 2026 года;Следующее соревнование: Следующее соревнование начнется в ноябре 2026 года;Частично заполнен по текущему статусу;Расписание олимпиады в этом году пока не известно;;https://olimpiada.ru/activity/360;III;математика;"Проект РСОШ 2026/27; не утвержден на 24.09.2026";https://www.garant.ru/products/ipo/prime/doc/56963051/;24.09.2026;"Белгородский государственный технологический университет им. В.Г. Шухова; →; Правительство Нижегородской области; Нижегородский государственный университет им. Н.И.Лобачевского; Российский федеральный ядерный центр ВНИИЭФ г. Сарова; Ярославская государственная медицинская академия; Ярославский государственный университет им. П.Г.Демидова";"unn.ru/...; olimp@unn.ru";"Положение; →; Регламент";Олимпиада «Будущие исследователи - будущее науки» по математике проводится для учеников 7-11 классов в два этапа. .. Задания первого этапа можно выполнять как очно на площадках организаторов, так и дистанционно. Финал проводится только очно и представляет собой предметную олимпиаду с защитой проекта.;Личная | Участник самостоятельно выполняет задания | Очно-заочная | Нужно пройти дистанционный отбор, чтобы участвовать в очном финале;Объединение: Олимпиада «Будущие исследователи - будущее науки»;https://olimpiada.ru/activity/360
149;Олимпиада «Высшая проба» по математике;Математика;7–11 классы;7.0;11.0;Очно-заочная;Личная;8.2;Регистрация завершена;Регистрация открыта до 22 сентября;"Регистрация: До 22 сен
Первый тур отборочного этапа: 27 сен";Опубликован;"Регистрация
До 22 сен
Первый тур отборочного этапа
27 сен";Обновлено 7 сентября;https://olimpiada.ru/activity/149;I;математика;"Проект РСОШ 2026/27; не утвержден на 24.09.2026";https://www.garant.ru/products/ipo/prime/doc/56963051/;24.09.2026;"Национальный исследовательский университет Высшая школа экономики; →";"olymp.hse.ru/...; olymp@hse.ru";"Положение и регламент; →";Олимпиада по математике – одно из старейших соревнований «Высшей пробы». На него приглашаются ученики 7-11 классов. .. На отборочном этапе участников ждут задания по основным разделам школьной математики: от совсем элементарных до задач средней сложности. Большинство можно решить устно или с минимальными вычислениями. Задания заключительного этапа олимпиады требуют тщательных рассуждений и кропотливых вычислений. Задачи составляются так, чтобы их решение не требовало знаний за пределами школьной программы, но поощряло творческий подход к их использованию.;Личная | Участник самостоятельно выполняет задания | Очно-заочная | Нужно пройти дистанционный отбор, чтобы участвовать в очном финале;Объединение: Олимпиада «Высшая проба»;https://olimpiada.ru/activity/149
4355;Олимпиада «Миссия выполнима. Твое призвание - финансист!» по математике;Математика;8–11 классы;8.0;11.0;Очно-заочная;Личная;8.6;Текущий статус не указан;Регистрация на отборочный этап открыта до 30 ноября;"Регистрация на отборочный этап: До 30 ноя
Отборочный этап: 5—6 дек";Опубликован;"Регистрация на отборочный этап
До 30 ноя
Отборочный этап
5—6 дек";Обновлено 14 сентября;https://olimpiada.ru/activity/4355;—;;Этот профиль не найден в проекте РСОШ 2026/27;https://rsr-olymp.ru/news/123;24.09.2026;"Финансовый университет при Правительстве Российской Федерации; →";"mission.fa.ru; olymp@fa.ru";;;Личная | Участник самостоятельно выполняет задания | Очно-заочная | Нужно пройти дистанционный отбор, чтобы участвовать в очном финале;Объединение: Олимпиада «Миссия выполнима. Твое призвание – финансист!»;https://olimpiada.ru/activity/4355
5041;Олимпиада «Океан знаний» по математике;Математика;10–11 классы;10.0;11.0;Очно-заочная;Личная;7.9;Расписание не опубликовано;Расписание следующей олимпиады ожидается в сентябре 2026 года;Публикация расписания: ожидается в сентябре 2026 года;Частично заполнен по текущему статусу;Расписание олимпиады в этом году пока не известно;;https://olimpiada.ru/activity/5041;—;;Точное соответствие проекту РСОШ 2026/27 не найдено;https://rsr-olymp.ru/news/123;24.09.2026;"ФГАОУ ВПО Дальневосточный федеральный университет (ДВФУ); →";"dvfu.ru/...; ocean@dvfu.ru";;;Личная | Участник самостоятельно выполняет задания | Очно-заочная | Нужно пройти дистанционный отбор, чтобы участвовать в очном финале;Объединение: Олимпиада «Океан знаний»;https://olimpiada.ru/activity/5041
115;Олимпиада «Покори Воробьевы горы!» по математике;Математика;5–11 классы;5.0;11.0;Очно-заочная;Личная;8.6;Следующий цикл ожидается;Следующее соревнование начнется в декабре;Следующее соревнование: Следующее соревнование начнется в декабре;Частично заполнен по текущему статусу;Расписание олимпиады в этом году пока не известно;;https://olimpiada.ru/activity/115;I;математика;"Проект РСОШ 2026/27; не утвержден на 24.09.2026";https://www.garant.ru/products/ipo/prime/doc/56963051/;24.09.2026;"Газета Московский комсомолец; →; Московский государственный университет имени М. В. Ломоносова";"pvg.mk.ru; konkurs@mk.ru";"Положение; →; Регламент";МГУ имени М. В. Ломоносова и издательский дом «Московский Комсомолец» ежегодно проводят олимпиаду «Покори Воробьевы горы!» по математике. К участию приглашаются школьники 5-11 классов. .. Олимпиада проходит в два этапа. Задания отборочного этапа размещаются в личных кабинетах участников, выполнять их можно дистанционно. Заключительный этап проводится очно в МГУ имени М. В. Ломоносова и на региональных площадках.;Личная | Участник самостоятельно выполняет задания | Очно-заочная | Нужно пройти дистанционный отбор, чтобы участвовать в очном финале;Объединение: Олимпиада «Покори Воробьевы горы!»;https://olimpiada.ru/activity/115
411;Олимпиада «Росатом» по математике;Математика;7–11 классы;7.0;11.0;Очно-заочная;Личная;9.0;Расписание не опубликовано;Расписание следующей олимпиады ожидается в сентябре 2026 года;Публикация расписания: ожидается в сентябре 2026 года;Частично заполнен по текущему статусу;Расписание олимпиады в этом году пока не известно;;https://olimpiada.ru/activity/411;II;математика;"Проект РСОШ 2026/27; не утвержден на 24.09.2026";https://www.garant.ru/products/ipo/prime/doc/56963051/;24.09.2026;"Национальный исследовательский ядерный университет «МИФИ»; →";"olymp.mephi.ru/...; olympiad@mephi.ru";"Положение и регламент; →";Соревнование проводится для учеников 7-11 классов в два этапа: отборочный и заключительный. Поучаствовать в отборе можно несколько раз. .. Отборочный этап включает несколько независимых туров: очный тур в Москве, очные туры в регионах, очно-заочные туры на региональных площадках, дистанционный тур. Можно попробовать свои силы в одном или нескольких состязаниях – учитываться будет лучшее выступление. Школьников, успешно прошедших отбор, пригласят на финал. Заключительный этап проводится очно в Москве и других городах России.;Личная | Участник самостоятельно выполняет задания | Очно-заочная | Нужно пройти дистанционный отбор, чтобы участвовать в очном финале;Объединение: Физико-математическая олимпиада «Росатом»;https://olimpiada.ru/activity/411
5841;Олимпиада «Учись строить будущее» по математике;Математика;10–11 классы;10.0;11.0;Очно-заочная;Личная;6.0;Следующий цикл ожидается;Следующее соревнование ожидается в ноябре 2026 года;Следующее соревнование: Следующее соревнование ожидается в ноябре 2026 года;Частично заполнен по текущему статусу;Расписание олимпиады в этом году пока не известно;;https://olimpiada.ru/activity/5841;—;;Точное соответствие проекту РСОШ 2026/27 не найдено;https://rsr-olymp.ru/news/123;24.09.2026;"Московский государственный строительный университет; →";"mgsu.ru/...; olimp@mgsu.ru";"Положение и регламент; →";;Личная | Участник самостоятельно выполняет задания | Очно-заочная | Нужно пройти дистанционный отбор, чтобы участвовать в очном финале;Объединение: Олимпиада «Учись строить будущее»;https://olimpiada.ru/activity/5841
168;Олимпиада «Шаг в будущее» по математике;Математика;8–11 классы;8.0;11.0;Очно-заочная;Личная;7.5;Регистрация открыта;Отборочный этап состоится с 16 по 22 ноября. Идет регистрация;Отборочный этап: 16—22 ноя;Опубликован;"Отборочный этап
16—22 ноя";Обновлено 16 сентября;https://olimpiada.ru/activity/168;III;математика;"Проект РСОШ 2026/27; не утвержден на 24.09.2026";https://www.garant.ru/products/ipo/prime/doc/56963051/;24.09.2026;"МГТУ имени Н. Э. Баумана; →";"olymp.bmstu.ru/...; olymp@bmstu.ru";"Положение и регламент; →";Соревнование по математике проводится среди учеников 7-11 классов. Олимпиада включает два этапа: отборочный и заключительный. .. Для участия в отборочном этапе необходимо зарегистрироваться. Задания школьники выполняют дистанционно. Победителей и призеров приглашают в финал.;Личная | Участник самостоятельно выполняет задания | Очно-заочная | Нужно пройти дистанционный отбор, чтобы участвовать в очном финале;Объединение: Олимпиада «Шаг в будущее»;https://olimpiada.ru/activity/168
5573;Олимпиада «Юные таланты» по математике;Математика;8–11 классы;8.0;11.0;Очно-заочная;Личная;7.8;Итоги опубликованы;"Опубликованы итоги; следующее соревнование ожидается в январе 2027 года";"Следующее соревнование: Опубликованы итоги; следующее соревнование ожидается в январе 2027 года";Частично заполнен по текущему статусу;Расписание олимпиады в этом году пока не известно;;https://olimpiada.ru/activity/5573;—;;Этот профиль не найден в проекте РСОШ 2026/27;https://rsr-olymp.ru/news/123;24.09.2026;"Пермский государственный национальный исследовательский университет; →";"olymp.psu.ru/...; schym.psu@gmail.com";"Положение; →";;Личная | Участник самостоятельно выполняет задания | Очно-заочная | Нужно пройти дистанционный отбор, чтобы участвовать в очном финале;Объединение: Многопредметная олимпиада «Юные таланты»;https://olimpiada.ru/activity/5573
5388;Олимпиада РТУ МИРЭА по математике;Математика;9–11 классы;9.0;11.0;Очно-заочная;Личная;7.8;Следующий цикл ожидается;Следующее соревнование начнется в ноябре 2026 года;Следующее соревнование: Следующее соревнование начнется в ноябре 2026 года;Частично заполнен по текущему статусу;Расписание олимпиады в этом году пока не известно;;https://olimpiada.ru/activity/5388;—;;Точное соответствие проекту РСОШ 2026/27 не найдено;https://rsr-olymp.ru/news/123;24.09.2026;"МИРЭА - Российский технологический университет (РТУ МИРЭА); →";"priem.mirea.ru/...; olymp_math@mirea.ru";"Положение; →; Регламент";;Личная | Участник самостоятельно выполняет задания | Очно-заочная | Нужно пройти дистанционный отбор, чтобы участвовать в очном финале;Каталог /activities;https://olimpiada.ru/activity/5388
5199;Олимпиада Северо-Кавказского федерального университета «45 параллель» по математике;Математика;5–11 классы;5.0;11.0;Очно-заочная;Личная;7.9;Этап запланирован;Отборочный этап пройдет с 1 октября по 20 февраля;"Отборочный этап: 1 окт—20 фев
Финал: 13 мар";Опубликован;"Отборочный этап
1 окт—20 фев
Финал
13 мар";Обновлено 31 августа;https://olimpiada.ru/activity/5199;—;;Точное соответствие проекту РСОШ 2026/27 не найдено;https://rsr-olymp.ru/news/123;24.09.2026;Северо-Кавказский федеральный университет;"parallel45.olymp.ncfu.ru; olimpiadastav@mail.ru";"Положение и регламент; →";;Личная | Участник самостоятельно выполняет задания | Очно-заочная | Нужно пройти дистанционный отбор, чтобы участвовать в очном финале;Объединение: Олимпиада Северо-Кавказского федерального университета «45 параллель»;https://olimpiada.ru/activity/5199
5810;Олимпиада Учи.ру по математике;Математика;1–11 классы;1.0;11.0;Дистанционная;Личная;8.3;Информация ожидается;Информация о следующей олимпиаде ожидается в декабре 2026 года;Обновление информации: ожидается в декабре 2026 года;Частично заполнен по текущему статусу;Расписание олимпиады в этом году пока не известно;;https://olimpiada.ru/activity/5810;—;;Точное соответствие проекту РСОШ 2026/27 не найдено;https://rsr-olymp.ru/news/123;24.09.2026;"Учи.ру; →";"olympiads.uchi.ru/...; info@uchi.ru";;Проходит для учеников всех возрастов. Задания сделаны в игровой форме, развивают логику, пространственное воображение, арифметические навыки и алгоритмическое мышление. Олимпиада проводится в режиме онлайн и включает в себя два тура. .. Первый тур можно пройти дома или в школе, на выполнение заданий отводится один час. Школьники, набравшие максимальный балл, будут приглашены на второй тур.;Личная | Участник самостоятельно выполняет задания | Дистанционная | Можно участвовать не выходя из дома, достаточно иметь компьютер с доступом в интернет;Объединение: Олимпиады Учи.ру;https://olimpiada.ru/activity/5810
66;Олимпиада Юношеской математической школы;Математика;4–11 классы;4.0;11.0;Очно-заочная;Личная;8.2;Этап указан;Первый отборочный этап;"Первый отборочный этап: 13 сен
Второй отборочный этап: 17 окт";Опубликован;"Первый отборочный этап
13 сен
Второй отборочный этап
17 окт";Обновлено 28 августа;https://olimpiada.ru/activity/66;II;математика;"Проект РСОШ 2026/27; не утвержден на 24.09.2026";https://www.garant.ru/products/ipo/prime/doc/56963051/;24.09.2026;"Санкт-Петербургское отделение Математического института им. В. А. Стеклова РАН; →";yumsh.ru/...;"Регламент; →; Положение";Олимпиада Юношеской математической школы проводится для учащихся школ Санкт-Петербурга и других регионов России. В ней могут попробовать свои силы ученики 4-11 классов. .. Олимпиада состоит из двух туров. Условия заочного тура размещаются на сайте ЮМШ и распространяются по школам Санкт-Петербурга. Для 9–11 классов первый тур проводится в формате онлайн-соревнования. Второй тур проводится в виде устной олимпиады: участники должны рассказать решения задач членам жюри. При этом для 9–11 классов олимпиада строится по особому принципу: каждая задача является либо развитием предыдущей, либо предложением взглянуть на тот же объект с другой стороны.;Личная | Участник самостоятельно выполняет задания | Очно-заочная | Нужно пройти дистанционный отбор, чтобы участвовать в очном финале;Каталог /activities;https://olimpiada.ru/activity/66
29;Олимпиада имени Леонарда Эйлера;Математика;8 класс;8.0;8.0;Очно-заочная;Личная;7.1;Следующий цикл ожидается;Следующее соревнование начнется в ноябре;Следующее соревнование: Следующее соревнование начнется в ноябре;Частично заполнен по текущему статусу;Расписание олимпиады в этом году пока не известно;;https://olimpiada.ru/activity/29;—;;Точное соответствие проекту РСОШ 2026/27 не найдено;https://rsr-olymp.ru/news/123;24.09.2026;"Кировский центр дополнительного образования одаренных школьников; →; Московский центр непрерывного математического образования";"matol.ru; info@matol.ru";"Положение; →; Правила дистанционного этапа";Олимпиада предназначена для восьмиклассников и призвана восполнить отсутствующие для них региональный и заключительный этапы Всероссийской математической олимпиады. В олимпиаде имени Леонарда Эйлера могут участвовать и ученики более младших классов (однако, им надо иметь в виду, что задачи будут рассчитаны на восьмиклассников), а также школьники соответствующих классов из тех зарубежных стран, где будут организованы национальные оргкомитеты. .. Олимпиада проводится в три этапа: дистанционный (ноябрь-декабрь), региональный (январь-февраль), заключительный (март или апрель). В дистанционном этапе могут участвовать все желающие ученики классов не старше 8-го. На региональный этап проходят лучшие участники дистанционного этапа и ряда выводящих соревнований, на заключительный – лучшие участники регионального. Уровень трудности этапов олимпиады имени Леонарда Эйлера соответствует сложности одноименных этапов Всероссийской математической олимпиады. Дистанционный этап проводится в три тура. Каждый тур имеет права отдельной попытки: чтобы попасть на региональный этап олимпиады, достаточно показать хороший результат хотя бы в одном из них. Участвовать во всех турах совершенно не обязательно. Региональный и заключительный этапы проводятся в очной форме.;Личная | Участник самостоятельно выполняет задания | Очно-заочная | Нужно пройти дистанционный отбор, чтобы участвовать в очном финале;Каталог /activities;https://olimpiada.ru/activity/29
17;Олимпиада по геометрии им. И. Ф. Шарыгина;Математика;8–11 классы;8.0;11.0;Очно-заочная;Личная;8.1;Расписание не опубликовано;Расписание олимпиады ожидается в декабре 2026 года;Публикация расписания: ожидается в декабре 2026 года;Частично заполнен по текущему статусу;Расписание олимпиады в этом году пока не известно;;https://olimpiada.ru/activity/17;—;;Точное соответствие проекту РСОШ 2026/27 не найдено;https://rsr-olymp.ru/news/123;24.09.2026;"Московский центр непрерывного математического образования; →";"geomolymp.ru; geomshar@yandex.ru";;Олимпиада по геометрии проводится для учеников 8-11 классов и состоит из двух туров – заочного и финального. .. В заочном туре могут принимать участие все желающие школьники. Победители приглашаются на финал. Также на заключительный тур допускаются победители региональных геометрических олимпиад. Финал проводится в устной форме. Олимпиада проводится с 2005 года в память об И. Ф. Шарыгине. В оргкомитет и жюри соревнования входят известные ученые, педагоги, энтузиасты математического просвещения.;Личная | Участник самостоятельно выполняет задания | Очно-заочная | Нужно пройти дистанционный отбор, чтобы участвовать в очном финале;Каталог /activities;https://olimpiada.ru/activity/17
5910;Олимпиада по математике RUDN JUNIOR MATH OLYMP;Математика;9–11 классы;9.0;11.0;Очно-заочная;Личная;6.4;Регистрация открыта;Первый отборочный этап пройдет 2–4 октября. Регистрация открыта;"Дополнительная дата: Отборочный этап. 1-я попытка
Дополнительная дата: 2—4 окт
Дополнительная дата: Отборочный этап. 2-я попытка
Дополнительная дата: 6—8 ноя
Дополнительная дата: Отборочный этап. 3-я попытка
Дополнительная дата: 4—6 дек
Регистрация: До 6 дек";Частично опубликован;"Отборочный этап. 1-я попытка
2—4 окт
Отборочный этап. 2-я попытка
6—8 ноя
Отборочный этап. 3-я попытка
4—6 дек
Регистрация
До 6 дек";Обновлено 17 августа;https://olimpiada.ru/activity/5910;—;;Точное соответствие проекту РСОШ 2026/27 не найдено;https://rsr-olymp.ru/news/123;24.09.2026;"Российский университет дружбы народов имени Патриса Лумумбы; →";"math-olymp.rudn.ru/...; junior_math_olymp@rudn.ru";"Положение; →; Регламент";Состязание проводится для всех желающих учеников 9-11 классов. Задания включают вопросы по таким направлениям математики как математический анализ, алгебра, геометрия, теория вероятностей, комбинаторика, теория чисел. .. Отборочный этап проходит в заочном формате и включает три попытки. Школьники, успешно прошедшие отбор, приглашаются в финал. Среди учеников Москвы и Московской области он проводится очно, остальные учащиеся могут выполнять задания дистанционно.;Личная | Участник самостоятельно выполняет задания | Очно-заочная | Нужно пройти дистанционный отбор, чтобы участвовать в очном финале;Каталог /activities;https://olimpiada.ru/activity/5910
348;Олимпиада школьников «Ломоносов» по математике;Математика;5–11 классы;5.0;11.0;Очно-заочная;Личная;8.5;Расписание не опубликовано;Расписание следующей олимпиады ожидается в октябре 2026 года;Публикация расписания: ожидается в октябре 2026 года;Частично заполнен по текущему статусу;Расписание олимпиады в этом году пока не известно;;https://olimpiada.ru/activity/348;I;математика;"Проект РСОШ 2026/27; не утвержден на 24.09.2026";https://www.garant.ru/products/ipo/prime/doc/56963051/;24.09.2026;"Московский государственный университет имени М. В. Ломоносова; →; Механико-математический факультет МГУ";"olymp.msu.ru; pk@mech.math.msu.su";"Положение; →; Регламент; Положение об апелляциях";Соревнование по математике для учеников 5-11 классов. Олимпиада проходит в два этапа. .. На отборочном и заключительном этапах школьники сталкиваются с трудными, но интересными математическими задачами, которые совершенно не похожи на привычные школьные. Задачи составляют сотрудники МГУ имени М. В. Ломоносова, опытные преподаватели математики в средней школе, руководители школьных математических кружков, преподаватели университетских школьных курсов.;Личная | Участник самостоятельно выполняет задания | Очно-заочная | Нужно пройти дистанционный отбор, чтобы участвовать в очном финале;Объединение: Олимпиада школьников «Ломоносов»;https://olimpiada.ru/activity/348
5331;Олимпиада школьников «Надежда энергетики» по математике;Математика;5–11 классы;5.0;11.0;Очно-заочная;Личная;8.5;Расписание не опубликовано;Расписание следующей олимпиады ожидается в октябре 2026 года;Публикация расписания: ожидается в октябре 2026 года;Частично заполнен по текущему статусу;Расписание олимпиады в этом году пока не известно;;https://olimpiada.ru/activity/5331;—;;Точное соответствие проекту РСОШ 2026/27 не найдено;https://rsr-olymp.ru/news/123;24.09.2026;"Национальный исследовательский университет МЭИ; →; Ивановский государственный энергетический университет имени В. И. Ленина; Казанский государственный энергетический университет; Сибирский федеральный университет";"energy-hope.ru; support@energy-hope.ru";"Положение; →; Регламент";Олимпиада по математике проводится для всех желающих учащихся 5-11 классов. Состязание включает два обязательных этапа: отборочный и заключительный. .. Отборочный этап проходит в несколько потоков, на каждый из них нужно зарегистрироваться. Принять участие можно заочно, через интернет, или очно на одной из площадок вузов-организаторов. По итогам отбора школьников, успешно выполнивших задания, пригласят на заключительный этап. Финал проводится в очном формате в Москве и других регионах.;Личная | Участник самостоятельно выполняет задания | Очно-заочная | Нужно пройти дистанционный отбор, чтобы участвовать в очном финале;Каталог /activities;https://olimpiada.ru/activity/5331
6941;Олимпиада школьников «Первая математическая»;Математика;4–7 классы;4.0;7.0;Очная;Личная;6.8;Расписание не опубликовано;Расписание олимпиады в этом году пока не известно;Не опубликовано;Не опубликован;Расписание олимпиады в этом году пока не известно;;https://olimpiada.ru/activity/6941;—;;Точное соответствие проекту РСОШ 2026/27 не найдено;https://rsr-olymp.ru/news/123;24.09.2026;Образовательная платформа «Школково»;"3.shkolkovo.online/...; mathclub@shkolkovo.online";;Олимпиада проводится в параллелях 4, 5, 6 и 7 классов. Задания составлены так, чтобы каждый ученик почувствовал интерес к математике, азарт от решения задач и поверил бы в свои силы и возможности. .. Задачи не ставят своей целью проверку успеваемости, а помогают школьнику продемонстрировать нестандартное мышление и заинтересовать в дальнейшем изучении предмета. Состязание проходит в один тур в очном формате. Стать площадкой проведения может любая образовательная организация, для участия нужно зарегистрироваться, получить задания и инструкцию к проведению олимпиады. После открывается прием заявок и для самих учащихся. После олимпиады на каждой площадке проводится независимое подведение итогов и жюри определяет победителей и призеров.;Личная | Участник самостоятельно выполняет задания | Очная | Для участия нужно прийти в заранее известное место проведения;Каталог /activities;https://olimpiada.ru/activity/6941
5706;Олимпиада школьников «Путь к успеху» по математике;Математика;10–11 классы;10.0;11.0;Очно-заочная;Личная;7.3;Итоги опубликованы;"Опубликованы итоги; следующее соревнование ожидается в ноябре 2026 года";"Следующее соревнование: Опубликованы итоги; следующее соревнование ожидается в ноябре 2026 года";Частично заполнен по текущему статусу;Расписание олимпиады в этом году пока не известно;;https://olimpiada.ru/activity/5706;—;;Точное соответствие проекту РСОШ 2026/27 не найдено;https://rsr-olymp.ru/news/123;24.09.2026;"Магнитогорский государственный технический университет имени Г. И. Носова; →";"molimp.magtu.ru; fdp_magtu@mail.ru";"Положение; →";;Личная | Участник самостоятельно выполняет задания | Очно-заочная | Нужно пройти дистанционный отбор, чтобы участвовать в очном финале;Объединение: Многопрофильная олимпиада школьников «Путь к успеху»;https://olimpiada.ru/activity/5706
395;Олимпиада школьников «Физтех» по математике;Математика;9–11 классы;9.0;11.0;Очная;Личная;8.9;Этап запланирован;Регистрация на I тур открыта до 10 октября, состязание состоится 11 октября;"Регистрация на первый тур: До 10 окт
Первый тур: 11 окт
Регистрация на второй тур: До 31 окт
Второй тур: 1 ноя
Регистрация на третий тур для 11 классов: До 6 ноя
Третий тур для 11 классов: 7 ноя
Финал: 14 фев";Опубликован;"Регистрация на первый тур
До 10 окт
Первый тур
11 окт
Регистрация на второй тур
До 31 окт
Второй тур
1 ноя
Регистрация на третий тур для 11 классов
До 6 ноя
Третий тур для 11 классов
7 ноя
Финал
14 фев";Обновлено 24 августа;https://olimpiada.ru/activity/395;I;математика;"Проект РСОШ 2026/27; не утвержден на 24.09.2026";https://www.garant.ru/products/ipo/prime/doc/56963051/;24.09.2026;"Московский физико-технический институт; →; Департамент образования и науки города Москвы";"olymp-online.mipt.ru; olymp@phystech.edu";"Положение и регламент; →";Олимпиада проводится для всех желающих учеников 8-11 классов с разным уровнем подготовки. Соревнование включает два этапа: отборочный и заключительный. .. Отборочный этап проводится в заочной форме. Победители и призеры отборочного этапа приглашаются в финал.;Личная | Участник самостоятельно выполняет задания | Очная | Для участия нужно прийти в заранее известное место проведения;Объединение: Олимпиада школьников «Физтех»;https://olimpiada.ru/activity/395
38;Осенний Олимп;Математика;1–6 классы;1.0;6.0;Очная;Личная;8.6;Регистрация завершена;Регистрация открыта до 23 сентября;"Регистрация на отборочный тур: До 23 сен
Дополнительная дата: Отборочный этап для 1-6 классов
Дополнительная дата: 25—27 сен
Заключительный этап: 8 ноя";Частично опубликован;"Регистрация на отборочный тур
До 23 сен
Отборочный этап для 1-6 классов
25—27 сен
Заключительный этап
8 ноя";Обновлено 11 сентября;https://olimpiada.ru/activity/38;—;;Точное соответствие проекту РСОШ 2026/27 не найдено;https://rsr-olymp.ru/news/123;24.09.2026;"Центр дополнительного образования (структурное подразделение МФЮА); →; Фонд математического образования и просвещения; Школа № 548";"matznanie.ru/...; olymp@desc.ru";;Осенний Олимп — это математический конкурс с многолетней историей. .. Каждый год на него приходят около трех тысяч участников из Москвы, а те, кто живет далеко от столицы, стремятся заочно решать задания. Принять участие в конкурсе могут школьники в любом уголке земного шара, где любят математику и понимают русскую речь. Осенний Олимп проводится в два очных тура. Первый, отборочный, проводится среди учеников 1-6 классов. Обладателей дипломов конкурса прошлых лет приглашают на основной тур.;Личная | Участник самостоятельно выполняет задания | Очная | Для участия нужно прийти в заранее известное место проведения | Правила игры | На решение задач заочного тура дается 1-2 часа в зависимости от класса;Каталог /activities;https://olimpiada.ru/activity/38
5355;Открытая региональная межвузовская олимпиада школьников по математике;Математика;8–11 классы;8.0;11.0;Очно-заочная;Личная;6.4;Следующий цикл ожидается;Следующее соревнование начнется в октябре;Следующее соревнование: Следующее соревнование начнется в октябре;Частично заполнен по текущему статусу;Расписание олимпиады в этом году пока не известно;;https://olimpiada.ru/activity/5355;—;;Этот профиль не найден в проекте РСОШ 2026/27;https://rsr-olymp.ru/news/123;24.09.2026;"Национальный исследовательский Томский государственный университет; →; Национальный исследовательский Томский политехнический университет; Томский государственный университет систем управления и радиоэлектроники; Сибирский государственный медицинской университет; Томский государственный архитектурно-строительный университет; Томский государственный педагогический университет";"abiturient.tsu.ru/...; ormo@mail.tsu.ru";"Положение; →; Регламент";;Личная | Участник самостоятельно выполняет задания | Очно-заочная | Нужно пройти дистанционный отбор, чтобы участвовать в очном финале;Объединение: Открытая региональная межвузовская олимпиада школьников;https://olimpiada.ru/activity/5355
5520;Открытая российская интернет-олимпиада по математике;Математика;1–9 классы;1.0;9.0;Дистанционная;Личная;8.7;Расписание не опубликовано;Ожидается расписание состязания;"Осенняя олимпиада: 22—30 окт
Зимняя олимпиада: 22—30 янв
Весенняя олимпиада: 22—30 апр";Опубликован;"Осенняя олимпиада
22—30 окт
Зимняя олимпиада
22—30 янв
Весенняя олимпиада
22—30 апр";Обновлено 18 июня;https://olimpiada.ru/activity/5520;—;;Точное соответствие проекту РСОШ 2026/27 не найдено;https://rsr-olymp.ru/news/123;24.09.2026;СПбАППО;"metaschool.ru/...; krug@metaschool.ru";;;Личная | Участник самостоятельно выполняет задания | Дистанционная | Можно участвовать не выходя из дома, достаточно иметь компьютер с доступом в интернет;Объединение: Открытые российские интернет-олимпиады для школьников;https://olimpiada.ru/activity/5520
5866;Санкт-Петербургская математическая олимпиада начальной школы;Математика;1–4 классы;1.0;4.0;Очно-заочная;Личная;7.2;Итоги опубликованы;"Опубликованы итоги; следующее соревнование ожидается в ноябре 2026 года";"Следующее соревнование: Опубликованы итоги; следующее соревнование ожидается в ноябре 2026 года";Частично заполнен по текущему статусу;Расписание олимпиады в этом году пока не известно;;https://olimpiada.ru/activity/5866;—;;Точное соответствие проекту РСОШ 2026/27 не найдено;https://rsr-olymp.ru/news/123;24.09.2026;"Санкт-Петербургский губернаторский физико-математический лицей № 30; →; Центр олимпиадной математики физики и программирования «РАЗ-ДВА-ТРИ!»; Президентский физико-математический лицей № 239; Юношеская математическая школа при СПбГУ (ЮМШ); Система кружков «Фрактал»; Социально-педагогическая программа «Формула единства»";"matolimp-spb.org/...; org@matolimp-spb.org";"Положение; →";Олимпиада проводится для учеников 1-4 классов школ Санкт-Петербурга и других регионов России. .. Соревнование проходит в два этапа: отборочный и заключительный. В финал приглашаются победители первого этапа, а также обладатели дипломов других математических олимпиад. Задания и решения прошлых лет для подготовки;Личная | Участник самостоятельно выполняет задания | Очно-заочная | Нужно пройти дистанционный отбор, чтобы участвовать в очном финале;Каталог /activities;https://olimpiada.ru/activity/5866
5118;Северо-Восточная олимпиада по математике;Математика;8–11 классы;8.0;11.0;Очно-заочная;Личная;7.6;Следующий цикл ожидается;Следующее соревнование начнется в ноябре 2026 года;Следующее соревнование: Следующее соревнование начнется в ноябре 2026 года;Частично заполнен по текущему статусу;Расписание олимпиады в этом году пока не известно;;https://olimpiada.ru/activity/5118;—;;Этот профиль не найден в проекте РСОШ 2026/27;https://rsr-olymp.ru/news/123;24.09.2026;"Северо-Восточный федеральный университет имени М. К. Аммосова; →";"olympiadsvosh.s-vfu.ru/...; svosh.s-vfu@mail.ru";"Положение; →; Регламент";;Личная | Участник самостоятельно выполняет задания | Очно-заочная | Нужно пройти дистанционный отбор, чтобы участвовать в очном финале;Объединение: Северо-Восточная олимпиада;https://olimpiada.ru/activity/5118
5139;Творческий конкурс учителей по математике;Математика;;;;Очная;Личная;6.0;Текущий статус не указан;Регистрация на XXIII Творческий конкурс учителей по математике;XXIII конкурс: 20 сен;Опубликован;"XXIII конкурс
20 сен";Обновлено 3 сентября;https://olimpiada.ru/activity/5139;—;;Точное соответствие проекту РСОШ 2026/27 не найдено;https://rsr-olymp.ru/news/123;24.09.2026;"Центр педагогического мастерства; →; Московский центр непрерывного математического образования; Факультет математики НИУ ВШЭ";"mccme.ru/...; olteach@mccme.ru";;Творческий конкурс учителей математики проводится в Москве с 2004 года. В нем может участвовать любой педагог. .. Победителями и призерами становятся учителя, которые успешно решили задания, ведут в школе в текущем учебном году не менее 9 уроков в неделю, и не являются лауреатами прошлогоднего очного тура. Основная цель конкурса – стимулировать проявление профессиональных качеств учителя. Соревнование состоит из двух туров: заочного и очного. К участию в заочном туре принимаются индивидуальные и коллективные работы (не более трех авторов). На выполнение заданий отводится несколько месяцев. Победители заочных конкурсов приглашаются в Москву на очный тур. Участие в заочном туре не является обязательным, при желании учитель может сразу зарегистрироваться на очный конкурс. Для учителей, не имеющих возможности приехать в Москву, параллельно с очным проводится интернет-тур: задания на сайте Московского центра непрерывного математического образования выкладываются одновременно с началом конкурса в Москве. Желающие могут прислать свои решения по электронной почте. Участие в конкурсе является анонимным, каждому учителю присваивается личный код, по которому он сможет узнать свои результаты. Достижения конкретных участников нигде не афишируются, объявляются только фамилии победителей и призеров. Их награждают дипломами, премиями и ценными подарками. Для некоторых учителей успешное участие в конкурсе стало основой для повышения своей квалификационной категории. Задания конкурса отражают повседневную работу учителя. Нужно уметь решать задачи, находить ошибки в чужом решении и отличать верное решение от неверного, знать и понимать взаимосвязи различных разделов школьного курса, иметь широкую математическую эрудицию.;Личная | Участник самостоятельно выполняет задания | Очная | Для участия нужно прийти в заранее известное место проведения;Каталог /activities;https://olimpiada.ru/activity/5139
5;Турнир городов;Математика;8–11 классы;8.0;11.0;Очная;Личная;8.8;Текущий статус не указан;Задания по сложности сравнимы с финалом Всероссийской олимпиады;"Базовый осенний тур: 4 окт
Сложный осенний тур: 18 окт";Опубликован;"Базовый осенний тур
4 окт
Сложный осенний тур
18 окт";Обновлено 2 сентября;https://olimpiada.ru/activity/5;I;математика;"Проект РСОШ 2026/27; не утвержден на 24.09.2026";https://www.garant.ru/products/ipo/prime/doc/56963051/;24.09.2026;"Департамент образования и науки города Москвы; →; Центр педагогического мастерства";"turgor.ru; turgor@mccme.ru.";"Положение; →; Регламент";Турнир городов – это международная олимпиада по математике, она проводится дважды в год, осенью и весной. В соревновании предусмотрены базовый и сложный вариант. .. Можно выбрать один из них или участвовать в обоих. Задачи сложного по трудности сопоставимы с уровнем всероссийской и международной математической олимпиад, задания базового варианта более простые. Олимпиада проводится в очной форме. В ходе турнира школьникам дается пять часов на письменное выполнение шести-семи заданий. По правилам олимпиады, засчитываются только баллы за три наиболее сложные задачи, которые участник решил правильно. Для одиннадцатиклассников, показавших хорошие результаты на письменном туре, весной проводится дополнительный устный. Полученные на этом этапе награды могут учитываться при поступлении в вузы. Соревнование проходит более чем в 30 странах мира, в России туры проводят свыше 100 городов. Авторы лучших работ олимпиады приглашаются на Летнюю математическую конференцию Турнира городов .;Личная | Участник самостоятельно выполняет задания | Очная | Для участия нужно прийти в заранее известное место проведения | География | Проходит более чем в 200 городах на четырех континентах Земли | Правила игры | В зачет идут только 3 самые сложные решенные задачи | Тоже интересно | В Москве весенний тур турнира совпадает с Московской математической олимпиадой | ММО → | Уровень заданий | Задания по сложности сравнимы с финалом Всероссийской олимпиады | Призы | Победители турнира из 9-10 классов приглашаются на Летнюю конференцию | Летняя конференция Турнира → | Известные люди | Участниками турнира были филдсовские лауреаты Максим Концевич и Владимир Воеводский | Тургор – вступление в большую науку → | strelka2 | Еще факты;Каталог /activities;https://olimpiada.ru/activity/5
291;Турнир математических боев им. А. П. Савина;Математика;6–9 классы;6.0;9.0;Очная;Командная;7.2;Расписание не опубликовано;Расписание следующего турнира ожидается в апреле 2027 года;Публикация расписания: ожидается в апреле 2027 года;Частично заполнен по текущему статусу;Расписание олимпиады в этом году пока не известно;;https://olimpiada.ru/activity/291;—;;Точное соответствие проекту РСОШ 2026/27 не найдено;https://rsr-olymp.ru/news/123;24.09.2026;"Фонд математического образования и просвещения; Журналы «Квант» и «Квантик»";"tursavin.ru; lms-kostroma@yandex.ru";;Турнир проходит летом в Костромской области в течение недели и представляет собой лично-командное соревнование. Участвовать могут школьники, закончившие 6-9 классы. .. В основе соревнования лежит турнир математических боев. Также в программу входят различные математические состязания, интеллектуальные игры и культурные мероприятия. Команда-участница должна состоять не более чем из шести учащихся и руководителя. Команды разбиваются на лиги по возрасту (классам) и результатам командной олимпиады.;Командная | Участники выполняют задания вместе и борются за общий результат | Очная | Для участия нужно прийти в заранее известное место проведения;Каталог /activities;https://olimpiada.ru/activity/291
397;Университетская олимпиада школьников «Бельчонок» по математике;Математика;2–11 классы;2.0;11.0;Очно-заочная;Личная;7.9;Этап запланирован;Отборочный этап пройдет с 1 октября до 12 января;"Отборочный этап: 1 окт—12 янв
Финал: 7 фев";Опубликован;"Отборочный этап
1 окт—12 янв
Финал
7 фев";Обновлено 11 сентября;https://olimpiada.ru/activity/397;III;математика;"Проект РСОШ 2026/27; не утвержден на 24.09.2026";https://www.garant.ru/products/ipo/prime/doc/56963051/;24.09.2026;Сибирский федеральный университет в лице Довузовского управления СФУ;"dovuz.sfu-kras.ru/...; dovuz@sfu-kras.ru";"Положение и регламент; →";;Личная | Участник самостоятельно выполняет задания | Очно-заочная | Нужно пройти дистанционный отбор, чтобы участвовать в очном финале;Объединение: Университетская олимпиада школьников «Бельчонок»;https://olimpiada.ru/activity/397
139;Уральский турнир юных математиков;Математика;6–8 классы;6.0;8.0;Очная;Командная;7.3;Расписание не опубликовано;Ожидается расписание состязания;"Дополнительная дата: 67-й турнир
Дополнительная дата: 26 окт—1 ноя";Частично опубликован;"67-й турнир
26 окт—1 ноя";Обновлено 27 июля;https://olimpiada.ru/activity/139;—;;Точное соответствие проекту РСОШ 2026/27 не найдено;https://rsr-olymp.ru/news/123;24.09.2026;"Кировский центр дополнительного образования для детей «Одаренный школьник»; →";"turmath.ru/...; urtur54@gmail.com";;Командный турнир математических боев проводится с 1993 года. Соревнования проходят дважды в год: в феврале – в Кирове, в ноябре-декабре – в различных городах Поволжья, Урала и Сибири. .. В состязании могут принять участие команды школ и математических кружков из любых регионов России и других стран. Турнир проводится по трем возрастным группам: старшая (участники не старше 8 класса), младшая (участники не старше 7 класса) и «Старт» (участники не старше 6 класса). Команда должна состоять из шести учащихся и сопровождающего. Помимо боев участников ждут математические и интеллектуальные игры, а также личная и командная олимпиады.;Командная | Участники выполняют задания вместе и борются за общий результат | Очная | Для участия нужно прийти в заранее известное место проведения;Каталог /activities;https://olimpiada.ru/activity/139
18;Устная городская олимпиада по геометрии;Математика;8–11 классы;8.0;11.0;Очная;Личная;7.6;Расписание не опубликовано;Расписание следующей олимпиады ожидается в марте 2027 года;Публикация расписания: ожидается в марте 2027 года;Частично заполнен по текущему статусу;Расписание олимпиады в этом году пока не известно;;https://olimpiada.ru/activity/18;—;;Точное соответствие проекту РСОШ 2026/27 не найдено;https://rsr-olymp.ru/news/123;24.09.2026;Московский центр непрерывного математического образования;"olympiads.mccme.ru/...; blinkov@mccme.ru";;Устная городская олимпиада по геометрии проводится в рамках Всероссийской олимпиады по геометрии памяти И. Ф. Шарыгина. В ней могут принять участие школьники 8-11 классов. .. Проходит в Москве и крупных городах России и Казахстана. Призеры награждаются дипломами и книгами по математике. Победителей – учащихся 8-10 классов – приглашают на финальный тур Всероссийской олимпиады по геометрии имени И. Ф. Шарыгина.;Личная | Участник самостоятельно выполняет задания | Очная | Для участия нужно прийти в заранее известное место проведения;Каталог /activities;https://olimpiada.ru/activity/18
10;Устная городская олимпиада по математике;Математика;5–7 классы;5.0;7.0;Очная;Личная;7.4;Расписание не опубликовано;Расписание следующей олимпиады ожидается в марте 2027 года;Публикация расписания: ожидается в марте 2027 года;Частично заполнен по текущему статусу;Расписание олимпиады в этом году пока не известно;;https://olimpiada.ru/activity/10;—;;Точное соответствие проекту РСОШ 2026/27 не найдено;https://rsr-olymp.ru/news/123;24.09.2026;"Московский центр непрерывного математического образования; →";"olympiads.mccme.ru/...; blinkov@mccme.ru";;С 2002 года Московский центр непрерывного математического образования проводит устную городскую олимпиаду по математике для школьников 5-7 классов. На нее приглашают наиболее сильных и подготовленных ребят – победителей и призеров Математического праздника, Турнира Архимеда и муниципального этапа Всероссийской олимпиады школьников по математике. .. В отличие от большинства математических олимпиад это соревнование проходит в устной форме. Участники рассказывают свои решения предложенных задач. Во время такой беседы члены жюри могут лучше понять ход мысли школьников, отметить нестандартный подход или оригинальное решение. С каждым годом все больше российских городов проводят устную математическую олимпиаду для школьников.;Личная | Участник самостоятельно выполняет задания | Очная | Для участия нужно прийти в заранее известное место проведения;Каталог /activities;https://olimpiada.ru/activity/10
6963;Южно-Российская математическая олимпиада «Ассара»;Математика;8–10 классы;8.0;10.0;Очная;Командная;5.3;Итоги опубликованы;Опубликованы итоги и задания олимпиады;Не опубликовано;Не опубликован;Расписание олимпиады в этом году пока не известно;;https://olimpiada.ru/activity/6963;—;;Точное соответствие проекту РСОШ 2026/27 не найдено;https://rsr-olymp.ru/news/123;24.09.2026;"Министерство образования и науки Республики Адыгея; Кавказский математический центр Адыгейского государственного университета";cmcagu.ru/...;;"Южно-Российская математическая олимпиада «Ассара» для девочек учреждена в 2022 году. Целью соревнования является популяризация олимпиадной математики, повышение интереса к предмету у девочек, укрепление дружеских связей между увлеченными математикой школьницами регионов Юга России. .. Состязание проводится в двух лигах: младшая – для учениц 8 классов; старшая – для учениц 9-10 классов. Олимпиада включает два тура, по 4 задачи в каждом.";Командная | Участники выполняют задания вместе и борются за общий результат | Очная | Для участия нужно прийти в заранее известное место проведения;Каталог /activities;https://olimpiada.ru/activity/6963
5089;Южный математический турнир;Математика;7–11 классы;7.0;11.0;Очная;Командная;7.1;Расписание не опубликовано;Ожидается расписание состязания;"Прием заявок: 21 июл—5 сен
XXI турнир: До 28 сен";Опубликован;"Прием заявок
21 июл—5 сен
XXI турнир
До 28 сен";Обновлено 27 июля;https://olimpiada.ru/activity/5089;—;;Точное соответствие проекту РСОШ 2026/27 не найдено;https://rsr-olymp.ru/news/123;24.09.2026;;"adygmath.ru/...; orlyonok@adygmath.ru";;Южный математический турнир проходит во всероссийском детском центре «Орленок» в рамках смены «Юный математик». Проводится в двух возрастных группах: 7-8 и 9-11 классы. При наличии достаточного количества команд формируется отдельная лига 9 класса. .. Участие в соревнованиях принимают команды регионов, а также сборные, составленные из учащихся различных регионов. Состав команды – 6 человек. В жюри турнира входят известные педагоги, тренеры национальной сборной России по математике, члены жюри Всероссийской олимпиады школьников по математике. Помимо соревнований участников ждут научно-популярные лекции по математике, гуманитарным и естественным наукам.;Командная | Участники выполняют задания вместе и борются за общий результат | Очная | Для участия нужно прийти в заранее известное место проведения;Каталог /activities;https://olimpiada.ru/activity/5089
6984;Всероссийская отраслевая олимпиада школьников МГТУ «СТАНКИН»;"Математика; Информатика";8–11 классы;8.0;11.0;;;4.6;Текущий статус не указан;Олимпиада проводится по двум профилям: «Станкостроение» и «Автоматизация и роботизация производств». Соревнование включает два этапа: отборочный и заключительный.;"Регистрация: 1 мая 2026 — 10 декабря 2026
Этапы: отборочный и заключительный; точные даты этапов не опубликованы";Частично подтвержден официальным сайтом;;;https://www.stankin.ru/;—;;Точное соответствие проекту РСОШ 2026/27 не найдено;https://rsr-olymp.ru/news/123;24.09.2026;;"priem.stankin.ru/...; m.palvanov@stankin.ru";"Положение; →; Регламент";;;Каталог /activities;https://olimpiada.ru/activity/6984
283;Политехническая универсиада КубГТУ;"Математика; Обществознание; Русский язык; Физика; Химия; Экономика";9–11 классы;9.0;11.0;Очно-заочная;Личная;7.9;Следующий цикл ожидается;Следующее соревнование начнется в декабре;Следующее соревнование: Следующее соревнование начнется в декабре;Частично заполнен по текущему статусу;Расписание олимпиады в этом году пока не известно;;https://olimpiada.ru/activity/283;—;;Точное соответствие проекту РСОШ 2026/27 не найдено;https://rsr-olymp.ru/news/123;24.09.2026;"КубГТУ; →";kubstu.ru/...;;;Личная | Участник самостоятельно выполняет задания | Очно-заочная | Нужно пройти дистанционный отбор, чтобы участвовать в очном финале;Каталог /activities;https://olimpiada.ru/activity/283
5322;Многопрофильная инженерная олимпиада «Звезда» по естественным наукам;"Математика; Физика";6–11 классы;6.0;11.0;Очно-заочная;Личная;7.9;Этап указан;Очный отборочный этап;"Интернет-тур отборочного этапа: 20 окт—22 дек
Очный отборочный этап: 5 ноя—22 дек";Опубликован;"Интернет-тур отборочного этапа
20 окт—22 дек
Очный отборочный этап
5 ноя—22 дек";Обновлено 17 сентября;https://olimpiada.ru/activity/5322;II;естественные науки;"Проект РСОШ 2026/27; не утвержден на 24.09.2026";https://www.garant.ru/products/ipo/prime/doc/56963051/;24.09.2026;"Южно-Уральский государственный университет; →; Союз машиностроителей России; Южно-Российский политехнический университет (НПИ) имени М. И. Платова";"zv.susu.ru/...; zv@susu.ru";"Положение и регламент; →";;Личная | Участник самостоятельно выполняет задания | Очно-заочная | Нужно пройти дистанционный отбор, чтобы участвовать в очном финале;Объединение: Многопрофильная инженерная олимпиада «Звезда»;https://olimpiada.ru/activity/5322
279;Научно-техническая олимпиада «Старт в науку»;"Математика; Физика";9–11 классы;9.0;11.0;Очно-заочная;Личная;8.3;Идёт этап;Отборочный этап проходит до 30 декабря;"Отборочный этап: До 30 дек
Заключительный этап: 27 мар—4 апр";Опубликован;"Отборочный этап
До 30 дек
Заключительный этап
27 мар—4 апр";Обновлено 25 августа;https://olimpiada.ru/activity/279;II;научно-технический профиль;"Проект РСОШ 2026/27; не утвержден на 24.09.2026";https://www.garant.ru/products/ipo/prime/doc/56963051/;24.09.2026;"Московский физико-технический институт; →";"start.mipt.ru; start@phystech.edu";"Положение и регламент; →";Олимпиада «Физтех» по профилю «научно-технический» (Научно-техническая олимпиада «Старт в Науку») проводится для всех желающих учеников 9-11 классов. Состязание направлено на выявление и поддержку талантливых, мотивированных школьников в научно-исследовательской деятельности, развитие у них интереса к изучению точных, естественных и инженерных наук, а также на прививание культуры и навыков проектно-исследовательской деятельности молодежи. .. Олимпиада включает два этапа. На отборочном нужно пройти онлайн-тестирование и подготовить научную работу в рамках одной из выбранных секций. Победителей и призеров отборочного этапа приглашают в финал. Он представляет собой тестирование по математике и физике с экспериментальной частью. Также участники выступают с докладом в формате презентации своего проекта перед членами жюри на научных секциях.;Личная | Участник самостоятельно выполняет задания | Очно-заочная | Нужно пройти дистанционный отбор, чтобы участвовать в очном финале;Объединение: Олимпиада школьников «Физтех»;https://olimpiada.ru/activity/279
5458;Олимпиада «Phystech.International»;"Математика; Физика";9–11 классы;9.0;11.0;Очно-заочная;Личная;8.6;Расписание не опубликовано;Расписание следующей олимпиады ожидается в сентябре 2026 года;Публикация расписания: ожидается в сентябре 2026 года;Частично заполнен по текущему статусу;Расписание олимпиады в этом году пока не известно;;https://olimpiada.ru/activity/5458;—;;Точное соответствие проекту РСОШ 2026/27 не найдено;https://rsr-olymp.ru/news/123;24.09.2026;"Московский физико-технический институт; →";"phystech.international; abitu@phystech.edu";;Олимпиада проводится для учащихся 9-11 классов (10-12 классов – по 12-летней форме обучения) средних общеобразовательных учреждений из любых стран по физике и математике. .. Соревнование включает один этап, который представляет собой заочное соревнование.;Личная | Участник самостоятельно выполняет задания | Очно-заочная | Нужно пройти дистанционный отбор, чтобы участвовать в очном финале;Каталог /activities;https://olimpiada.ru/activity/5458
5477;Олимпиада «Гранит науки» по естественным наукам;"Математика; Физика";9–11 классы;9.0;11.0;Очно-заочная;Личная;8.2;Этап запланирован;Отборочный этап начнется 5 октября;"Отборочный этап: 5 окт—13 янв
Заключительный этап: 13 фев";Опубликован;"Отборочный этап
5 окт—13 янв
Заключительный этап
13 фев";Обновлено 27 августа;https://olimpiada.ru/activity/5477;III;естественные науки;"Проект РСОШ 2026/27; не утвержден на 24.09.2026";https://www.garant.ru/products/ipo/prime/doc/56963051/;24.09.2026;"ФГБОУ ВО Санкт-Петербургский горный университет; →";"ogn.spmi.ru; abitur@spmi.ru";"Положение; →; Регламент";Санкт-Петербургский горный университет ежегодно проводит олимпиаду для школьников 9-11 классов. В профиль «естественные науки» вошли соревнования по математике и физике. .. Для того, чтобы попасть на заключительный этап, нужно стать победителем или призером отборочного интернет-этапа. Финальные соревнования проходят на базе университета и учебных заведений регионов-участников.;Личная | Участник самостоятельно выполняет задания | Очно-заочная | Нужно пройти дистанционный отбор, чтобы участвовать в очном финале;Объединение: Олимпиада «Гранит науки»;https://olimpiada.ru/activity/5477
5684;Олимпиада «Электронный наномир»;"Математика; Физика";9–11 классы;9.0;11.0;Очно-заочная;Личная;6.7;Расписание не опубликовано;Расписание следующей олимпиады ожидается в октябре 2026 года;Публикация расписания: ожидается в октябре 2026 года;Частично заполнен по текущему статусу;Расписание олимпиады в этом году пока не известно;;https://olimpiada.ru/activity/5684;—;;Точное соответствие проекту РСОШ 2026/27 не найдено;https://rsr-olymp.ru/news/123;24.09.2026;"Национальный исследовательский университет «МИЭТ»; →";"nanomir.miet.ru; mscc@miee.ru";;Олимпиада по электронике проводится для всех желающих учащихся 9-11 классов и студентов СПО, увлекающихся физикой и математикой. Состязание включает два этапа. .. Первый этап проходит в онлайн-режиме. Для участия в состязании необходимо зарегистрироваться. По итогам отборочного этапа участников, показавших лучшие результаты, приглашают в финал.;Личная | Участник самостоятельно выполняет задания | Очно-заочная | Нужно пройти дистанционный отбор, чтобы участвовать в очном финале;Каталог /activities;https://olimpiada.ru/activity/5684
356;Олимпиада школьников «Ломоносов» по механике и математическому моделированию;"Математика; Физика";7–11 классы;7.0;11.0;Очно-заочная;Личная;8.4;Расписание не опубликовано;Расписание следующей олимпиады ожидается в октябре 2026 года;Публикация расписания: ожидается в октябре 2026 года;Частично заполнен по текущему статусу;Расписание олимпиады в этом году пока не известно;;https://olimpiada.ru/activity/356;II;механика и математическое моделирование;"Проект РСОШ 2026/27; не утвержден на 24.09.2026";https://www.garant.ru/products/ipo/prime/doc/56963051/;24.09.2026;"Московский государственный университет имени М. В. Ломоносова; →; Механико-математический факультет МГУ";"olymp.msu.ru; pk@mech.math.msu.su";"Положение; →; Регламент; Положение об апелляциях";Олимпиада проводится с 2005 года. Соревнование призвано оживить интерес школьников к механике и математическому моделированию и помочь им найти свою будущую профессию. Принять участие могут ученики 7-11 классов. .. Соревнование проводится в два этапа. Первый, отборочный, этап проводится заочно. Финал проходит в очном формате или дистанционно. Механика и математическое моделирование лежат в основе таких научных направлений, как авиа- и судостроение, освоение космоса, энергетика, добыча полезных ископаемых, робототехника, разработка новых оборонительных вооружений. Олимпиада поможет школьникам понять суть механики как науки, получить представление о направлении приложения своих интеллектуальных сил. Участники выполняют задачи, которые позволяют выявить особое «механическое чутье», показывают глубинную связь самых разных разделов науки.;Личная | Участник самостоятельно выполняет задания | Очно-заочная | Нужно пройти дистанционный отбор, чтобы участвовать в очном финале;Объединение: Олимпиада школьников «Ломоносов»;https://olimpiada.ru/activity/356
6927;Турнир «Квантландия»;"Математика; Физика";4–9 классы;4.0;9.0;Дистанционная;Личная;6.0;Расписание не опубликовано;Ожидается расписание состязания;"Турнир по математике: 16 мая—31 авг
I турнир по физике: До 30 сен";Опубликован;"Турнир по математике
16 мая—31 авг
I турнир по физике
До 30 сен";Обновлено 30 ноября;https://olimpiada.ru/activity/6927;—;;Точное соответствие проекту РСОШ 2026/27 не найдено;https://rsr-olymp.ru/news/123;24.09.2026;"Журнал «Квантик»; →";"kvantland.com; support@kvantland.com";;Интерактивный онлайн-проект, на котором представлены задачи из самых разных областей математики (головоломки, логика, комбинаторика, арифметика, геометрия) и физики (механизмы, динамика, электричество, оптика и других). .. На выполнение заданий потребуется 60-90 минут. Участникам понадобится компьютер и компьютерная мышь или ноутбук с тачпадом, чтобы перетаскивать и выделять объекты.;Личная | Участник самостоятельно выполняет задания | Дистанционная | Можно участвовать не выходя из дома, достаточно иметь компьютер с доступом в интернет;Каталог /activities;https://olimpiada.ru/activity/6927
5724;Физико-математическая олимпиада МИЭТ;"Математика; Физика";9–11 классы;9.0;11.0;Очная;Личная;7.6;Расписание не опубликовано;Расписание следующей олимпиады ожидается в октябре 2026 года;Публикация расписания: ожидается в октябре 2026 года;Частично заполнен по текущему статусу;Расписание олимпиады в этом году пока не известно;;https://olimpiada.ru/activity/5724;—;;Точное соответствие проекту РСОШ 2026/27 не найдено;https://rsr-olymp.ru/news/123;24.09.2026;"Национальный исследовательский университет «МИЭТ»; →";"abiturient.ru/...; dcg@miee.ru";"Положение; →; Регламент";Олимпиада проводится для учеников 9-11 классов, а также студентов колледжей и техникумов. Для участия нужно предварительно зарегистрироваться. .. Состязание включает два этапа. Первый, отборочный, проходит дистанционно в две попытки. Попробовать свои силы можно в любой или обеих, жюри будет учитывать лучший результат. Школьники, набравшие необходимое количество баллов, будут приглашены в финал. Он проходит в очном формате.;Личная | Участник самостоятельно выполняет задания | Очная | Для участия нужно прийти в заранее известное место проведения;Каталог /activities;https://olimpiada.ru/activity/5724
6936;Оборонно-техническая олимпиада по направлению «Техника и технологии»;"Математика; Физика; Черчение";9–11 классы;9.0;11.0;Очно-заочная;Личная;6.2;Расписание не опубликовано;Расписание следующей олимпиады ожидается в ноябре 2026 года;Публикация расписания: ожидается в ноябре 2026 года;Частично заполнен по текущему статусу;Расписание олимпиады в этом году пока не известно;;https://olimpiada.ru/activity/6936;III;техника и технологии;"Проект РСОШ 2026/27; не утвержден на 24.09.2026";https://www.garant.ru/products/ipo/prime/doc/56963051/;24.09.2026;"Балтийский государственный технический университет «ВОЕНМЕХ» им. Д. Ф. Устинова; →";"pro.voenmeh.ru/...; oto@voenmeh.ru";;Олимпиада проводится по направлению «Техника и технологии». Принять участие могут ученики 9-11 классов. .. Состязание включает два этапа: отборочный и заключительный. Первый проходит в заочном формате. Для участия необходимо зарегистрироваться. Школьники, успешно прошедшие отбор, будут приглашены в финал. Он проводится дистанционно или очно на базе БГТУ «ВОЕНМЕХ» имени Д. Ф. Устинова в Санкт-Петербурге и на региональных площадках. Задания прошлых лет для подготовки, а также типовые решения заключительного этапа размещены на официальном сайте организаторов олимпиады.;Личная | Участник самостоятельно выполняет задания | Очно-заочная | Нужно пройти дистанционный отбор, чтобы участвовать в очном финале;Каталог /activities;https://olimpiada.ru/activity/6936
5362;Олимпиада «Шаг в будущее» по компьютерному моделированию и графике;"Математика; Черчение";8–11 классы;8.0;11.0;Очно-заочная;Личная;7.2;Регистрация открыта;I волна отбора по черчению состоится с 23 по 25 октября. Идет регистрация;"I волна отборочного этапа по черчению: 23—25 окт
Отборочный этап по математике: 16—22 ноя
II волна отборочного этапа по черчению: 5—7 дек";Опубликован;"I волна отборочного этапа по черчению
23—25 окт
Отборочный этап по математике
16—22 ноя
II волна отборочного этапа по черчению
5—7 дек";Обновлено 16 сентября;https://olimpiada.ru/activity/5362;III;компьютерное моделирование и графика;"Проект РСОШ 2026/27; не утвержден на 24.09.2026";https://www.garant.ru/products/ipo/prime/doc/56963051/;24.09.2026;"МГТУ имени Н. Э. Баумана; →";"olymp.bmstu.ru/...; olymp@bmstu.ru";"Положение и регламент; →";На соревновании требуется выполнение графических заданий и решение академических задач по математике. .. К участию приглашаются ученики 8-11 классов. Олимпиада проводится в два этапа: отборочный и заключительный. Каждый из них включает в себя два тура.;Личная | Участник самостоятельно выполняет задания | Очно-заочная | Нужно пройти дистанционный отбор, чтобы участвовать в очном финале;Объединение: Олимпиада «Шаг в будущее»;https://olimpiada.ru/activity/5362
6969;Межрегиональная олимпиада для школьников по финансовой грамотности им. Б.Н. Христенко;"Математика; Экономика";8–11 классы;8.0;11.0;Очно-заочная;Личная;6.2;Расписание не опубликовано;Расписание олимпиады в этом году пока не известно;Не опубликовано;Не опубликован;Расписание олимпиады в этом году пока не известно;;https://olimpiada.ru/activity/6969;—;;Точное соответствие проекту РСОШ 2026/27 не найдено;https://rsr-olymp.ru/news/123;24.09.2026;"Высшая школа экономики и управления и кафедра экономики и финансов Южно-Уральского государственного университета; →";"hsem.susu.ru/...; karimovatg@susu.ru";"Положение; →; Регламент";Соревнование проводится для всех желающих учеников 8-11 классов. Школьникам предстоит показать свои знания в вопросах, касающихся структуры семейного бюджета, управления личными финансами, видов ценных бумаг, платежных средств, налогов, пенсионной системы.;Личная | Участник самостоятельно выполняет задания | Очно-заочная | Нужно пройти дистанционный отбор, чтобы участвовать в очном финале;Каталог /activities;https://olimpiada.ru/activity/6969
5451;Московская олимпиада по финансовой грамотности;"Математика; Экономика";5–11 классы;5.0;11.0;Очно-заочная;Личная;7.2;Расписание не опубликовано;Ожидается расписание состязания;Публикация расписания: ожидается расписание состязания;Частично заполнен по текущему статусу;Расписание олимпиады в этом году пока не известно;;https://olimpiada.ru/activity/5451;III;финансовая грамотность;"Проект РСОШ 2026/27; не утвержден на 24.09.2026";https://www.garant.ru/products/ipo/prime/doc/56963051/;24.09.2026;"Центр педагогического мастерства; →";"fingram.olimpiada.ru; fingram@olimpiada.ru";"Положение; →";Задания Московской олимпиады по финансовой грамотности рассчитаны на учеников 5-11 классов. .. Соревнование для 5-8 классов проводится в один дистанционный этап. Учеников 9-11 классов ждут два этапа: заочный отборочный и очный заключительный.;Личная | Участник самостоятельно выполняет задания | Очно-заочная | Нужно пройти дистанционный отбор, чтобы участвовать в очном финале;Объединение: Московская олимпиада школьников;https://olimpiada.ru/activity/5451
5572;Олимпиада «Высшая проба» по финансовой грамотности;"Математика; Экономика";7–11 классы;7.0;11.0;Очно-заочная;Личная;9.0;Регистрация завершена;Регистрация открыта до 22 сентября;"Регистрация: До 22 сен
Первый тур отборочного этапа: 4 окт";Опубликован;"Регистрация
До 22 сен
Первый тур отборочного этапа
4 окт";Обновлено 7 сентября;https://olimpiada.ru/activity/5572;I;финансовая грамотность;"Проект РСОШ 2026/27; не утвержден на 24.09.2026";https://www.garant.ru/products/ipo/prime/doc/56963051/;24.09.2026;"Национальный исследовательский университет Высшая школа экономики; →";"olymp.hse.ru/...; olymp@hse.ru";"Положение и регламент; →";Соревнование по профилю впервые прошло в 2017/18 учебном году. К участию приглашаются ученики 7-11 классов. .. Отборочный этап проходит заочно, заключительный – очно на площадках вузов-организаторов олимпиады. Соревнование будет полезно школьникам, которые проявляют интерес к научно-исследовательской деятельности в сфере финансов.;Личная | Участник самостоятельно выполняет задания | Очно-заочная | Нужно пройти дистанционный отбор, чтобы участвовать в очном финале;Объединение: Олимпиада «Высшая проба»;https://olimpiada.ru/activity/5572
5412;Олимпиада РАНХиГС по экономике;"Математика; Экономика";8–11 классы;8.0;11.0;Очно-заочная;Личная;8.6;Регистрация открыта;Отборочный этап стартует 20 октября. Регистрация открыта;"Отборочный этап: 20 окт—18 ноя
Регистрация: До 18 ноя";Опубликован;"Отборочный этап
20 окт—18 ноя
Регистрация
До 18 ноя";Обновлено 10 сентября;https://olimpiada.ru/activity/5412;III;экономика;"Проект РСОШ 2026/27; не утвержден на 24.09.2026";https://www.garant.ru/products/ipo/prime/doc/56963051/;24.09.2026;"Российская академия народного хозяйства и государственной службы при президенте РФ; →";"ranepa.ru/...; olymp@ranepa.ru";"Положение; →";Состязание по экономике проводится для учащихся двух возрастных категорий: 8-9 и 10-11 классы. .. Олимпиада включает два этапа: отборочный и заключительный. Первый этап проходит в заочном формате. Финал проводится очно в филиалах РАНХиГС в Москве и регионах России.;Личная | Участник самостоятельно выполняет задания | Очно-заочная | Нужно пройти дистанционный отбор, чтобы участвовать в очном финале;Объединение: Олимпиада РАНХиГС;https://olimpiada.ru/activity/5412
98;Всероссийская олимпиада по немецкому языку;Немецкий язык;5–11 классы;5.0;11.0;Очная;Личная;7.7;Идёт этап;Школьный этап проходит до 1 ноября;"Школьный этап: До 1 ноя
Муниципальный этап: 2 ноя—25 дек";Опубликован;"Школьный этап
До 1 ноя
Муниципальный этап
2 ноя—25 дек";Обновлено 1 сентября;https://olimpiada.ru/activity/98;ВсОШ;Немецкий язык;"ВсОШ: отдельная система; уровни I–III РСОШ не применяются";https://vserosolimp.edsoo.ru/;24.09.2026;"Минпросвещения России; →; Ответственные в регионах";vserosolimp.edsoo.ru;"Порядок проведения; →";История Всероссийской олимпиады школьников по немецкому языку началась в 2000 году. Соревнование проводится в четыре этапа: школьный, муниципальный, региональный и заключительный. .. На первый этап традиционно приглашаются все желающие. На следующие этапы проходят участники, набравшие необходимое количество баллов, а также победители и призеры соответствующего этапа прошлого года. Учеников чаще всего делят на три возрастные группы: 5-6, 7-8 и 9-11 классы. Центральная предметно-методическая комиссия рекомендует проводить все этапы олимпиады в два тура (в разные дни): письменный и устный. В некоторых регионах школьный и муниципальный этапы состоят только из письменного тура. Он предусматривает выполнение заданий по аудированию, чтению, письму, лингвострановедению и лексико-грамматический тест. В течение устного тура участники в небольших группах готовят презентацию на определенную тему. Организаторы стараются привлекать к составлению заданий и проведению конкурсов носителей немецкого языка.;Личная | Участник самостоятельно выполняет задания | Очная | Для участия нужно прийти в заранее известное место проведения | Правила игры | Общие положения прописаны в Порядке проведения олимпиады, который утверждает Минобрнауки России | Порядок проведения ВсОШ → | Льготы при поступлении | Победители и призеры финала олимпиады поступают без экзаменов в любой вуз по профильному направлению | Подробнее о льготах → | Локальные особенности | В Москве школьный этап проходит по единым заданиям и единому графику | Сайт этапов ВсОШ в Москве →;Объединение: Всероссийская олимпиада школьников;https://olimpiada.ru/activity/98
5521;Открытая российская интернет-олимпиада по немецкому языку;Немецкий язык;1–9 классы;1.0;9.0;Дистанционная;Личная;7.7;Этап запланирован;Регистрация на отборочный этап начнется 16 ноября;"Осенняя олимпиада: 19—21 ноя
Зимняя олимпиада: 19—21 фев
Весенняя олимпиада: 19—21 мая";Опубликован;"Осенняя олимпиада
19—21 ноя
Зимняя олимпиада
19—21 фев
Весенняя олимпиада
19—21 мая";Обновлено 18 июня;https://olimpiada.ru/activity/5521;—;;Точное соответствие проекту РСОШ 2026/27 не найдено;https://rsr-olymp.ru/news/123;24.09.2026;СПбАППО;"metaschool.ru/...; krug@metaschool.ru";;;Личная | Участник самостоятельно выполняет задания | Дистанционная | Можно участвовать не выходя из дома, достаточно иметь компьютер с доступом в интернет;Объединение: Открытые российские интернет-олимпиады для школьников;https://olimpiada.ru/activity/5521
91;Всероссийская олимпиада по основам безопасности и защиты Родины;ОБЗР;5–11 классы;5.0;11.0;Очная;Личная;8.8;Идёт этап;Школьный этап проходит до 1 ноября;"Школьный этап: До 1 ноя
Муниципальный этап: 2 ноя—25 дек";Опубликован;"Школьный этап
До 1 ноя
Муниципальный этап
2 ноя—25 дек";Обновлено 1 сентября;https://olimpiada.ru/activity/91;ВсОШ;ОБЗР;"ВсОШ: отдельная система; уровни I–III РСОШ не применяются";https://vserosolimp.edsoo.ru/;24.09.2026;"Минпросвещения России; →; Ответственные в регионах";vserosolimp.edsoo.ru;"Порядок проведения; →";Всероссийская олимпиада школьников по основам безопасности и защиты Родины проходит для школьников 5-11 классов в четыре этапа. .. Все этапы очные и состоят из теоретического и практического туров. Поэтому для успешного выступления нужно не только читать специальную литературу и пособия, но и быть в хорошей физической форме, чтобы суметь применить теоретические знания на практике. Оба тура олимпиады включают задания по здоровому образу жизни и основам медицинских знаний, безопасности в быту и на транспорте. Особое внимание уделяется вопросам защиты от чрезвычайных ситуаций природного и техногенного характера, автономного пребывания в природной среде, оказанию первой помощи пострадавшим. Старшеклассников ожидают задания из курса по основам военной службы. Практические туры проводятся на специально спланированном участке местности, для некоторых заданий используются роботы-тренажеры. На каждый этап приглашаются победители и призеры соответствующего этапа прошлого года и участники предыдущего этапа, набравшие необходимое количество баллов. Победители и призеры заключительного этапа олимпиады получают льготы при поступлении в российские вузы. До 2024/25 учебного года соревнование проводилось по основам безопасности жизнедеятельности.;Личная | Участник самостоятельно выполняет задания | Очная | Для участия нужно прийти в заранее известное место проведения | Правила игры | Общие положения прописаны в Порядке проведения олимпиады, который утверждает Минобрнауки России | Порядок проведения ВсОШ → | Льготы при поступлении | Победители и призеры финала олимпиады поступают без экзаменов в любой вуз по профильному направлению | Подробнее о льготах → | Локальные особенности | В Москве школьный этап проходит по единым заданиям и единому графику | Сайт этапов ВсОШ в Москве →;Объединение: Всероссийская олимпиада школьников;https://olimpiada.ru/activity/91
5223;Герценовская олимпиада школьников по обж;ОБЗР;11 класс;11.0;11.0;Очная;Личная;6.1;Расписание не опубликовано;Расписание олимпиады в этом году пока не известно;Не опубликовано;Не опубликован;Расписание олимпиады в этом году пока не известно;;https://olimpiada.ru/activity/5223;—;;Точное соответствие проекту РСОШ 2026/27 не найдено;https://rsr-olymp.ru/news/123;24.09.2026;"РГПУ им. А. И. Герцена; →";"herzen.spb.ru/...; herzen1797@gmail.com";"Положение; →";Олимпиада по ОБЖ проводится для одиннадцатиклассников одноименным факультетом Российского государственного педагогического университета имени А. И. Герцена. .. Соревнование проводится очно два дня подряд на базе вышеуказанного университета, а также на других согласованных площадках. Победители и призеры олимпиады получают дополнительные баллы к портфолио при поступлении в РПГУ. Положение;Личная | Участник самостоятельно выполняет задания | Очная | Для участия нужно прийти в заранее известное место проведения;Объединение: Герценовские внутривузовские олимпиады;https://olimpiada.ru/activity/5223
5372;Московская олимпиада по комплексной безопасности;ОБЗР;7–8 классы;7.0;8.0;Очно-заочная;Личная;7.4;Этап запланирован;Отборочный этап пройдет 12 декабря;"Отборочный этап: 12 дек
Заключительный этап: теоретический тур: 19 мар
Заключительный этап: практический тур: 20 мар";Опубликован;"Отборочный этап
12 дек
Заключительный этап: теоретический тур
19 мар
Заключительный этап: практический тур
20 мар";Обновлено 15 сентября;https://olimpiada.ru/activity/5372;—;;Этот профиль не найден в проекте РСОШ 2026/27;https://rsr-olymp.ru/news/123;24.09.2026;"Департамент образования и науки города Москвы; →";"obzh.mosolymp.ru; obzh@mosolymp.ru";"Регламент; →";Олимпиада по комплексной безопасности проводится для школьников 7-8 классов в два этапа: отборочный (дистанционный) и заключительный (очный). .. К участию в заключительном этапе приглашаются не более 300 человек. Это победители и призеры олимпиады по комплексной безопасности прошлого года и участники, успешно выступившие на дистанционном этапе. Заключительный этап состоит из теоретического и практического туров и проходит в течение двух дней. Теоретический тур предусматривает вопросы по начальной военной подготовке, правилам оказания первой помощи, основам комплексной безопасности и прикладной физической подготовке. Практический тур проводится на местности или в соответствующих помещениях. Его задача – выявить у участников умения и навыки оперативных действий и безопасного поведения в опасных и чрезвычайных ситуациях.;Личная | Участник самостоятельно выполняет задания | Очно-заочная | Нужно пройти дистанционный отбор, чтобы участвовать в очном финале;Объединение: Московская олимпиада школьников;https://olimpiada.ru/activity/5372
5443;Всероссийская Толстовская олимпиада школьников по обществознанию;Обществознание;10–11 классы;10.0;11.0;Очно-заочная;Личная;7.9;Расписание не опубликовано;Расписание следующей олимпиады ожидается в ноябре 2026 года;Публикация расписания: ожидается в ноябре 2026 года;Частично заполнен по текущему статусу;Расписание олимпиады в этом году пока не известно;;https://olimpiada.ru/activity/5443;III;обществознание;"Проект РСОШ 2026/27; не утвержден на 24.09.2026";https://www.garant.ru/products/ipo/prime/doc/56963051/;24.09.2026;"Тульский государственный педагогический университет им. Л. Н. Толстого; →; Южно-Уральский государственный гуманитарно-педагогический университет; Рязанский государственный университет имени С. А. Есенина; Государственный социально-гуманитарный университет; Московский городской педагогический университет; Тверской государственный университет; Белгородский государственный национальный исследовательский университет";"olymp.tsput.ru/...; Olymp@tsput.ru";"Положение; →; Регламент";;Личная | Участник самостоятельно выполняет задания | Очно-заочная | Нужно пройти дистанционный отбор, чтобы участвовать в очном финале;Объединение: Всероссийская Толстовская олимпиада;https://olimpiada.ru/activity/5443
85;Всероссийская олимпиада по обществознанию;Обществознание;5–11 классы;5.0;11.0;Очная;Личная;8.3;Идёт этап;Школьный этап проходит до 1 ноября;"Школьный этап: До 1 ноя
Муниципальный этап: 2 ноя—25 дек";Опубликован;"Школьный этап
До 1 ноя
Муниципальный этап
2 ноя—25 дек";Обновлено 1 сентября;https://olimpiada.ru/activity/85;ВсОШ;Обществознание;"ВсОШ: отдельная система; уровни I–III РСОШ не применяются";https://vserosolimp.edsoo.ru/;24.09.2026;"Минпросвещения России; →; Ответственные в регионах";vserosolimp.edsoo.ru;"Порядок проведения; →";Всероссийская олимпиада школьников по обществознанию проводится с 2001 года. Традиционно состоит из четырех этапов: школьный, муниципальный, региональный и заключительный. .. Школьный этап олимпиады проводится в один тур. В нем может принять участие любой ученик 5-11 классов. На следующие этапы проходят участники, набравшие необходимое количество баллов, а также победители и призеры соответствующего этапа прошлого года. Муниципальный этап проходит в один тур для 7-8 классов и в два тура для 9-11. Региональный состоит из двух туров: первый включает аналитические и творческие задания, второй – задачи по обществоведческим дисциплинам. Заключительный этап олимпиады по обществознанию проводится в три тура: первый и второй – письменные, третий тур – устный (нужно подготовить семиминутное выступление на заданную организаторами тему). Обществознание – комплексная наука, поэтому задания включают в себя вопросы по социологии и политологии, философии и культурологии, психологии и экономике. Это соревнование для школьников с широким кругозором.;Личная | Участник самостоятельно выполняет задания | Очная | Для участия нужно прийти в заранее известное место проведения | Правила игры | Общие положения прописаны в Порядке проведения олимпиады, который утверждает Минобрнауки России | Порядок проведения ВсОШ → | Льготы при поступлении | Победители и призеры финала олимпиады поступают без экзаменов в любой вуз по профильному направлению | Подробнее о льготах → | Локальные особенности | В Москве школьный этап проходит по единым заданиям и единому графику | Сайт этапов ВсОШ в Москве →;Объединение: Всероссийская олимпиада школьников;https://olimpiada.ru/activity/85
6988;Всероссийская олимпиада школьников «Знатоки права»;Обществознание;8–11 классы;8.0;11.0;Очно-заочная;Личная;6.2;Следующий цикл ожидается;Следующее соревнование начнется в октябре;Следующее соревнование: Следующее соревнование начнется в октябре;Частично заполнен по текущему статусу;Расписание олимпиады в этом году пока не известно;;https://olimpiada.ru/activity/6988;—;;Точное соответствие проекту РСОШ 2026/27 не найдено;https://rsr-olymp.ru/news/123;24.09.2026;"Волгоградская академия МВД России; →";"xn--80ad.xn--b1aew.xn--p1ai/...; olimpiada@va-mvd.ru";"Положение; →; Регламент";Соревнование проводится среди учеников 8-11 классов и студентов первых курсов учреждений среднего профессионального образования в два этапа: отборочный и заключительный. .. Первый проходит в дистанционной форме, за 60 минут участникам необходимо ответить на 60 вопросов. Победители и призеры приглашаются на заключительный этап. Финалистам предложат выступить с докладом на заданную тему и ответить на вопросы тестирования.;Личная | Участник самостоятельно выполняет задания | Очно-заочная | Нужно пройти дистанционный отбор, чтобы участвовать в очном финале;Каталог /activities;https://olimpiada.ru/activity/6988
5217;Герценовская олимпиада школьников по обществознанию;Обществознание;10–11 классы;10.0;11.0;Очно-заочная;Личная;7.4;Расписание не опубликовано;Расписание олимпиады в этом году пока не известно;Не опубликовано;Не опубликован;Расписание олимпиады в этом году пока не известно;;https://olimpiada.ru/activity/5217;—;;Точное соответствие проекту РСОШ 2026/27 не найдено;https://rsr-olymp.ru/news/123;24.09.2026;РГПУ им. А.И. Герцена;"herzen.spb.ru/...; herzen1797@gmail.com";"Положение; →";;Личная | Участник самостоятельно выполняет задания | Очно-заочная | Нужно пройти дистанционный отбор, чтобы участвовать в очном финале;Объединение: Герценовские внутривузовские олимпиады;https://olimpiada.ru/activity/5217
5396;Международная олимпиада УрФУ для школьников «Изумруд» по обществознанию;Обществознание;8–11 классы;8.0;11.0;Очно-заочная;Личная;8.5;Идёт этап;Отборочный этап проходит до 19 января;"Отборочный этап: До 19 янв
Дополнительная дата: 31 янв—2 фев";Частично опубликован;"Отборочный этап
До 19 янв
31 янв—2 фев";Обновлено 4 июня;https://olimpiada.ru/activity/5396;III;обществознание;"Проект РСОШ 2026/27; не утвержден на 24.09.2026";https://www.garant.ru/products/ipo/prime/doc/56963051/;24.09.2026;"Уральский федеральный университет имени первого Президента России Б. Н. Ельцина; →";"izumrud.urfu.ru; olymp@urfu.ru";"Нормативные документы; →";;Личная | Участник самостоятельно выполняет задания | Очно-заочная | Нужно пройти дистанционный отбор, чтобы участвовать в очном финале;Объединение: Международная олимпиада УрФУ для школьников «Изумруд»;https://olimpiada.ru/activity/5396
5229;Международная философская олимпиада;Обществознание;10–11 классы;10.0;11.0;Очная;Личная;7.0;Следующий цикл ожидается;Следующее соревнование пройдет в мае 2027 года;Следующее соревнование: Следующее соревнование пройдет в мае 2027 года;Частично заполнен по текущему статусу;Расписание олимпиады в этом году пока не известно;;https://olimpiada.ru/activity/5229;—;;Точное соответствие проекту РСОШ 2026/27 не найдено;https://rsr-olymp.ru/news/123;24.09.2026;The Department of Philosophy;philosophy-olympiad.org;;Международная философская олимпиада (IPO) проводится ежегодно для учеников 10-11 классов. Школьники выбирают одну из предложенных тем – высказывания знаменитых философов – и пишут эссе. .. На выполнение задания дается четыре часа. Работа может быть написана на одном из языков: английском, французском, немецком, испанском. При этом язык должен быть для участника иностранным. Основной рабочий язык олимпиады – английский. Согласно правилам, каждую страну могут представлять один или два ученика старших классов. Исключение составляет принимающая сторона – участвовать в соревнованиях могут не более 10 школьников. Отбор в команду России проводится среди участников конкурса «Философское эссе на иностранном языке», который проходит на философском факультете МГУ имени М. В. Ломоносова. http://www.philosophy-olympiad.org/;Личная | Участник самостоятельно выполняет задания | Очная | Для участия нужно прийти в заранее известное место проведения;Объединение: Международные олимпиады;https://olimpiada.ru/activity/5229
173;Межрегиональная олимпиада школьников на базе ведомственных образовательных организаций (обществознание);Обществознание;9–11 классы;9.0;11.0;Очно-заочная;Личная;8.4;Итоги опубликованы;"Опубликованы итоги; следующее соревнование ожидается в декабре 2026 года";"Следующее соревнование: Опубликованы итоги; следующее соревнование ожидается в декабре 2026 года";Частично заполнен по текущему статусу;Расписание олимпиады в этом году пока не известно;;https://olimpiada.ru/activity/173;III;обществознание;"Проект РСОШ 2026/27; не утвержден на 24.09.2026";https://www.garant.ru/products/ipo/prime/doc/56963051/;24.09.2026;"Академия ФСБ России; →; Академия ФСО России";"v-olymp.ru/...; lex@v-olymp.ru";;Состязание для учеников, постигающих основы общественных наук. Участвовать могут учащиеся 9-11 классов;Личная | Участник самостоятельно выполняет задания | Очно-заочная | Нужно пройти дистанционный отбор, чтобы участвовать в очном финале;Объединение: Олимпиада школьников на базе ведомственных образовательных организаций;https://olimpiada.ru/activity/173
6957;Многопрофильная инженерная олимпиада «Звезда» по общественным наукам;Обществознание;5–7 классы;5.0;7.0;Очно-заочная;Личная;5.8;Этап указан;Очный отборочный этап;"Интернет-тур отборочного этапа: 20 окт—22 дек
Очный отборочный этап: 5 ноя—22 дек";Опубликован;"Интернет-тур отборочного этапа
20 окт—22 дек
Очный отборочный этап
5 ноя—22 дек";Обновлено 17 сентября;https://olimpiada.ru/activity/6957;—;;Этот профиль не найден в проекте РСОШ 2026/27;https://rsr-olymp.ru/news/123;24.09.2026;"Южно-Уральский государственный университет; →; Союз машиностроителей России; Южно-Российский политехнический университет (НПИ) имени М. И. Платова";"zv.susu.ru/...; zv@susu.ru";"Положение и регламент; →";;Личная | Участник самостоятельно выполняет задания | Очно-заочная | Нужно пройти дистанционный отбор, чтобы участвовать в очном финале;Объединение: Многопрофильная инженерная олимпиада «Звезда»;https://olimpiada.ru/activity/6957
5107;Многопрофильная инженерная олимпиада «Звезда» по обществознанию;Обществознание;8–11 классы;8.0;11.0;Очно-заочная;Личная;8.0;Этап указан;Очный отборочный этап;"Интернет-тур отборочного этапа: 20 окт—22 дек
Очный отборочный этап: 5 ноя—22 дек";Опубликован;"Интернет-тур отборочного этапа
20 окт—22 дек
Очный отборочный этап
5 ноя—22 дек";Обновлено 17 сентября;https://olimpiada.ru/activity/5107;—;;Этот профиль не найден в проекте РСОШ 2026/27;https://rsr-olymp.ru/news/123;24.09.2026;"Южно-Уральский государственный университет; →; Союз машиностроителей России; Южно-Российский политехнический университет (НПИ) имени М. И. Платова";"zv.susu.ru/...; zv@susu.ru";"Положение и регламент; →";;Личная | Участник самостоятельно выполняет задания | Очно-заочная | Нужно пройти дистанционный отбор, чтобы участвовать в очном финале;Объединение: Многопрофильная инженерная олимпиада «Звезда»;https://olimpiada.ru/activity/5107
5390;Многопрофильная олимпиада «Аксиос» по обществознанию;Обществознание;5–11 классы;5.0;11.0;Очно-заочная;Личная;8.6;Итоги опубликованы;"Опубликованы итоги; следующее соревнование ожидается в октябре 2026 года";"Следующее соревнование: Опубликованы итоги; следующее соревнование ожидается в октябре 2026 года";Частично заполнен по текущему статусу;Расписание олимпиады в этом году пока не известно;;https://olimpiada.ru/activity/5390;—;;Точное соответствие проекту РСОШ 2026/27 не найдено;https://rsr-olymp.ru/news/123;24.09.2026;"Православный Свято-Тихоновский гуманитарный университет; →";"aksios.pravolimp.ru; olimpiada@pstgu.ru";"Положение и регламент; →";Олимпиада по обществознанию проводится в два тура: заочный и очный. Участвовать могут ученики 6-11 классов;Личная | Участник самостоятельно выполняет задания | Очно-заочная | Нужно пройти дистанционный отбор, чтобы участвовать в очном финале;Каталог /activities;https://olimpiada.ru/activity/5390
106;Московская олимпиада по обществознанию;Обществознание;8–11 классы;8.0;11.0;Очно-заочная;Личная;8.2;Расписание не опубликовано;Ожидается расписание состязания;Публикация расписания: ожидается расписание состязания;Частично заполнен по текущему статусу;Расписание олимпиады в этом году пока не известно;;https://olimpiada.ru/activity/106;II;обществознание;"Проект РСОШ 2026/27; не утвержден на 24.09.2026";https://www.garant.ru/products/ipo/prime/doc/56963051/;24.09.2026;"Департамент образования и науки города Москвы; →";"moshist.ru; hist@mosolymp.ru";"Положение; →";Московская олимпиада школьников по обществознанию проводится с 2010 года для учащихся 8-11 классов. .. Ее задания включают элементы политологии, философии, экономики, социологии, культурологии и юриспруденции. Задачи дистанционного этапа состоят из двух частей: тест и задания с развернутым ответом. В очном этапе принимают участие победители и призеры дистанционного этапа, а также финала олимпиады прошлого года. С каждым годом все больше участников из разных регионов России принимают участие в состязании.;Личная | Участник самостоятельно выполняет задания | Очно-заочная | Нужно пройти дистанционный отбор, чтобы участвовать в очном финале;Объединение: Московская олимпиада школьников;https://olimpiada.ru/activity/106
150;Олимпиада «Высшая проба» по обществознанию;Обществознание;9–11 классы;9.0;11.0;Очно-заочная;Личная;8.7;Регистрация завершена;Регистрация открыта до 22 сентября;"Регистрация: До 22 сен
Дополнительная дата: Первый тур отборочного этапа: 1 день
Дополнительная дата: 26 сен
Дополнительная дата: Первый тур отборочного этапа: 2 день
Дополнительная дата: 2 окт";Частично опубликован;"Регистрация
До 22 сен
Первый тур отборочного этапа: 1 день
26 сен
Первый тур отборочного этапа: 2 день
2 окт";Обновлено 7 сентября;https://olimpiada.ru/activity/150;I;обществознание;"Проект РСОШ 2026/27; не утвержден на 24.09.2026";https://www.garant.ru/products/ipo/prime/doc/56963051/;24.09.2026;"Национальный исследовательский университет Высшая школа экономики; →";"olymp.hse.ru/...; olymp@hse.ru";"Положение и регламент; →";Олимпиада по обществознанию «Высшая проба» проводится с 2003 года. Соревнование помогает школьникам 8-11 классов увидеть новые грани социологии, философии, политологии, экономики и права. .. Все олимпиадные задания соотнесены с научными дисциплинами, входящими в обществознание. Однако наиболее ценными считаются работы, в которых участники смогли раскрыть междисциплинарные связи при решении предложенных задач.;Личная | Участник самостоятельно выполняет задания | Очно-заочная | Нужно пройти дистанционный отбор, чтобы участвовать в очном финале;Объединение: Олимпиада «Высшая проба»;https://olimpiada.ru/activity/150
5448;Олимпиада «Высшая проба» по социологии;Обществознание;9–11 классы;9.0;11.0;Очно-заочная;Личная;8.6;Регистрация завершена;Регистрация открыта до 22 сентября;"Регистрация: До 22 сен
Первый тур отборочного этапа: 27 сен";Опубликован;"Регистрация
До 22 сен
Первый тур отборочного этапа
27 сен";Обновлено 7 сентября;https://olimpiada.ru/activity/5448;I;социология;"Проект РСОШ 2026/27; не утвержден на 24.09.2026";https://www.garant.ru/products/ipo/prime/doc/56963051/;24.09.2026;"Национальный исследовательский университет Высшая школа экономики; →";"olymp.hse.ru/...; olymp@hse.ru";"Положение и регламент; →";Олимпиада «Высшая проба» по направлению социология впервые проводилась в 2016-2017 учебном году. Это соревнование для старшеклассников, которые понимают, как функционирует современное общество. .. Участникам олимпиады понадобятся не только специальные знания и социологическое воображение, но и общая эрудиция. Если вы знаете, почему в деревне ключ от дома прячут под ковриком у двери, а в городе квартиры закрывают на несколько замков, это соревнование для вас.;Личная | Участник самостоятельно выполняет задания | Очно-заочная | Нужно пройти дистанционный отбор, чтобы участвовать в очном финале;Объединение: Олимпиада «Высшая проба»;https://olimpiada.ru/activity/5448
5449;Олимпиада «Высшая проба» по философии;Обществознание;9–11 классы;9.0;11.0;Очно-заочная;Личная;8.3;Регистрация завершена;Регистрация открыта до 22 сентября;"Регистрация: До 22 сен
Первый тур отборочного этапа: 26 сен";Опубликован;"Регистрация
До 22 сен
Первый тур отборочного этапа
26 сен";Обновлено 7 сентября;https://olimpiada.ru/activity/5449;II;философия;"Проект РСОШ 2026/27; не утвержден на 24.09.2026";https://www.garant.ru/products/ipo/prime/doc/56963051/;24.09.2026;"Национальный исследовательский университет Высшая школа экономики; →";"olymp.hse.ru/...; olymp@hse.ru";"Положение и регламент; →";Олимпиада по философии «Высшая проба» впервые прошла в 2016/2017 учебном году. Ее задания предназначены для тех старшеклассников, которые всерьез увлечены философской проблематикой. .. Вопросы отборочного и заключительного этапов олимпиады рассчитаны на знание истории философии и на понимание современного положения этой науки. От участников требуется умение мыслить нетривиально, но последовательно.;Личная | Участник самостоятельно выполняет задания | Очно-заочная | Нужно пройти дистанционный отбор, чтобы участвовать в очном финале;Объединение: Олимпиада «Высшая проба»;https://olimpiada.ru/activity/5449
5296;Олимпиада «Миссия выполнима. Твое призвание - финансист!» по обществознанию;Обществознание;8–11 классы;8.0;11.0;Очно-заочная;Личная;7.2;Текущий статус не указан;Регистрация на отборочный этап открыта до 30 ноября;"Регистрация на отборочный этап: До 30 ноя
Отборочный этап: 5—6 дек";Опубликован;"Регистрация на отборочный этап
До 30 ноя
Отборочный этап
5—6 дек";Обновлено 14 сентября;https://olimpiada.ru/activity/5296;III;обществознание;"Проект РСОШ 2026/27; не утвержден на 24.09.2026";https://www.garant.ru/products/ipo/prime/doc/56963051/;24.09.2026;"Финансовый университет при Правительстве Российской Федерации; →";"mission.fa.ru; olymp@fa.ru";;;Личная | Участник самостоятельно выполняет задания | Очно-заочная | Нужно пройти дистанционный отбор, чтобы участвовать в очном финале;Объединение: Олимпиада «Миссия выполнима. Твое призвание – финансист!»;https://olimpiada.ru/activity/5296
5300;Олимпиада «Общество и знания»;Обществознание;9–11 классы;9.0;11.0;Очно-заочная;Личная;7.6;Следующий цикл ожидается;Следующее соревнование начнется в октябре;Следующее соревнование: Следующее соревнование начнется в октябре;Частично заполнен по текущему статусу;Расписание олимпиады в этом году пока не известно;;https://olimpiada.ru/activity/5300;—;;Точное соответствие проекту РСОШ 2026/27 не найдено;https://rsr-olymp.ru/news/123;24.09.2026;"Омская академия МВД России; →";"omamvd.ru/...; olympiada.omamvd@gmail.com";"Положение; →; Регламент";Межрегиональная олимпиада школьников по обществознанию «Общество и знания» учреждена в 2009 году. Турнир для учеников 9-11 классов проводит Омская академия МВД России при поддержке Департамента образования города Омска. .. Олимпиада проходит в два этапа. Первый проводится в форме интернет-тестирования, победители и призеры приглашаются на заключительный этап. Участникам финальных соревнований предложат выполнить творческую работу на заданную тему и ответить на вопросы по школьному курсу обществознания. До 2024/25 учебного года соревнование называлось «Кодекс знаний».;Личная | Участник самостоятельно выполняет задания | Очно-заочная | Нужно пройти дистанционный отбор, чтобы участвовать в очном финале;Каталог /activities;https://olimpiada.ru/activity/5300
5050;Олимпиада «Океан знаний» по обществознанию;Обществознание;10–11 классы;10.0;11.0;Очно-заочная;Личная;8.2;Расписание не опубликовано;Расписание следующей олимпиады ожидается в сентябре 2026 года;Публикация расписания: ожидается в сентябре 2026 года;Частично заполнен по текущему статусу;Расписание олимпиады в этом году пока не известно;;https://olimpiada.ru/activity/5050;—;;Точное соответствие проекту РСОШ 2026/27 не найдено;https://rsr-olymp.ru/news/123;24.09.2026;"ФГАОУ ВПО Дальневосточный федеральный университет (ДВФУ); →";"dvfu.ru/...; ocean@dvfu.ru";;;Личная | Участник самостоятельно выполняет задания | Очно-заочная | Нужно пройти дистанционный отбор, чтобы участвовать в очном финале;Объединение: Олимпиада «Океан знаний»;https://olimpiada.ru/activity/5050
116;Олимпиада «Покори Воробьевы горы!» по обществознанию;Обществознание;5–11 классы;5.0;11.0;Очно-заочная;Личная;8.6;Следующий цикл ожидается;Следующее соревнование начнется в декабре;Следующее соревнование: Следующее соревнование начнется в декабре;Частично заполнен по текущему статусу;Расписание олимпиады в этом году пока не известно;;https://olimpiada.ru/activity/116;I;обществознание;"Проект РСОШ 2026/27; не утвержден на 24.09.2026";https://www.garant.ru/products/ipo/prime/doc/56963051/;24.09.2026;"Газета Московский комсомолец; →; Московский государственный университет имени М. В. Ломоносова";"pvg.mk.ru; konkurs@mk.ru";"Положение; →; Регламент";МГУ имени М. В. Ломоносова и издательский дом «Московский Комсомолец» ежегодно проводят олимпиаду «Покори Воробьевы горы!» по обществознанию. К участию приглашаются школьники 5-11 классов. .. Олимпиада проходит в два этапа. Задания отборочного этапа размещаются в личных кабинетах участников, выполнять их можно дистанционно. Они состоят из двух блоков: тестовые вопросы и сочинение на обществоведческую тематику. Заключительный этап проводится очно в МГУ имени М. В. Ломоносова и на региональных площадках. На него приглашаются победители и призеры первого этапа. Участников ждут тестовые вопросы, задачи по праву и сочинение.;Личная | Участник самостоятельно выполняет задания | Очно-заочная | Нужно пройти дистанционный отбор, чтобы участвовать в очном финале;Объединение: Олимпиада «Покори Воробьевы горы!»;https://olimpiada.ru/activity/116
5844;Олимпиада «Учись строить будущее» по обществознанию;Обществознание;10–11 классы;10.0;11.0;Очно-заочная;Личная;6.3;Следующий цикл ожидается;Следующее соревнование ожидается в ноябре 2026 года;Следующее соревнование: Следующее соревнование ожидается в ноябре 2026 года;Частично заполнен по текущему статусу;Расписание олимпиады в этом году пока не известно;;https://olimpiada.ru/activity/5844;—;;Точное соответствие проекту РСОШ 2026/27 не найдено;https://rsr-olymp.ru/news/123;24.09.2026;"Московский государственный строительный университет; →";"mgsu.ru/...; olimp@mgsu.ru";"Положение и регламент; →";;Личная | Участник самостоятельно выполняет задания | Очно-заочная | Нужно пройти дистанционный отбор, чтобы участвовать в очном финале;Объединение: Олимпиада «Учись строить будущее»;https://olimpiada.ru/activity/5844
427;Олимпиада «Юные таланты» по обществознанию;Обществознание;8–11 классы;8.0;11.0;Очно-заочная;Личная;7.0;Расписание не опубликовано;Расписание олимпиады в этом году пока не известно;Не опубликовано;Не опубликован;Расписание олимпиады в этом году пока не известно;;https://olimpiada.ru/activity/427;—;;Этот профиль не найден в проекте РСОШ 2026/27;https://rsr-olymp.ru/news/123;24.09.2026;Федеральное бюджетное государственное образовательное учреждение высшего профессионального образования Пермский государственный национальный исследовательский университет;"olymp.psu.ru/...; evelinafrolovich@yandex.ru";"Положение; →";;Личная | Участник самостоятельно выполняет задания | Очно-заочная | Нужно пройти дистанционный отбор, чтобы участвовать в очном финале;Объединение: Многопредметная олимпиада «Юные таланты»;https://olimpiada.ru/activity/427
426;Олимпиада «Юные таланты» по социологии;Обществознание;8–11 классы;8.0;11.0;Очно-заочная;Личная;7.7;Итоги опубликованы;"Опубликованы итоги; следующее соревнование ожидается в январе 2027 года";"Следующее соревнование: Опубликованы итоги; следующее соревнование ожидается в январе 2027 года";Частично заполнен по текущему статусу;Расписание олимпиады в этом году пока не известно;;https://olimpiada.ru/activity/426;—;;Этот профиль не найден в проекте РСОШ 2026/27;https://rsr-olymp.ru/news/123;24.09.2026;"Пермский государственный национальный исследовательский университет; →";"olymp.psu.ru/...; olimp.philos@gmail.com";"Положение; →";;Личная | Участник самостоятельно выполняет задания | Очно-заочная | Нужно пройти дистанционный отбор, чтобы участвовать в очном финале;Объединение: Многопредметная олимпиада «Юные таланты»;https://olimpiada.ru/activity/426
425;Олимпиада «Юные таланты» по философии;Обществознание;10–11 классы;10.0;11.0;Очно-заочная;Личная;7.2;Итоги опубликованы;"Опубликованы итоги; следующее соревнование ожидается в январе 2027 года";"Следующее соревнование: Опубликованы итоги; следующее соревнование ожидается в январе 2027 года";Частично заполнен по текущему статусу;Расписание олимпиады в этом году пока не известно;;https://olimpiada.ru/activity/425;—;;Этот профиль не найден в проекте РСОШ 2026/27;https://rsr-olymp.ru/news/123;24.09.2026;"Пермский государственный национальный исследовательский университет; →";"olymp.psu.ru/...; olimp.philos@gmail.com";"Положение; →";;Личная | Участник самостоятельно выполняет задания | Очно-заочная | Нужно пройти дистанционный отбор, чтобы участвовать в очном финале;Объединение: Многопредметная олимпиада «Юные таланты»;https://olimpiada.ru/activity/425
5009;Олимпиада РАНХиГС по обществознанию;Обществознание;8–11 классы;8.0;11.0;Очно-заочная;Личная;9.0;Регистрация открыта;Отборочный этап стартует 20 октября. Регистрация открыта;"Отборочный этап: 20 окт—18 ноя
Регистрация: До 18 ноя";Опубликован;"Отборочный этап
20 окт—18 ноя
Регистрация
До 18 ноя";Обновлено 10 сентября;https://olimpiada.ru/activity/5009;II;обществознание;"Проект РСОШ 2026/27; не утвержден на 24.09.2026";https://www.garant.ru/products/ipo/prime/doc/56963051/;24.09.2026;"Российская академия народного хозяйства и государственной службы при президенте РФ; →";"ranepa.ru/...; olymp@ranepa.ru";"Положение; →";В олимпиаде по обществознанию могут участвовать все желающие школьники из 8-11 классов. Соревнование проходит в два этапа: заочный и очный. .. В заочном формате проводится отборочный этап. Участники, успешно справившиеся с заданиями отбора, приглашаются на финал. Заключительный этап проходит в очной форме в филиалах РАНХиГС в Москве и регионах России.;Личная | Участник самостоятельно выполняет задания | Очно-заочная | Нужно пройти дистанционный отбор, чтобы участвовать в очном финале;Объединение: Олимпиада РАНХиГС;https://olimpiada.ru/activity/5009
393;Олимпиада РГГУ для школьников по обществознанию;Обществознание;9–11 классы;9.0;11.0;Очно-заочная;Личная;8.4;Этап запланирован;Регистрация на отборочный этап начнется 1 декабря 2026 года;"Регистрация на отборочный этап: 1 дек—11 янв
Отборочный этап: 13—27 янв
Заключительный этап: 21—22 фев";Опубликован;"Регистрация на отборочный этап
1 дек—11 янв
Отборочный этап
13—27 янв
Заключительный этап
21—22 фев";Обновлено 18 мая;https://olimpiada.ru/activity/393;II;обществознание;"Проект РСОШ 2026/27; не утвержден на 24.09.2026";https://www.garant.ru/products/ipo/prime/doc/56963051/;24.09.2026;"Российский государственный гуманитарный университет; →";"rsuh.ru/...; rsuh@rsuh.ru";"Положение; →; Регламент";;Личная | Участник самостоятельно выполняет задания | Очно-заочная | Нужно пройти дистанционный отбор, чтобы участвовать в очном финале;Объединение: Олимпиада РГГУ для школьников;https://olimpiada.ru/activity/393
5343;Олимпиада Северо-Кавказского федерального университета «45 параллель» по обществознанию;Обществознание;9–11 классы;9.0;11.0;Очно-заочная;Личная;7.3;Этап запланирован;Отборочный этап пройдет с 1 октября по 20 февраля;"Отборочный этап: 1 окт—20 фев
Финал: 10 апр";Опубликован;"Отборочный этап
1 окт—20 фев
Финал
10 апр";Обновлено 31 августа;https://olimpiada.ru/activity/5343;—;;Точное соответствие проекту РСОШ 2026/27 не найдено;https://rsr-olymp.ru/news/123;24.09.2026;Северо-Кавказский федеральный университет;"parallel45.olymp.ncfu.ru; olimpiadastav@mail.ru";"Положение и регламент; →";;Личная | Участник самостоятельно выполняет задания | Очно-заочная | Нужно пройти дистанционный отбор, чтобы участвовать в очном финале;Объединение: Олимпиада Северо-Кавказского федерального университета «45 параллель»;https://olimpiada.ru/activity/5343
351;Олимпиада школьников «Ломоносов» по обществознанию;Обществознание;5–11 классы;5.0;11.0;Очно-заочная;Личная;8.6;Расписание не опубликовано;Расписание следующей олимпиады ожидается в октябре 2026 года;Публикация расписания: ожидается в октябре 2026 года;Частично заполнен по текущему статусу;Расписание олимпиады в этом году пока не известно;;https://olimpiada.ru/activity/351;I;обществознание;"Проект РСОШ 2026/27; не утвержден на 24.09.2026";https://www.garant.ru/products/ipo/prime/doc/56963051/;24.09.2026;"Московский государственный университет имени М. В. Ломоносова; →; Философский факультет МГУ";"olymp.msu.ru; pk@philos.msu.ru";"Положение; →; Регламент; Положение об апелляциях";Состязание по обществознанию проводится с 2003 года. Задания рассчитаны на учащихся 5-11 классов. .. Состязание включает два этапа. Первый, отборочный, проводится заочно. Финал проходит в очном формате или дистанционно. Задания включают такие темы, как «Человек и общество», «Экономика», «Социальные отношения», «Политика», «Право».;Личная | Участник самостоятельно выполняет задания | Очно-заочная | Нужно пройти дистанционный отбор, чтобы участвовать в очном финале;Объединение: Олимпиада школьников «Ломоносов»;https://olimpiada.ru/activity/351
355;Олимпиада школьников «Ломоносов» по философии;Обществознание;5–11 классы;5.0;11.0;Очно-заочная;Личная;8.2;Расписание не опубликовано;Расписание следующей олимпиады ожидается в октябре 2026 года;Публикация расписания: ожидается в октябре 2026 года;Частично заполнен по текущему статусу;Расписание олимпиады в этом году пока не известно;;https://olimpiada.ru/activity/355;I;философия;"Проект РСОШ 2026/27; не утвержден на 24.09.2026";https://www.garant.ru/products/ipo/prime/doc/56963051/;24.09.2026;"Московский государственный университет имени М. В. Ломоносова; →; Философский факультет МГУ";"olymp.msu.ru; pk@philos.msu.ru";"Положение; →; Регламент; Положение об апелляциях";Состязание для юных мыслителей проводится философским факультетом МГУ имени М. В. Ломоносова. .. Соревнование проходит в два этапа. Первый, отборочный, этап проводится заочно. Финал проходит в очном формате или дистанционно. Оргкомитет олимпиады требует от участников быть разумными, пытливыми и внимательными, проявлять интеллектуальную смелость и творческую силу, не утратив при этом здравого смысла и строгости суждений.;Личная | Участник самостоятельно выполняет задания | Очно-заочная | Нужно пройти дистанционный отбор, чтобы участвовать в очном финале;Объединение: Олимпиада школьников «Ломоносов»;https://olimpiada.ru/activity/355
5647;Олимпиада школьников «Путь к успеху» по обществознанию;Обществознание;9–11 классы;9.0;11.0;Очно-заочная;Личная;7.6;Итоги опубликованы;"Опубликованы итоги; следующее соревнование ожидается в ноябре 2026 года";"Следующее соревнование: Опубликованы итоги; следующее соревнование ожидается в ноябре 2026 года";Частично заполнен по текущему статусу;Расписание олимпиады в этом году пока не известно;;https://olimpiada.ru/activity/5647;—;;Точное соответствие проекту РСОШ 2026/27 не найдено;https://rsr-olymp.ru/news/123;24.09.2026;"Магнитогорский государственный технический университет имени Г. И. Носова; →";"molimp.magtu.ru; fdp_magtu@mail.ru";"Положение; →";Олимпиада «Путь к успеху» по обществознанию проводится в два тура. Отборочный тур проходит дистанционно, в нем участники решают тестовые задания разных типов и уровней сложности. В заключительном туре учащиеся защищают исследовательские проекты. .. Участвовать в соревновании могут все желающие школьники 9-11 классов и учащиеся 1-3 курсов средних профессиональных учреждений.;Личная | Участник самостоятельно выполняет задания | Очно-заочная | Нужно пройти дистанционный отбор, чтобы участвовать в очном финале;Объединение: Многопрофильная олимпиада школьников «Путь к успеху»;https://olimpiada.ru/activity/5647
419;Олимпиада школьников «Россия в электронном мире» по обществознанию;Обществознание;10–11 классы;10.0;11.0;Очно-заочная;Личная;7.9;Расписание не опубликовано;Расписание олимпиады в этом году пока не известно;Не опубликовано;Не опубликован;Расписание олимпиады в этом году пока не известно;;https://olimpiada.ru/activity/419;—;;Точное соответствие проекту РСОШ 2026/27 не найдено;https://rsr-olymp.ru/news/123;24.09.2026;"Президентская библиотека имени Б. Н. Ельцина; →";"olympiada.prlib.ru; Olympiada@prlib.ru";;;Личная | Участник самостоятельно выполняет задания | Очно-заочная | Нужно пройти дистанционный отбор, чтобы участвовать в очном финале;Каталог /activities;https://olimpiada.ru/activity/419
5273;Российская компетентностная олимпиада;Обществознание;8–11 классы;8.0;11.0;Очная;Командная;6.9;Расписание не опубликовано;Расписание олимпиады в этом году пока не известно;Не опубликовано;Не опубликован;Расписание олимпиады в этом году пока не известно;;https://olimpiada.ru/activity/5273;—;;Точное соответствие проекту РСОШ 2026/27 не найдено;https://rsr-olymp.ru/news/123;24.09.2026;"Открытое образование; →";"opencu.info/...; info@opencu.ru";;;Командная | Участники выполняют задания вместе и борются за общий результат | Очная | Для участия нужно прийти в заранее известное место проведения;Каталог /activities;https://olimpiada.ru/activity/5273
5120;Северо-Восточная олимпиада по обществознанию;Обществознание;10–11 классы;10.0;11.0;Очно-заочная;Личная;7.2;Следующий цикл ожидается;Следующее соревнование начнется в ноябре 2026 года;Следующее соревнование: Следующее соревнование начнется в ноябре 2026 года;Частично заполнен по текущему статусу;Расписание олимпиады в этом году пока не известно;;https://olimpiada.ru/activity/5120;—;;Этот профиль не найден в проекте РСОШ 2026/27;https://rsr-olymp.ru/news/123;24.09.2026;"Северо-Восточный федеральный университет имени М. К. Аммосова; →";"olympiadsvosh.s-vfu.ru/...; svosh.s-vfu@mail.ru";"Положение; →; Регламент";;Личная | Участник самостоятельно выполняет задания | Очно-заочная | Нужно пройти дистанционный отбор, чтобы участвовать в очном финале;Объединение: Северо-Восточная олимпиада;https://olimpiada.ru/activity/5120
5518;Университетская олимпиада школьников «Бельчонок» по обществознанию;Обществознание;9–11 классы;9.0;11.0;Очно-заочная;Личная;7.8;Этап запланирован;Отборочный этап пройдет с 1 октября до 12 января;"Отборочный этап: 1 окт—12 янв
Финал: 14 фев";Опубликован;"Отборочный этап
1 окт—12 янв
Финал
14 фев";Обновлено 11 сентября;https://olimpiada.ru/activity/5518;—;;Этот профиль не найден в проекте РСОШ 2026/27;https://rsr-olymp.ru/news/123;24.09.2026;Сибирский федеральный университет в лице Довузовского управления СФУ;"dovuz.sfu-kras.ru/...; dovuz@sfu-kras.ru";"Положение и регламент; →";;Личная | Участник самостоятельно выполняет задания | Очно-заочная | Нужно пройти дистанционный отбор, чтобы участвовать в очном финале;Объединение: Университетская олимпиада школьников «Бельчонок»;https://olimpiada.ru/activity/5518
5574;Олимпиада «Высшая проба» по основам бизнеса;"Обществознание; Право; Экономика";9–11 классы;9.0;11.0;Очно-заочная;Личная;8.6;Регистрация завершена;Регистрация открыта до 22 сентября;"Регистрация: До 22 сен
Первый тур отборочного этапа: 3 окт";Опубликован;"Регистрация
До 22 сен
Первый тур отборочного этапа
3 окт";Обновлено 7 сентября;https://olimpiada.ru/activity/5574;II;основы бизнеса;"Проект РСОШ 2026/27; не утвержден на 24.09.2026";https://www.garant.ru/products/ipo/prime/doc/56963051/;24.09.2026;"Национальный исследовательский университет Высшая школа экономики; →";"olymp.hse.ru/...; olymp@hse.ru";"Положение и регламент; →";Соревнование по основам бизнеса было впервые организовано в 2017/18 учебном году. Задания рассчитаны на учеников 9-11 классов. .. Состязание проходит в два этапа. Отборочный этап проводится заочно, школьники выполняют задания через Интернет. Финал проходит очно на площадках НИУ ВШЭ и вузов-организаторов. Состязание помогает школьникам расширить понимание основ современного бизнеса, увидеть новые грани экономики, права, социологии, и сделать шаг в сторону осознанного выбора профессии.;Личная | Участник самостоятельно выполняет задания | Очно-заочная | Нужно пройти дистанционный отбор, чтобы участвовать в очном финале;Объединение: Олимпиада «Высшая проба»;https://olimpiada.ru/activity/5574
5846;Всероссийская Толстовская олимпиада школьников по педагогике;"Обществознание; Русский язык";10–11 классы;10.0;11.0;Очно-заочная;Личная;6.7;Расписание не опубликовано;Расписание следующей олимпиады ожидается в ноябре 2026 года;Публикация расписания: ожидается в ноябре 2026 года;Частично заполнен по текущему статусу;Расписание олимпиады в этом году пока не известно;;https://olimpiada.ru/activity/5846;—;;Этот профиль не найден в проекте РСОШ 2026/27;https://rsr-olymp.ru/news/123;24.09.2026;"Тульский государственный педагогический университет им. Л. Н.Толстого; →; Южно-Уральский государственный гуманитарно-педагогический университет; Рязанский государственный университет имени С. А. Есенина; Московский государственный областной социально-гуманитарный институт; Московский городской педагогический университет; Тверской государственный университет; Белгородский государственный национальный исследовательский университет";"olymp.tsput.ru/...; Olymp@tsput.ru";"Положение; →; Регламент";;Личная | Участник самостоятельно выполняет задания | Очно-заочная | Нужно пройти дистанционный отбор, чтобы участвовать в очном финале;Объединение: Всероссийская Толстовская олимпиада;https://olimpiada.ru/activity/5846
6979;Международная олимпиада по гуманитарным и общественным наукам школьников стран СНГ;"Обществознание; Русский язык";10–11 классы;10.0;11.0;Очно-заочная;Личная;6.1;Этап запланирован;Заключительный этап ожидается в мае-июне;Не опубликовано;Не опубликован;Расписание олимпиады в этом году пока не известно;;https://olimpiada.ru/activity/6979;—;;Точное соответствие проекту РСОШ 2026/27 не найдено;https://rsr-olymp.ru/news/123;24.09.2026;"Межпарламентская Ассамблея СНГ; Центр международного сотрудничества Министерства просвещения Российской Федерации; Российский государственный педагогический университет имени А. И. Герцена; Саратовская государственная юридическая академия";"iacis.ru/...; mimrd@iacis.ru";"Положение; →";Цели и задачи олимпиады – распространение знаний о принципах демократического развития современного общества, парламентаризме и правах человека, формирование у обучающихся творческих способностей и интереса к научному познанию мира, укрепление дружеских связей учащихся стран СНГ, выявление и поддержка талантливых школьников, популяризация русского языка как языка межнационального общения. .. Участниками олимпиады могут стать обучающиеся III ступени образовательных учебных учреждений среднего общего образования стран СНГ. Олимпиада включает два этапа. Первый проходит в заочном формате. Школьники, успешно выполнившие задания, приглашаются в финал.;Личная | Участник самостоятельно выполняет задания | Очно-заочная | Нужно пройти дистанционный отбор, чтобы участвовать в очном финале;Каталог /activities;https://olimpiada.ru/activity/6979
5309;Северо-Восточная олимпиада по педагогике;"Обществознание; Русский язык";10–11 классы;10.0;11.0;Очно-заочная;;6.2;Следующий цикл ожидается;Следующее соревнование начнется в ноябре 2026 года;Следующее соревнование: Следующее соревнование начнется в ноябре 2026 года;Частично заполнен по текущему статусу;Расписание олимпиады в этом году пока не известно;;https://olimpiada.ru/activity/5309;—;;Этот профиль не найден в проекте РСОШ 2026/27;https://rsr-olymp.ru/news/123;24.09.2026;Северо-Восточный федеральный университет имени М. К. Аммосова;"olympiadsvosh.s-vfu.ru/...; svosh.s-vfu@mail.ru";"Положение; →; Регламент";;Очно-заочная | Нужно пройти дистанционный отбор, чтобы участвовать в очном финале;Объединение: Северо-Восточная олимпиада;https://olimpiada.ru/activity/5309
5768;Всероссийская Толстовская олимпиада школьников по праву;Право;10–11 классы;10.0;11.0;Очно-заочная;Личная;7.6;Расписание не опубликовано;Расписание следующей олимпиады ожидается в ноябре 2026 года;Публикация расписания: ожидается в ноябре 2026 года;Частично заполнен по текущему статусу;Расписание олимпиады в этом году пока не известно;;https://olimpiada.ru/activity/5768;III;право;"Проект РСОШ 2026/27; не утвержден на 24.09.2026";https://www.garant.ru/products/ipo/prime/doc/56963051/;24.09.2026;"Тульский государственный педагогический университет им. Л. Н.Толстого; →; Южно-Уральский государственный гуманитарно-педагогический университет; Рязанский государственный университет имени С. А. Есенина; Московский государственный областной социально-гуманитарный институт; Московский городской педагогический университет; Тверской государственный университет; Белгородский государственный национальный исследовательский университет";"olymp.tsput.ru/...; Olymp@tsput.ru";"Положение; →; Регламент";;Личная | Участник самостоятельно выполняет задания | Очно-заочная | Нужно пройти дистанционный отбор, чтобы участвовать в очном финале;Объединение: Всероссийская Толстовская олимпиада;https://olimpiada.ru/activity/5768
87;Всероссийская олимпиада по праву;Право;5–11 классы;5.0;11.0;Очная;Личная;9.0;Идёт этап;Школьный этап проходит до 1 ноября;"Школьный этап: До 1 ноя
Муниципальный этап: 2 ноя—25 дек";Опубликован;"Школьный этап
До 1 ноя
Муниципальный этап
2 ноя—25 дек";Обновлено 1 сентября;https://olimpiada.ru/activity/87;ВсОШ;Право;"ВсОШ: отдельная система; уровни I–III РСОШ не применяются";https://vserosolimp.edsoo.ru/;24.09.2026;"Минпросвещения России; →; Ответственные в регионах";vserosolimp.edsoo.ru;"Порядок проведения; →";Всероссийская олимпиада школьников по праву проходит с 2003 года. .. Центральная предметно-методическая комиссия рекомендует подготавливать задания только для учащихся 9-11 классов. Но часть регионов проводит первые этапы и для более младших классов. Участникам заключительного этапа предлагаются несколько типов заданий. На первом туре им необходимо выполнить тест. На втором школьникам предоставляются задания открытого типа: им нужно решить правовые задачи, перевести латинские выражения, расшифровать аббревиатуры, раскрыть содержание юридических терминов. Также сегодня задания часто формулируются с помощью фотографий или видеозаписей. Победители и призеры заключительного этапа олимпиады получают льготы при поступлении в профильные вузы.;Личная | Участник самостоятельно выполняет задания | Очная | Для участия нужно прийти в заранее известное место проведения | Правила игры | Общие положения прописаны в Порядке проведения олимпиады, который утверждает Минобрнауки России | Порядок проведения ВсОШ → | Льготы при поступлении | Победители и призеры финала олимпиады поступают без экзаменов в любой вуз по профильному направлению | Подробнее о льготах → | Локальные особенности | В Москве школьный этап проходит по единым заданиям и единому графику | Сайт этапов ВсОШ в Москве →;Объединение: Всероссийская олимпиада школьников;https://olimpiada.ru/activity/87
199;Кутафинская олимпиада школьников по праву;Право;8–11 классы;8.0;11.0;Очно-заочная;Личная;8.8;Этап запланирован;Регистрация на отборочный этап начнется 1 октября;"Регистрация на отборочный этап: 1 окт—11 янв
Дополнительная дата: Отборочный этап для 8-10 классов
Дополнительная дата: 16 янв
Отборочный этап для 11 классов: 17 янв
Дополнительная дата: Заключительный этап для 8-10 классов
Дополнительная дата: 27 фев
Заключительный этап для 11 классов: 28 фев";Частично опубликован;"Регистрация на отборочный этап
1 окт—11 янв
Отборочный этап для 8-10 классов
16 янв
Отборочный этап для 11 классов
17 янв
Заключительный этап для 8-10 классов
27 фев
Заключительный этап для 11 классов
28 фев";Обновлено 17 сентября;https://olimpiada.ru/activity/199;I;право;"Проект РСОШ 2026/27; не утвержден на 24.09.2026";https://www.garant.ru/products/ipo/prime/doc/56963051/;24.09.2026;"Московский государственный юридический университет имени О. Е. Кутафина; →";"msal.ru/...; orgolymp@msal.ru";"Положение; →; Регламент";Соревнование проводится ежегодно для учеников 8-11 классов в два этапа. .. Задания отборочного этапа можно выполнять дистанционно или на площадках вузов-организаторов. На финал приглашаются лучшие участники первого этапа, а также победители и призеры олимпиады прошлого учебного года.;Личная | Участник самостоятельно выполняет задания | Очно-заочная | Нужно пройти дистанционный отбор, чтобы участвовать в очном финале;Каталог /activities;https://olimpiada.ru/activity/199
5799;Межрегиональная многопрофильная олимпиада школьников «Менделеев» по праву;Право;9–11 классы;9.0;11.0;Очная;Личная;6.8;Расписание не опубликовано;Расписание следующей олимпиады ожидается в ноябре 2026 года;Публикация расписания: ожидается в ноябре 2026 года;Частично заполнен по текущему статусу;Расписание олимпиады в этом году пока не известно;;https://olimpiada.ru/activity/5799;—;;Точное соответствие проекту РСОШ 2026/27 не найдено;https://rsr-olymp.ru/news/123;24.09.2026;"Совет ректоров вузов Тюменской области; Департамент образования и науки Тюменской области; ФГАОУ ВО «Тюменский государственный университет»";"abiturient.utmn.ru/...; olimp@utmn.ru";"Положение; →; Регламент";;Личная | Участник самостоятельно выполняет задания | Очная | Для участия нужно прийти в заранее известное место проведения;Объединение: Многопрофильная олимпиада «Менделеев»;https://olimpiada.ru/activity/5799
185;Межрегиональная олимпиада по праву «Фемида»;Право;9–11 классы;9.0;11.0;Очно-заочная;Личная;8.3;Регистрация откроется позже;Регистрация начнется 1 октября;"Регистрация: 1 окт—10 ноя
Отборочный этап для 9 классов: 29 ноя
Отборочный этап для 10 классов: 6 дек
Отборочный этап для 11 классов: 13 дек
Заключительный этап: 31 янв";Опубликован;"Регистрация
1 окт—10 ноя
Отборочный этап для 9 классов
29 ноя
Отборочный этап для 10 классов
6 дек
Отборочный этап для 11 классов
13 дек
Заключительный этап
31 янв";Обновлено 10 сентября;https://olimpiada.ru/activity/185;II;право;"Проект РСОШ 2026/27; не утвержден на 24.09.2026";https://www.garant.ru/products/ipo/prime/doc/56963051/;24.09.2026;"Российский государственный университет правосудия; →";"olymp.rgup.ru; olimp-rap@yandex.ru";"Положение; →; Регламент";Российский государственный университет правосудия ежегодно проводит олимпиаду по праву «Фемида». Принять участие в ней могут учащиеся 9-11 классов. .. Олимпиада состоит из двух этапов: отборочного и заключительного. После регистрации на официальном сайте каждому школьнику в личном кабинете назначается индивидуальная дата участия в заочном этапе. Победители и призеры первого этапа проходят на очное соревнование. Оргкомитет предоставляет возможность выбрать наиболее удобное место проведения финала.;Личная | Участник самостоятельно выполняет задания | Очно-заочная | Нужно пройти дистанционный отбор, чтобы участвовать в очном финале;Каталог /activities;https://olimpiada.ru/activity/185
5113;Многопрофильная инженерная олимпиада «Звезда» по праву;Право;7–11 классы;7.0;11.0;Очно-заочная;Личная;7.3;Этап указан;Очный отборочный этап;"Интернет-тур отборочного этапа: 20 окт—22 дек
Очный отборочный этап: 5 ноя—22 дек";Опубликован;"Интернет-тур отборочного этапа
20 окт—22 дек
Очный отборочный этап
5 ноя—22 дек";Обновлено 17 сентября;https://olimpiada.ru/activity/5113;—;;Этот профиль не найден в проекте РСОШ 2026/27;https://rsr-olymp.ru/news/123;24.09.2026;"Южно-Уральский государственный университет; →; Союз машиностроителей России; Южно-Российский политехнический университет (НПИ) имени М. И. Платова";"zv.susu.ru/...; zv@susu.ru";"Положение и регламент; →";;Личная | Участник самостоятельно выполняет задания | Очно-заочная | Нужно пройти дистанционный отбор, чтобы участвовать в очном финале;Объединение: Многопрофильная инженерная олимпиада «Звезда»;https://olimpiada.ru/activity/5113
111;Московская олимпиада по праву;Право;8–11 классы;8.0;11.0;Очно-заочная;Личная;7.8;Расписание не опубликовано;Ожидается расписание состязания;Публикация расписания: ожидается расписание состязания;Частично заполнен по текущему статусу;Расписание олимпиады в этом году пока не известно;;https://olimpiada.ru/activity/111;III;право;"Проект РСОШ 2026/27; не утвержден на 24.09.2026";https://www.garant.ru/products/ipo/prime/doc/56963051/;24.09.2026;"Департамент образования и науки города Москвы; →; Московский городской педагогический университет";"mos-law.olimpiada.ru; olimp.law.mgpu@list.ru";"Правила проведения (регламент); →";Московская олимпиада школьников по праву проводится для учащихся 8-11 классов. .. Участники дистанционного этапа могут выполнять задания в любом месте при наличии компьютера и подключения к интернету. Победители и призеры этого этапа и финала прошлого года примут участие в заключительном очном соревновании. На олимпиаде по праву можно придумать название и анонс для статьи, оценить актуальность известных высказываний и решить правовые задачи, которые основаны на повседневных ситуациях. Задания увлекательные и интересные, но требуют сосредоточенности и логики.;Личная | Участник самостоятельно выполняет задания | Очно-заочная | Нужно пройти дистанционный отбор, чтобы участвовать в очном финале;Объединение: Московская олимпиада школьников;https://olimpiada.ru/activity/111
151;Олимпиада «Высшая проба» по праву;Право;9–11 классы;9.0;11.0;Очно-заочная;Личная;8.3;Регистрация завершена;Регистрация открыта до 22 сентября;"Регистрация: До 22 сен
Дополнительная дата: Первый тур отборочного этапа: 1 день
Дополнительная дата: 25 сен
Дополнительная дата: Первый тур отборочного этапа: 2 день
Дополнительная дата: 4 окт";Частично опубликован;"Регистрация
До 22 сен
Первый тур отборочного этапа: 1 день
25 сен
Первый тур отборочного этапа: 2 день
4 окт";Обновлено 7 сентября;https://olimpiada.ru/activity/151;I;право;"Проект РСОШ 2026/27; не утвержден на 24.09.2026";https://www.garant.ru/products/ipo/prime/doc/56963051/;24.09.2026;"Национальный исследовательский университет Высшая школа экономики; →";"olymp.hse.ru/...; olymp@hse.ru";"Положение и регламент; →";Интеллектуальные соревнования школьников по праву в Высшей школе экономики проводятся с 1998 года. На них приглашаются ученики 9-11 классов. .. При выполнении заданий отборочного и заключительного этапов особое внимание нужно уделять формулировкам вопросов. Тексты часто содержат сложные для прочтения обороты, таким образом организаторы проверяют способность участников точно определять смысл высказываний. В заданиях всегда есть вопросы, связанные с правовым статусом несовершеннолетних.;Личная | Участник самостоятельно выполняет задания | Очно-заочная | Нужно пройти дистанционный отбор, чтобы участвовать в очном финале;Объединение: Олимпиада «Высшая проба»;https://olimpiada.ru/activity/151
5873;Олимпиада «Миссия выполнима. Твое призвание - финансист!» по праву;Право;8–11 классы;8.0;11.0;Очно-заочная;Личная;6.7;Текущий статус не указан;Регистрация на отборочный этап открыта до 30 ноября;"Регистрация на отборочный этап: До 30 ноя
Отборочный этап: 3—4 дек";Опубликован;"Регистрация на отборочный этап
До 30 ноя
Отборочный этап
3—4 дек";Обновлено 14 сентября;https://olimpiada.ru/activity/5873;—;;Этот профиль не найден в проекте РСОШ 2026/27;https://rsr-olymp.ru/news/123;24.09.2026;"Финансовый университет при Правительстве Российской Федерации; →";"mission.fa.ru; olymp@fa.ru";;;Личная | Участник самостоятельно выполняет задания | Очно-заочная | Нужно пройти дистанционный отбор, чтобы участвовать в очном финале;Объединение: Олимпиада «Миссия выполнима. Твое призвание – финансист!»;https://olimpiada.ru/activity/5873
5864;Олимпиада «Юридические высоты!»;Право;9–11 классы;9.0;11.0;Очно-заочная;Личная;7.0;Расписание не опубликовано;Расписание следующей олимпиады ожидается в сентябре 2026 года;Публикация расписания: ожидается в сентябре 2026 года;Частично заполнен по текущему статусу;Расписание олимпиады в этом году пока не известно;;https://olimpiada.ru/activity/5864;II;право;"Проект РСОШ 2026/27; не утвержден на 24.09.2026";https://www.garant.ru/products/ipo/prime/doc/56963051/;24.09.2026;"Уральский государственный юридический университет имени В. Ф. Яковлева; →";"usla.ru/...; idp@usla.ru";"Регламент; →";Состязание проводится по праву для учеников 9-11 классов. Олимпиада включает два этапа. .. Отборочный этап проходит заочно. Для участия нужно предварительно зарегистрироваться. Школьники, успешно выполнившие задания, приглашаются в финал. Он проводится в очном и дистанционном форматах.;Личная | Участник самостоятельно выполняет задания | Очно-заочная | Нужно пройти дистанционный отбор, чтобы участвовать в очном финале;Каталог /activities;https://olimpiada.ru/activity/5864
5726;Олимпиада школьников «В мир права»;Право;7–11 классы;7.0;11.0;Очно-заочная;Личная;7.9;Расписание не опубликовано;Расписание следующей олимпиады ожидается в октябре 2026 года;Публикация расписания: ожидается в октябре 2026 года;Частично заполнен по текущему статусу;Расписание олимпиады в этом году пока не известно;;https://olimpiada.ru/activity/5726;II;право;"Проект РСОШ 2026/27; не утвержден на 24.09.2026";https://www.garant.ru/products/ipo/prime/doc/56963051/;24.09.2026;"Всероссийский государственный университет юстиции; →";"olimp.rpa-mu.ru; help@olimp.rpa-mu.ru";"Положение; →; Регламент";Олимпиада проводится по праву для школьников из 7-11 классов в два этапа: отборочный и заключительный. .. Отборочный этап проходит в дистанционной форме. Участники, успешно выполнившие задания, приглашаются в финал. Заключительный этап проводится в очной форме в Москве и на региональных площадках.;Личная | Участник самостоятельно выполняет задания | Очно-заочная | Нужно пройти дистанционный отбор, чтобы участвовать в очном финале;Каталог /activities;https://olimpiada.ru/activity/5726
340;Олимпиада школьников «Ломоносов» по праву;Право;8–11 классы;8.0;11.0;Очно-заочная;Личная;8.5;Расписание не опубликовано;Расписание следующей олимпиады ожидается в октябре 2026 года;Публикация расписания: ожидается в октябре 2026 года;Частично заполнен по текущему статусу;Расписание олимпиады в этом году пока не известно;;https://olimpiada.ru/activity/340;I;право;"Проект РСОШ 2026/27; не утвержден на 24.09.2026";https://www.garant.ru/products/ipo/prime/doc/56963051/;24.09.2026;"Московский государственный университет имени М. В. Ломоносова; →; Юридический факультет МГУ";"olymp.msu.ru; lawolympiad@gmail.com";"Положение; →; Регламент; Положение об апелляциях";Олимпиада по праву проводится юридическим факультетом МГУ имени М. В. Ломоносова с 2005 года. Задания рассчитаны на учеников 8-11 классов. Состязание проходит в два этапа. .. Первый, отборочный, проводится заочно. Финал проходит в очном формате или дистанционно. Олимпиада включает задания по основным отраслям права (конституционное, уголовное, гражданское, трудовое, административное, уголовный и гражданский процесс и т.д.), задачи, которые выявляют общие представления школьников о государстве и праве, правовой системе, истории права и государства, правах человека и способах их защиты и т.д.;Личная | Участник самостоятельно выполняет задания | Очно-заочная | Нужно пройти дистанционный отбор, чтобы участвовать в очном финале;Объединение: Олимпиада школьников «Ломоносов»;https://olimpiada.ru/activity/340
194;Олимпиада школьников «Основы православной культуры»;"Право; Искусство; История";4–11 классы;4.0;11.0;Очно-заочная;Личная;9.3;Этап указан;Финал;"Школьный тур: До 21 окт
Муниципальный тур: 19—26 ноя
Региональный тур: 13—15 фев
Финал: 20—21 мар";Опубликован;"Школьный тур
До 21 окт
Муниципальный тур
19—26 ноя
Региональный тур
13—15 фев
Финал
20—21 мар";Обновлено 7 сентября;https://olimpiada.ru/activity/194;III;основы православной культуры;"Проект РСОШ 2026/27; не утвержден на 24.09.2026";https://www.garant.ru/products/ipo/prime/doc/56963051/;24.09.2026;"Образовательное частное учреждение высшего образования ""Православный Свято-Тихоновский гуманитарный университет""; →";"olymp.pstgu.ru/...; info-opk@pravolimp.ru";"Положение и регламент; →";Одна из немногих олимпиад, где ученики могут исследовать историю и культуру православия;Личная | Участник самостоятельно выполняет задания | Очно-заочная | Нужно пройти дистанционный отбор, чтобы участвовать в очном финале;Каталог /activities;https://olimpiada.ru/activity/194
5723;Олимпиада школьников «Ломоносов» по предпринимательству;Предпринимательство;8–11 классы;8.0;11.0;Очно-заочная;Личная;7.9;Расписание не опубликовано;Расписание следующей олимпиады ожидается в октябре 2026 года;Публикация расписания: ожидается в октябре 2026 года;Частично заполнен по текущему статусу;Расписание олимпиады в этом году пока не известно;;https://olimpiada.ru/activity/5723;—;;Этот профиль не найден в проекте РСОШ 2026/27;https://rsr-olymp.ru/news/123;24.09.2026;"Московский государственный университет имени М. В. Ломоносова; →; Высшая школа бизнеса МГУ";"olymp.msu.ru; olimp.vshb@mgubs.ru";"Положение; →; Регламент; Положение об апелляциях";Олимпиада впервые прошла в 2019/20 году. Состязание проводится в два обязательных этапа. .. Первый, отборочный, этап проводится заочно. Финал проходит в очном формате или дистанционно.;Личная | Участник самостоятельно выполняет задания | Очно-заочная | Нужно пройти дистанционный отбор, чтобы участвовать в очном финале;Объединение: Олимпиада школьников «Ломоносов»;https://olimpiada.ru/activity/5723
5450;Олимпиада «Технологическое предпринимательство»;"Предпринимательство; Биология; Информатика; Математика; Физика; Химия; Экономика";8–11 классы;8.0;11.0;Очно-заочная;Личная;8.2;Информация ожидается;Ожидается информация от организаторов;Обновление информации: ожидается информация от организаторов;Частично заполнен по текущему статусу;Расписание олимпиады в этом году пока не известно;;https://olimpiada.ru/activity/5450;—;;Точное соответствие проекту РСОШ 2026/27 не найдено;https://rsr-olymp.ru/news/123;24.09.2026;"Национальный исследовательский Томский государственный университет; →; Полный список университетов";"olimp.tech; olimp@i-regions.org";"Положение; →; Регламент; Положение об апелляции";Междисциплинарная многопрофильная олимпиада «Технологическое предпринимательство» направлена на выявление и поддержку старшеклассников, интересующихся инженерным творчеством и планирующих создавать инновационные стартап-проекты, становиться частью команд крупного бизнеса или посвящать жизнь прикладным исследованиям. .. Участниками олимпиады могут стать ученики 8-11 классов школ, лицеев и гимназий со всей страны, а также иностранные граждане и лица без гражданства. Соревнование проводится по профилям: новые технологии, прикладные биотехнологии, информационные технологии, авиатехнологии, ресурсосберегающие технологии. Организаторами олимпиады являются университеты в различных регионах России. Участники познакомятся с возможностями, предоставляемыми университетами, их материально-технической базой, программами подготовки и внеучебной деятельностью. Независимо от региона проживания и написания олимпиады дополнительные баллы при поступлении можно использовать в любом из университетов-организаторов. Профиль новые технологии Профиль прикладные биотехнологии Профиль информационные технологии Профиль авиатехнологии Профиль ресурсосберегающие технологии;Личная | Участник самостоятельно выполняет задания | Очно-заочная | Нужно пройти дистанционный отбор, чтобы участвовать в очном финале;Каталог /activities;https://olimpiada.ru/activity/5450
5787;Всероссийский кейс-чемпионат «Ключ»;"Предпринимательство; Экономика";9–11 классы;9.0;11.0;Очно-заочная;Командная;7.3;Регистрация завершена;Регистрация и тестирование проходят до 12:00 24 сентября;"Регистрация: До 24 сен
Квалификационное тестирование: дата не указана
Региональный этап: 5—8 ноя
Финал: 4—7 дек";Частично опубликован;"Регистрация
До 24 сен
Квалификационное тестирование
Региональный этап
5—8 ноя
Финал
4—7 дек";Обновлено 8 июля;https://olimpiada.ru/activity/5787;—;;Точное соответствие проекту РСОШ 2026/27 не найдено;https://rsr-olymp.ru/news/123;24.09.2026;"Министерство экономического развития Российской Федерации; →; Высшая школа экономики";"olymp.hse.ru/...; case@hse.ru";;Чемпионат позволяет участникам протестировать предпринимательские способности, развить креативное мышление, коммуникационные навыки и умение работать в команде. .. Формат проведения предполагает командное участие по двум направлениям: решение бизнес-кейса или разработка бизнес-проекта. Попробовать свои силы приглашаются школьники из 9-11 классов и студенты колледжей и техникумов. Чтобы стать участником, нужно собрать команду из 3-4 человек, пройти регистрацию и индивидуальное квалификационное тестирование. Команды, которые получат положительные оценки жюри, будут приглашены на региональные кейс-чемпионаты. Они проводятся очно, дистанционно и в смешанном формате. Победители приедут в Москву на финальные испытания. Задания для подготовки;Командная | Участники выполняют задания вместе и борются за общий результат | Очно-заочная | Нужно пройти дистанционный отбор, чтобы участвовать в очном финале;Каталог /activities;https://olimpiada.ru/activity/5787
5623;Олимпиада Учи.ру по финансовой грамотности и предпринимательству;"Предпринимательство; Экономика";1–11 классы;1.0;11.0;Дистанционная;Личная;8.6;Расписание не опубликовано;Расписание следующей олимпиады ожидается в феврале 2027 года;Публикация расписания: ожидается в феврале 2027 года;Частично заполнен по текущему статусу;Расписание олимпиады в этом году пока не известно;;https://olimpiada.ru/activity/5623;—;;Точное соответствие проекту РСОШ 2026/27 не найдено;https://rsr-olymp.ru/news/123;24.09.2026;"Учи.ру; →";"finance.uchi.ru; info@uchi.ru";;Олимпиада проводится в режиме онлайн среди учеников 1-11 классов. Для участия не нужны специальные знания по предмету и особая подготовка. .. На выполнение заданий основного тура дается 60 минут. Приступить можно в любой день и время проведения олимпиады. Состязание знакомит школьников с базовыми понятиями и принципами финансовой грамотности и повышает интерес к предпринимательству. Благодаря игровым заданиям информация усваивается лучше. Олимпиада помогает с самого детства развивать важные для жизни навыки: планирование бюджета, критическое мышление, разумный подход к риску, лидерские качества. Результаты и грамоты участники могут получить сразу после олимпиады.;Личная | Участник самостоятельно выполняет задания | Дистанционная | Можно участвовать не выходя из дома, достаточно иметь компьютер с доступом в интернет;Объединение: Олимпиады Учи.ру;https://olimpiada.ru/activity/5623
5709;Плехановская олимпиада по предпринимательству;"Предпринимательство; Экономика";8–11 классы;8.0;11.0;Очно-заочная;Личная;8.1;Следующий цикл ожидается;Следующее соревнование начнется в октябре;Следующее соревнование: Следующее соревнование начнется в октябре;Частично заполнен по текущему статусу;Расписание олимпиады в этом году пока не известно;;https://olimpiada.ru/activity/5709;—;;Этот профиль не найден в проекте РСОШ 2026/27;https://rsr-olymp.ru/news/123;24.09.2026;"РЭУ имени Г. В. Плеханова; →";"rea.ru/...; olymp@rea.ru";;Соревнование проводится для школьников, увлекающихся экономикой и предпринимательством. .. Олимпиада проходит в два этапа. Отборочный проводится дистанционно. Второй этап, заключительный, проходит очно в Российском экономическом университете имени Г. В. Плеханова в Москве и на региональных площадках. На финал приглашаются участники, успешно прошедшие отборочный этап, и победители и призеры заключительного этапа прошлого года.;Личная | Участник самостоятельно выполняет задания | Очно-заочная | Нужно пройти дистанционный отбор, чтобы участвовать в очном финале;Объединение: Плехановская олимпиада школьников;https://olimpiada.ru/activity/5709
5601;Герценовская олимпиада по психологии;Психология;9–11 классы;9.0;11.0;Очная;Личная;7.1;Расписание не опубликовано;Расписание олимпиады в этом году пока не известно;Не опубликовано;Не опубликован;Расписание олимпиады в этом году пока не известно;;https://olimpiada.ru/activity/5601;—;;Точное соответствие проекту РСОШ 2026/27 не найдено;https://rsr-olymp.ru/news/123;24.09.2026;Российский государственный педагогический университет им. А. И. Герцена;"herzen.spb.ru/...; olimpiada@herzen.spb.ru";"Положение; →";;Личная | Участник самостоятельно выполняет задания | Очная | Для участия нужно прийти в заранее известное место проведения;Объединение: Герценовские внутривузовские олимпиады;https://olimpiada.ru/activity/5601
5218;Многопрофильная инженерная олимпиада «Звезда» по психологии;Психология;8–11 классы;8.0;11.0;Очно-заочная;Личная;7.5;Этап указан;Очный отборочный этап;"Интернет-тур отборочного этапа: 20 окт—22 дек
Очный отборочный этап: 5 ноя—22 дек";Опубликован;"Интернет-тур отборочного этапа
20 окт—22 дек
Очный отборочный этап
5 ноя—22 дек";Обновлено 17 сентября;https://olimpiada.ru/activity/5218;—;;Этот профиль не найден в проекте РСОШ 2026/27;https://rsr-olymp.ru/news/123;24.09.2026;"Южно-Уральский государственный университет; →; Союз машиностроителей России; Южно-Российский политехнический университет (НПИ) имени М. И. Платова";"zv.susu.ru/...; zv@susu.ru";"Положение и регламент; →";;Личная | Участник самостоятельно выполняет задания | Очно-заочная | Нужно пройти дистанционный отбор, чтобы участвовать в очном финале;Объединение: Многопрофильная инженерная олимпиада «Звезда»;https://olimpiada.ru/activity/5218
5058;Олимпиада «Высшая проба» по психологии;Психология;9–11 классы;9.0;11.0;Очно-заочная;Личная;8.9;Регистрация завершена;Регистрация открыта до 22 сентября;"Регистрация: До 22 сен
Первый тур отборочного этапа: 27 сен";Опубликован;"Регистрация
До 22 сен
Первый тур отборочного этапа
27 сен";Обновлено 7 сентября;https://olimpiada.ru/activity/5058;II;психология;"Проект РСОШ 2026/27; не утвержден на 24.09.2026";https://www.garant.ru/products/ipo/prime/doc/56963051/;24.09.2026;"Национальный исследовательский университет Высшая школа экономики; →";"olymp.hse.ru/...; olymp@hse.ru";"Положение и регламент; →";Состязания в области психологической науки проводятся в рамках олимпиады «Высшая проба» с 2014 года. Соревнование будет интересно старшеклассникам, которые увлекаются биологией и обществознанием. .. На отборочном и заключительном этапах олимпиады участников ждут задания по биологии, вопросы из области социальных наук, творческие нестандартные задачи.;Личная | Участник самостоятельно выполняет задания | Очно-заочная | Нужно пройти дистанционный отбор, чтобы участвовать в очном финале;Объединение: Олимпиада «Высшая проба»;https://olimpiada.ru/activity/5058
296;Открытая олимпиада по психологии для старшеклассников;Психология;8–11 классы;8.0;11.0;Очно-заочная;Личная;7.7;Следующий цикл ожидается;Следующее соревнование начнется в феврале 2027 года;Следующее соревнование: Следующее соревнование начнется в феврале 2027 года;Частично заполнен по текущему статусу;Расписание олимпиады в этом году пока не известно;;https://olimpiada.ru/activity/296;—;;Точное соответствие проекту РСОШ 2026/27 не найдено;https://rsr-olymp.ru/news/123;24.09.2026;"Московский государственный психолого-педагогический университет; →";"pk.mgppu.ru/...; priem@pk.mgppu.ru";;Задания по психологии рассчитаны на старшеклассников. Соревнование проходит в дистанционной форме;Личная | Участник самостоятельно выполняет задания | Очно-заочная | Нужно пройти дистанционный отбор, чтобы участвовать в очном финале;Каталог /activities;https://olimpiada.ru/activity/296
5316;Северо-Восточная олимпиада по психологии;Психология;10–11 классы;10.0;11.0;Очно-заочная;;6.3;Следующий цикл ожидается;Следующее соревнование начнется в ноябре 2026 года;Следующее соревнование: Следующее соревнование начнется в ноябре 2026 года;Частично заполнен по текущему статусу;Расписание олимпиады в этом году пока не известно;;https://olimpiada.ru/activity/5316;—;;Этот профиль не найден в проекте РСОШ 2026/27;https://rsr-olymp.ru/news/123;24.09.2026;"Северо-Восточный федеральный университет имени М. К. Аммосова; →";"olympiadsvosh.s-vfu.ru/...; svosh.s-vfu@mail.ru";"Положение; →; Регламент";;Очно-заочная | Нужно пройти дистанционный отбор, чтобы участвовать в очном финале;Объединение: Северо-Восточная олимпиада;https://olimpiada.ru/activity/5316
5134;Всемирная олимпиада роботов;Робототехника;1–11 классы;1.0;11.0;Очная;Командная;7.4;Расписание не опубликовано;Расписание олимпиады в этом году пока не известно;Не опубликовано;Не опубликован;Расписание олимпиады в этом году пока не известно;;https://olimpiada.ru/activity/5134;—;;Точное соответствие проекту РСОШ 2026/27 не найдено;https://rsr-olymp.ru/news/123;24.09.2026;World Robot Olympiad;"wro-association.org/...; alejandrasanchez@aprenderhaciendo.co.cr";;Всемирная олимпиада роботов – соревнования LEGO-роботов для школьников и студентов в возрасте от 6 до 25 лет. .. В основной и продвинутой категориях команды разрабатывают и программируют роботов для решения конкретных задач на местах. Футбол роботов представляет собой игру двух автономных роботов на поле. Участники творческой категории конструируют роботов, которые могут решить проблему по теме сезона. Ассоциация WRO;Командная | Участники выполняют задания вместе и борются за общий результат | Очная | Для участия нужно прийти в заранее известное место проведения;Объединение: Международные олимпиады;https://olimpiada.ru/activity/5134
5385;Московская командная олимпиада по робототехнике;Робототехника;2–11 классы;2.0;11.0;Очная;Командная;6.7;Регистрация откроется позже;Регистрация на следующее соревнование начнется в апреле 2027 года;Регистрация: в апреле 2027 года;Частично заполнен по текущему статусу;Расписание олимпиады в этом году пока не известно;;https://olimpiada.ru/activity/5385;—;;Точное соответствие проекту РСОШ 2026/27 не найдено;https://rsr-olymp.ru/news/123;24.09.2026;"Департамент образования и науки города Москвы; →; Центр педагогического мастерства";"mosrobotics.ru/...; info@wroboto.ru";;Состязание для школьников 2-11 классов. Соревнование является отборочным этапом для Всероссийской робототехнической олимпиады;Командная | Участники выполняют задания вместе и борются за общий результат | Очная | Для участия нужно прийти в заранее известное место проведения;Каталог /activities;https://olimpiada.ru/activity/5385
5346;Московская олимпиада по робототехнике;Робототехника;5–11 классы;5.0;11.0;Очно-заочная;Личная;7.4;Расписание не опубликовано;Ожидается расписание состязания;Публикация расписания: ожидается расписание состязания;Частично заполнен по текущему статусу;Расписание олимпиады в этом году пока не известно;;https://olimpiada.ru/activity/5346;II;робототехника;"Проект РСОШ 2026/27; не утвержден на 24.09.2026";https://www.garant.ru/products/ipo/prime/doc/56963051/;24.09.2026;"Департамент образования и науки города Москвы; →";"mos-robotics.olimpiada.ru; robot@mosolymp.ru";"Положение; →";Робототехника – самое современное и активно развивающееся направление научной деятельности школьников. .. Московская олимпиада по робототехнике – это индивидуальные состязания, состоящие из двух этапов: отборочного и заключительного. Каждый этап проводится в два тура: теоретический и практический. Участников распределяют по пяти возрастным категориям: 5-6 классы, 7-8 классы, 9 классы, 10 и 11 классы.;Личная | Участник самостоятельно выполняет задания | Очно-заочная | Нужно пройти дистанционный отбор, чтобы участвовать в очном финале;Объединение: Московская олимпиада школьников;https://olimpiada.ru/activity/5346
5671;Олимпиада ЦПМ по робототехнике;Робототехника;4–11 классы;4.0;11.0;Очная;Командная;7.0;Расписание не опубликовано;Расписание следующей олимпиады ожидается в сентябре 2026 года;Публикация расписания: ожидается в сентябре 2026 года;Частично заполнен по текущему статусу;Расписание олимпиады в этом году пока не известно;;https://olimpiada.ru/activity/5671;—;;Точное соответствие проекту РСОШ 2026/27 не найдено;https://rsr-olymp.ru/news/123;24.09.2026;"Лаборатория инженерных образовательных проектов Центра педагогического мастерства города Москвы; →; Департамент образования и науки города Москвы";"mosrobotics.ru/...; n.petrovskaya@cpm77.ru";"Регламенты олимпиады; →";Олимпиада ЦПМ по робототехнике прошла впервые в 2018 году для всех желающих команд школьников. Состязание проходит в школах Москвы. .. Олимпиада проводится по возрастным категориям. Младшая – для учеников 4-6 классов, средняя – для 4-8 классов, старшая – для 4-11 классов.;Командная | Участники выполняют задания вместе и борются за общий результат | Очная | Для участия нужно прийти в заранее известное место проведения;Каталог /activities;https://olimpiada.ru/activity/5671
352;Олимпиада школьников «Ломоносов» по робототехнике;Робототехника;5–11 классы;5.0;11.0;Очно-заочная;Личная;6.8;Расписание не опубликовано;Расписание следующей олимпиады ожидается в октябре 2026 года;Публикация расписания: ожидается в октябре 2026 года;Частично заполнен по текущему статусу;Расписание олимпиады в этом году пока не известно;;https://olimpiada.ru/activity/352;II;робототехника;"Проект РСОШ 2026/27; не утвержден на 24.09.2026";https://www.garant.ru/products/ipo/prime/doc/56963051/;24.09.2026;"Московский государственный университет имени М. В. Ломоносова; →; Механико-математический факультет МГУ";"olymp.msu.ru; pk@mech.math.msu.su";"Положение; →; Регламент; Положение об апелляциях";Задания олимпиады посвящены задачам прямой и обратной кинематики, тесно связаны с математикой, программированием и механикой. Состязание проводится ежегодно в два этапа. .. Первый, отборочный, этап проводится заочно. Финал проходит в очном формате или дистанционно. Теоретические туры состоят из прикладных математических задач. Практический тур предполагает применение знаний в виде написания программы на лабораторном роботе.;Личная | Участник самостоятельно выполняет задания | Очно-заочная | Нужно пройти дистанционный отбор, чтобы участвовать в очном финале;Объединение: Олимпиада школьников «Ломоносов»;https://olimpiada.ru/activity/352
6956;Открытая всероссийская технологическая олимпиада по робототехнике «От кода – к взлету»;Робототехника;9–11 классы;9.0;11.0;Очно-заочная;Личная;5.3;Расписание не опубликовано;Расписание олимпиады в этом году пока не известно;Не опубликовано;Не опубликован;Расписание олимпиады в этом году пока не известно;;https://olimpiada.ru/activity/6956;—;;Точное соответствие проекту РСОШ 2026/27 не найдено;https://rsr-olymp.ru/news/123;24.09.2026;"Департамент образования и науки города Москвы; Центр педагогического мастерства";"роботы.мош.цпм.рф; info@mosrobotics.ru";"Приказ о проведении; →";Соревнование впервые проводится в 2025/26 учебном году в рамках Московской олимпиады школьников по робототехнике для 9-11 классов. Попробовать свои силы можно в двух направлениях: «Программирование БПЛА» и «Программирование мобильных роботов и электроника». .. Отборочный этап проходит онлайн и включает теоретический и практический туры. Школьников, успешно справившихся с заданиями, пригласят в финал. Он проводится в очном формате в Москве.;Личная | Участник самостоятельно выполняет задания | Очно-заочная | Нужно пройти дистанционный отбор, чтобы участвовать в очном финале;Каталог /activities;https://olimpiada.ru/activity/6956
5233;Открытые состязания Санкт-Петербурга по робототехнике;Робототехника;1–11 классы;1.0;11.0;Очная;Командная;6.9;Расписание не опубликовано;Расписание олимпиады в этом году пока не известно;Не опубликовано;Не опубликован;Расписание олимпиады в этом году пока не известно;;https://olimpiada.ru/activity/5233;—;;Точное соответствие проекту РСОШ 2026/27 не найдено;https://rsr-olymp.ru/news/123;24.09.2026;"Президентский ФМЛ №239; →; СПб ГДТЮ; НПО Старлайн; Благотворительный фонд Темура Аминджанова ""Финист""; Мат-Мех СПбГУ; ЦНИИ РТК; Ассоциация спортивной робототехники";"robofinist.ru/...; info@robofinist.ru";;;Командная | Участники выполняют задания вместе и борются за общий результат | Очная | Для участия нужно прийти в заранее известное место проведения;Каталог /activities;https://olimpiada.ru/activity/5233
6966;Плехановская олимпиада по беспилотным авиационным системам;Робототехника;8–11 классы;8.0;11.0;Очно-заочная;;5.5;Следующий цикл ожидается;Следующее соревнование начнется в октябре;Следующее соревнование: Следующее соревнование начнется в октябре;Частично заполнен по текущему статусу;Расписание олимпиады в этом году пока не известно;;https://olimpiada.ru/activity/6966;—;;Этот профиль не найден в проекте РСОШ 2026/27;https://rsr-olymp.ru/news/123;24.09.2026;РЭУ имени Г.В. Плеханова;"rea.ru/...; olymp@rea.ru";;;Очно-заочная | Нужно пройти дистанционный отбор, чтобы участвовать в очном финале;Объединение: Плехановская олимпиада школьников;https://olimpiada.ru/activity/6966
5129;Российская робототехническая олимпиада;Робототехника;1–11 классы;1.0;11.0;Очная;Командная;7.6;Расписание не опубликовано;Расписание следующей олимпиады ожидается в декабре 2026 года;Публикация расписания: ожидается в декабре 2026 года;Частично заполнен по текущему статусу;Расписание олимпиады в этом году пока не известно;;https://olimpiada.ru/activity/5129;—;;Точное соответствие проекту РСОШ 2026/27 не найдено;https://rsr-olymp.ru/news/123;24.09.2026;"Региональный центр выявления; поддержки и развития способностей и талантов у детей и молодежи «Вега»; Федерация спортивной и образовательной робототехники";sportrobotics.ru;"Положение; →";Олимпиада представляет собой командное соревнование по программированию интеллектуальных робототехнических систем. Для участия нужно пройти региональный отбор. .. Олимпиада проходит для участников в возрасте от 6 до 22 лет по категориям: основная, творческая, будущие инженеры, спортивная, Lego WeDo. В состав команды могут входит один или два школьника, а также тренер.;Командная | Участники выполняют задания вместе и борются за общий результат | Очная | Для участия нужно прийти в заранее известное место проведения;Каталог /activities;https://olimpiada.ru/activity/5129
5767;Турнир РОБОСТЕП;Робототехника;1–11 классы;1.0;11.0;Очно-заочная;Командная;7.0;Расписание не опубликовано;Расписание олимпиады в этом году пока не известно;Не опубликовано;Не опубликован;Расписание олимпиады в этом году пока не известно;;https://olimpiada.ru/activity/5767;—;;Точное соответствие проекту РСОШ 2026/27 не найдено;https://rsr-olymp.ru/news/123;24.09.2026;"Лаборатория инженерных образовательных проектов; →; Центр педагогического мастерства";mosrobotics.ru/...;;Турнир проводится для начинающих робототехников. Формат заданий специально ориентирован на основные начальные базовые знания, умения и навыки. .. Турнир проводится для команд школьников из Москвы и Московской области. Команда может состоять из одного участника и тренера, допускается использование любого робототехнического набора, позволяющего решить задачу турнира. Участникам в зависимости от заданий предстоит запрограммировать робота на различные действия, в том числе и в виртуальной среде.;Командная | Участники выполняют задания вместе и борются за общий результат | Очно-заочная | Нужно пройти дистанционный отбор, чтобы участвовать в очном финале;Каталог /activities;https://olimpiada.ru/activity/5767
5474;Турнир технологических сборных;Робототехника;5–11 классы;5.0;11.0;Очно-заочная;Командная;6.8;Расписание не опубликовано;Ожидается расписание турнира;Публикация расписания: ожидается расписание турнира;Частично заполнен по текущему статусу;Расписание олимпиады в этом году пока не известно;;https://olimpiada.ru/activity/5474;—;;Точное соответствие проекту РСОШ 2026/27 не найдено;https://rsr-olymp.ru/news/123;24.09.2026;"Департамент образования и науки города Москвы; →; Центр педагогического мастерства";"mosrobotics.ru/...; info@mosrobotics.ru";;"Турнир технологических сборных проводится для команд школьников с 5 по 11 класс. Цель участников на соревновании – совместное решение задач для достижения общей цели. .. В состав команды могут входить 5 школьников и тренер. При этом каждый участник должен быть победителем или призером робототехнических соревнований. Их список можно найти в требованиях к альянсу на сайте организаторов. В распоряжении участников: свое оборудование, которое четко регламентировано; оборудование, выданное организаторами; возможность 3D-печати и лазерной резки; мастерские для изготовления и сборки дополнительных устройств. Основная задача альянса – правильно распределить ресурсы в многодневном соревновании и обойти соперников в финальном испытании. Чтобы достичь общей цели, участники в команде должны работать слаженно, дополняя знания друг друга и распределяя обязанности.";Командная | Участники выполняют задания вместе и борются за общий результат | Очно-заочная | Нужно пройти дистанционный отбор, чтобы участвовать в очном финале;Каталог /activities;https://olimpiada.ru/activity/5474
6983;Уральская олимпиада по робототехнике;Робототехника;1–11 классы;1.0;11.0;Очно-заочная;Личная;6.1;Регистрация откроется позже;Регистрация начнется в ноябре;Регистрация: в ноябре;Частично заполнен по текущему статусу;Расписание олимпиады в этом году пока не известно;;https://olimpiada.ru/activity/6983;—;;Точное соответствие проекту РСОШ 2026/27 не найдено;https://rsr-olymp.ru/news/123;24.09.2026;"Уральский федеральный университет имени первого президента России Б.Н. Ельцина; →";"dovuz.urfu.ru/...; olimpiada@redledrobotics.ru";;Олимпиада для школьников 1-11 классов, интересующихся проектированием, конструированием и программированием роботов. Состязание проводится ежегодно в два этапа. .. Первый, отборочный, этап проводится заочно. Финал проходит в очном формате.;Личная | Участник самостоятельно выполняет задания | Очно-заочная | Нужно пройти дистанционный отбор, чтобы участвовать в очном финале;Каталог /activities;https://olimpiada.ru/activity/6983
5693;Чемпионат RoboCup;Робототехника;4–11 классы;4.0;11.0;Очная;Командная;7.0;Расписание не опубликовано;Расписание следующего чемпионата ожидается в феврале 2027 года;Публикация расписания: ожидается в феврале 2027 года;Частично заполнен по текущему статусу;Расписание олимпиады в этом году пока не известно;;https://olimpiada.ru/activity/5693;—;;Точное соответствие проекту РСОШ 2026/27 не найдено;https://rsr-olymp.ru/news/123;24.09.2026;"Российский Национальный комитет RoboCup; →";robocuprussiaopen.ru;"О чемпионате; →; Федерация RoboCup";Чемпионат RoboCup – ежегодное международное робототехническое соревнование. Цель мероприятия: развитие робототехники и исследований в области искусственного интеллекта через зрелищное и технически сложное соревнование. .. Полное название мероприятия – Robot Soccer World Cup (чемпионат мира по футболу роботов). Кроме футбола на чемпионате проводятся и другие соревнования: роботы-спасатели, роботы-помощники по дому, юношеские соревнования по робототехнике. Участники делятся на возрастные лиги – высшие (команды университетов) и юношеские (школьные команды, возраст участников от 10 до 19 лет). В России проводится чемпионат RoboCup Russia Open. По его итогам определяются команды, которые смогут поехать на мировой финал. Миссия RoboCup: в середине XXI века команда автономных антропоморфных роботов одержит победу в матче по правилам FIFA над командой текущих чемпионов мира по футболу.;Командная | Участники выполняют задания вместе и борются за общий результат | Очная | Для участия нужно прийти в заранее известное место проведения;Каталог /activities;https://olimpiada.ru/activity/5693
5405;Научно-практическая олимпиада имени Н.А. Умова по физике;"Робототехника; Физика";7–11 классы;7.0;11.0;Очно-заочная;Командная;7.9;Расписание не опубликовано;Расписание следующей олимпиады ожидается в сентябре 2026 года;Публикация расписания: ожидается в сентябре 2026 года;Частично заполнен по текущему статусу;Расписание олимпиады в этом году пока не известно;;https://olimpiada.ru/activity/5405;II;физика;"Проект РСОШ 2026/27; не утвержден на 24.09.2026";https://www.garant.ru/products/ipo/prime/doc/56963051/;24.09.2026;"ФГБОУ ВО Московский государственный университет имени М. В. Ломоносова; →";"umov.phys.msu.ru; olymp.ff@org.msu.ru";"Положение; →; Регламент";Научно-практическая олимпиада имени Н.А. Умова по физике – это интеллектуальное состязание, помогающее школьникам лучше познать науку. Состязание состоит из трех этапов. .. Пригласительный этап дает возможность углубить знания по предмету и подготовиться к отборочному и финальному состязаниям. Он включает 12 учебных тем с видеоматериалами, краткими теоретическими выжимками и задачами для самостоятельного решения с автопроверкой, а также два тестирования – входное и выходное. Отборочный этап состоит из практического и теоретического туров. На первом учитываются достижения за участие в робототехнических соревнованиях и конференциях, а также за выполнение исследовательских и инженерных проектов. В рамках теоретического испытания школьники решают онлайн-задания по физике. Ученики, показавшие лучшие результаты на отборе, приглашаются в финал. Он также состоит из двух туров. На практическом ребята защищают проект перед научно-инженерным жюри и участвуют в соревнованиях по робототехнике. Теоретический тур включает в себя задачи по физике, которые школьники решают очно на площадках проведения состязания. Кроме того, по решению жюри с кандидатами в победители и призеры может проводиться собеседование. До 2026 года соревнование носило название Олимпиада «Робофест».;Командная | Участники выполняют задания вместе и борются за общий результат | Очно-заочная | Нужно пройти дистанционный отбор, чтобы участвовать в очном финале;Каталог /activities;https://olimpiada.ru/activity/5405
80;Всероссийская олимпиада по русскому языку;Русский язык;4–11 классы;4.0;11.0;Очная;Личная;7.8;Идёт этап;Школьный этап проходит до 1 ноября;"Школьный этап: До 1 ноя
Муниципальный этап: 2 ноя—25 дек";Опубликован;"Школьный этап
До 1 ноя
Муниципальный этап
2 ноя—25 дек";Обновлено 1 сентября;https://olimpiada.ru/activity/80;ВсОШ;Русский язык;"ВсОШ: отдельная система; уровни I–III РСОШ не применяются";https://vserosolimp.edsoo.ru/;24.09.2026;"Минпросвещения России; →; Ответственные в регионах";vserosolimp.edsoo.ru;"Порядок проведения; →";Всероссийская олимпиада школьников по русскому языку проводится с 1996 года для учащихся 4-11 классов. В первом, школьном, этапе может участвовать любой желающий независимо от оценки по предмету. .. Задания этого этапа, как правило, предполагают краткий ответ, чтобы справиться с ними, школьникам понадобятся знания сложных случаев орфографии и орфоэпии, понимание фразеологизмов и архаизмов, а также логика и смекалка. Муниципальный этап рассчитан на учеников 7-11 классов. По форме задания аналогичны школьному этапу. Также учащимся могут предлагаться лингвистические задачи: например, «перевести» текст с древнерусского языка на современный. В региональном этапе участвуют 9-11 классы. В нем значительно увеличивается число заданий, которые требуют развернутого ответа. На их выполнение отводится четыре часа. Заключительный этап также проводится для 9-11 классов, как правило, в нем участвуют 200-300 ребят. Соревнование проходит в два тура. В первый тур входят лингвистические задачи, для решения которых учащимся нужно продемонстрировать знания этимологии, морфологии, истории языка, норм современного словообразования. Задание второго дня обычно более творческое, чтобы справиться с ним, школьникам надо применить весь спектр лингвистических умений. Победители и призеры заключительного этапа олимпиады получают льготы при поступлении на профильные направления вузов.;Личная | Участник самостоятельно выполняет задания | Очная | Для участия нужно прийти в заранее известное место проведения | Правила игры | Общие положения прописаны в Порядке проведения олимпиады, который утверждает Минобрнауки России | Порядок проведения ВсОШ → | Льготы при поступлении | Победители и призеры финала олимпиады поступают без экзаменов в любой вуз по профильному направлению | Подробнее о льготах → | Локальные особенности | В Москве школьный этап проходит по единым заданиям и единому графику | Сайт этапов ВсОШ в Москве →;Объединение: Всероссийская олимпиада школьников;https://olimpiada.ru/activity/80
5287;Конкурс журнала «Квантик» по русскому языку;Русский язык;1–11 классы;1.0;11.0;Дистанционная;Лично-командная;7.5;Регистрация завершена;Регистрация открыта до 22 сентября;"IV тур: 26 июн—20 авг
V тур: До 20 окт";Опубликован;"IV тур
26 июн—20 авг
V тур
До 20 окт";Обновлено 2 сентября;https://olimpiada.ru/activity/5287;—;;Точное соответствие проекту РСОШ 2026/27 не найдено;https://rsr-olymp.ru/news/123;24.09.2026;"Журнал «Квантик»; →";"kvantik.com/...; ruskonkurs@kvantik.org";;Журнал «Квантик» приглашает всех желающих принять участие в необычном конкурсе на решение задач по русскому языку. .. Для победы вовсе не обязательно решить всё – присылайте то, что получится, по адресу, указанному на сайте. Победителей ждут призы. Предлагайте задачи собственного сочинения – лучшие будут опубликованы!;Лично-командная | Можно участвовать самостоятельно или собрать команду | Дистанционная | Можно участвовать не выходя из дома, достаточно иметь компьютер с доступом в интернет;Каталог /activities;https://olimpiada.ru/activity/5287
5394;Международная олимпиада УрФУ для школьников «Изумруд» по русскому языку;Русский язык;8–11 классы;8.0;11.0;Очно-заочная;Личная;8.6;Идёт этап;Отборочный этап проходит до 19 января;"Отборочный этап: До 19 янв
Дополнительная дата: 31 янв—2 фев";Частично опубликован;"Отборочный этап
До 19 янв
31 янв—2 фев";Обновлено 4 июня;https://olimpiada.ru/activity/5394;III;русский язык;"Проект РСОШ 2026/27; не утвержден на 24.09.2026";https://www.garant.ru/products/ipo/prime/doc/56963051/;24.09.2026;"Уральский федеральный университет имени первого Президента России Б. Н. Ельцина; →";"izumrud.urfu.ru; olymp@urfu.ru";"Нормативные документы; →";;Личная | Участник самостоятельно выполняет задания | Очно-заочная | Нужно пройти дистанционный отбор, чтобы участвовать в очном финале;Объединение: Международная олимпиада УрФУ для школьников «Изумруд»;https://olimpiada.ru/activity/5394
5183;Межрегиональная олимпиада школьников на базе ведомственных образовательных организаций (русский язык);Русский язык;9–11 классы;9.0;11.0;Очно-заочная;Личная;7.8;Итоги опубликованы;"Опубликованы итоги; следующее соревнование ожидается в декабре 2026 года";"Следующее соревнование: Опубликованы итоги; следующее соревнование ожидается в декабре 2026 года";Частично заполнен по текущему статусу;Расписание олимпиады в этом году пока не известно;;https://olimpiada.ru/activity/5183;III;русский язык;"Проект РСОШ 2026/27; не утвержден на 24.09.2026";https://www.garant.ru/products/ipo/prime/doc/56963051/;24.09.2026;"Академия ФСБ России; →";v-olymp.ru/...;"Положение; →; Регламент";Состязание по русскому языку для учеников 9-11 классов. ..;Личная | Участник самостоятельно выполняет задания | Очно-заочная | Нужно пройти дистанционный отбор, чтобы участвовать в очном финале;Объединение: Олимпиада школьников на базе ведомственных образовательных организаций;https://olimpiada.ru/activity/5183
5108;Многопрофильная инженерная олимпиада «Звезда» по русскому языку;Русский язык;6–11 классы;6.0;11.0;Очно-заочная;Личная;8.2;Этап указан;Очный отборочный этап;"Интернет-тур отборочного этапа: 20 окт—22 дек
Очный отборочный этап: 5 ноя—22 дек";Опубликован;"Интернет-тур отборочного этапа
20 окт—22 дек
Очный отборочный этап
5 ноя—22 дек";Обновлено 17 сентября;https://olimpiada.ru/activity/5108;—;;Этот профиль не найден в проекте РСОШ 2026/27;https://rsr-olymp.ru/news/123;24.09.2026;"Южно-Уральский государственный университет; →; Союз машиностроителей России; Южно-Российский политехнический университет (НПИ) имени М. И. Платова";"zv.susu.ru/...; zv@susu.ru";"Положение и регламент; →";;Личная | Участник самостоятельно выполняет задания | Очно-заочная | Нужно пройти дистанционный отбор, чтобы участвовать в очном финале;Объединение: Многопрофильная инженерная олимпиада «Звезда»;https://olimpiada.ru/activity/5108
5896;Олимпиада «Homo dicens»;Русский язык;8–11 классы;8.0;11.0;Дистанционная;Личная;6.3;Расписание не опубликовано;Расписание следующей олимпиады ожидается в декабре 2026 года;Публикация расписания: ожидается в декабре 2026 года;Частично заполнен по текущему статусу;Расписание олимпиады в этом году пока не известно;;https://olimpiada.ru/activity/5896;—;;Точное соответствие проекту РСОШ 2026/27 не найдено;https://rsr-olymp.ru/news/123;24.09.2026;"Московский городской педагогический университет; →";"homodicens.ru/...; homodicens@mgpu.ru";"Положение и регламент; →";Олимпиада по русскому языку «Homo dicens» – это нестандартная система творческих вопросов и заданий. Принять участие могут все желающие ученики 8-11 классов. .. Соревнование включает два тура, которые проводятся онлайн. Выполнять задания отборочного тура можно весь период проведения, учитывается лучший результат. Школьники, набравшие проходной балл, приглашаются в финал.;Личная | Участник самостоятельно выполняет задания | Дистанционная | Можно участвовать не выходя из дома, достаточно иметь компьютер с доступом в интернет;Каталог /activities;https://olimpiada.ru/activity/5896
363;Олимпиада «Будущие исследователи - будущее науки» по русскому языку;Русский язык;7–11 классы;7.0;11.0;Очно-заочная;Личная;8.3;Следующий цикл ожидается;Следующее соревнование начнется в ноябре 2026 года;Следующее соревнование: Следующее соревнование начнется в ноябре 2026 года;Частично заполнен по текущему статусу;Расписание олимпиады в этом году пока не известно;;https://olimpiada.ru/activity/363;III;русский язык;"Проект РСОШ 2026/27; не утвержден на 24.09.2026";https://www.garant.ru/products/ipo/prime/doc/56963051/;24.09.2026;"Белгородский государственный технологический университет им. В.Г. Шухова; →; Правительство Нижегородской области; Нижегородский государственный университет им. Н.И.Лобачевского; Российский федеральный ядерный центр ВНИИЭФ г. Сарова; Ярославская государственная медицинская академия; Ярославский государственный университет им. П.Г.Демидова";"unn.ru/...; olimp@unn.ru";"Положение; →; Регламент";Олимпиада «Будущие исследователи - будущее науки» по русскому языку проводится для учеников 7-11 классов в два этапа. .. Задания первого этапа можно выполнять как очно на площадках организаторов, так и дистанционно. Финал проводится только очно и представляет собой предметную олимпиаду с защитой проекта.;Личная | Участник самостоятельно выполняет задания | Очно-заочная | Нужно пройти дистанционный отбор, чтобы участвовать в очном финале;Объединение: Олимпиада «Будущие исследователи - будущее науки»;https://olimpiada.ru/activity/363
160;Олимпиада «Высшая проба» по русскому языку;Русский язык;7–11 классы;7.0;11.0;Очно-заочная;Личная;9.0;Регистрация завершена;Регистрация открыта до 22 сентября;"Регистрация: До 22 сен
Дополнительная дата: Первый тур отборочного этапа: 1 день
Дополнительная дата: 25 сен
Дополнительная дата: Первый тур отборочного этапа: 2 день
Дополнительная дата: 4 окт";Частично опубликован;"Регистрация
До 22 сен
Первый тур отборочного этапа: 1 день
25 сен
Первый тур отборочного этапа: 2 день
4 окт";Обновлено 7 сентября;https://olimpiada.ru/activity/160;I;русский язык;"Проект РСОШ 2026/27; не утвержден на 24.09.2026";https://www.garant.ru/products/ipo/prime/doc/56963051/;24.09.2026;"Национальный исследовательский университет Высшая школа экономики; →";"olymp.hse.ru/...; olymp@hse.ru";"Положение и регламент; →";Олимпиада «Высшая проба» по русскому языку впервые прошла в 2012 году. Соревнование предлагает школьникам 7-11 классов продемонстрировать свою языковую интуицию. .. У задач отборочного и заключительного этапов нет единственно верных решений. Участникам предлагается провести небольшое исследование: проанализировать приведенный в задаче материал, опираясь на собственное чувство языка и логику.;Личная | Участник самостоятельно выполняет задания | Очно-заочная | Нужно пройти дистанционный отбор, чтобы участвовать в очном финале;Объединение: Олимпиада «Высшая проба»;https://olimpiada.ru/activity/160
5047;Олимпиада «Океан знаний» по русскому языку;Русский язык;10–11 классы;10.0;11.0;Очно-заочная;Личная;8.4;Расписание не опубликовано;Расписание следующей олимпиады ожидается в сентябре 2026 года;Публикация расписания: ожидается в сентябре 2026 года;Частично заполнен по текущему статусу;Расписание олимпиады в этом году пока не известно;;https://olimpiada.ru/activity/5047;—;;Точное соответствие проекту РСОШ 2026/27 не найдено;https://rsr-olymp.ru/news/123;24.09.2026;"ФГАОУ ВПО Дальневосточный федеральный университет (ДВФУ); →";"dvfu.ru/...; ocean@dvfu.ru";;;Личная | Участник самостоятельно выполняет задания | Очно-заочная | Нужно пройти дистанционный отбор, чтобы участвовать в очном финале;Объединение: Олимпиада «Океан знаний»;https://olimpiada.ru/activity/5047
6952;Олимпиада «Учись строить будущее» по русскому языку;Русский язык;10–11 классы;10.0;11.0;Очно-заочная;Личная;6.0;Следующий цикл ожидается;Следующее соревнование ожидается в ноябре 2026 года;Следующее соревнование: Следующее соревнование ожидается в ноябре 2026 года;Частично заполнен по текущему статусу;Расписание олимпиады в этом году пока не известно;;https://olimpiada.ru/activity/6952;—;;Точное соответствие проекту РСОШ 2026/27 не найдено;https://rsr-olymp.ru/news/123;24.09.2026;"Московский государственный строительный университет; →";"olymp-01.mgsu.ru/...; olimp@mgsu.ru";"Положение и регламент; →";;Личная | Участник самостоятельно выполняет задания | Очно-заочная | Нужно пройти дистанционный отбор, чтобы участвовать в очном финале;Объединение: Олимпиада «Учись строить будущее»;https://olimpiada.ru/activity/6952
210;Олимпиада «Юные таланты» по русскому языку;Русский язык;8–11 классы;8.0;11.0;Очно-заочная;;6.3;Расписание не опубликовано;Расписание олимпиады в этом году пока не известно;Не опубликовано;Не опубликован;Расписание олимпиады в этом году пока не известно;;https://olimpiada.ru/activity/210;—;;Этот профиль не найден в проекте РСОШ 2026/27;https://rsr-olymp.ru/news/123;24.09.2026;Федеральное бюджетное государственное образовательное учреждение высшего профессионального образования Пермский государственный национальный исследовательский университет;"olymp.psu.ru/...; shkuratok@mail.ru";"Положение; →";;Очно-заочная | Нужно пройти дистанционный отбор, чтобы участвовать в очном финале;Объединение: Многопредметная олимпиада «Юные таланты»;https://olimpiada.ru/activity/210
391;Олимпиада РГГУ для школьников по русскому языку;Русский язык;9–11 классы;9.0;11.0;Очно-заочная;Личная;8.6;Этап запланирован;Регистрация на отборочный этап начнется 1 декабря 2026 года;"Регистрация на отборочный этап: 1 дек—11 янв
Отборочный этап: 13—27 янв
Заключительный этап: 21—22 фев";Опубликован;"Регистрация на отборочный этап
1 дек—11 янв
Отборочный этап
13—27 янв
Заключительный этап
21—22 фев";Обновлено 18 мая;https://olimpiada.ru/activity/391;II;русский язык;"Проект РСОШ 2026/27; не утвержден на 24.09.2026";https://www.garant.ru/products/ipo/prime/doc/56963051/;24.09.2026;"Российский государственный гуманитарный университет; →";"rsuh.ru/...; olympiada@rggu.ru";"Положение; →; Регламент";;Личная | Участник самостоятельно выполняет задания | Очно-заочная | Нужно пройти дистанционный отбор, чтобы участвовать в очном финале;Объединение: Олимпиада РГГУ для школьников;https://olimpiada.ru/activity/391
5197;Олимпиада Северо-Кавказского федерального университета «45 параллель» по русскому языку;Русский язык;8–11 классы;8.0;11.0;Очно-заочная;Личная;7.5;Этап запланирован;Отборочный этап пройдет с 1 октября по 20 февраля;"Отборочный этап: 1 окт—20 фев
Финал: 20 мар";Опубликован;"Отборочный этап
1 окт—20 фев
Финал
20 мар";Обновлено 31 августа;https://olimpiada.ru/activity/5197;—;;Точное соответствие проекту РСОШ 2026/27 не найдено;https://rsr-olymp.ru/news/123;24.09.2026;Северо-Кавказский федеральный университет;"parallel45.olymp.ncfu.ru; olimpiadastav@mail.ru";"Положение и регламент; →";;Личная | Участник самостоятельно выполняет задания | Очно-заочная | Нужно пройти дистанционный отбор, чтобы участвовать в очном финале;Объединение: Олимпиада Северо-Кавказского федерального университета «45 параллель»;https://olimpiada.ru/activity/5197
5734;Олимпиада Учи.ру по русскому языку для 1-9 классов;Русский язык;1–9 классы;1.0;9.0;Дистанционная;Личная;8.5;Расписание не опубликовано;Ожидается расписание соревнования;Публикация расписания: ожидается расписание соревнования;Частично заполнен по текущему статусу;Расписание олимпиады в этом году пока не известно;;https://olimpiada.ru/activity/5734;—;;Точное соответствие проекту РСОШ 2026/27 не найдено;https://rsr-olymp.ru/news/123;24.09.2026;"Учи.ру; →";"rus.uchi.ru; support@uchi.ru";;Задания олимпиады составлены на основе школьной программы и включают нестандартные головоломки. .. Немного потренироваться и попробовать свои силы можно на пробном туре. Его результаты не влияют на основной. На задания основного тура дается 60 минут, результаты становятся известны сразу после окончания олимпиады. Участвовать могут все желающие, в том числе те, кто не принимал участия в пробном туре.;Личная | Участник самостоятельно выполняет задания | Дистанционная | Можно участвовать не выходя из дома, достаточно иметь компьютер с доступом в интернет;Объединение: Олимпиады Учи.ру;https://olimpiada.ru/activity/5734
347;Олимпиада школьников «Ломоносов» по русскому языку;Русский язык;5–11 классы;5.0;11.0;Очно-заочная;Личная;8.6;Расписание не опубликовано;Расписание следующей олимпиады ожидается в октябре 2026 года;Публикация расписания: ожидается в октябре 2026 года;Частично заполнен по текущему статусу;Расписание олимпиады в этом году пока не известно;;https://olimpiada.ru/activity/347;I;русский язык;"Проект РСОШ 2026/27; не утвержден на 24.09.2026";https://www.garant.ru/products/ipo/prime/doc/56963051/;24.09.2026;"Московский государственный университет имени М. В. Ломоносова; →; Филологический факультет МГУ";"olymp.msu.ru; pk@philol.msu.ru";"Положение; →; Регламент; Положение об апелляциях";Олимпиада проходила с 2005 года в рамках комплексной олимпиады по русскому языку и литературе. С 2009 года состязание стало самостоятельным. Олимпиада включает два этапа. .. Первый, отборочный, проводится заочно. Финал проходит в очном формате или дистанционно. Участвовать могут ученики 5-11 классов. Школьникам предлагаются задания, объединенные в несколько блоков, в зависимости от класса обучения. При оценке работ учитываются уровень знаний по русскому языку, тип сложности выполненного задания, полнота ответа на поставленный вопрос, оригинальность решения, умение анализировать материал, логичность изложения, убедительность аргументации, а также владение русским литературным языком.;Личная | Участник самостоятельно выполняет задания | Очно-заочная | Нужно пройти дистанционный отбор, чтобы участвовать в очном финале;Объединение: Олимпиада школьников «Ломоносов»;https://olimpiada.ru/activity/347
5702;Олимпиада школьников «Путь к успеху» по русскому языку;Русский язык;9–11 классы;9.0;11.0;Очно-заочная;Личная;7.4;Итоги опубликованы;"Опубликованы итоги; следующее соревнование ожидается в ноябре 2026 года";"Следующее соревнование: Опубликованы итоги; следующее соревнование ожидается в ноябре 2026 года";Частично заполнен по текущему статусу;Расписание олимпиады в этом году пока не известно;;https://olimpiada.ru/activity/5702;—;;Точное соответствие проекту РСОШ 2026/27 не найдено;https://rsr-olymp.ru/news/123;24.09.2026;"Магнитогорский государственный технический университет имени Г. И. Носова; →";"molimp.magtu.ru; fdp_magtu@mail.ru";"Положение; →";;Личная | Участник самостоятельно выполняет задания | Очно-заочная | Нужно пройти дистанционный отбор, чтобы участвовать в очном финале;Объединение: Многопрофильная олимпиада школьников «Путь к успеху»;https://olimpiada.ru/activity/5702
5839;Олимпиада школьников «Физтех» по русскому языку;Русский язык;9–11 классы;9.0;11.0;Очная;Личная;7.2;Регистрация открыта;Регистрация открыта до 30 октября;"Регистрация на первый тур: До 30 окт
Первый тур: 8 ноя—8 дек
Финал: 13 фев";Опубликован;"Регистрация на первый тур
До 30 окт
Первый тур
8 ноя—8 дек
Финал
13 фев";Обновлено 24 августа;https://olimpiada.ru/activity/5839;—;;Этот профиль не найден в проекте РСОШ 2026/27;https://rsr-olymp.ru/news/123;24.09.2026;"Московский физико-технический институт; →";"olymp-online.mipt.ru; olymp@phystech.edu";"Положение и регламент; →";Олимпиада проводится для учащихся 9-11 классов. Чтобы пройти в финал, нужно успешно пройти отборочный этап.;Личная | Участник самостоятельно выполняет задания | Очная | Для участия нужно прийти в заранее известное место проведения;Объединение: Олимпиада школьников «Физтех»;https://olimpiada.ru/activity/5839
5437;Открытая региональная межвузовская олимпиада школьников по русскому языку;Русский язык;8–11 классы;8.0;11.0;Очно-заочная;Личная;8.0;Следующий цикл ожидается;Следующее соревнование начнется в октябре;Следующее соревнование: Следующее соревнование начнется в октябре;Частично заполнен по текущему статусу;Расписание олимпиады в этом году пока не известно;;https://olimpiada.ru/activity/5437;II;русский язык;"Проект РСОШ 2026/27; не утвержден на 24.09.2026";https://www.garant.ru/products/ipo/prime/doc/56963051/;24.09.2026;"Национальный исследовательский Томский государственный университет; →; Национальный исследовательский Томский политехнический университет; Томский государственный университет систем управления и радиоэлектроники; Сибирский государственный медицинской университет; Томский государственный архитектурно-строительный университет; Томский государственный педагогический университет";"abiturient.tsu.ru/...; ormo@mail.tsu.ru";"Положение; →; Регламент";;Личная | Участник самостоятельно выполняет задания | Очно-заочная | Нужно пройти дистанционный отбор, чтобы участвовать в очном финале;Объединение: Открытая региональная межвузовская олимпиада школьников;https://olimpiada.ru/activity/5437
5522;Открытая российская интернет-олимпиада по русскому языку;Русский язык;1–9 классы;1.0;9.0;Дистанционная;Личная;8.2;Регистрация завершена;Регистрация открыта до 22 сентября;"Осенняя олимпиада: До 28 сен
Зимняя олимпиада: 20—28 дек
Весенняя олимпиада: 20—28 мар";Опубликован;"Осенняя олимпиада
До 28 сен
Зимняя олимпиада
20—28 дек
Весенняя олимпиада
20—28 мар";Обновлено 18 июня;https://olimpiada.ru/activity/5522;—;;Точное соответствие проекту РСОШ 2026/27 не найдено;https://rsr-olymp.ru/news/123;24.09.2026;СПбАППО;"metaschool.ru/...; krug@metaschool.ru";;;Личная | Участник самостоятельно выполняет задания | Дистанционная | Можно участвовать не выходя из дома, достаточно иметь компьютер с доступом в интернет;Объединение: Открытые российские интернет-олимпиады для школьников;https://olimpiada.ru/activity/5522
5013;Плехановская олимпиада по русскому языку;Русский язык;8–11 классы;8.0;11.0;Очно-заочная;Личная;8.1;Следующий цикл ожидается;Следующее соревнование начнется в октябре;Следующее соревнование: Следующее соревнование начнется в октябре;Частично заполнен по текущему статусу;Расписание олимпиады в этом году пока не известно;;https://olimpiada.ru/activity/5013;II;русский язык;"Проект РСОШ 2026/27; не утвержден на 24.09.2026";https://www.garant.ru/products/ipo/prime/doc/56963051/;24.09.2026;"РЭУ имени Г. В. Плеханова; →";"rea.ru/...; olymp@rea.ru";;Олимпиада для школьников, изучающих русский язык. .. Соревнование проходит в два этапа: отборочный и заключительный. Первый этап дистанционный, задания выполняются в интернете. Второй этап проходит очно в стенах Российского экономического университета имени Г. В. Плеханова и на региональных площадках. На финал приглашаются участники, успешно прошедшие отборочный этап, и победители и призеры заключительного этапа прошлого года.;Личная | Участник самостоятельно выполняет задания | Очно-заочная | Нужно пройти дистанционный отбор, чтобы участвовать в очном финале;Объединение: Плехановская олимпиада школьников;https://olimpiada.ru/activity/5013
92;Всероссийская олимпиада по труду (технологии);Технология;5–11 классы;5.0;11.0;Очная;Личная;7.6;Идёт этап;Школьный этап проходит до 1 ноября;"Школьный этап: До 1 ноя
Муниципальный этап: 2 ноя—25 дек";Опубликован;"Школьный этап
До 1 ноя
Муниципальный этап
2 ноя—25 дек";Обновлено 1 сентября;https://olimpiada.ru/activity/92;ВсОШ;Технология;"ВсОШ: отдельная система; уровни I–III РСОШ не применяются";https://vserosolimp.edsoo.ru/;24.09.2026;"Минпросвещения России; →; Ответственные в регионах";vserosolimp.edsoo.ru;"Порядок проведения; →";Всероссийская олимпиада школьников по труду (технологии) проводится для учащихся 5-11 классов. С 2025/26 учебного года соревнование включает два профиля: «Культура дома, дизайн и технология» и «Техника, технология и техническое творчество». .. Олимпиада состоит из четырех этапов: школьного, муниципального, регионального и заключительного. Каждый из них включает в себя три тура. На первом ребятам нужно ответить на теоретические вопросы, а также выполнить творческое задание. Тематика работы зависит от того, какой профиль выбрал для себя школьник. На втором туре ребятам предлагается выполнить несколько практических работ. Третий тур требует домашней подготовки: в ходе него участники презентуют свои проекты. Победители и призеры заключительного этапа олимпиады получают льготы при поступлении в высшие учебные заведения.;Личная | Участник самостоятельно выполняет задания | Очная | Для участия нужно прийти в заранее известное место проведения | Правила игры | Общие положения прописаны в Порядке проведения олимпиады, который утверждает Минобрнауки России | Порядок проведения ВсОШ → | Льготы при поступлении | Победители и призеры финала олимпиады поступают без экзаменов в любой вуз по профильному направлению | Подробнее о льготах → | Локальные особенности | В Москве школьный этап проходит по единым заданиям и единому графику | Сайт этапов ВсОШ в Москве →;Объединение: Всероссийская олимпиада школьников;https://olimpiada.ru/activity/92
113;Московская олимпиада по труду (технологии);Технология;7–8 классы;7.0;8.0;Очно-заочная;Личная;7.7;Расписание не опубликовано;Ожидается расписание состязания;Публикация расписания: ожидается расписание состязания;Частично заполнен по текущему статусу;Расписание олимпиады в этом году пока не известно;;https://olimpiada.ru/activity/113;—;;Этот профиль не найден в проекте РСОШ 2026/27;https://rsr-olymp.ru/news/123;24.09.2026;"Департамент образования и науки города Москвы; →";xn----htbwilli0b.xn--l1afu.xn--p1ai;"Положение; →";Московская олимпиада школьников по труду (технологии) проводится в двух номинациях: «Культура дома, дизайн и технологии» и «Техника, технологии и техническое творчество». В ней участвуют ученики 7-8 классов. Соревнование проходит в два этапа: отборочный и заключительный. .. Труд (технология) — уникальная дисциплина, где одинаково важны разносторонние теоретические знания и практические навыки. Участникам нужно разбираться в различных областях знаний: от народных промыслов до радиоэлектроники, уметь делать чертежи и выкройки, убедительно презентовать свои проекты, моделировать с использованием компьютерных программ.;Личная | Участник самостоятельно выполняет задания | Очно-заочная | Нужно пройти дистанционный отбор, чтобы участвовать в очном финале;Объединение: Московская олимпиада школьников;https://olimpiada.ru/activity/113
6935;Олимпиада креативных технологий «Техно-Зигзаг»;Технология;8–11 классы;8.0;11.0;Очно-заочная;Личная;4.6;Расписание не опубликовано;Расписание олимпиады в этом году пока не известно;Не опубликовано;Не опубликован;Расписание олимпиады в этом году пока не известно;;https://olimpiada.ru/activity/6935;—;;Точное соответствие проекту РСОШ 2026/27 не найдено;https://rsr-olymp.ru/news/123;24.09.2026;"Санкт-Петербургский государственный университет промышленных технологий и дизайна; →";"prouniver.ru/...; mtm@sutd.ru";"Положение; →; Регламент";"Олимпиада «Техно-Зигзаг» рассчитана для школьников 8-11 классов и студентов колледжей, которым интересно изготовление одежды, кто рисует эскизы, моделирует и шьет. .. Состязание проводится в два этапа: отборочный и заключительный. Отборочный этап проходит в заочной форме с применением дистанционных технологий и состоит из трех заданий: эскизы коллекции одежды; технический рисунок для каждого эскиза из коллекции; художественно-техническое описание. Заключительный также включает три задания: конструктивное моделирование заданной модели женской одежды; составление технологической последовательности изготовления (пошива) изделия; раскладка лекал заданной модели женской одежды на ткани. Участники олимпиады при выполнении заданий смогут понять, как устроена работа швейного производства, какие этапы являются самыми важными.";Личная | Участник самостоятельно выполняет задания | Очно-заочная | Нужно пройти дистанционный отбор, чтобы участвовать в очном финале;Каталог /activities;https://olimpiada.ru/activity/6935
251;Олимпиада школьников «Ломоносов» по высоким технологиям;"Технология; Биология; Математика; Физика; Химия";5–11 классы;5.0;11.0;Очно-заочная;Личная;8.6;Расписание не опубликовано;Расписание следующей олимпиады ожидается в октябре 2026 года;Публикация расписания: ожидается в октябре 2026 года;Частично заполнен по текущему статусу;Расписание олимпиады в этом году пока не известно;;https://olimpiada.ru/activity/251;II;высокие технологии;"Проект РСОШ 2026/27; не утвержден на 24.09.2026";https://www.garant.ru/products/ipo/prime/doc/56963051/;24.09.2026;"Московский государственный университет имени М. В. Ломоносова; →";"olymp.msu.ru; olymp@lomonosov.msu.ru";"Положение; →; Регламент; Положение об апелляциях";Соревнование по высоким технологиям проводится в рамках олимпиады школьников «Ломоносов» с 2024/25 учебного года. .. Первый, отборочный, проводится заочно. Финал проходит в очном формате или дистанционно. До 2022 года состязание носило следующее название: олимпиада школьников «Нанотехнологии – прорыв в будущее!». До 2024/25 учебного года соревнование называлось олимпиада «Высокие технологии и материалы будущего».;Личная | Участник самостоятельно выполняет задания | Очно-заочная | Нужно пройти дистанционный отбор, чтобы участвовать в очном финале;Объединение: Олимпиада школьников «Ломоносов»;https://olimpiada.ru/activity/251
5386;Всероссийская олимпиада по 3D-технологиям;"Технология; География; Информатика; История; Литература; Математика; Физика; Черчение";5–11 классы;5.0;11.0;Очная;Командная;7.4;Расписание не опубликовано;Расписание олимпиады в этом году пока не известно;Не опубликовано;Не опубликован;Расписание олимпиады в этом году пока не известно;;https://olimpiada.ru/activity/5386;—;;Точное соответствие проекту РСОШ 2026/27 не найдено;https://rsr-olymp.ru/news/123;24.09.2026;"Ассоциация «Внедрения инноваций в сфере 3D образования»; →";"3dobrazovanie.ru/...; edu@3dobrazovanie.ru";;Олимпиада проводится в очном формате для учеников 5-11 классов. Участники выполняют задачи по 3D-моделированию и прототипированию, разработке и 3-D печати прототипов изобретений, инженерному творчеству и технологическому предпринимательству. .. Школьники работают в команде, создают и реализовывают собственные инженерные проекты, проявляя фантазию и инженерные способности, и презентуют проекты жюри. Направления олимпиады;Командная | Участники выполняют задания вместе и борются за общий результат | Очная | Для участия нужно прийти в заранее известное место проведения;Каталог /activities;https://olimpiada.ru/activity/5386
5900;Турнир «Умножая таланты» по цифровым технологиям в нефтегазовой сфере;"Технология; Информатика; Физика";8–11 классы;8.0;11.0;Очно-заочная;Личная;5.9;Расписание не опубликовано;Расписание следующего турнира ожидается в январе 2027 года;Публикация расписания: ожидается в январе 2027 года;Частично заполнен по текущему статусу;Расписание олимпиады в этом году пока не известно;;https://olimpiada.ru/activity/5900;—;;Точное соответствие проекту РСОШ 2026/27 не найдено;https://rsr-olymp.ru/news/123;24.09.2026;Фонд поддержки социальных инициатив «Родные города»;"rodnyegoroda.ru/...; info@rodnyegoroda.ru";"Положение; →";Турнир по направлению «Цифровые технологии в нефтегазовой сфере» проводится для всех желающих учеников 8-11 классов. Соревнование включает три этапа: отборочный, региональный и заключительный. .. В рамках турнира участники решают олимпиадные задания по физике и информатике, посещают онлайн-лекции и мастер-классы по цифровым технологиям в нефтегазовой сфере. В финале состязания школьники защищают собственные проекты.;Личная | Участник самостоятельно выполняет задания | Очно-заочная | Нужно пройти дистанционный отбор, чтобы участвовать в очном финале;Каталог /activities;https://olimpiada.ru/activity/5900
5863;Всероссийская олимпиада по социально-культурным технологиям;"Технология; Искусство; Литература";7–11 классы;7.0;11.0;Очно-заочная;Личная;6.3;Расписание не опубликовано;Расписание следующей олимпиады ожидается в феврале 2027 года;Публикация расписания: ожидается в феврале 2027 года;Частично заполнен по текущему статусу;Расписание олимпиады в этом году пока не известно;;https://olimpiada.ru/activity/5863;—;;Точное соответствие проекту РСОШ 2026/27 не найдено;https://rsr-olymp.ru/news/123;24.09.2026;"Пермский государственный институт культуры; →";"pgik.ru/...; olimpiada.pgik@mail.ru";"Положение и регламент; →";"Олимпиада проводится индивидуально для учеников 8-11 классов и студентов профессиональных образовательных организаций. Попробовать свои силы участники могут в следующих направлениях: библиотековедение; социально-культурная деятельность, культурология и музееведение. .. Состязание включает два этапа. Первый проходит заочно. Участники, успешно прошедшие отбор, приглашаются на заключительный, очный этап состязания.";Личная | Участник самостоятельно выполняет задания | Очно-заочная | Нужно пройти дистанционный отбор, чтобы участвовать в очном финале;Каталог /activities;https://olimpiada.ru/activity/5863
5166;Олимпиада по радиотехнике и компьютерным технологиям;"Технология; Физика";9–11 классы;9.0;11.0;Очно-заочная;Личная;7.3;Информация ожидается;Ожидается информация от организаторов;Обновление информации: ожидается информация от организаторов;Частично заполнен по текущему статусу;Расписание олимпиады в этом году пока не известно;;https://olimpiada.ru/activity/5166;—;;Точное соответствие проекту РСОШ 2026/27 не найдено;https://rsr-olymp.ru/news/123;24.09.2026;"Физтех-школа радиотехники и компьютерных технологий; →";"abitu.net/...; abitu@phystech.edu";;Проводится для школьников, заинтересованных в физике и технике. Выполняя задания, участники могут получить полезный опыт в решении практических задач. .. Соревнование включает два этапа: заочный и очный. Для участия нужно зарегистрироваться.;Личная | Участник самостоятельно выполняет задания | Очно-заочная | Нужно пройти дистанционный отбор, чтобы участвовать в очном финале;Каталог /activities;https://olimpiada.ru/activity/5166
5621;Romanian Master of Physics;Физика;9–11 классы;9.0;11.0;Очная;Командная;6.6;Информация ожидается;Ожидается информация от организаторов;Обновление информации: ожидается информация от организаторов;Частично заполнен по текущему статусу;Расписание олимпиады в этом году пока не известно;;https://olimpiada.ru/activity/5621;—;;Точное соответствие проекту РСОШ 2026/27 не найдено;https://rsr-olymp.ru/news/123;24.09.2026;;rmph.lbi.ro/...;;Международное соревнование для команд физиков традиционно проводится в Румынии Международная олимпиада Romanian Master of Physics проходит в Румынии для школьников из России и стран Евросоюза. Соревнование является командным и проводится в два тура: теоретический и экспериментальный.;Командная | Участники выполняют задания вместе и борются за общий результат | Очная | Для участия нужно прийти в заранее известное место проведения;Каталог /activities;https://olimpiada.ru/activity/5621
5082;Азиатская физическая олимпиада (APhO);Физика;11 класс;11.0;11.0;Очная;Личная;7.1;Расписание не опубликовано;Расписание олимпиады в этом году пока не известно;Не опубликовано;Не опубликован;Расписание олимпиады в этом году пока не известно;;https://olimpiada.ru/activity/5082;—;;Точное соответствие проекту РСОШ 2026/27 не найдено;https://rsr-olymp.ru/news/123;24.09.2026;;apho2026.kr/...;;Азиатская физическая олимпиада – ежегодное соревнование для школьников по физике. Впервые соревнование состоялось в Индонезии в 2000 году. .. Соревнование проходит по правилам Международной физической олимпиады: один пятичасовой теоретический тур и один или два экспериментальных тура.;Личная | Участник самостоятельно выполняет задания | Очная | Для участия нужно прийти в заранее известное место проведения;Объединение: Международные олимпиады;https://olimpiada.ru/activity/5082
5743;Балтийская олимпиада по физике (NBPhO);Физика;8–11 классы;8.0;11.0;Очная;Командная;6.6;Расписание не опубликовано;Расписание олимпиады в этом году пока не известно;Не опубликовано;Не опубликован;Расписание олимпиады в этом году пока не известно;;https://olimpiada.ru/activity/5743;—;;Точное соответствие проекту РСОШ 2026/27 не найдено;https://rsr-olymp.ru/news/123;24.09.2026;;nbpho.ee;;Балтийская олимпиада по физике проводится ежегодно для школьников из Эстонии, Финляндии, Латвии и Швеции. Соревнование проходит в один теоретический тур. .. Каждую страну представляют до 20 участников не старше 20 лет. В состав гостевой команды может входить до 5 школьников. https://nbpho.ee/;Командная | Участники выполняют задания вместе и борются за общий результат | Очная | Для участия нужно прийти в заранее известное место проведения;Объединение: Международные олимпиады;https://olimpiada.ru/activity/5743
74;Всероссийская олимпиада по физике;Физика;7–11 классы;7.0;11.0;Очная;Личная;8.5;Этап запланирован;Школьный этап на платформе «Сириуса» пройдет с 29 сентября по 2 октября;"Школьный этап на платформе «Сириуса»: 29 сен—2 окт
Школьный этап: До 1 ноя
Муниципальный этап: 2 ноя—25 дек";Опубликован;"Школьный этап на платформе «Сириуса»
29 сен—2 окт
Школьный этап
До 1 ноя
Муниципальный этап
2 ноя—25 дек";Обновлено 3 сентября;https://olimpiada.ru/activity/74;ВсОШ;Физика;"ВсОШ: отдельная система; уровни I–III РСОШ не применяются";https://vserosolimp.edsoo.ru/;24.09.2026;"Минпросвещения России; →; Ответственные в регионах";vserosolimp.edsoo.ru;"Порядок проведения; →";Всероссийская олимпиада школьников по физике состоит из четырех этапов. .. В первом из них, школьном, могут участвовать учащиеся, начиная с седьмого класса. Он проводится в сентябре-октябре. Как правило, участникам предлагают решить 4-5 задач. Затем следует муниципальный этап, он также проходит для школьников 7-11 классов. А в следующем, региональном, могут участвовать только учащиеся 9-11 классов (для семи- и восьмиклассников проводится аналог третьего и четвертого этапов – олимпиада Максвелла). Именно на этом этапе к теоретическому туру добавляется еще и экспериментальный. В заключительном этапе ежегодно принимают участие около 300 школьников. В нем так же, как и в региональном, два тура. Победители и призеры финала зачисляются в профильные вузы без экзаменов. Школьные олимпиады по физике проводятся в Москве с 1938 года. Первое всесоюзное соревнование прошло в 1962 году.;Личная | Участник самостоятельно выполняет задания | Очная | Для участия нужно прийти в заранее известное место проведения | Правила игры | Общие положения прописаны в Порядке проведения олимпиады, который утверждает Минобрнауки России | Порядок проведения ВсОШ → | Льготы при поступлении | Победители и призеры финала олимпиады поступают без экзаменов в любой вуз по профильному направлению | Подробнее о льготах → | Локальные особенности | В Москве школьный этап проходит по единым заданиям и единому графику | Сайт этапов ВсОШ в Москве →;Объединение: Всероссийская олимпиада школьников;https://olimpiada.ru/activity/74
183;Всероссийский турнир юных физиков;Физика;9–11 классы;9.0;11.0;Очно-заочная;Командная;7.7;Расписание не опубликовано;Расписание олимпиады в этом году пока не известно;Не опубликовано;Не опубликован;Расписание олимпиады в этом году пока не известно;;https://olimpiada.ru/activity/183;—;;Точное соответствие проекту РСОШ 2026/27 не найдено;https://rsr-olymp.ru/news/123;24.09.2026;"Московский государственный университет имени М. В. Ломоносова; →";"iypt.ru; suhov@iypt.ru";;Всероссийский турнир юных физиков – это лично-командное состязание школьников старших классов в умении решать сложные исследовательские и научные проблемы, убедительно представлять свои решения, отстаивать их в научных дискуссиях – физических боях. .. В июле жюри формируются 17 задач открытого типа, которые должны быть решены и подготовлены к докладу командой. В коллектив могут входить пять школьников. Связаться с организаторами в регионах можно по контактам .;Командная | Участники выполняют задания вместе и борются за общий результат | Очно-заочная | Нужно пройти дистанционный отбор, чтобы участвовать в очном финале;Каталог /activities;https://olimpiada.ru/activity/183
5215;Герценовская олимпиада школьников по физике;Физика;9–11 классы;9.0;11.0;Очно-заочная;Личная;7.0;Расписание не опубликовано;Расписание олимпиады в этом году пока не известно;Не опубликовано;Не опубликован;Расписание олимпиады в этом году пока не известно;;https://olimpiada.ru/activity/5215;—;;Точное соответствие проекту РСОШ 2026/27 не найдено;https://rsr-olymp.ru/news/123;24.09.2026;РГПУ им. А. И. Герцена;"herzen.spb.ru/...; rgpu.olymp@yandex.ru; herzen1797@gmail.com";"Положение; →";Олимпиаду проводит физический факультет Российского государственного педагогического университета имени А. И. Герцена. К участию приглашаются ученики 9-11 классов. .. Соревнования организуются дважды в течение учебного года: осенью и весной.;Личная | Участник самостоятельно выполняет задания | Очно-заочная | Нужно пройти дистанционный отбор, чтобы участвовать в очном финале;Объединение: Герценовские внутривузовские олимпиады;https://olimpiada.ru/activity/5215
5658;Европейская физическая олимпиада (EuPhO);Физика;9–11 классы;9.0;11.0;Очная;Личная;7.6;Следующий цикл ожидается;Следующее соревнование пройдет в июне 2027 года;Следующее соревнование: Следующее соревнование пройдет в июне 2027 года;Частично заполнен по текущему статусу;Расписание олимпиады в этом году пока не известно;;https://olimpiada.ru/activity/5658;—;;Точное соответствие проекту РСОШ 2026/27 не найдено;https://rsr-olymp.ru/news/123;24.09.2026;;eupho.ee;;Европейская физическая олимпиада – международное региональное соревнование для старшеклассников. Впервые состоялось в 2017 году в Эстонии. .. Каждую страну на олимпиаде может представлять команда из пяти школьников не старше 20 лет и одного руководителя. Соревнование проходит в два тура: теоретический состоит из трех задач (легкого, среднего и высокого уровней сложности), экспериментальный включает в себя одну или две задачи.;Личная | Участник самостоятельно выполняет задания | Очная | Для участия нужно прийти в заранее известное место проведения;Объединение: Международные олимпиады;https://olimpiada.ru/activity/5658
282;Инженерная олимпиада школьников;Физика;9–11 классы;9.0;11.0;Очно-заочная;Личная;8.2;Следующий цикл ожидается;Следующее соревнование начнется в октябре;Следующее соревнование: Следующее соревнование начнется в октябре;Частично заполнен по текущему статусу;Расписание олимпиады в этом году пока не известно;;https://olimpiada.ru/activity/282;I;физика;"Проект РСОШ 2026/27; не утвержден на 24.09.2026";https://www.garant.ru/products/ipo/prime/doc/56963051/;24.09.2026;"Национальный исследовательский ядерный университет МИФИ; →; Московский государственный университет путей сообщения (МИИТ); Нижегородский государственный технический университет им. Р. Е. Алексеева; Самарский государственный аэрокосмический университет имени академика С.П. Королева (национальный исследовательский университет); Санкт-Петербургский государственный электротехнический университет ЛЭТИ им. В. И. Ульянова (Ленина)";"olymp.mephi.ru/...; olympiad@mephi.ru";"Положение и регламент; →";Инженерная олимпиада школьников проводится ежегодно ведущими техническими вузами России для школьников 9-11 классов. .. Задания олимпиады не выходят за рамки школьного курса физики, но имеют ярко выраженный инженерный характер. Они включают в себя элементы прикладной механики и машиностроения, технической термодинамики, электротехники, электроники, ядерных технологий. Среди заданий встречаются задачи-оценки, а также задачи, в которых рассматриваются принципы работы тех или иных инженерных систем. Олимпиада проводится в два этапа – отборочный и заключительный. Первый этап можно пройти дистанционно и очно на площадках вузов-организаторов, учитываться будет лучший результат. На финальные соревнования, которые проводятся очно, приглашаются победители и призеры отборочного этапа.;Личная | Участник самостоятельно выполняет задания | Очно-заочная | Нужно пройти дистанционный отбор, чтобы участвовать в очном финале;Каталог /activities;https://olimpiada.ru/activity/282
57;Интернет-олимпиада школьников по физике;Физика;7–11 классы;7.0;11.0;Очно-заочная;Личная;9.1;Этап указан;Финал;"Первый дистанционный тур: 22—28 ноя
Второй дистанционный тур: 17—23 янв
Финал: 13 мар";Опубликован;"Первый дистанционный тур
22—28 ноя
Второй дистанционный тур
17—23 янв
Финал
13 мар";Обновлено 2 сентября;https://olimpiada.ru/activity/57;II;физика;"Проект РСОШ 2026/27; не утвержден на 24.09.2026";https://www.garant.ru/products/ipo/prime/doc/56963051/;24.09.2026;"Санкт-Петербургский Государственный университет (СПбГУ); →; Университет ИТМО";"distolymp2.spbu.ru/...; v.v.monahov@mail.ru";"Положение; →; Регламент";Интернет-олимпиада школьников по физике подходит тем учащимся 7-11 классов, которые интересуются физикой, на достаточно высоком уровне знают математику и владеют компьютерными технологиями. .. Основное отличие от других олимпиад по физике заключается в использовании виртуальных лабораторий. Задания составляются таким образом, чтобы воспроизвести те особенности, которые присущи реальному физическому эксперименту. Олимпиада проходит в два этапа. Дистанционный проводится онлайн и включает два заочных тура. Заключительный (очный) этап организуется на базе компьютерных классов вузов-организаторов.;Личная | Участник самостоятельно выполняет задания | Очно-заочная | Нужно пройти дистанционный отбор, чтобы участвовать в очном финале;Каталог /activities;https://olimpiada.ru/activity/57
4308;Конференция «Шаг в будущее. Космонавтика»;Физика;9–11 классы;9.0;11.0;Очно-заочная;Личная;7.4;Регистрация открыта;Идет регистрация на отборочный этап;Не опубликовано;Не опубликован;Расписание олимпиады в этом году пока не известно;;https://olimpiada.ru/activity/4308;—;;Этот профиль не найден в проекте РСОШ 2026/27;https://rsr-olymp.ru/news/123;24.09.2026;"МГТУ имени Н. Э. Баумана; →";"ysc.sm.bmstu.ru/...; olimp.ysc.bmstu@gmail.com";"Положение и регламент; →";Конференция проводится в рамках олимпиады «Шаг в будущее» по профилю «Инженерное дело» по физике и программированию. Состязание включает два этапа. .. Отборочный этап представляет собой академическое соревнование по физике и программированию, также участникам необходимо подготовить видео-визитку научного проекта. Заключительный этап включает защиту научно-исследовательской работы и очное академическое соревнование по предметам.;Личная | Участник самостоятельно выполняет задания | Очно-заочная | Нужно пройти дистанционный отбор, чтобы участвовать в очном финале;Объединение: Олимпиада «Шаг в будущее»;https://olimpiada.ru/activity/4308
5904;Международная научная физическая олимпиада;Физика;9–11 классы;9.0;11.0;Очная;Личная;5.7;Расписание не опубликовано;Расписание олимпиады в этом году пока не известно;Не опубликовано;Не опубликован;Расписание олимпиады в этом году пока не известно;;https://olimpiada.ru/activity/5904;—;;Точное соответствие проекту РСОШ 2026/27 не найдено;https://rsr-olymp.ru/news/123;24.09.2026;"Московский физико-технический институт; →";ispho.mipt.ru;;Олимпиада проводится с 2023 года. Состязание включает теоретический и экспериментальный туры. .. В рамках состязания школьники показывают навыки компьютерного анализа и моделирования, а также выполняют лабораторную работу. Задания предлагаются в рамках тем, которые используются на Азиатской физической олимпиаде.;Личная | Участник самостоятельно выполняет задания | Очная | Для участия нужно прийти в заранее известное место проведения;Каталог /activities;https://olimpiada.ru/activity/5904
5395;Международная олимпиада УрФУ для школьников «Изумруд» по физике;Физика;8–11 классы;8.0;11.0;Очно-заочная;Личная;8.1;Идёт этап;Отборочный этап проходит до 19 января;"Отборочный этап: До 19 янв
Дополнительная дата: 31 янв—2 фев";Частично опубликован;"Отборочный этап
До 19 янв
31 янв—2 фев";Обновлено 4 июня;https://olimpiada.ru/activity/5395;—;;Этот профиль не найден в проекте РСОШ 2026/27;https://rsr-olymp.ru/news/123;24.09.2026;"Уральский федеральный университет имени первого Президента России Б. Н. Ельцина; →";"izumrud.urfu.ru; olymp@urfu.ru";"Нормативные документы; →";;Личная | Участник самостоятельно выполняет задания | Очно-заочная | Нужно пройти дистанционный отбор, чтобы участвовать в очном финале;Объединение: Международная олимпиада УрФУ для школьников «Изумруд»;https://olimpiada.ru/activity/5395
5801;Международная олимпиада по физике имени Ахмада Аль-Фергани;Физика;8–11 классы;8.0;11.0;Очная;Личная;6.3;Расписание не опубликовано;Расписание олимпиады в этом году пока не известно;Не опубликовано;Не опубликован;Расписание олимпиады в этом году пока не известно;;https://olimpiada.ru/activity/5801;—;;Точное соответствие проекту РСОШ 2026/27 не найдено;https://rsr-olymp.ru/news/123;24.09.2026;;"ru.iafpho2021.uz; iafpho2021@gmail.com";"Положение; →";Олимпиада впервые прошла в 2021 году в Узбекистане. Состязание проходит среди команд школьников возрасте от 15 и до 18 лет. В составе сборной могут быть четверо учеников и двое руководителей. .. Олимпиада включает два тура. Первый проводится в форме письменной работы. За 3 часа участникам нужно решить три задачи. Второй тур – практический, на котором школьники выполняют лабораторную работу. Сделать это необходимо за 2 часа.;Личная | Участник самостоятельно выполняет задания | Очная | Для участия нужно прийти в заранее известное место проведения;Каталог /activities;https://olimpiada.ru/activity/5801
6928;Международная олимпиада по физике имени П. Л. Капицы;Физика;9–11 классы;9.0;11.0;Очная;Командная;5.8;Информация ожидается;Информация о следующей олимпиаде ожидается в феврале 2027 года;Обновление информации: ожидается в феврале 2027 года;Частично заполнен по текущему статусу;Расписание олимпиады в этом году пока не известно;;https://olimpiada.ru/activity/6928;—;;Точное соответствие проекту РСОШ 2026/27 не найдено;https://rsr-olymp.ru/news/123;24.09.2026;"Физтех-лицей им. П.Л. Капицы; →";"kipho.ru; support@kipho.ru";"Положение; →";Соревнование посвящено экспериментальной физике с использованием компьютерных технологий обработки и визуализации данных. Для участия нужно собрать команду. Олимпиада включает три тура:. .. Первый представляет собой индивидуальный классический тур с двумя задачами по образу заключительного этапа Всероссийской олимпиады школьников по физике. На индивидуальном туре участникам нужно решить одну большую задачу, требующую компьютерные средства обработки полученных данных. Командный тур включает теоретическую экспериментальную задачи, требующих обработку данных на компьютере.;Командная | Участники выполняют задания вместе и борются за общий результат | Очная | Для участия нужно прийти в заранее известное место проведения;Каталог /activities;https://olimpiada.ru/activity/6928
135;Международная физическая олимпиада;Физика;10–11 классы;10.0;11.0;Очная;Личная;6.7;Расписание не опубликовано;Расписание олимпиады в этом году пока не известно;Не опубликовано;Не опубликован;Расписание олимпиады в этом году пока не известно;;https://olimpiada.ru/activity/135;—;;Точное соответствие проекту РСОШ 2026/27 не найдено;https://rsr-olymp.ru/news/123;24.09.2026;;ipho2026.com;;Международная физическая олимпиада проводится с 1967 года. В сборную входят не более пяти школьников, успешно выступивших на национальных соревнованиях и отборах. .. Участники показывают свои знания и навыки в двух турах. Первый посвящен решению теоретических задач, охватывающих не менее четырех разделов физики, изучаемых в средней школе. Второй – экспериментальный, на котором школьники выполняют лабораторную работу. Итоги подводятся в личном зачете. Участники, успешно выступившие на олимпиаде, награждаются золотыми, серебряными и бронзовыми медалями, а также почетными грамотами. Расписание Новости олимпиады История олимпиады;Личная | Участник самостоятельно выполняет задания | Очная | Для участия нужно прийти в заранее известное место проведения;Объединение: Международные олимпиады;https://olimpiada.ru/activity/135
5292;Международный турнир юных физиков (IYPT);Физика;9–11 классы;9.0;11.0;Очная;Командная;7.3;Следующий цикл ожидается;Следующее соревнование ожидается в июле 2027 года;Следующее соревнование: Следующее соревнование ожидается в июле 2027 года;Частично заполнен по текущему статусу;Расписание олимпиады в этом году пока не известно;;https://olimpiada.ru/activity/5292;—;;Точное соответствие проекту РСОШ 2026/27 не найдено;https://rsr-olymp.ru/news/123;24.09.2026;;iypt.org;;Международный турнир юных физиков (IYPT) – это командное соревнование для учащихся 9-11 классов. Первая олимпиада состоялась в 1988 году в Москве. С тех пор она проходит ежегодно в разных странах мира. Каждая команда состоит из пяти старшеклассников и двух тренеров. .. Турнир считается одним из самых сложных научных конкурсов в мире. Международный оргкомитет публикует 17 задач за год до соревнования, часто для их решения требуется знание смежных дисциплин. Во время подготовительного периода участники проводят эксперименты, разбирают теорию, консультируются у экспертов и пишут доклад, который представят на турнире. В ходе соревнований проводятся дискуссии, которые называются «физическими боями». Каждая команда поочередно выступает в одной из четырех ролей: докладчика, оппонента, рецензента и наблюдателя. После пяти отборочных боев определяются финалисты, которые участвуют в заключительной дискуссии. http://iypt.org/;Командная | Участники выполняют задания вместе и борются за общий результат | Очная | Для участия нужно прийти в заранее известное место проведения;Объединение: Международные олимпиады;https://olimpiada.ru/activity/5292
175;Межрегиональная олимпиада школьников на базе ведомственных образовательных организаций (физика);Физика;8–11 классы;8.0;11.0;Очно-заочная;Личная;8.1;Итоги опубликованы;"Опубликованы итоги; следующее соревнование ожидается в декабре 2026 года";"Следующее соревнование: Опубликованы итоги; следующее соревнование ожидается в декабре 2026 года";Частично заполнен по текущему статусу;Расписание олимпиады в этом году пока не известно;;https://olimpiada.ru/activity/175;III;физика;"Проект РСОШ 2026/27; не утвержден на 24.09.2026";https://www.garant.ru/products/ipo/prime/doc/56963051/;24.09.2026;"Академия ФСБ России; →; Академия ФСО России";"v-olymp.ru/...; fiz@v-olymp.ru";"Положение; →";Межрегиональная олимпиада школьников на базе ведомственных образовательных учреждений по физике проводится ежегодно с 2001 года. Соревнование является открытым и в нем может участвовать любой желающий школьник. .. Задания рассчитаны на учащихся 9-11 классов. Победители и призеры определяются в каждой параллели отдельно. Олимпиада проводится в два тура: дистанционный отборочный и очный заключительный. К участию в финале допускаются лучшие участники по итогам отборочного тура, а также победители и призеры аналогичной олимпиады прошлого года. Заключительный тур проводится очно на региональных площадках. Работы всех участников проверяются по единым критериям.;Личная | Участник самостоятельно выполняет задания | Очно-заочная | Нужно пройти дистанционный отбор, чтобы участвовать в очном финале;Объединение: Олимпиада школьников на базе ведомственных образовательных организаций;https://olimpiada.ru/activity/175
108;Московская олимпиада по физике;Физика;7–11 классы;7.0;11.0;Очно-заочная;Личная;8.1;Этап запланирован;Отборочный этап пройдет с 15 по 22 октября;"Отборочный этап: 15—22 окт
Заключительный этап: 28 фев";Опубликован;"Отборочный этап
15—22 окт
Заключительный этап
28 фев";Обновлено 16 сентября;https://olimpiada.ru/activity/108;I;физика;"Проект РСОШ 2026/27; не утвержден на 24.09.2026";https://www.garant.ru/products/ipo/prime/doc/56963051/;24.09.2026;"Департамент образования и науки города Москвы; →; Физический факультет МГУ имени М. В. Ломоносова";"mosphys.olimpiada.ru; phys@mosolymp.ru";"Положение; →";Олимпиада с богатой историей для школьников 7-11 классов. Впервые была организована на физическом факультете МГУ имени М. В. Ломоносова в 1939 году. .. Отборочный этап олимпиады открыт для всех желающих. Его можно пройти заочно (дистанционно). Туры заключительного этапа олимпиады проводятся только очно в разных регионах России. Для школьников 7-10 классов финал проходит в один день. Ученикам 11 класса необходимо принять участие в двух турах.;Личная | Участник самостоятельно выполняет задания | Очно-заочная | Нужно пройти дистанционный отбор, чтобы участвовать в очном финале;Объединение: Московская олимпиада школьников;https://olimpiada.ru/activity/108
361;Олимпиада «Будущие исследователи - будущее науки» по физике;Физика;7–11 классы;7.0;11.0;Очно-заочная;Личная;8.1;Следующий цикл ожидается;Следующее соревнование начнется в ноябре 2026 года;Следующее соревнование: Следующее соревнование начнется в ноябре 2026 года;Частично заполнен по текущему статусу;Расписание олимпиады в этом году пока не известно;;https://olimpiada.ru/activity/361;III;физика;"Проект РСОШ 2026/27; не утвержден на 24.09.2026";https://www.garant.ru/products/ipo/prime/doc/56963051/;24.09.2026;"Белгородский государственный технологический университет им. В.Г. Шухова; →; Правительство Нижегородской области; Нижегородский государственный университет им. Н.И.Лобачевского; Российский федеральный ядерный центр ВНИИЭФ г. Сарова; Ярославская государственная медицинская академия; Ярославский государственный университет им. П.Г.Демидова";"unn.ru/...; olimp@unn.ru";"Положение; →; Регламент";Олимпиада «Будущие исследователи - будущее науки» по физике проводится для учеников 7-11 классов в два этапа. .. Задания первого этапа можно выполнять как очно на площадках организаторов, так и дистанционно. Финал проводится только очно и представляет собой предметную олимпиаду с защитой проекта.;Личная | Участник самостоятельно выполняет задания | Очно-заочная | Нужно пройти дистанционный отбор, чтобы участвовать в очном финале;Объединение: Олимпиада «Будущие исследователи - будущее науки»;https://olimpiada.ru/activity/361
232;Олимпиада «Наследники Левши»;Физика;7–11 классы;7.0;11.0;Очно-заочная;Личная;7.8;Следующий цикл ожидается;Следующее соревнование начнется в декабре 2026 года;Следующее соревнование: Следующее соревнование начнется в декабре 2026 года;Частично заполнен по текущему статусу;Расписание олимпиады в этом году пока не известно;;https://olimpiada.ru/activity/232;—;;Точное соответствие проекту РСОШ 2026/27 не найдено;https://rsr-olymp.ru/news/123;24.09.2026;"Тульский государственный университет; →";"tsu.tula.ru/...; priem@tsu.tula.ru";;;Личная | Участник самостоятельно выполняет задания | Очно-заочная | Нужно пройти дистанционный отбор, чтобы участвовать в очном финале;Каталог /activities;https://olimpiada.ru/activity/232
5042;Олимпиада «Океан знаний» по физике;Физика;10–11 классы;10.0;11.0;Очно-заочная;Личная;7.2;Расписание не опубликовано;Расписание следующей олимпиады ожидается в сентябре 2026 года;Публикация расписания: ожидается в сентябре 2026 года;Частично заполнен по текущему статусу;Расписание олимпиады в этом году пока не известно;;https://olimpiada.ru/activity/5042;—;;Точное соответствие проекту РСОШ 2026/27 не найдено;https://rsr-olymp.ru/news/123;24.09.2026;"ФГАОУ ВПО Дальневосточный федеральный университет (ДВФУ); →";"dvfu.ru/...; ocean@dvfu.ru";;;Личная | Участник самостоятельно выполняет задания | Очно-заочная | Нужно пройти дистанционный отбор, чтобы участвовать в очном финале;Объединение: Олимпиада «Океан знаний»;https://olimpiada.ru/activity/5042
166;Олимпиада «Покори Воробьевы горы!» по физике;Физика;5–11 классы;5.0;11.0;Очно-заочная;Личная;8.4;Следующий цикл ожидается;Следующее соревнование начнется в декабре;Следующее соревнование: Следующее соревнование начнется в декабре;Частично заполнен по текущему статусу;Расписание олимпиады в этом году пока не известно;;https://olimpiada.ru/activity/166;I;физика;"Проект РСОШ 2026/27; не утвержден на 24.09.2026";https://www.garant.ru/products/ipo/prime/doc/56963051/;24.09.2026;"Газета Московский комсомолец; →; Московский государственный университет имени М. В. Ломоносова";"pvg.mk.ru; konkurs@mk.ru";"Положение; →; Регламент";МГУ имени М. В. Ломоносова и издательский дом «Московский Комсомолец» ежегодно проводят олимпиаду «Покори Воробьевы горы!» по физике. К участию приглашаются школьники 5-11 классов. .. Олимпиада проходит в два этапа. Задания отборочного этапа размещаются в личных кабинетах участников, выполнять их можно дистанционно. Заключительный этап проводится очно в МГУ имени М. В. Ломоносова и на региональных площадках.;Личная | Участник самостоятельно выполняет задания | Очно-заочная | Нужно пройти дистанционный отбор, чтобы участвовать в очном финале;Объединение: Олимпиада «Покори Воробьевы горы!»;https://olimpiada.ru/activity/166
412;Олимпиада «Росатом» по физике;Физика;7–11 классы;7.0;11.0;Очно-заочная;Личная;7.2;Идёт этап;Состязание по физике проходит для учеников 7-11 классов. Олимпиада включает отборочный и заключительный этапы.;Очный отборочный тур в Москве: 27 сен;Опубликован;"Очный отборочный тур в Москве
27 сен";Обновлено 17 сентября;https://olimpiada.ru/activity/412;I;физика;"Проект РСОШ 2026/27; не утвержден на 24.09.2026";https://www.garant.ru/products/ipo/prime/doc/56963051/;24.09.2026;"Национальный исследовательский ядерный университет «МИФИ»; →";"olymp.mephi.ru/...; olympiad@mephi.ru";"Положение и регламент; →";Состязание по физике проходит для учеников 7-11 классов. Олимпиада включает отборочный и заключительный этапы. .. Отборочный этап проводится в несколько независимых туров: очных, очно-заочных и дистанционном. Можно поучаствовать в одном или нескольких состязаниях – будет учитываться лучшее выступление. Участников, успешно прошедших отбор, пригласят на заключительный этап. Финал проходит очно в НИЯУ МИФИ Москве и в других городах России.;Личная | Участник самостоятельно выполняет задания | Очно-заочная | Нужно пройти дистанционный отбор, чтобы участвовать в очном финале;Объединение: Физико-математическая олимпиада «Росатом»;https://olimpiada.ru/activity/412
5894;Олимпиада «Твой путь в настоящую науку»;Физика;8–11 классы;8.0;11.0;Очно-заочная;Личная;7.0;Расписание не опубликовано;Расписание следующей олимпиады ожидается в октябре 2026 года;Публикация расписания: ожидается в октябре 2026 года;Частично заполнен по текущему статусу;Расписание олимпиады в этом году пока не известно;;https://olimpiada.ru/activity/5894;II;физика;"Проект РСОШ 2026/27; не утвержден на 24.09.2026";https://www.garant.ru/products/ipo/prime/doc/56963051/;24.09.2026;"Новосибирский государственный университет; →; Сибирское отделение Российской академии наук";"olymphysics.nsu.ru; olymphysics@nsu.ru";;Соревнование проводится среди всех желающих учеников 8-11 классов. Выполняя задания, ребята могут познакомиться с актуальными задачами современной физики. .. Олимпиада включает три этапа: два отборочных и заключительный. Школьники из Новосибирской области могут попробовать свои силы в отборе в очном формате, для остальных предусмотрено заочное состязание. Ребята, успешно выполнившие задания, приглашаются в финал.;Личная | Участник самостоятельно выполняет задания | Очно-заочная | Нужно пройти дистанционный отбор, чтобы участвовать в очном финале;Каталог /activities;https://olimpiada.ru/activity/5894
5842;Олимпиада «Учись строить будущее» по физике;Физика;10–11 классы;10.0;11.0;Очно-заочная;Личная;6.2;Следующий цикл ожидается;Следующее соревнование ожидается в ноябре 2026 года;Следующее соревнование: Следующее соревнование ожидается в ноябре 2026 года;Частично заполнен по текущему статусу;Расписание олимпиады в этом году пока не известно;;https://olimpiada.ru/activity/5842;—;;Точное соответствие проекту РСОШ 2026/27 не найдено;https://rsr-olymp.ru/news/123;24.09.2026;"Московский государственный строительный университет; →";"mgsu.ru/...; olimp@mgsu.ru";"Положение и регламент; →";;Личная | Участник самостоятельно выполняет задания | Очно-заочная | Нужно пройти дистанционный отбор, чтобы участвовать в очном финале;Объединение: Олимпиада «Учись строить будущее»;https://olimpiada.ru/activity/5842
6930;Олимпиада «Физические основы обработки металлов давлением»;Физика;9–11 классы;9.0;11.0;Дистанционная;Личная;6.1;Расписание не опубликовано;Расписание олимпиады в этом году пока не известно;Не опубликовано;Не опубликован;Расписание олимпиады в этом году пока не известно;;https://olimpiada.ru/activity/6930;—;;Точное соответствие проекту РСОШ 2026/27 не найдено;https://rsr-olymp.ru/news/123;24.09.2026;"Комсомольский-на-Амуре государственный университет; →";"ulymp.knastu.ru/...; ivan_andrianov_90@mail.ru";"Положение; →";"Соревнование проводится среди учеников 9-11 классов и студентов учреждений высшего и среднего профессионального образования. Олимпиада проходит в заочном формате и представляет собой тестирование. .. Задачи олимпиады: оценка уровня теоретических знаний участников по физическим и техническим направлениям, их умений и практических навыков; привлечение творчески мыслящих участников к решению актуальных научных проблем прикладного характера; подготовка к участию в предметных олимпиадах по физическим и техническим направлениям, проводимым на более высоком уровне.";Личная | Участник самостоятельно выполняет задания | Дистанционная | Можно участвовать не выходя из дома, достаточно иметь компьютер с доступом в интернет;Каталог /activities;https://olimpiada.ru/activity/6930
5633;Олимпиада «Формула Единства»/«Третье тысячелетие» по физике;Физика;8–11 классы;8.0;11.0;Очно-заочная;Личная;7.8;Этап запланирован;Отборочный этап пройдет с 16 по 29 ноября;Отборочный этап: 16—29 ноя;Опубликован;"Отборочный этап
16—29 ноя";Обновлено 15 сентября;https://olimpiada.ru/activity/5633;III;физика;"Проект РСОШ 2026/27; не утвержден на 24.09.2026";https://www.garant.ru/products/ipo/prime/doc/56963051/;24.09.2026;"ФГБОУ ВО «Санкт-Петербургский государственный морской технический университет»; →";"formulo.org/...; olimp.phys@formulo.org";;;Личная | Участник самостоятельно выполняет задания | Очно-заочная | Нужно пройти дистанционный отбор, чтобы участвовать в очном финале;Объединение: Олимпиада «Формула Единства»/«Третье тысячелетие»;https://olimpiada.ru/activity/5633
169;Олимпиада «Шаг в будущее» по физике;Физика;8–11 классы;8.0;11.0;Очно-заочная;Личная;8.7;Регистрация открыта;I волна отбора состоится с 23 по 25 октября. Идет регистрация;"I волна отборочного этапа: 23—25 окт
II волна отборочного этапа: 5—7 дек";Опубликован;"I волна отборочного этапа
23—25 окт
II волна отборочного этапа
5—7 дек";Обновлено 16 сентября;https://olimpiada.ru/activity/169;II;физика;"Проект РСОШ 2026/27; не утвержден на 24.09.2026";https://www.garant.ru/products/ipo/prime/doc/56963051/;24.09.2026;"МГТУ имени Н. Э. Баумана; →";"olymp.bmstu.ru/...; olymp@bmstu.ru";"Положение и регламент; →";Соревнование по физике проводится среди учеников 6-11 классов. Олимпиада включает два этапа: отборочный и заключительный. .. Для участия в отборочном этапе необходимо зарегистрироваться. Задания школьники выполняют дистанционно. Победителей и призеров приглашают в финал.;Личная | Участник самостоятельно выполняет задания | Очно-заочная | Нужно пройти дистанционный отбор, чтобы участвовать в очном финале;Объединение: Олимпиада «Шаг в будущее»;https://olimpiada.ru/activity/169
388;Олимпиада Курчатов по физике;Физика;7–11 классы;7.0;11.0;Очно-заочная;Личная;8.1;Расписание не опубликовано;Расписание следующей олимпиады ожидается в декабре 2026 года;Публикация расписания: ожидается в декабре 2026 года;Частично заполнен по текущему статусу;Расписание олимпиады в этом году пока не известно;;https://olimpiada.ru/activity/388;II;физика;"Проект РСОШ 2026/27; не утвержден на 24.09.2026";https://www.garant.ru/products/ipo/prime/doc/56963051/;24.09.2026;"Департамент образования и науки города Москвы; →; Национальный исследовательский центр «Курчатовский институт»; Московский физико-технический институт; Санкт-Петербургский государственный университет; Национальный исследовательский ядерный университет «МИФИ»";"olimpiadakurchatov.ru; info@olimpiadakurchatov.ru";"Регламент; →";Задания олимпиады «Курчатов» по физике рассчитаны на учеников 7-11 классов. Состязание проводится в два этапа. .. Первый этап заочный. Для участия нужно пройти регистрацию и выполнить задания в интернете. Победители и призеры отборочного этапа могут участвовать в финале. Заключительный этап проходит в очном формате в Москве и других городах России.;Личная | Участник самостоятельно выполняет задания | Очно-заочная | Нужно пройти дистанционный отбор, чтобы участвовать в очном финале;Каталог /activities;https://olimpiada.ru/activity/388
248;Олимпиада Северо-Кавказского федерального университета «45 параллель» по физике;Физика;7–11 классы;7.0;11.0;Очно-заочная;Личная;7.3;Этап запланирован;Отборочный этап пройдет с 1 октября по 20 февраля;"Отборочный этап: 1 окт—20 фев
Финал: 14 мар";Опубликован;"Отборочный этап
1 окт—20 фев
Финал
14 мар";Обновлено 31 августа;https://olimpiada.ru/activity/248;—;;Точное соответствие проекту РСОШ 2026/27 не найдено;https://rsr-olymp.ru/news/123;24.09.2026;Северо-Кавказский федеральный университет;"parallel45.olymp.ncfu.ru; olympiadastav@mail.ru";"Положение и регламент; →";;Личная | Участник самостоятельно выполняет задания | Очно-заочная | Нужно пройти дистанционный отбор, чтобы участвовать в очном финале;Объединение: Олимпиада Северо-Кавказского федерального университета «45 параллель»;https://olimpiada.ru/activity/248
6950;Олимпиада Северо-Кавказского федерального университета «45 параллель» по электроэнергетике;Физика;9–11 классы;9.0;11.0;Очно-заочная;Личная;5.0;Этап запланирован;Отборочный этап пройдет с 1 октября по 20 февраля;"Отборочный этап: 1 окт—20 фев
Финал: 13 мар";Опубликован;"Отборочный этап
1 окт—20 фев
Финал
13 мар";Обновлено 31 августа;https://olimpiada.ru/activity/6950;—;;Точное соответствие проекту РСОШ 2026/27 не найдено;https://rsr-olymp.ru/news/123;24.09.2026;Северо-Кавказский федеральный университет;"parallel45.olymp.ncfu.ru; olimpiadastav@mail.ru";"Положение и регламент; →";;Личная | Участник самостоятельно выполняет задания | Очно-заочная | Нужно пройти дистанционный отбор, чтобы участвовать в очном финале;Объединение: Олимпиада Северо-Кавказского федерального университета «45 параллель»;https://olimpiada.ru/activity/6950
5816;Олимпиада имени авиастроителя В. А. Окулова;Физика;8–11 классы;8.0;11.0;Очно-заочная;Личная;6.4;Расписание не опубликовано;Расписание олимпиады в этом году пока не известно;Не опубликовано;Не опубликован;Расписание олимпиады в этом году пока не известно;;https://olimpiada.ru/activity/5816;—;;Точное соответствие проекту РСОШ 2026/27 не найдено;https://rsr-olymp.ru/news/123;24.09.2026;Казанский национальный исследовательский технический университет имени А. Н. Туполева — КАИ;"okulov.kai.ru; kaiknitu@gmail.com";"Положение и регламент; →";Олимпиада проводится по физике среди учеников 8-11 классов из школ России и стран СНГ. Соревнование включает два этапа. .. Первый этап, отборочный, проходит в онлайн-формате. Для участия нужно зарегистрироваться. Школьники, успешно выполнившие задания отборочного этапа, приглашаются в финал. Заключительный этап проводится на базе Казанского национального исследовательского технический университета имени А. Н. Туполева – КАИ.;Личная | Участник самостоятельно выполняет задания | Очно-заочная | Нужно пройти дистанционный отбор, чтобы участвовать в очном финале;Каталог /activities;https://olimpiada.ru/activity/5816
254;Олимпиада по физике имени Дж. Кл. Максвелла;Физика;7–8 классы;7.0;8.0;Очная;Личная;8.3;Этап запланирован;Региональный этап пройдет в январе 2027 года;Региональный этап: в январе 2027 года;Частично заполнен по текущему статусу;Расписание олимпиады в этом году пока не известно;;https://olimpiada.ru/activity/254;—;;Точное соответствие проекту РСОШ 2026/27 не найдено;https://rsr-olymp.ru/news/123;24.09.2026;"Минпросвещения России; →";"maxwell.mipt.ru; maxwell@phystech.edu";"Порядок проведения; →";Олимпиада имени Дж. Кл. Максвелла проводится для учеников 7-8 классов в качестве замены регионального и заключительного этапов Всероссийской олимпиады школьников по физике (на них приглашаются только ученики 9-11 классов). .. Для участия в региональном этапе олимпиады имени Дж. Кл. Максвелла необходимо набрать определенное количество баллов на муниципальном этапе Всероссийской олимпиады школьников по физике. Также приглашаются ученики, являющиеся победителями регионального этапа прошлого года, и школьники, успешно прошедшие дистанционный учебно-отборочный курс образовательного центра «Сириус» и тестирование. Ребята, набравшие проходной балл на региональном этапе, приглашаются на заключительный этап вместе с победителями заключительного этапа прошлого года и участниками Международной естественно-научной олимпиады юниоров. Конечно, при этом все школьники должны учиться в классе не старше восьмого. Региональный и финальный этапы проводятся в два тура: теоретический и экспериментальный. Задания всех этапов олимпиады аналогичны по сложности заданиям заключительных этапов Всероссийской олимпиады школьников по физике.;Личная | Участник самостоятельно выполняет задания | Очная | Для участия нужно прийти в заранее известное место проведения;Каталог /activities;https://olimpiada.ru/activity/254
5020;Олимпиада по экспериментальной физике;Физика;8–11 классы;8.0;11.0;Очная;Лично-командная;7.3;Следующий цикл ожидается;Следующее соревнование начнется в ноябре;"Дополнительная дата: IEPhO-2026
Дополнительная дата: 26 окт—3 ноя";Частично опубликован;"IEPhO-2026
26 окт—3 ноя";Обновлено 12 августа;https://olimpiada.ru/activity/5020;—;;Точное соответствие проекту РСОШ 2026/27 не найдено;https://rsr-olymp.ru/news/123;24.09.2026;"Фонд поддержки инновационных программ «Образование и наука»; Центр педагогического мастерства; Национальный центр непрерывного естественно-научного образования";"iepho.su; iepholymp@gmail.com";;IEPhO (Experimental Physics Olympiad) – олимпиада по экспериментальной физике для учащихся 8-11 классов. Как правило, она проходит в конце осени-начале зимы. .. Цель соревнования – повысить интерес школьников к практической науке. Участники получают условия задач и необходимое оборудование и проводят опыты. В олимпиаде соревнуются команды из восьми школьников и двух руководителей каждая. Коллектив может представлять школу, кружок, город, область или даже страну. Для участия нужно пройти регистрацию на сайте. Ежегодно в олимпиаде соревнуются более 200 человек. Их работы оценивает жюри, в которое входят преподаватели и студенты МГУ имени М. В. Ломоносова и МФТИ.;Лично-командная | Можно участвовать самостоятельно или собрать команду | Очная | Для участия нужно прийти в заранее известное место проведения;Каталог /activities;https://olimpiada.ru/activity/5020
344;Олимпиада школьников «Ломоносов» по физике;Физика;7–11 классы;7.0;11.0;Очно-заочная;Личная;7.9;Расписание не опубликовано;Расписание следующей олимпиады ожидается в октябре 2026 года;Публикация расписания: ожидается в октябре 2026 года;Частично заполнен по текущему статусу;Расписание олимпиады в этом году пока не известно;;https://olimpiada.ru/activity/344;I;физика;"Проект РСОШ 2026/27; не утвержден на 24.09.2026";https://www.garant.ru/products/ipo/prime/doc/56963051/;24.09.2026;"Московский государственный университет имени М. В. Ломоносова; →; Физический факультет МГУ";"olymp.msu.ru; welcome@physics.msu.ru";"Положение; →; Регламент; Положение об апелляциях";Участвовать могут ученики 7-11 классов. Олимпиада проходит в два обязательных этапа. .. Первый, отборочный, проводится заочно. Финал проходит в очном формате или дистанционно. Для решения задач не требуется знания материала, выходящего за пределы школьных программ по физике и математике. Для победы нужно уметь строить физические модели, глубоко понимать физические законы и самостоятельно применять их при решении и анализе задач, свободно владеть школьным математическим аппаратом. Организаторы олимпиады ставят цель пробудить у участников интерес к физике, показать, как реально «работают» физические законы при описании конкретных явлений в окружающем мире, при их объяснении и предсказании.;Личная | Участник самостоятельно выполняет задания | Очно-заочная | Нужно пройти дистанционный отбор, чтобы участвовать в очном финале;Объединение: Олимпиада школьников «Ломоносов»;https://olimpiada.ru/activity/344
5703;Олимпиада школьников «Путь к успеху» по физике;Физика;10–11 классы;10.0;11.0;Очно-заочная;Личная;7.4;Итоги опубликованы;"Опубликованы итоги; следующее соревнование ожидается в ноябре 2026 года";"Следующее соревнование: Опубликованы итоги; следующее соревнование ожидается в ноябре 2026 года";Частично заполнен по текущему статусу;Расписание олимпиады в этом году пока не известно;;https://olimpiada.ru/activity/5703;—;;Точное соответствие проекту РСОШ 2026/27 не найдено;https://rsr-olymp.ru/news/123;24.09.2026;"Магнитогорский государственный технический университет имени Г. И. Носова; →";"molimp.magtu.ru; fdp_magtu@mail.ru";"Положение; →";;Личная | Участник самостоятельно выполняет задания | Очно-заочная | Нужно пройти дистанционный отбор, чтобы участвовать в очном финале;Объединение: Многопрофильная олимпиада школьников «Путь к успеху»;https://olimpiada.ru/activity/5703
5882;Олимпиада школьников «Физтех.Инженер»;Физика;8–11 классы;8.0;11.0;Очно-заочная;Личная;7.2;Расписание не опубликовано;Расписание следующей олимпиады ожидается в октябре 2026 года;Публикация расписания: ожидается в октябре 2026 года;Частично заполнен по текущему статусу;Расписание олимпиады в этом году пока не известно;;https://olimpiada.ru/activity/5882;II;инженерные науки;"Проект РСОШ 2026/27; не утвержден на 24.09.2026";https://www.garant.ru/products/ipo/prime/doc/56963051/;24.09.2026;"Московский физико-технический институт; →";"olymp.mipt-rse.ru; eng.olimp@mipt.ru";"Положение и регламент; →";Олимпиада «Физтех» по профилю «инженерное дело» проходит для учеников 8-11 классов. Ее основными целями являются поиск одаренных школьников и повышение интереса к инженерным профессиям. .. Олимпиада включает два этапа. Первый, отборочный, проходит онлайн и состоит из 10 заданий. Для их выполнения участникам потребуются знания по физике, математике и умение нестандартно мыслить, читать и анализировать тексты, чертежи и схемы. По итогам онлайн-этапа будут отобраны финалисты, которым предстоит решить 6 задач разного уровня сложности.;Личная | Участник самостоятельно выполняет задания | Очно-заочная | Нужно пройти дистанционный отбор, чтобы участвовать в очном финале;Объединение: Олимпиада школьников «Физтех»;https://olimpiada.ru/activity/5882
394;Олимпиада школьников «Физтех» по физике;Физика;9–11 классы;9.0;11.0;Очная;Личная;8.6;Этап запланирован;Регистрация на I тур открыта до 3 октября, состязание состоится 4 октября;"Регистрация на первый тур: До 3 окт
Первый тур: 4 окт
Регистрация на второй тур: До 24 окт
Второй тур: 25 окт
Регистрация на третий тур для 11 классов: До 7 ноя
Третий тур для 11 классов: 8 ноя
Финал: 13 фев";Опубликован;"Регистрация на первый тур
До 3 окт
Первый тур
4 окт
Регистрация на второй тур
До 24 окт
Второй тур
25 окт
Регистрация на третий тур для 11 классов
До 7 ноя
Третий тур для 11 классов
8 ноя
Финал
13 фев";Обновлено 24 августа;https://olimpiada.ru/activity/394;I;физика;"Проект РСОШ 2026/27; не утвержден на 24.09.2026";https://www.garant.ru/products/ipo/prime/doc/56963051/;24.09.2026;"Московский физико-технический институт; →; Департамент образования и науки города Москвы";"olymp-online.mipt.ru; olymp@phystech.edu";"Положение и регламент; →";Олимпиада проводится для всех желающих учеников 8-11 классов с разным уровнем подготовки. Соревнование включает два этапа: отборочный и заключительный. .. Отборочный этап проводится в заочной форме. Победители и призеры отборочного этапа приглашаются в финал.;Личная | Участник самостоятельно выполняет задания | Очная | Для участия нужно прийти в заранее известное место проведения;Объединение: Олимпиада школьников «Физтех»;https://olimpiada.ru/activity/394
5455;Олимпиада школьников «Энергия образования»;Физика;9–11 классы;9.0;11.0;Дистанционная;Личная;8.2;Расписание не опубликовано;Расписание следующей олимпиады ожидается в ноябре 2026 года;Публикация расписания: ожидается в ноябре 2026 года;Частично заполнен по текущему статусу;Расписание олимпиады в этом году пока не известно;;https://olimpiada.ru/activity/5455;—;;Точное соответствие проекту РСОШ 2026/27 не найдено;https://rsr-olymp.ru/news/123;24.09.2026;"Группа РусГидро; →; Московский энергетический институт";"olymp.hydroschool.ru; olymp@hydroschool.ru";"Положение; →";К участию приглашаются ученики 9-11 классов, проявляющие интерес к профессии инженера в гидроэнергетике. .. Первый тур проходит в формате интернет-тестирования. Школьникам, успешно прошедшим отбор, предстоит защита эссе на техническую тематику. Победители и призеры смогут принять участие в финале всероссийской олимпиады «Надежда энергетики» по физике без прохождения дополнительных отборочных этапов. Видеообзоры задач для подготовки;Личная | Участник самостоятельно выполняет задания | Дистанционная | Можно участвовать не выходя из дома, достаточно иметь компьютер с доступом в интернет;Каталог /activities;https://olimpiada.ru/activity/5455
368;Открытая межвузовская олимпиада школьников «Будущее Сибири» по физике;Физика;8–11 классы;8.0;11.0;Очно-заочная;Личная;7.9;Регистрация откроется позже;"Регистрация будет открыта с 1 октября; отборочный этап стартует 1 декабря";"Регистрация: 1 окт—1 дек
Отборочный этап: 1—28 дек
Финал: 25 янв—15 мар";Опубликован;"Регистрация
1 окт—1 дек
Отборочный этап
1—28 дек
Финал
25 янв—15 мар";Обновлено 5 июня;https://olimpiada.ru/activity/368;III;физика;"Проект РСОШ 2026/27; не утвержден на 24.09.2026";https://www.garant.ru/products/ipo/prime/doc/56963051/;24.09.2026;"Новосибирский государственный технический университет; →; Сибирский федеральный университет; Новосибирский государственный университет; Томский государственный университет";"olymp-sibir.nstu.ru; olympsfo@nstu.ru";"Положение; →; Регламент";;Личная | Участник самостоятельно выполняет задания | Очно-заочная | Нужно пройти дистанционный отбор, чтобы участвовать в очном финале;Объединение: Открытая межвузовская олимпиада школьников «Будущее Сибири»;https://olimpiada.ru/activity/368
472;Открытая региональная межвузовская олимпиада школьников по физике;Физика;8–11 классы;8.0;11.0;Очно-заочная;Личная;7.6;Следующий цикл ожидается;Следующее соревнование начнется в октябре;Следующее соревнование: Следующее соревнование начнется в октябре;Частично заполнен по текущему статусу;Расписание олимпиады в этом году пока не известно;;https://olimpiada.ru/activity/472;III;физика;"Проект РСОШ 2026/27; не утвержден на 24.09.2026";https://www.garant.ru/products/ipo/prime/doc/56963051/;24.09.2026;"Национальный исследовательский Томский государственный университет; →; Национальный исследовательский Томский политехнический университет; Томский государственный университет систем управления и радиоэлектроники; Сибирский государственный медицинской университет; Томский государственный архитектурно-строительный университет; Томский государственный педагогический университет";"abiturient.tsu.ru/...; ormo@mail.tsu.ru";"Положение; →; Регламент";;Личная | Участник самостоятельно выполняет задания | Очно-заочная | Нужно пройти дистанционный отбор, чтобы участвовать в очном финале;Объединение: Открытая региональная межвузовская олимпиада школьников;https://olimpiada.ru/activity/472
5523;Открытая российская интернет-олимпиада по физике;Физика;6–8 классы;6.0;8.0;Дистанционная;Личная;8.4;Следующий цикл ожидается;Следующее соревнование начнется в ноябре;"Осенняя олимпиада: 19—21 окт
Зимняя олимпиада: 19—21 янв
Весенняя олимпиада: 19—21 апр";Опубликован;"Осенняя олимпиада
19—21 окт
Зимняя олимпиада
19—21 янв
Весенняя олимпиада
19—21 апр";Обновлено 18 июня;https://olimpiada.ru/activity/5523;—;;Точное соответствие проекту РСОШ 2026/27 не найдено;https://rsr-olymp.ru/news/123;24.09.2026;СПбАППО;"metaschool.ru/...; krug@metaschool.ru";;;Личная | Участник самостоятельно выполняет задания | Дистанционная | Можно участвовать не выходя из дома, достаточно иметь компьютер с доступом в интернет;Объединение: Открытые российские интернет-олимпиады для школьников;https://olimpiada.ru/activity/5523
5890;Проект «Физика для всех»;Физика;5–11 классы;5.0;11.0;Дистанционная;Личная;6.8;Следующий цикл ожидается;Следующее соревнование начнется в ноябре;День физики: До 27 сен;Опубликован;"День физики
До 27 сен";Обновлено 4 сентября;https://olimpiada.ru/activity/5890;—;;Точное соответствие проекту РСОШ 2026/27 не найдено;https://rsr-olymp.ru/news/123;24.09.2026;"Министерство просвещения России; →; Министерство науки и высшего образования России; Московский физико-технический институт";"физикадлявсех.рф; support@физикадлявсех.рф";;Проект открыт для всех желающих учеников 5-11 классов, интересующихся физикой и другими естественно-научными дисциплинами. В течение учебного года для школьников проходят бесплатные курсы, доступны задания для подготовки к олимпиадам и ЕГЭ, а также профориентационные материалы. .. Научно-популярные материалы позволят получить общее представление о рассматриваемой теме, а образовательные предполагают дальнейшее детальное погружение в нее. В каждом курсе предусмотрена диагностическая работа для проверки нынешнего уровня знаний. Кроме того, проект будет полезен не только школьникам. Так, педагоги смогут получить методические материалы, программы и курсы повышения квалификации, посетить естественно-научные мероприятия в очном и дистанционном форматах и поучаствовать во Всероссийском творческом конкурсе учителей физики. Представителям вузов проект поможет в подготовке абитуриентов к поступлению и окажет организационную поддержку в проведении мероприятий на территории университетов. Проект проходит при поддержке Министерства просвещения и Министерства науки и высшего образования Российской Федерации. Над подготовкой материалов работают ведущие эксперты в области физики, математики и других наук, преподаватели Московского физико-технического института, Московского центра непрерывного математического образования, Центра педагогического мастерства и других. Оперативно узнать новости и задать вопрос организаторам можно в официальных сообществах проекта: ВКонтакте Telegram;Личная | Участник самостоятельно выполняет задания | Дистанционная | Можно участвовать не выходя из дома, достаточно иметь компьютер с доступом в интернет;Каталог /activities;https://olimpiada.ru/activity/5890
241;Санкт-Петербургская олимпиада школьников по физике;Физика;7–11 классы;7.0;11.0;Очно-заочная;Личная;9.0;Итоги опубликованы;"Опубликованы итоги; следующее соревнование ожидается в ноябре 2026 года";"Следующее соревнование: Опубликованы итоги; следующее соревнование ожидается в ноябре 2026 года";Частично заполнен по текущему статусу;Расписание олимпиады в этом году пока не известно;;https://olimpiada.ru/activity/241;II;физика;"Проект РСОШ 2026/27; не утвержден на 24.09.2026";https://www.garant.ru/products/ipo/prime/doc/56963051/;24.09.2026;"Санкт-Петербургский государственный электротехнический университет «ЛЭТИ» имени В. И. Ульянова; →; Санкт-Петербургский государственный университет; Центр олимпиад Санкт-Петербургского городского дворца творчества юных; Научно-образовательного центр нанотехнологий Санкт-Петербургского Академического университета; Лицей «Физико-техническая школа» Санкт-Петербургского Академического университета";"physolymp.spb.ru; physicsspb@yandex.ru";"Положение; →";Санкт-Петербургская олимпиада школьников по физике проводится для всех желающих учащихся 7-11 классов из Санкт-Петербурга, а также других регионов России и зарубежных стран. .. Язык олимпиады – русский. Состязание проводится в два этапа: дистанционный отборочный и очный заключительный. Школьники, показавшие лучший результат на отборочном этапе, будут приглашены на очный этап. Участвовать в финале также могут дипломанты 1 и 2 степени предшествующего года. Иностранные учащиеся могут принять участие в олимпиаде на тех же условиях, что и участники олимпиады из регионов РФ. До 2026 года соревнование называлось Городская открытая олимпиада школьников по физике.;Личная | Участник самостоятельно выполняет задания | Очно-заочная | Нужно пройти дистанционный отбор, чтобы участвовать в очном финале;Каталог /activities;https://olimpiada.ru/activity/241
5117;Северо-Восточная олимпиада по физике;Физика;8–11 классы;8.0;11.0;Очно-заочная;Личная;7.1;Следующий цикл ожидается;Следующее соревнование начнется в ноябре 2026 года;Следующее соревнование: Следующее соревнование начнется в ноябре 2026 года;Частично заполнен по текущему статусу;Расписание олимпиады в этом году пока не известно;;https://olimpiada.ru/activity/5117;—;;Этот профиль не найден в проекте РСОШ 2026/27;https://rsr-olymp.ru/news/123;24.09.2026;"Северо-Восточный федеральный университет имени М. К. Аммосова; →";"olympiadsvosh.s-vfu.ru/...; svosh.s-vfu@mail.ru";"Положение; →; Регламент";;Личная | Участник самостоятельно выполняет задания | Очно-заочная | Нужно пройти дистанционный отбор, чтобы участвовать в очном финале;Объединение: Северо-Восточная олимпиада;https://olimpiada.ru/activity/5117
396;Университетская олимпиада школьников «Бельчонок» по физике;Физика;7–11 классы;7.0;11.0;Очно-заочная;Личная;8.2;Этап запланирован;Отборочный этап пройдет с 1 октября до 12 января;"Отборочный этап: 1 окт—12 янв
Финал: 7 фев";Опубликован;"Отборочный этап
1 окт—12 янв
Финал
7 фев";Обновлено 11 сентября;https://olimpiada.ru/activity/396;III;физика;"Проект РСОШ 2026/27; не утвержден на 24.09.2026";https://www.garant.ru/products/ipo/prime/doc/56963051/;24.09.2026;Сибирский федеральный университет в лице Довузовского управления СФУ;"dovuz.sfu-kras.ru/...; dovuz@sfu-kras.ru";"Положение и регламент; →";;Личная | Участник самостоятельно выполняет задания | Очно-заочная | Нужно пройти дистанционный отбор, чтобы участвовать в очном финале;Объединение: Университетская олимпиада школьников «Бельчонок»;https://olimpiada.ru/activity/396
5181;Школьный учебно-научный турнир по физике «ШУНТ»;Физика;7–9 классы;7.0;9.0;Очная;Командная;6.7;Расписание не опубликовано;Расписание олимпиады в этом году пока не известно;Не опубликовано;Не опубликован;Расписание олимпиады в этом году пока не известно;;https://olimpiada.ru/activity/5181;—;;Точное соответствие проекту РСОШ 2026/27 не найдено;https://rsr-olymp.ru/news/123;24.09.2026;"Кировское областное государственное автономное образовательное учреждение дополнительного образования; →";"cdoosh.ru/...; shunt.ph@mail.ru";;Учебно-научный турнир по физике «ШУНТ» – это командное соревнование для школьников 7-9 классов по решению нестандартных физических задач. В команде должно быть не менее четырех и не более шести человек. .. Основная часть турнира – физические бои, на которых участники демонстрируют интересные физические явления, предлагают решения заданий, отстаивают свою точку зрения перед оппонентом и членами жюри. Кроме серии физических боев в программу турнира входят личная олимпиада, научно-популярные лекции и игры.;Командная | Участники выполняют задания вместе и борются за общий результат | Очная | Для участия нужно прийти в заранее известное место проведения;Каталог /activities;https://olimpiada.ru/activity/5181
5877;Олимпиада Северо-Кавказского федерального университета «45 параллель» по нефтегазовому делу;"Физика; Химия";9–11 классы;9.0;11.0;Очно-заочная;Личная;5.9;Этап запланирован;Отборочный этап пройдет с 1 октября по 20 февраля;"Отборочный этап: 1 окт—20 фев
Финал: 27 мар";Опубликован;"Отборочный этап
1 окт—20 фев
Финал
27 мар";Обновлено 31 августа;https://olimpiada.ru/activity/5877;—;;Точное соответствие проекту РСОШ 2026/27 не найдено;https://rsr-olymp.ru/news/123;24.09.2026;Северо-Кавказский федеральный университет;"parallel45.olymp.ncfu.ru; olimpiadastav@mail.ru";"Положение и регламент; →";;Личная | Участник самостоятельно выполняет задания | Очно-заочная | Нужно пройти дистанционный отбор, чтобы участвовать в очном финале;Объединение: Олимпиада Северо-Кавказского федерального университета «45 параллель»;https://olimpiada.ru/activity/5877
94;Всероссийская олимпиада по физической культуре;Физическая культура;5–11 классы;5.0;11.0;Очная;Личная;6.8;Идёт этап;Школьный этап проходит до 1 ноября;"Школьный этап: До 1 ноя
Муниципальный этап: 2 ноя—25 дек";Опубликован;"Школьный этап
До 1 ноя
Муниципальный этап
2 ноя—25 дек";Обновлено 1 сентября;https://olimpiada.ru/activity/94;ВсОШ;Физическая культура;"ВсОШ: отдельная система; уровни I–III РСОШ не применяются";https://vserosolimp.edsoo.ru/;24.09.2026;"Минпросвещения России; →; Ответственные в регионах";vserosolimp.edsoo.ru;"Порядок проведения; →";Во Всероссийской олимпиаде школьников по физкультуре можно участвовать, начиная с 5 класса. .. Юноши и девушки соревнуются отдельно. Олимпиада состоит из теоретической и практической части. В теоретическом туре участникам нужно ответить на тестовые вопросы. В практический тур входят задания из трех разделов: гимнастика, спортивные игры (баскетбол, волейбол, футбол) и легкая атлетика. Победители и призеры заключительного этапа Всероссийской олимпиады школьников по физкультуре получают льготы при поступлении в профильные вузы. Олимпиада достаточно молодая. Первый «всерос» по физкультуре состоялся в 1999-2000 учебном году.;Личная | Участник самостоятельно выполняет задания | Очная | Для участия нужно прийти в заранее известное место проведения | Правила игры | Общие положения прописаны в Порядке проведения олимпиады, который утверждает Минобрнауки России | Порядок проведения ВсОШ → | Льготы при поступлении | Победители и призеры финала олимпиады поступают без экзаменов в любой вуз по профильному направлению | Подробнее о льготах → | Локальные особенности | В Москве школьный этап проходит по единым заданиям и единому графику | Сайт этапов ВсОШ в Москве →;Объединение: Всероссийская олимпиада школьников;https://olimpiada.ru/activity/94
89;Всероссийская олимпиада по французскому языку;Французский язык;5–11 классы;5.0;11.0;Очная;Личная;7.6;Идёт этап;Школьный этап проходит до 1 ноября;"Школьный этап: До 1 ноя
Муниципальный этап: 2 ноя—25 дек";Опубликован;"Школьный этап
До 1 ноя
Муниципальный этап
2 ноя—25 дек";Обновлено 1 сентября;https://olimpiada.ru/activity/89;ВсОШ;Французский язык;"ВсОШ: отдельная система; уровни I–III РСОШ не применяются";https://vserosolimp.edsoo.ru/;24.09.2026;"Минпросвещения России; →; Ответственные в регионах";vserosolimp.edsoo.ru;"Порядок проведения; →";Всероссийская олимпиада школьников по французскому языку проходит с 2002 года. В школьном этапе могут принимать участие учащиеся 5-11 классов. .. Олимпиада включает в себя аудирование, задания на понимание письменного текста, лексико-грамматический тест и сочинение. Проверяется и устная речь участников: им предлагается подготовить небольшое выступление на заданную тему. На муниципальном этапе могут выступать учащиеся 7-11 классов. Форма заданий остается такой же, как и на предыдущем этапе, но уровень сложности повышается. Региональный этап проводится для школьников 9-11 классов, он разделен на два тура: письменный и устный. Задания не только становятся сложнее, чем на предыдущем этапе, но и разнообразнее по форме: например, участникам могут предложить интерпретировать графики или диаграммы. Финал проводится для учащихся 9-11 классов, по сложности олимпиада соответствует уровню В2+ (пороговому продвинутому усложненному). Победители и призеры заключительного этапа получают право на льготы при поступлении на профильные факультеты вузов.;Личная | Участник самостоятельно выполняет задания | Очная | Для участия нужно прийти в заранее известное место проведения | Правила игры | Общие положения прописаны в Порядке проведения олимпиады, который утверждает Минобрнауки России | Порядок проведения ВсОШ → | Льготы при поступлении | Победители и призеры финала олимпиады поступают без экзаменов в любой вуз по профильному направлению | Подробнее о льготах → | Локальные особенности | В Москве школьный этап проходит по единым заданиям и единому графику | Сайт этапов ВсОШ в Москве →;Объединение: Всероссийская олимпиада школьников;https://olimpiada.ru/activity/89
5148;Всероссийская Сеченовская олимпиада школьников по химии;Химия;8–11 классы;8.0;11.0;Очно-заочная;Личная;8.7;Текущий статус не указан;Регистрация пройдет с 1 по 29 октября;"Регистрация на отборочный этап: 1—29 окт
Отборочный этап: 10—30 ноя";Опубликован;"Регистрация на отборочный этап
1—29 окт
Отборочный этап
10—30 ноя";Обновлено 8 сентября;https://olimpiada.ru/activity/5148;II;химия;"Проект РСОШ 2026/27; не утвержден на 24.09.2026";https://www.garant.ru/products/ipo/prime/doc/56963051/;24.09.2026;"ФГАОУ ВО Первый МГМУ им. И.М. Сеченова Минздрава России (Сеченовский Университет); →";"sechenov.ru/...; 6229648@staff.sechenov.ru";"Регламент; →; Положение";Олимпиада включает задания по всем разделам химии. Принять участие могут школьники из 8-11 классов. .. Состязание проводится в два этапа, отборочный и заключительный. Первый проходит заочно. Участники, успешно выполнившие задания и набравшие необходимое количество баллов, будут приглашены в финал. Заключительный этап проходит в очном формате в Первом Московском государственном медицинском университете имени И. М. Сеченова Министерства здравоохранения Российской Федерации (Сеченовском Университете).;Личная | Участник самостоятельно выполняет задания | Очно-заочная | Нужно пройти дистанционный отбор, чтобы участвовать в очном финале;Каталог /activities;https://olimpiada.ru/activity/5148
76;Всероссийская олимпиада по химии;Химия;7–11 классы;7.0;11.0;Очная;Личная;9.2;Этап запланирован;Школьный этап на платформе «Сириуса» пройдет с 12 по 16 октября;"Школьный этап на платформе «Сириуса»: 12—16 окт
Школьный этап: До 1 ноя
Муниципальный этап: 2 ноя—25 дек";Опубликован;"Школьный этап на платформе «Сириуса»
12—16 окт
Школьный этап
До 1 ноя
Муниципальный этап
2 ноя—25 дек";Обновлено 3 сентября;https://olimpiada.ru/activity/76;ВсОШ;Химия;"ВсОШ: отдельная система; уровни I–III РСОШ не применяются";https://vserosolimp.edsoo.ru/;24.09.2026;"Минпросвещения России; →; Ответственные в регионах";vserosolimp.edsoo.ru;"Порядок проведения; →";Всероссийская олимпиада школьников по химии проходит в четыре этапа. Школьный и муниципальный чаще всего проводятся для учащихся 7-11 классов, в один, теоретический, тур. .. На региональном этапе могут участвовать только 9-11 классы, а также добавляется еще один тур – практический. Заключительный этап проводится для 9-11 классов в три тура: два теоретических и практический. Олимпиадные задания по химии часто требуют от участников дополнительных знаний из других областей, например, физики, биологии, геологии, географии. Победители и призеры заключительного этапа Всероссийской олимпиады получают льготы при поступлении в вузы на профильные направления. Первые химические олимпиады школьников состоялись в Москве и Ленинграде в 1938 году. Первая Всесоюзная олимпиада прошла в 1967 году.;Личная | Участник самостоятельно выполняет задания | Очная | Для участия нужно прийти в заранее известное место проведения | Правила игры | Общие положения прописаны в Порядке проведения олимпиады, который утверждает Минобрнауки России | Порядок проведения ВсОШ → | Льготы при поступлении | Победители и призеры финала олимпиады поступают без экзаменов в любой вуз по профильному направлению | Подробнее о льготах → | Локальные особенности | В Москве школьный этап проходит по единым заданиям и единому графику | Сайт этапов ВсОШ в Москве →;Объединение: Всероссийская олимпиада школьников;https://olimpiada.ru/activity/76
131;Всероссийский химический турнир;Химия;8–11 классы;8.0;11.0;Очно-заочная;Командная;7.7;Идёт этап;Региональный этап проходит до 21 декабря;Региональный этап: До 21 дек;Опубликован;"Региональный этап
До 21 дек";Обновлено 8 сентября;https://olimpiada.ru/activity/131;—;;Точное соответствие проекту РСОШ 2026/27 не найдено;https://rsr-olymp.ru/news/123;24.09.2026;"Новосибирский государственный университет; →";"scitourn.ru/...; school@scitourn.com";"Регламент; →";Всероссийский химический турнир школьников – олимпиада для учащихся 8-11 классов. .. Для участия необходимо зарегистрироваться на сайте олимпиады. Соревнование проходит в два тура. На первом, заочном, команды из 4-5 человек решают задачи, размещенные на странице соревнования. Второй тур проводится очно. Также на финал можно пройти, выиграв региональный отбор. Все команды участвуют в научных дискуссиях – так называемых «химических вызовах», в ходе которых им нужно предлагать решения сложных научных проблем, представлять свои гипотезы и отстаивать их перед соперниками. Выступления команд оценивает жюри, в состав которого входят профессора, кандидаты химических наук, представители крупных компаний.;Командная | Участники выполняют задания вместе и борются за общий результат | Очно-заочная | Нужно пройти дистанционный отбор, чтобы участвовать в очном финале;Каталог /activities;https://olimpiada.ru/activity/131
5216;Герценовская олимпиада школьников по химии;Химия;11 класс;11.0;11.0;Очная;Личная;6.9;Расписание не опубликовано;Расписание олимпиады в этом году пока не известно;Не опубликовано;Не опубликован;Расписание олимпиады в этом году пока не известно;;https://olimpiada.ru/activity/5216;—;;Точное соответствие проекту РСОШ 2026/27 не найдено;https://rsr-olymp.ru/news/123;24.09.2026;РГПУ им. А. И. Герцена;"herzen.spb.ru/...; rgpu.olymp@yandex.ru; herzen1797@gmail.com";"Положение; →";;Личная | Участник самостоятельно выполняет задания | Очная | Для участия нужно прийти в заранее известное место проведения;Объединение: Герценовские внутривузовские олимпиады;https://olimpiada.ru/activity/5216
307;Международная Менделеевская олимпиада школьников по химии;Химия;10–11 классы;10.0;11.0;Очная;Личная;7.9;Расписание не опубликовано;Расписание олимпиады в этом году пока не известно;Не опубликовано;Не опубликован;Расписание олимпиады в этом году пока не известно;;https://olimpiada.ru/activity/307;—;;Точное соответствие проекту РСОШ 2026/27 не найдено;https://rsr-olymp.ru/news/123;24.09.2026;;mendeleevolympiad.org;;Международная Менделеевская олимпиада проводится с 1992 года. Она стала правопреемницей Всесоюзной олимпиады школьников по химии, сохранив ее нумерацию. .. Соревнование включает в себя три тура: два теоретических и экспериментальный. Задачи первого тура по сложности соответствуют программе специализированных химических классов. На втором туре участники должны продемонстрировать универсальность своей подготовки, выполнив по одному заданию из каждого раздела: неорганическая химия, органическая химия, аналитическая химия, физическая химия и науки о живом. Экспериментальный тур проверяет навыки работы в химической лаборатории: умение выполнять химический анализ веществ и проводить синтез по предложенной методике. http://www.chem.msu.su/rus/olimp/welcome.html;Личная | Участник самостоятельно выполняет задания | Очная | Для участия нужно прийти в заранее известное место проведения;Объединение: Международные олимпиады;https://olimpiada.ru/activity/307
5616;Международная олимпиада УрФУ для школьников «Изумруд» по химии;Химия;8–11 классы;8.0;11.0;Очно-заочная;Личная;8.0;Идёт этап;Отборочный этап проходит до 19 января;"Отборочный этап: До 19 янв
Дополнительная дата: 31 янв—2 фев";Частично опубликован;"Отборочный этап
До 19 янв
31 янв—2 фев";Обновлено 4 июня;https://olimpiada.ru/activity/5616;III;химия;"Проект РСОШ 2026/27; не утвержден на 24.09.2026";https://www.garant.ru/products/ipo/prime/doc/56963051/;24.09.2026;"Уральский федеральный университет имени первого Президента России Б. Н. Ельцина; →";"izumrud.urfu.ru/...; olymp@urfu.ru";"Нормативные документы; →";;Личная | Участник самостоятельно выполняет задания | Очно-заочная | Нужно пройти дистанционный отбор, чтобы участвовать в очном финале;Объединение: Международная олимпиада УрФУ для школьников «Изумруд»;https://olimpiada.ru/activity/5616
6938;Международная олимпиада по химии имени Абу Райхана Бируни;Химия;9–11 классы;9.0;11.0;Очная;Личная;5.7;Расписание не опубликовано;Расписание олимпиады в этом году пока не известно;Не опубликовано;Не опубликован;Расписание олимпиады в этом году пока не известно;;https://olimpiada.ru/activity/6938;—;;Точное соответствие проекту РСОШ 2026/27 не найдено;https://rsr-olymp.ru/news/123;24.09.2026;;arbicho.uz;;Соревнование объединяет талантливых учеников со всего мира для проверки их знаний и навыков в области химии. Олимпиада включает два тура, практический и теоретический. .. В ходе практического тура участники выполняют лабораторные эксперименты, и теоретический, предполагающий решение восьми письменных задач по различным областям химии в течение четырех часов. Команда от каждой страны может состоять из четырех учеников школы, не достигших 18 лет, и руководителя.;Личная | Участник самостоятельно выполняет задания | Очная | Для участия нужно прийти в заранее известное место проведения;Объединение: Международные олимпиады;https://olimpiada.ru/activity/6938
138;Международная химическая олимпиада;Химия;10–11 классы;10.0;11.0;Очная;Личная;7.1;Расписание не опубликовано;Расписание олимпиады в этом году пока не известно;Не опубликовано;Не опубликован;Расписание олимпиады в этом году пока не известно;;https://olimpiada.ru/activity/138;—;;Точное соответствие проекту РСОШ 2026/27 не найдено;https://rsr-olymp.ru/news/123;24.09.2026;;icho2026.uz;;Первая Международная химическая олимпиада прошла в 1968 году. Сейчас в соревновании участвуют школьники не старше 20 лет более чем из 70 стран мира. .. В сборной каждой страны должно быть не более четырех школьников. Традиционно олимпиада включает два тура — теоретический и практический. Однако в 2020 и 2021 году состязание проходило дистанционно, и участники состязались только в знаниях теории.;Личная | Участник самостоятельно выполняет задания | Очная | Для участия нужно прийти в заранее известное место проведения;Объединение: Международные олимпиады;https://olimpiada.ru/activity/138
5644;Международный химический турнир;Химия;8–11 классы;8.0;11.0;Очная;Командная;6.9;Следующий цикл ожидается;Следующее соревнование пройдет в августе 2027 года;"Дополнительная дата: IChTo-2026
Дополнительная дата: 15—19 авг";Частично опубликован;"IChTo-2026
15—19 авг";Обновлено 9 февраля;https://olimpiada.ru/activity/5644;—;;Точное соответствие проекту РСОШ 2026/27 не найдено;https://rsr-olymp.ru/news/123;24.09.2026;"МГУ имени М. В. Ломоносова; →";"ichto.org/...; info@ichto.org";"Правила проведения; →";Международный химический турнир – командное соревнование, которое проводится с 2017 года. Его задачи носят «открытый» характер, у них нет единственно верного решения. Турнир проходит в формате мини-конференции, в которой команды по очереди принимают роли докладчика и оппонента. .. К участию приглашаются команды из 4-6 школьников, обучающихся по программам среднего образования, возрастом до 20 лет включительно. Одну страну могут представлять не более 2 сборных (3 для страны-организатора).;Командная | Участники выполняют задания вместе и борются за общий результат | Очная | Для участия нужно прийти в заранее известное место проведения;Каталог /activities;https://olimpiada.ru/activity/5644
5294;Межрегиональный химический турнир;Химия;8–11 классы;8.0;11.0;Очная;Командная;6.3;Регистрация открыта;Идет регистрация на региональные этапы;Не опубликовано;Не опубликован;Расписание олимпиады в этом году пока не известно;;https://olimpiada.ru/activity/5294;—;;Точное соответствие проекту РСОШ 2026/27 не найдено;https://rsr-olymp.ru/news/123;24.09.2026;"МГУ имени М. В. Ломоносова; →; Национальный центр непрерывного естественно-научного образования; ООО ""АЧК""";"chemical-tournament.ru; chemtournrus@gmail.com";;Межрегиональный химический турнир – командное соревнование, которое отличается от традиционных олимпиад. Его задачи носят «открытый» характер, а представление решений происходит в формате мини-конференции, когда команды по очереди выступают в роли докладчика, оппонента и рецензента. .. К участию приглашаются команды из 3-6 учащихся 8-11 классов. Задачи необходимо решать заранее до начала любого этапа турнира. Чтобы попасть в финал, нужно преодолеть один из нескольких вариантов отбора. Один путь – стать победителем отборочного регионального турнира. Регламент таких соревнований мало чем отличается от финала: командам необходимо заранее подготовить презентации с решением задач, а затем защищать их и оппонировать соперникам. Соревнования проходят почти во всех регионах страны. Подробную информацию организаторы размещают на своей странице ВКонтакте . На региональных этапах играется комплект из 8 задач. Если команда стала призером или победителем очного регионального этапа, она может поехать на окружной этап. В 2024/25 учебном году проводится 5 окружных этапов (в ЦФО, ПФО, УФО, СФО и СЗФО). На окружных этапах играется комплект из 12 задач. По определяемой организаторами квоте можно попасть на заключительный этап. На очный окружной этап можно также попасть, став победителем заочного окружного этапа. Для участия команды присылают на общий конкурс решение одной задачи в виде презентации или текста. Кроме того, проводится заочный отбор в финал. Условия участия такие же, как на заочном окружном этапе. После публикации списка приглашенных на заключительный этап оргкомитет готовит новый пакет из 16 задач, которые и станут предметом обсуждения. Победителей и призеров на каждом этапе ждут памятные призы.;Командная | Участники выполняют задания вместе и борются за общий результат | Очная | Для участия нужно прийти в заранее известное место проведения;Каталог /activities;https://olimpiada.ru/activity/5294
5739;Многопрофильная олимпиада школьников «Путь к успеху» по химии;Химия;9–11 классы;9.0;11.0;Очно-заочная;Личная;7.1;Расписание не опубликовано;Расписание олимпиады в этом году пока не известно;Не опубликовано;Не опубликован;Расписание олимпиады в этом году пока не известно;;https://olimpiada.ru/activity/5739;—;;Точное соответствие проекту РСОШ 2026/27 не найдено;https://rsr-olymp.ru/news/123;24.09.2026;"Магнитогорский государственный технический университет имени Г. И. Носова; →";"molimp.magtu.ru; fdp_magtu@mail.ru";"Положение; →";;Личная | Участник самостоятельно выполняет задания | Очно-заочная | Нужно пройти дистанционный отбор, чтобы участвовать в очном финале;Объединение: Многопрофильная олимпиада школьников «Путь к успеху»;https://olimpiada.ru/activity/5739
109;Московская олимпиада по химии;Химия;8–11 классы;8.0;11.0;Очно-заочная;Личная;8.3;Расписание не опубликовано;Ожидается расписание состязания;Публикация расписания: ожидается расписание состязания;Частично заполнен по текущему статусу;Расписание олимпиады в этом году пока не известно;;https://olimpiada.ru/activity/109;I;химия;"Проект РСОШ 2026/27; не утвержден на 24.09.2026";https://www.garant.ru/products/ipo/prime/doc/56963051/;24.09.2026;"Департамент образования и науки города Москвы; →";"moschem.olimpiada.ru; moschem@olimpiada.ru";"Правила проведения отборочного этапа; →; Регламент; Правила проведения";Московская олимпиада школьников по химии – одна из старейших в России. Проводится с 1938 года. .. В ней могут принять участие ученики 8-11 классов независимо от места проживания. Первый (отборочный) этап проходит дистанционно. Второй – очно на региональных площадках. Очный этап включает два тура: теоретический и практический. Для успешного выступления необходимо принять участие в обоих. При этом, в практическом участвуют не все, а только те, кого пригласят по итогам теоретического тура. За месяц до второго тура каждому участнику предлагают тему для реферата. Практический тур предполагает защиту реферата и решение экспериментальных задач.;Личная | Участник самостоятельно выполняет задания | Очно-заочная | Нужно пройти дистанционный отбор, чтобы участвовать в очном финале;Объединение: Московская олимпиада школьников;https://olimpiada.ru/activity/109
362;Олимпиада «Будущие исследователи - будущее науки» по химии;Химия;7–11 классы;7.0;11.0;Очно-заочная;Личная;8.2;Следующий цикл ожидается;Следующее соревнование начнется в ноябре 2026 года;Следующее соревнование: Следующее соревнование начнется в ноябре 2026 года;Частично заполнен по текущему статусу;Расписание олимпиады в этом году пока не известно;;https://olimpiada.ru/activity/362;II;химия;"Проект РСОШ 2026/27; не утвержден на 24.09.2026";https://www.garant.ru/products/ipo/prime/doc/56963051/;24.09.2026;"Белгородский государственный технологический университет им. В.Г. Шухова; →; Правительство Нижегородской области; Нижегородский государственный университет им. Н.И.Лобачевского; Российский федеральный ядерный центр ВНИИЭФ г. Сарова; Ярославская государственная медицинская академия; Ярославский государственный университет им. П.Г.Демидова";"unn.ru/...; olimp@unn.ru";"Положение; →; Регламент";Олимпиада «Будущие исследователи - будущее науки» по химии проводится для учеников 7-11 классов в два этапа. .. Задания первого этапа можно выполнять как очно на площадках организаторов, так и дистанционно. Финал проводится только очно и представляет собой предметную олимпиаду с защитой проекта.;Личная | Участник самостоятельно выполняет задания | Очно-заочная | Нужно пройти дистанционный отбор, чтобы участвовать в очном финале;Объединение: Олимпиада «Будущие исследователи - будущее науки»;https://olimpiada.ru/activity/362
5670;Олимпиада «Высшая проба» по химии;Химия;8–11 классы;8.0;11.0;Очно-заочная;Личная;8.6;Регистрация завершена;Регистрация открыта до 22 сентября;"Регистрация: До 22 сен
Первый тур отборочного этапа: 26 сен";Опубликован;"Регистрация
До 22 сен
Первый тур отборочного этапа
26 сен";Обновлено 7 сентября;https://olimpiada.ru/activity/5670;I;химия;"Проект РСОШ 2026/27; не утвержден на 24.09.2026";https://www.garant.ru/products/ipo/prime/doc/56963051/;24.09.2026;"Национальный исследовательский университет Высшая школа экономики; →";"olymp.hse.ru/...; olymp@hse.ru";"Положение и регламент; →";Высшая школа экономики проводит олимпиаду по химии с 2018/19 учебного года. К участию приглашаются ученики 8-11 классов.;Личная | Участник самостоятельно выполняет задания | Очно-заочная | Нужно пройти дистанционный отбор, чтобы участвовать в очном финале;Объединение: Олимпиада «Высшая проба»;https://olimpiada.ru/activity/5670
5043;Олимпиада «Океан знаний» по химии;Химия;10–11 классы;10.0;11.0;Очно-заочная;Личная;7.4;Расписание не опубликовано;Расписание следующей олимпиады ожидается в сентябре 2026 года;Публикация расписания: ожидается в сентябре 2026 года;Частично заполнен по текущему статусу;Расписание олимпиады в этом году пока не известно;;https://olimpiada.ru/activity/5043;—;;Точное соответствие проекту РСОШ 2026/27 не найдено;https://rsr-olymp.ru/news/123;24.09.2026;"ФГАОУ ВПО Дальневосточный федеральный университет (ДВФУ); →";"dvfu.ru/...; ocean@dvfu.ru";;;Личная | Участник самостоятельно выполняет задания | Очно-заочная | Нужно пройти дистанционный отбор, чтобы участвовать в очном финале;Объединение: Олимпиада «Океан знаний»;https://olimpiada.ru/activity/5043
5790;Олимпиада «Шаг в будущее» по химии;Химия;8–11 классы;8.0;11.0;Очно-заочная;Личная;7.6;Регистрация открыта;I волна отбора состоится 8 ноября. Идет регистрация;"I волна отборочного этапа: 8 ноя
II волна отборочного этапа: 29 ноя";Опубликован;"I волна отборочного этапа
8 ноя
II волна отборочного этапа
29 ноя";Обновлено 16 сентября;https://olimpiada.ru/activity/5790;III;химия;"Проект РСОШ 2026/27; не утвержден на 24.09.2026";https://www.garant.ru/products/ipo/prime/doc/56963051/;24.09.2026;"МГТУ имени Н. Э. Баумана; →";"olymp.bmstu.ru/...; olymp@bmstu.ru";"Положение и регламент; →";"Олимпиада «Шаг в будущее» по предмету химия впервые проводится в 2021/22 учебном году. Состязание включает отборочный и заключительный этапы. Для участия необходимо зарегистрироваться. .. Олимпиада предусматривает участие в одной из специализаций: химия – академическое соревнование по химии с решением практико-ориентированных заданий; химическая технология – научно-образовательное соревнование, включающее как научную работу, так и решение заданий химии. Тематика научных проектов «Исследования в области химической технологии».";Личная | Участник самостоятельно выполняет задания | Очно-заочная | Нужно пройти дистанционный отбор, чтобы участвовать в очном финале;Объединение: Олимпиада «Шаг в будущее»;https://olimpiada.ru/activity/5790
222;Олимпиада «Юные таланты» по химии;Химия;7–11 классы;7.0;11.0;Очно-заочная;Личная;8.5;Этап указан;Финал;"Тренировочный тур: 1—9 ноя
Интернет-тур: 10—13 ноя
Отборочный тур: 19 дек
Финал: 3—5 мар";Опубликован;"Тренировочный тур
1—9 ноя
Интернет-тур
10—13 ноя
Отборочный тур
19 дек
Финал
3—5 мар";Обновлено 21 сентября;https://olimpiada.ru/activity/222;I;химия;"Проект РСОШ 2026/27; не утвержден на 24.09.2026";https://www.garant.ru/products/ipo/prime/doc/56963051/;24.09.2026;"Пермский государственный университет; →";"chemolymp.narod.ru; chemolymp@yandex.ru";"Положение; →; Регламент; Список литературы";Соревнование проводится среди школьников 7-11 классов и состоит из двух этапов. Первый этап проходит в дистанционной форме. По его итогам лучшие участники приглашаются на второй этап, который включает в себя три очных тура: отборочный, теоретический и практический. .. Число площадок проведения заключительного этапа постоянно расширяется. Химический факультет Пермского государственного университета проводит олимпиаду начиная с 2000 года.;Личная | Участник самостоятельно выполняет задания | Очно-заочная | Нужно пройти дистанционный отбор, чтобы участвовать в очном финале;Объединение: Многопредметная олимпиада «Юные таланты»;https://olimpiada.ru/activity/222
5198;Олимпиада Северо-Кавказского федерального университета «45 параллель» по химии;Химия;8–11 классы;8.0;11.0;Очно-заочная;Личная;7.4;Этап запланирован;Отборочный этап пройдет с 1 октября по 20 февраля;"Отборочный этап: 1 окт—20 фев
Финал: 20 мар";Опубликован;"Отборочный этап
1 окт—20 фев
Финал
20 мар";Обновлено 31 августа;https://olimpiada.ru/activity/5198;—;;Точное соответствие проекту РСОШ 2026/27 не найдено;https://rsr-olymp.ru/news/123;24.09.2026;Северо-Кавказский федеральный университет;"parallel45.olymp.ncfu.ru; olimpiadastav@mail.ru";"Положение и регламент; →";;Личная | Участник самостоятельно выполняет задания | Очно-заочная | Нужно пройти дистанционный отбор, чтобы участвовать в очном финале;Объединение: Олимпиада Северо-Кавказского федерального университета «45 параллель»;https://olimpiada.ru/activity/5198
5865;Олимпиада по химии ПСПбГМУ им. И. П. Павлова;Химия;8–11 классы;8.0;11.0;Очно-заочная;Личная;7.2;Расписание не опубликовано;Расписание следующей олимпиады ожидается в октябре 2026 года;Публикация расписания: ожидается в октябре 2026 года;Частично заполнен по текущему статусу;Расписание олимпиады в этом году пока не известно;;https://olimpiada.ru/activity/5865;—;;Точное соответствие проекту РСОШ 2026/27 не найдено;https://rsr-olymp.ru/news/123;24.09.2026;"Первый Санкт-Петербургский государственный медицинский университет имени академика И. П. Павлова; →";"1spbgmu.ru/...; chem.olympiad@pspbgmu.ru";"Положение; →; Регламент";Состязание проходит среди учеников 8-11 классов в два этапа: отборочный и заключительный. Для участия в олимпиаде нужно зарегистрироваться на сайте организаторов. .. Отборочный этап проводится заочно и включает 4-7 задач в зависимости от класса. Школьники, успешно выполнившие задания, приглашаются в финал. Заключительный этап состоит из четырех задач для 8-9 классов и пяти для 10-11 классов. От участников олимпиады организаторы ждут не только знание формул и понимание основных закономерностей протекания химических процессов, но и умение логически и творчески мыслить и активно привлекать для решения задач знания из смежных областей: физики, биологии, математики.;Личная | Участник самостоятельно выполняет задания | Очно-заочная | Нужно пройти дистанционный отбор, чтобы участвовать в очном финале;Каталог /activities;https://olimpiada.ru/activity/5865
5480;Олимпиада школьников «Гранит науки» по химии;Химия;9–11 классы;9.0;11.0;Очно-заочная;Личная;8.5;Этап запланирован;Отборочный этап начнется 5 октября;"Отборочный этап: 5 окт—13 янв
Заключительный этап: 21 фев";Опубликован;"Отборочный этап
5 окт—13 янв
Заключительный этап
21 фев";Обновлено 27 августа;https://olimpiada.ru/activity/5480;—;;Этот профиль не найден в проекте РСОШ 2026/27;https://rsr-olymp.ru/news/123;24.09.2026;"ФГБОУ ВО Санкт-Петербургский горный университет; →";"ogn.spmi.ru; abitur@spmi.ru";"Положение; →; Регламент";;Личная | Участник самостоятельно выполняет задания | Очно-заочная | Нужно пройти дистанционный отбор, чтобы участвовать в очном финале;Объединение: Олимпиада «Гранит науки»;https://olimpiada.ru/activity/5480
350;Олимпиада школьников «Ломоносов» по химии;Химия;5–11 классы;5.0;11.0;Очно-заочная;Личная;8.6;Расписание не опубликовано;Расписание следующей олимпиады ожидается в октябре 2026 года;Публикация расписания: ожидается в октябре 2026 года;Частично заполнен по текущему статусу;Расписание олимпиады в этом году пока не известно;;https://olimpiada.ru/activity/350;I;химия;"Проект РСОШ 2026/27; не утвержден на 24.09.2026";https://www.garant.ru/products/ipo/prime/doc/56963051/;24.09.2026;"Московский государственный университет имени М. В. Ломоносова; →; Химический факультет МГУ";"olymp.msu.ru; olymp.chem@org.msu.ru";"Положение; →; Регламент; Положение об апелляциях";Соревнование проходит для учеников 5-11 классов, интересующихся химией и родственными естественными науками. .. Олимпиада включает два этапа. Первый, отборочный, проводится заочно. Финал проходит в очном формате или дистанционно.;Личная | Участник самостоятельно выполняет задания | Очно-заочная | Нужно пройти дистанционный отбор, чтобы участвовать в очном финале;Объединение: Олимпиада школьников «Ломоносов»;https://olimpiada.ru/activity/350
6923;Олимпиада школьников «Физтех» по химии;Химия;7–11 классы;7.0;11.0;Дистанционная;Личная;7.2;Расписание не опубликовано;Расписание следующей олимпиады ожидается в октябре 2026 года;Публикация расписания: ожидается в октябре 2026 года;Частично заполнен по текущему статусу;Расписание олимпиады в этом году пока не известно;;https://olimpiada.ru/activity/6923;III;химия;"Проект РСОШ 2026/27; не утвержден на 24.09.2026";https://www.garant.ru/products/ipo/prime/doc/56963051/;24.09.2026;"Московский физико-технический институт; →";"chem-olymp.mipt.ru; bio-olymp@mipt.ru";"Положение; →; Регламент";Проводится в заочном формате. Состязание включает два этапа. .. Отборочный этап проходит для всех желающих учеников 7-11 классов. Чтобы приступить к выполнению заданий, нужно зарегистрироваться. Школьники, ставшие победителями и призерами, приглашаются в финал. Он проводится в дистанционном формате в режиме прокторинга. На решение задач отводится 3,5 часа.;Личная | Участник самостоятельно выполняет задания | Дистанционная | Можно участвовать не выходя из дома, достаточно иметь компьютер с доступом в интернет;Объединение: Олимпиада школьников «Физтех»;https://olimpiada.ru/activity/6923
6944;Олимпиада школьников по химии и химической технологии «Потомки Менделеева»;Химия;9–11 классы;9.0;11.0;Очно-заочная;Личная;6.8;Следующий цикл ожидается;Следующее соревнование начнется в декабре 2026 года;Следующее соревнование: Следующее соревнование начнется в декабре 2026 года;Частично заполнен по текущему статусу;Расписание олимпиады в этом году пока не известно;;https://olimpiada.ru/activity/6944;II;химия;"Проект РСОШ 2026/27; не утвержден на 24.09.2026";https://www.garant.ru/products/ipo/prime/doc/56963051/;24.09.2026;"Казанский (Приволжский) федеральный университет; →";"malun.kpfu.ru/...; ammoniy.olimpiada@mail.ru";"Положение; →; Регламент";Соревнование для учеников 9-11 классов, которые увлекаются химией и химическими технологиями. Проводится в два этапа. .. Отборочный этап проходит дистанционно. Победителей и призеров приглашают в город Менделеевск, где зародилось химическое производство России, для участия в финале.;Личная | Участник самостоятельно выполняет задания | Очно-заочная | Нужно пройти дистанционный отбор, чтобы участвовать в очном финале;Каталог /activities;https://olimpiada.ru/activity/6944
369;Открытая межвузовская олимпиада школьников «Будущее Сибири» по химии;Химия;8–11 классы;8.0;11.0;Очно-заочная;Личная;8.1;Регистрация откроется позже;"Регистрация будет открыта с 1 октября; отборочный этап стартует 1 декабря";"Регистрация: 1 окт—1 дек
Отборочный этап: 1—28 дек
Финал: 25 янв—15 мар";Опубликован;"Регистрация
1 окт—1 дек
Отборочный этап
1—28 дек
Финал
25 янв—15 мар";Обновлено 5 июня;https://olimpiada.ru/activity/369;II;химия;"Проект РСОШ 2026/27; не утвержден на 24.09.2026";https://www.garant.ru/products/ipo/prime/doc/56963051/;24.09.2026;"Новосибирский государственный технический университет; →; Сибирский федеральный университет; Новосибирский государственный университет; Томский государственный университет";"olymp-sibir.nstu.ru; olympsfo@nstu.ru";"Положение; →; Регламент";;Личная | Участник самостоятельно выполняет задания | Очно-заочная | Нужно пройти дистанционный отбор, чтобы участвовать в очном финале;Объединение: Открытая межвузовская олимпиада школьников «Будущее Сибири»;https://olimpiada.ru/activity/369
473;Открытая региональная межвузовская олимпиада школьников по химии;Химия;8–11 классы;8.0;11.0;Очно-заочная;;6.9;Следующий цикл ожидается;Следующее соревнование начнется в октябре;Следующее соревнование: Следующее соревнование начнется в октябре;Частично заполнен по текущему статусу;Расписание олимпиады в этом году пока не известно;;https://olimpiada.ru/activity/473;III;химия;"Проект РСОШ 2026/27; не утвержден на 24.09.2026";https://www.garant.ru/products/ipo/prime/doc/56963051/;24.09.2026;"Национальный исследовательский Томский государственный университет; →; Национальный исследовательский Томский политехнический университет; Томский государственный университет систем управления и радиоэлектроники; Сибирский государственный медицинской университет; Томский государственный архитектурно-строительный университет; Томский государственный педагогический университет";"abiturient.tsu.ru/...; ormo@mail.tsu.ru";"Положение; →; Регламент";;Очно-заочная | Нужно пройти дистанционный отбор, чтобы участвовать в очном финале;Объединение: Открытая региональная межвузовская олимпиада школьников;https://olimpiada.ru/activity/473
5685;Открытая российская интернет-олимпиада по химии;Химия;8 класс;8.0;8.0;Дистанционная;Личная;8.3;Следующий цикл ожидается;Следующее соревнование начнется в ноябре;"Осенняя олимпиада: 16—18 окт
Зимняя олимпиада: 16—18 янв
Весенняя олимпиада: 16—18 апр";Опубликован;"Осенняя олимпиада
16—18 окт
Зимняя олимпиада
16—18 янв
Весенняя олимпиада
16—18 апр";Обновлено 18 июня;https://olimpiada.ru/activity/5685;—;;Точное соответствие проекту РСОШ 2026/27 не найдено;https://rsr-olymp.ru/news/123;24.09.2026;СПбАППО;"metaschool.ru/...; krug@metaschool.ru";;;Личная | Участник самостоятельно выполняет задания | Дистанционная | Можно участвовать не выходя из дома, достаточно иметь компьютер с доступом в интернет;Объединение: Открытые российские интернет-олимпиады для школьников;https://olimpiada.ru/activity/5685
5353;Открытая химическая олимпиада;Химия;9–11 классы;9.0;11.0;Очно-заочная;Личная;7.6;Расписание не опубликовано;Расписание следующей олимпиады ожидается в октябре 2026 года;Публикация расписания: ожидается в октябре 2026 года;Частично заполнен по текущему статусу;Расписание олимпиады в этом году пока не известно;;https://olimpiada.ru/activity/5353;III;химия;"Проект РСОШ 2026/27; не утвержден на 24.09.2026";https://www.garant.ru/products/ipo/prime/doc/56963051/;24.09.2026;"Национальный исследовательский технологический университет МИСиС; →; Московский физико-технический институт; МИРЭА — Российский технологический университет; Санкт-Петербургский государственный электротехнический университет «ЛЭТИ» им. В.И. Ульянова (Ленина)";"oho.misis.ru; predprof@misis.ru";"Положение; →; Регламент";Состязание проводится для учащихся 9-11 классов. Олимпиада призвана повысить интерес школьников к углубленному изучению химии и дальнейшему получению профильного высшего образования в ведущих химико-технологических и технических государственных университетах. .. Олимпиада проводится в два этапа – отборочный и заключительный. К участию в финале приглашаются победители и призеры отборочного этапа, а также победители и призеры финала прошлого учебного года, продолжающие учебу в школе.;Личная | Участник самостоятельно выполняет задания | Очно-заочная | Нужно пройти дистанционный отбор, чтобы участвовать в очном финале;Каталог /activities;https://olimpiada.ru/activity/5353
5722;Проектная химическая олимпиада;Химия;8–11 классы;8.0;11.0;Очно-заочная;Личная;7.0;Информация ожидается;Информация о следующей олимпиаде ожидается в ноябре 2026 года;Обновление информации: ожидается в ноябре 2026 года;Частично заполнен по текущему статусу;Расписание олимпиады в этом году пока не известно;;https://olimpiada.ru/activity/5722;—;;Точное соответствие проекту РСОШ 2026/27 не найдено;https://rsr-olymp.ru/news/123;24.09.2026;Центр педагогического мастерства;"chemolymp.ru; info@chemolymp.ru";"Положение; →";Проектная химическая олимпиада проводится для учеников 8-11 классов в два этапа: отборочный и заключительный. Во время соревнования участникам предлагается придумать оригинальное решение практической задачи и воплотить его в жизнь. .. Отборочный этап проходит в два тура. На состязании участникам нужно решить ряд теоретических задач, относящихся к неорганической, физической и органической химии. По итогам отбора школьники приглашаются на заключительный этап. Он состоит из проектного и практического туров. На проектном туре участникам нужно найти оптимальные методы решения конкретной практической задачи и защитить свою работу перед жюри. Школьники, показавшие лучшие результаты, приглашаются на практический тур. В финале ребятам предлагается реализовать свои проекты на практике.;Личная | Участник самостоятельно выполняет задания | Очно-заочная | Нужно пройти дистанционный отбор, чтобы участвовать в очном финале;Каталог /activities;https://olimpiada.ru/activity/5722
5239;Северо-Восточная олимпиада по химии;Химия;8–11 классы;8.0;11.0;Очно-заочная;Личная;7.5;Следующий цикл ожидается;Следующее соревнование начнется в ноябре 2026 года;Следующее соревнование: Следующее соревнование начнется в ноябре 2026 года;Частично заполнен по текущему статусу;Расписание олимпиады в этом году пока не известно;;https://olimpiada.ru/activity/5239;—;;Этот профиль не найден в проекте РСОШ 2026/27;https://rsr-olymp.ru/news/123;24.09.2026;"Северо-Восточный федеральный университет имени М. К. Аммосова; →";"olympiadsvosh.s-vfu.ru/...; svosh.s-vfu@mail.ru";"Положение; →; Регламент";;Личная | Участник самостоятельно выполняет задания | Очно-заочная | Нужно пройти дистанционный отбор, чтобы участвовать в очном финале;Объединение: Северо-Восточная олимпиада;https://olimpiada.ru/activity/5239
5159;Университетская олимпиада школьников «Бельчонок» по химии;Химия;8–11 классы;8.0;11.0;Очно-заочная;Личная;8.2;Этап запланирован;Отборочный этап пройдет с 1 октября до 12 января;"Отборочный этап: 1 окт—12 янв
Финал: 14 фев";Опубликован;"Отборочный этап
1 окт—12 янв
Финал
14 фев";Обновлено 11 сентября;https://olimpiada.ru/activity/5159;II;химия;"Проект РСОШ 2026/27; не утвержден на 24.09.2026";https://www.garant.ru/products/ipo/prime/doc/56963051/;24.09.2026;Сибирский федеральный университет в лице Довузовского управления СФУ;"dovuz.sfu-kras.ru/...; dovuz@sfu-kras.ru";"Положение и регламент; →";;Личная | Участник самостоятельно выполняет задания | Очно-заочная | Нужно пройти дистанционный отбор, чтобы участвовать в очном финале;Объединение: Университетская олимпиада школьников «Бельчонок»;https://olimpiada.ru/activity/5159
5692;Химическая олимпиада имени Германа Гесса;Химия;6–8 классы;6.0;8.0;Очно-заочная;Личная;7.0;Информация ожидается;Информация о следующей олимпиаде ожидается в сентябре 2026 года;Обновление информации: ожидается в сентябре 2026 года;Частично заполнен по текущему статусу;Расписание олимпиады в этом году пока не известно;;https://olimpiada.ru/activity/5692;—;;Точное соответствие проекту РСОШ 2026/27 не найдено;https://rsr-olymp.ru/news/123;24.09.2026;"Химический факультет МГУ имени М. В. Ломоносова; →; Школа «Летово»";"letovo.online/...; online@letovo.ru";;Химическая олимпиада имени Германа Гесса проводится для учащихся 6-8 классов. Состязание включает три этапа: заочные и очный. .. Первый заочный этап является отборочным. Для участия нужно зарегистрироваться и выполнить задания с автопроверкой на химическую эрудицию, логику и умение делать расчеты. Победители приглашаются на второй этап. Он также проводится онлайн. Задания моделируют реальные химические процессы, исследования, технологические цепочки и предполагают использование знаний по математике и физике. Финал включает теоретический и практический туры, в рамках которых у участников будет возможность поработать в современной химической лаборатории и решить интересные задачи, требующие нестандартного мышления, вдумчивости и внимательности.;Личная | Участник самостоятельно выполняет задания | Очно-заочная | Нужно пройти дистанционный отбор, чтобы участвовать в очном финале;Каталог /activities;https://olimpiada.ru/activity/5692
225;Химическая олимпиада имени академика П. Д. Саркисова;Химия;9–11 классы;9.0;11.0;Очно-заочная;Личная;8.3;Следующий цикл ожидается;Следующее соревнование начнется в декабре 2026 года;Следующее соревнование: Следующее соревнование начнется в декабре 2026 года;Частично заполнен по текущему статусу;Расписание олимпиады в этом году пока не известно;;https://olimpiada.ru/activity/225;III;химия;"Проект РСОШ 2026/27; не утвержден на 24.09.2026";https://www.garant.ru/products/ipo/prime/doc/56963051/;24.09.2026;"Российский химико-технологический университет имени Д. И. Менделеева; →; Российский государственный университет нефти и газа (национальный исследовательский университет) имени И.М. Губкина";"muctr.ru/...; olymppk@muctr.ru";"Положение; →; Регламент";Соревнование для школьников 9-11 классов проводится в два этапа. .. Отборочный этап проходит в заочном формате. Для участия необходимо зарегистрироваться. Заключительный этап проводится очно. На него приглашаются победители и призеры первого этапа. При выполнении олимпиадных заданий организаторы разрешают использовать периодическую систему химических элементов Д. И. Менделеева и таблицу растворимости и ряда напряжения металлов.;Личная | Участник самостоятельно выполняет задания | Очно-заочная | Нужно пройти дистанционный отбор, чтобы участвовать в очном финале;Каталог /activities;https://olimpiada.ru/activity/225
5021;Всероссийская олимпиада школьников «13 элемент. ALхимия будущего»;"Химия; Информатика; Математика; Физика";8–11 классы;8.0;11.0;Очно-заочная;Личная;9.6;Следующий цикл ожидается;Следующее соревнование начнется в ноябре;Следующее соревнование: Следующее соревнование начнется в ноябре;Частично заполнен по текущему статусу;Расписание олимпиады в этом году пока не известно;;https://olimpiada.ru/activity/5021;—;;Точное соответствие проекту РСОШ 2026/27 не найдено;https://rsr-olymp.ru/news/123;24.09.2026;"Сибирский федеральный университет; →; Уральский государственный горный университет; Иркутский национальный исследовательский технический университет; Сибирский государственный индустриальный университет; Волгоградский технический университет";"vk.com/...; element.Al@yandex.ru";;Всероссийская олимпиада школьников «13 элемент. ALхимия будущего» проводится для учеников 8-11 классов в формате комплексного теста по математике, физике, химии и информатике. .. Задания включают в себя профильные вопросы по металлургии, материаловедению, горному делу и геологии.;Личная | Участник самостоятельно выполняет задания | Очно-заочная | Нужно пройти дистанционный отбор, чтобы участвовать в очном финале;Каталог /activities;https://olimpiada.ru/activity/5021
78;Всероссийская олимпиада по экологии;Экология;5–11 классы;5.0;11.0;Очная;Личная;8.2;Идёт этап;Школьный этап проходит до 1 ноября;"Школьный этап: До 1 ноя
Муниципальный этап: 2 ноя—25 дек";Опубликован;"Школьный этап
До 1 ноя
Муниципальный этап
2 ноя—25 дек";Обновлено 1 сентября;https://olimpiada.ru/activity/78;ВсОШ;Экология;"ВсОШ: отдельная система; уровни I–III РСОШ не применяются";https://vserosolimp.edsoo.ru/;24.09.2026;"Минпросвещения России; →; Ответственные в регионах";vserosolimp.edsoo.ru;"Порядок проведения; →";Во Всероссийской олимпиаде школьников по экологии могут участвовать учащиеся 5-11 классов. На первом, школьном, этапе главная цель соревнования даже не выявить лучших знатоков предмета, а привить детям интерес к этой науке. Поэтому многие задания не требуют каких-то особых знаний, для их выполнения скорее важна внимательность и смекалка. .. В соревнование входят тестовые задания, а также задачи, в которых нужно не только выбрать ответ, но и его обосновать, или, например, вставить пропущенное слово, установить соответствие. Аналогичным образом выстраивается и муниципальный этап, но в нем могут принимать участие только школьники 7-11 классов. Региональный этап проводится для 9-11 классов, он проходит в два тура. Первый тур – письменный, учащимся нужно выполнять теоретические задания. Второй – устный, в ходе него участники презентуют свои экологические проекты перед членами жюри на тематической секции. На каждое выступление отводится не более семи минут. Кроме того, до защиты проектов жюри проводит оценку их рукописей, обычно заочно. На заключительном этапе участников также ждут два тура: теоретический и защита проекта. При составлении заданий олимпиады учитывается регион, в котором она проводится: вопросы могут касаться местных «краснокнижных» видов, особо охраняемых территорий, особенностей регионального природопользования. Победители и призеры финального этапа получают льготы при поступлении на профильные факультеты вузов.;Личная | Участник самостоятельно выполняет задания | Очная | Для участия нужно прийти в заранее известное место проведения | Правила игры | Общие положения прописаны в Порядке проведения олимпиады, который утверждает Минобрнауки России | Порядок проведения ВсОШ → | Льготы при поступлении | Победители и призеры финала олимпиады поступают без экзаменов в любой вуз по профильному направлению | Подробнее о льготах → | Локальные особенности | В Москве школьный этап проходит по единым заданиям и единому графику | Сайт этапов ВсОШ в Москве →;Объединение: Всероссийская олимпиада школьников;https://olimpiada.ru/activity/78
6939;Международная олимпиада по вопросам изменения климата и проблемам экологии;Экология;9–11 классы;9.0;11.0;Очная;Личная;5.5;Информация ожидается;Информация о следующей олимпиаде ожидается в декабре 2026 года;III олимпиада: До 29 сен;Опубликован;"III олимпиада
До 29 сен";Обновлено 2 июня;https://olimpiada.ru/activity/6939;—;;Точное соответствие проекту РСОШ 2026/27 не найдено;https://rsr-olymp.ru/news/123;24.09.2026;;ioce.siriusolymp.ru;;IOCE – это международное междисциплинарное научное соревнование, направленное на привлечение внимания молодежи к актуальным экологическим проблемам и стимулирование интереса к их решению. Олимпиада способствует повышению экологической грамотности, развитию творческого и научного потенциала участников, а также укреплению международного сотрудничества в области охраны окружающей среды. .. Олимпиада включает два тура: теоретический (индивидуальный и командный) и практический (полевой и лабораторный). Принять участие могут школьники в составе команд до 5 участников (от 14 до 18 лет включительно). Рабочий язык олимпиады – английский. По решению оргкомитета участники могут использовать глоссарий (список терминов) на всех турах.;Личная | Участник самостоятельно выполняет задания | Очная | Для участия нужно прийти в заранее известное место проведения;Объединение: Международные олимпиады;https://olimpiada.ru/activity/6939
5675;Московская олимпиада по экологии;Экология;5–11 классы;5.0;11.0;Очно-заочная;Личная;8.0;Расписание не опубликовано;Ожидается расписание состязания;Публикация расписания: ожидается расписание состязания;Частично заполнен по текущему статусу;Расписание олимпиады в этом году пока не известно;;https://olimpiada.ru/activity/5675;III;экология;"Проект РСОШ 2026/27; не утвержден на 24.09.2026";https://www.garant.ru/products/ipo/prime/doc/56963051/;24.09.2026;"Департамент образования и науки города Москвы; →";"mos-ecol.olimpiada.ru; ecol@olimpiada.ru";"Положение; →";Московская олимпиада по экологии проходит для учеников 5-8 классов с 2018 года. С 2020 года соревнование проводится и для старшеклассников. .. Для 5-7 классов организуют один дистанционный этап, для учеников 8-11 классов проводятся заочный отборочный и очный заключительный этапы. Дистанционный этап предполагает выполнение тестовых заданий. Участников финала ждут теоретические задачи и творческий кейс, который позволит проявить проектное мышление.;Личная | Участник самостоятельно выполняет задания | Очно-заочная | Нужно пройти дистанционный отбор, чтобы участвовать в очном финале;Объединение: Московская олимпиада школьников;https://olimpiada.ru/activity/5675
6925;Олимпиада «Формула Единства»/«Третье тысячелетие» по экологии;Экология;8–11 классы;8.0;11.0;Очно-заочная;Личная;5.3;Этап запланирован;Отборочный этап пройдет с 20 октября по 13 ноября;Отборочный этап: 20 окт—13 ноя;Опубликован;"Отборочный этап
20 окт—13 ноя";Обновлено 15 сентября;https://olimpiada.ru/activity/6925;—;;Этот профиль не найден в проекте РСОШ 2026/27;https://rsr-olymp.ru/news/123;24.09.2026;;"formulo.org/...; olimp.eco@formulo.org";;;Личная | Участник самостоятельно выполняет задания | Очно-заочная | Нужно пройти дистанционный отбор, чтобы участвовать в очном финале;Объединение: Олимпиада «Формула Единства»/«Третье тысячелетие»;https://olimpiada.ru/activity/6925
327;Олимпиада школьников «Ломоносов» по экологии;Экология;5–11 классы;5.0;11.0;Очно-заочная;Личная;8.2;Расписание не опубликовано;Расписание следующей олимпиады ожидается в октябре 2026 года;Публикация расписания: ожидается в октябре 2026 года;Частично заполнен по текущему статусу;Расписание олимпиады в этом году пока не известно;;https://olimpiada.ru/activity/327;II;экология;"Проект РСОШ 2026/27; не утвержден на 24.09.2026";https://www.garant.ru/products/ipo/prime/doc/56963051/;24.09.2026;"Московский государственный университет имени М. В. Ломоносова; →; Факультет почвоведения МГУ";"olymp.msu.ru; ecologyLomonosov@yandex.ru";"Положение; →; Регламент; Положение об апелляциях";Олимпиада по экологии включает также задания по биологии и географии. Соревнование проводится для учеников 5-11 классов в два этапа. .. Первый, отборочный, проводится заочно. Финал проходит в очном формате или дистанционно. Задания носят комплексный характер и формируются в соответствии с преподаваемыми в школе предметами (экология, биология, география) и спецификой факультета почвоведения, который готовит специалистов по направлениям «Почвоведение» и «Экология и природопользование». Разрабатываются варианты для трех возрастных групп: 5-8 классы, 9-10 классы, 11 класс. На отборочном этапе учащимся 11 класса предоставляется право выбора: они могут либо ответить на задания олимпиады, либо представить жюри свой экологический исследовательский проект.;Личная | Участник самостоятельно выполняет задания | Очно-заочная | Нужно пройти дистанционный отбор, чтобы участвовать в очном финале;Объединение: Олимпиада школьников «Ломоносов»;https://olimpiada.ru/activity/327
6967;Плехановская олимпиада по экологии;Экология;8–11 классы;8.0;11.0;Очно-заочная;;5.5;Следующий цикл ожидается;Следующее соревнование начнется в октябре;Следующее соревнование: Следующее соревнование начнется в октябре;Частично заполнен по текущему статусу;Расписание олимпиады в этом году пока не известно;;https://olimpiada.ru/activity/6967;—;;Этот профиль не найден в проекте РСОШ 2026/27;https://rsr-olymp.ru/news/123;24.09.2026;РЭУ имени Г.В. Плеханова;"rea.ru/...; olymp@rea.ru";;;Очно-заочная | Нужно пройти дистанционный отбор, чтобы участвовать в очном финале;Объединение: Плехановская олимпиада школьников;https://olimpiada.ru/activity/6967
6937;Экологическая олимпиада для школьников USCHOOL;Экология;2–11 классы;2.0;11.0;Дистанционная;Личная;6.6;Следующий цикл ожидается;Следующая олимпиада ожидается в сентябре 2026 года;Следующая олимпиада: Следующая олимпиада ожидается в сентябре 2026 года;Частично заполнен по текущему статусу;Расписание олимпиады в этом году пока не известно;;https://olimpiada.ru/activity/6937;—;;Точное соответствие проекту РСОШ 2026/27 не найдено;https://rsr-olymp.ru/news/123;24.09.2026;;"uschool.ubirator.com/...; uschool@ubirator.com";;Соревнование проводится среди учеников 2-11 классов в онлайн-формате. Участников ждут два тура, где им предстоит пройти тест и выполнить творческое задание на одну из заданных тем о сохранении природы. .. Цель олимпиады – стимулировать интерес подрастающего поколения к актуальным экологическим проблемам и вовлечь школьников в практические действия по созданию прикладных экологических проектов. Создать условия для развития и применения компетенций в области экологичного образа жизни и бережного отношения к природе для детей школьного возраста.;Личная | Участник самостоятельно выполняет задания | Дистанционная | Можно участвовать не выходя из дома, достаточно иметь компьютер с доступом в интернет;Каталог /activities;https://olimpiada.ru/activity/6937
86;Всероссийская олимпиада по экономике;Экономика;5–11 классы;5.0;11.0;Очная;Личная;7.8;Идёт этап;Школьный этап проходит до 1 ноября;"Школьный этап: До 1 ноя
Муниципальный этап: 2 ноя—25 дек";Опубликован;"Школьный этап
До 1 ноя
Муниципальный этап
2 ноя—25 дек";Обновлено 1 сентября;https://olimpiada.ru/activity/86;ВсОШ;Экономика;"ВсОШ: отдельная система; уровни I–III РСОШ не применяются";https://vserosolimp.edsoo.ru/;24.09.2026;"Минпросвещения России; →; Ответственные в регионах";vserosolimp.edsoo.ru;"Порядок проведения; →";Всероссийская олимпиада школьников по экономике проходит с 1996 года. Она проводится для учащихся 5-11 классов. .. На школьном и муниципальном этапе в соревновании всего один тур, в него входят задания с одним или несколькими правильными вариантами ответа и задачи. В региональном этапе могут принимать участие школьники 9-11 классов. Соревнование проходит в два тура. На первом учащимся предлагаются тестовые задания, а также вопросы, на которые предполагается развернутый ответ. На втором туре участникам дают четыре задачи. В финале соревнования учащиеся 9-11 классов решают по четыре задачи на каждом из двух туров. Победители и призеры заключительного этапа олимпиады получают льготы при поступлении на профильные факультеты вузов.;Личная | Участник самостоятельно выполняет задания | Очная | Для участия нужно прийти в заранее известное место проведения | Правила игры | Общие положения прописаны в Порядке проведения олимпиады, который утверждает Минобрнауки России | Порядок проведения ВсОШ → | Льготы при поступлении | Победители и призеры финала олимпиады поступают без экзаменов в любой вуз по профильному направлению | Подробнее о льготах → | Локальные особенности | В Москве школьный этап проходит по единым заданиям и единому графику | Сайт этапов ВсОШ в Москве →;Объединение: Всероссийская олимпиада школьников;https://olimpiada.ru/activity/86
59;Всероссийская экономическая олимпиада школьников имени Н. Д. Кондратьева;Экономика;5–11 классы;5.0;11.0;Очно-заочная;Личная;7.6;Информация ожидается;Ожидается информация от организаторов;Обновление информации: ожидается информация от организаторов;Частично заполнен по текущему статусу;Расписание олимпиады в этом году пока не известно;;https://olimpiada.ru/activity/59;—;;Точное соответствие проекту РСОШ 2026/27 не найдено;https://rsr-olymp.ru/news/123;24.09.2026;"Институт экономики РАН; →; Санкт-Петербургский государственный экономический университет; Уральский федеральный университет имени первого Президента России Б. Н. Ельцина; Финансовый университет при Правительстве Российской Федерации; Пермский государственный национальный исследовательский университет";"olimpiada-kondratiev.ru; info@olimpiada-kondratiev.ru";"Положение и регламент; →";Олимпиада по экономике проходит для учеников 5-11 классов. Состязание проводится в два этапа: отборочный и заключительный. .. Отборочный этап может проходить в очном и заочном формате. Для участия необходимо пройти регистрацию. Победители и призеры первого этапа приглашаются на финал. Заключительный этап проводится очно в Москве и на региональных площадках.;Личная | Участник самостоятельно выполняет задания | Очно-заочная | Нужно пройти дистанционный отбор, чтобы участвовать в очном финале;Каталог /activities;https://olimpiada.ru/activity/59
5646;Международная олимпиада школьников по экономике;Экономика;9–11 классы;9.0;11.0;Очная;Личная;7.2;Расписание не опубликовано;Расписание олимпиады в этом году пока не известно;Не опубликовано;Не опубликован;Расписание олимпиады в этом году пока не известно;;https://olimpiada.ru/activity/5646;—;;Точное соответствие проекту РСОШ 2026/27 не найдено;https://rsr-olymp.ru/news/123;24.09.2026;"Высшая школа экономики; →";"2026.ieo-official.org; info@ecolymp.org";;Ежегодное соревнование по экономике для школьников 16-18 лет. Участники отправляются на состязание командой из пяти человек, которая формируется из победителей и призеров национальных олимпиад. .. Задачи соревнования выявляют понимание участниками основных экономических концепций и моделей, эрудированность, а также аналитические навыки. https://ecolymp.org/;Личная | Участник самостоятельно выполняет задания | Очная | Для участия нужно прийти в заранее известное место проведения;Объединение: Международные олимпиады;https://olimpiada.ru/activity/5646
277;Международный школьный конкурс РЭШ;Экономика;7–11 классы;7.0;11.0;Дистанционная;Личная;8.3;Расписание не опубликовано;Расписание олимпиады в этом году пока не известно;Не опубликовано;Не опубликован;Расписание олимпиады в этом году пока не известно;;https://olimpiada.ru/activity/277;—;;Точное соответствие проекту РСОШ 2026/27 не найдено;https://rsr-olymp.ru/news/123;24.09.2026;"Российская экономическая школа; →; ILoveEconomics.ru";"schoolcontest.nes.ru/...; schoolcontest@nes.ru";;Заочный конкурс, который вдохновит вас на изучение экономики;Личная | Участник самостоятельно выполняет задания | Дистанционная | Можно участвовать не выходя из дома, достаточно иметь компьютер с доступом в интернет;Каталог /activities;https://olimpiada.ru/activity/277
5112;Многопрофильная инженерная олимпиада «Звезда» по экономике;Экономика;9–11 классы;9.0;11.0;Очно-заочная;Личная;7.2;Этап указан;Очный отборочный этап;"Интернет-тур отборочного этапа: 20 окт—22 дек
Очный отборочный этап: 5 ноя—22 дек";Опубликован;"Интернет-тур отборочного этапа
20 окт—22 дек
Очный отборочный этап
5 ноя—22 дек";Обновлено 17 сентября;https://olimpiada.ru/activity/5112;—;;Этот профиль не найден в проекте РСОШ 2026/27;https://rsr-olymp.ru/news/123;24.09.2026;"Южно-Уральский государственный университет; →; Союз машиностроителей России; Южно-Российский политехнический университет (НПИ) имени М. И. Платова";"zv.susu.ru/...; zv@susu.ru";"Положение и регламент; →";;Личная | Участник самостоятельно выполняет задания | Очно-заочная | Нужно пройти дистанционный отбор, чтобы участвовать в очном финале;Объединение: Многопрофильная инженерная олимпиада «Звезда»;https://olimpiada.ru/activity/5112
110;Московская олимпиада по экономике;Экономика;5–11 классы;5.0;11.0;Очно-заочная;Личная;8.5;Расписание не опубликовано;Ожидается расписание состязания;Публикация расписания: ожидается расписание состязания;Частично заполнен по текущему статусу;Расписание олимпиады в этом году пока не известно;;https://olimpiada.ru/activity/110;III;экономика;"Проект РСОШ 2026/27; не утвержден на 24.09.2026";https://www.garant.ru/products/ipo/prime/doc/56963051/;24.09.2026;"Департамент образования и науки города Москвы; →";"mosecon.olimpiada.ru; mosecon@olimpiada.ru";"Положение; →";Московская олимпиада по экономике проводится для учеников 5-11 классов с 1996 года. .. Для учеников 5-6 классов соревнование проходит в один, дистанционный, этап. Олимпиада для учеников 7-11 классов включает в себя заочный отборочный и очный заключительный этапы.;Личная | Участник самостоятельно выполняет задания | Очно-заочная | Нужно пройти дистанционный отбор, чтобы участвовать в очном финале;Объединение: Московская олимпиада школьников;https://olimpiada.ru/activity/110
152;Олимпиада «Высшая проба» по экономике;Экономика;9–11 классы;9.0;11.0;Очно-заочная;Личная;8.6;Регистрация завершена;Регистрация открыта до 22 сентября;"Регистрация: До 22 сен
Дополнительная дата: Первый тур отборочного этапа: 1 день
Дополнительная дата: 26 сен
Дополнительная дата: Первый тур отборочного этапа: 2 день
Дополнительная дата: 30 сен";Частично опубликован;"Регистрация
До 22 сен
Первый тур отборочного этапа: 1 день
26 сен
Первый тур отборочного этапа: 2 день
30 сен";Обновлено 7 сентября;https://olimpiada.ru/activity/152;I;экономика;"Проект РСОШ 2026/27; не утвержден на 24.09.2026";https://www.garant.ru/products/ipo/prime/doc/56963051/;24.09.2026;"Национальный исследовательский университет Высшая школа экономики; →";"olymp.hse.ru/...; olymp@hse.ru";"Положение и регламент; →";НИУ ВШЭ проводит олимпиады по экономике для школьников начиная с 1998 года. К участию приглашаются ученики 8-11 классов. .. Задания отборочного этапа – это тестовые вопросы открытого и закрытого типов. На заключительном этапе участников ждут экономические задачи, требующие развернутого аргументированного решения.;Личная | Участник самостоятельно выполняет задания | Очно-заочная | Нужно пройти дистанционный отбор, чтобы участвовать в очном финале;Объединение: Олимпиада «Высшая проба»;https://olimpiada.ru/activity/152
5822;Олимпиада «Миссия выполнима. Твое призвание - финансист!» по финансовой грамотности;Экономика;8–11 классы;8.0;11.0;Очно-заочная;Личная;7.4;Текущий статус не указан;Регистрация на отборочный этап открыта до 30 ноября;"Регистрация на отборочный этап: До 30 ноя
Отборочный этап: 1—2 дек";Опубликован;"Регистрация на отборочный этап
До 30 ноя
Отборочный этап
1—2 дек";Обновлено 14 сентября;https://olimpiada.ru/activity/5822;II;финансовая грамотность;"Проект РСОШ 2026/27; не утвержден на 24.09.2026";https://www.garant.ru/products/ipo/prime/doc/56963051/;24.09.2026;"Финансовый университет при правительстве Российской Федерации; →";"mission.fa.ru; olymp@fa.ru";;;Личная | Участник самостоятельно выполняет задания | Очно-заочная | Нужно пройти дистанционный отбор, чтобы участвовать в очном финале;Объединение: Олимпиада «Миссия выполнима. Твое призвание – финансист!»;https://olimpiada.ru/activity/5822
4354;Олимпиада «Миссия выполнима. Твое призвание - финансист!» по экономике;Экономика;8–11 классы;8.0;11.0;Очно-заочная;Личная;8.3;Текущий статус не указан;Регистрация на отборочный этап открыта до 30 ноября;"Регистрация на отборочный этап: До 30 ноя
Отборочный этап: 5—6 дек";Опубликован;"Регистрация на отборочный этап
До 30 ноя
Отборочный этап
5—6 дек";Обновлено 14 сентября;https://olimpiada.ru/activity/4354;II;экономика;"Проект РСОШ 2026/27; не утвержден на 24.09.2026";https://www.garant.ru/products/ipo/prime/doc/56963051/;24.09.2026;"Финансовый университет при правительстве Российской Федерации; →";"mission.fa.ru; olymp@fa.ru";;;Личная | Участник самостоятельно выполняет задания | Очно-заочная | Нужно пройти дистанционный отбор, чтобы участвовать в очном финале;Объединение: Олимпиада «Миссия выполнима. Твое призвание – финансист!»;https://olimpiada.ru/activity/4354
208;Олимпиада «Юные таланты» по экономике;Экономика;6–11 классы;6.0;11.0;Очно-заочная;Личная;7.5;Итоги опубликованы;"Опубликованы итоги; следующее соревнование ожидается в январе 2027 года";"Следующее соревнование: Опубликованы итоги; следующее соревнование ожидается в январе 2027 года";Частично заполнен по текущему статусу;Расписание олимпиады в этом году пока не известно;;https://olimpiada.ru/activity/208;—;;Этот профиль не найден в проекте РСОШ 2026/27;https://rsr-olymp.ru/news/123;24.09.2026;"Пермский государственный национальный исследовательский университет; →";"olymp.psu.ru/...; katya_shekina@inbox.ru; econ.olimp@yandex.ru";"Положение; →";;Личная | Участник самостоятельно выполняет задания | Очно-заочная | Нужно пройти дистанционный отбор, чтобы участвовать в очном финале;Объединение: Многопредметная олимпиада «Юные таланты»;https://olimpiada.ru/activity/208
5772;Олимпиада РАНХиГС по финансовой грамотности;Экономика;6–11 классы;6.0;11.0;Очно-заочная;Личная;8.0;Регистрация открыта;Отборочный этап стартует 20 октября. Регистрация открыта;"Отборочный этап: 20 окт—18 ноя
Регистрация: До 18 ноя";Опубликован;"Отборочный этап
20 окт—18 ноя
Регистрация
До 18 ноя";Обновлено 10 сентября;https://olimpiada.ru/activity/5772;II;финансовая грамотность;"Проект РСОШ 2026/27; не утвержден на 24.09.2026";https://www.garant.ru/products/ipo/prime/doc/56963051/;24.09.2026;"Российская академия народного хозяйства и государственной службы при президенте РФ; →";"ranepa.ru/...; olymp@ranepa.ru";"Положение; →";В олимпиаде по финансовой грамотности могут участвовать все желающие школьники из 6-11 классов. Соревнование проходит в два этапа: отборочный и заключительный. .. В заочном формате проводится отборочный этап. Участники, успешно справившиеся с заданиями отбора, приглашаются на финал. Заключительный этап проходит в очной форме в филиалах РАНХиГС в Москве и регионах России.;Личная | Участник самостоятельно выполняет задания | Очно-заочная | Нужно пройти дистанционный отбор, чтобы участвовать в очном финале;Объединение: Олимпиада РАНХиГС;https://olimpiada.ru/activity/5772
242;Олимпиада по экономике в рамках международного экономического фестиваля «Сибириада. Шаг в мечту»;Экономика;7–11 классы;7.0;11.0;Очно-заочная;Личная;8.9;Итоги опубликованы;"Опубликованы итоги; следующее соревнование ожидается в декабре 2026 года";"Следующее соревнование: Опубликованы итоги; следующее соревнование ожидается в декабре 2026 года";Частично заполнен по текущему статусу;Расписание олимпиады в этом году пока не известно;;https://olimpiada.ru/activity/242;II;экономика;"Проект РСОШ 2026/27; не утвержден на 24.09.2026";https://www.garant.ru/products/ipo/prime/doc/56963051/;24.09.2026;"Министерство образования Новосибирской области; →; Новосибирский национальный исследовательский государственный университет; Национальный исследовательский университет «Высшая школа экономики»; Сибирский Университет Потребительской Кооперации; «Экономический лицей» (г. Бердск); ILoveEconomics.ru";"sibiriada.org; sibiriada.olimpiada@yandex.ru";;Межрегиональный экономический фестиваль школьников «Сибириада. Шаг в мечту» проводится в г. Бердске Новосибирской области с 1994 года. Чтобы на него попасть, необходимо пройти отбор, состоящий из дистанционного и очного туров. .. Фестиваль является одним из крупнейших мероприятий для школьников за Уралом. «Сибириада» – это деловая игра, которая помогает лучше усвоить теоретические знания, и учит ими пользоваться, дает возможность приобрести конкретный коммуникативный опыт. Заключительный этап проходит в следующем формате: все участники становятся гражданами «государства», где есть своя валюта, Государственный банк, Биржа труда, Муниципалитет. Всем участникам «Сибириады» в Государственном банке открываются лицевые счета с одинаковой стартовой суммой. Увеличить эту сумму, участвуя в различных мероприятиях, – основная задача, которую каждый решает по-своему.;Личная | Участник самостоятельно выполняет задания | Очно-заочная | Нужно пройти дистанционный отбор, чтобы участвовать в очном финале;Каталог /activities;https://olimpiada.ru/activity/242
259;Открытый чемпионат школ по экономике;Экономика;7–11 классы;7.0;11.0;Очная;Командная;7.7;Расписание не опубликовано;Расписание следующего чемпионата ожидается в январе 2027 года;Публикация расписания: ожидается в январе 2027 года;Частично заполнен по текущему статусу;Расписание олимпиады в этом году пока не известно;;https://olimpiada.ru/activity/259;—;;Точное соответствие проекту РСОШ 2026/27 не найдено;https://rsr-olymp.ru/news/123;24.09.2026;"Экономико-математическая школа при экономическом факультете МГУ имени М. В. Ломоносова; →; Экономический факультет МГУ имени М. В. Ломоносова";"openchampionship.ru; olimpiada@emsch.ru";"Положение и регламент; →";Впервые олимпиаду провели в 1978 году. Сейчас Открытый чемпионат проводится для учащихся 7-11 классов. Ученики могут участвовать лично или в команде от школы. .. Соревнование проводится на экономическом факультете МГУ имени М. В. Ломоносова и проходит одним днем в два тура. Первый – индивидуальный. На нем предлагаются задачи по экономике, которые необходимо решить в течение 2 часов. Второй тур – командный (4-5 учащихся 7-11 классов одной и той же школы). Сборные команды разных школ к участию не допускаются. Во втором туре команды решают несколько кейсов задач.;Командная | Участники выполняют задания вместе и борются за общий результат | Очная | Для участия нужно прийти в заранее известное место проведения;Каталог /activities;https://olimpiada.ru/activity/259
5635;Плехановская олимпиада по финансовой грамотности;Экономика;8–11 классы;8.0;11.0;Очно-заочная;Личная;6.6;Следующий цикл ожидается;Следующее соревнование начнется в октябре;Следующее соревнование: Следующее соревнование начнется в октябре;Частично заполнен по текущему статусу;Расписание олимпиады в этом году пока не известно;;https://olimpiada.ru/activity/5635;III;финансовая грамотность;"Проект РСОШ 2026/27; не утвержден на 24.09.2026";https://www.garant.ru/products/ipo/prime/doc/56963051/;24.09.2026;"РЭУ имени Г. В. Плеханова; →";"rea.ru/...; olymp@rea.ru";;Олимпиада по финансовой грамотности проводится с 2017/18 учебного года. К участию приглашаются ученики 8-11 классов, которые интересуются темой управления финансами. .. Соревнование проходит в два этапа. На отборочном этапе, который проводится дистанционно, школьникам предстоит написать эссе. Заключительный этап проходит очно в Российском экономическом университете имени Г. В. Плеханова в Москве и на региональных площадках.;Личная | Участник самостоятельно выполняет задания | Очно-заочная | Нужно пройти дистанционный отбор, чтобы участвовать в очном финале;Объединение: Плехановская олимпиада школьников;https://olimpiada.ru/activity/5635
5172;Плехановская олимпиада по экономике;Экономика;8–11 классы;8.0;11.0;Очно-заочная;Личная;8.4;Следующий цикл ожидается;Следующее соревнование начнется в октябре;Следующее соревнование: Следующее соревнование начнется в октябре;Частично заполнен по текущему статусу;Расписание олимпиады в этом году пока не известно;;https://olimpiada.ru/activity/5172;II;экономика;"Проект РСОШ 2026/27; не утвержден на 24.09.2026";https://www.garant.ru/products/ipo/prime/doc/56963051/;24.09.2026;"РЭУ имени Г. В. Плеханова; →";"rea.ru/...; olymp@rea.ru";;Соревнование проводится для школьников, изучающих или увлекающихся экономикой. .. Олимпиада проходит в два этапа. Отборочный проводится дистанционно. Второй этап, заключительный, проходит очно в Российском экономическом университете имени Г. В. Плеханова в Москве и на региональных площадках. На финал приглашаются участники, успешно прошедшие отборочный этап, и победители и призеры заключительного этапа прошлого года.;Личная | Участник самостоятельно выполняет задания | Очно-заочная | Нужно пройти дистанционный отбор, чтобы участвовать в очном финале;Объединение: Плехановская олимпиада школьников;https://olimpiada.ru/activity/5172
5090;Экономическая школа «I Love Economics»;Экономика;8–10 классы;8.0;10.0;;;6.8;Регистрация откроется позже;Регистрация на следующую смену начнется в мае 2027 года;Регистрация: в мае 2027 года;Частично заполнен по текущему статусу;Расписание олимпиады в этом году пока не известно;;https://olimpiada.ru/activity/5090;—;;Точное соответствие проекту РСОШ 2026/27 не найдено;https://rsr-olymp.ru/news/123;24.09.2026;"Высшая школа экономики; →; Проект «Экономика для школьников»";"lesh.info; lesh@iloveeconomics.ru";;Экономическая школа «I Love Economics» проводится ежегодно в августе. Принять участие в ЛЭШ могут школьники 8-10 классов. .. Лекторы ЛЭШ – лучшие преподаватели НИУ ВШЭ и Российской экономической школы, члены жюри и разработчики заданий различных олимпиад, известные исследователи и практики. В ЛЭШ лучшие школьники, увлеченные изучением экономики или только стремящиеся понять, интересна ли она им, встречаются с лучшими преподавателями, цель которых – не только научить решать задачи, но и помочь ребятам интересно провести время. Участник ЛЭШ может выбрать олимпиадную или профориентационную программу.;;Каталог /activities;https://olimpiada.ru/activity/5090
