number;olympiad;organizers;profile;subjects;level
1;"""Финатлон для старшеклассников"" - Всероссийская олимпиада по финансовой грамотности, устойчивому развитию и защите прав потребителей финансовых услуг";"Автономная некоммерческая организация высшего образования ""Национальный институт финансовых рынков и управления"" Министерство науки и высшего образования Российской Федерации Федеральное государственное автономное образовательное учреждение высшего образования ""Московский политехнический университет"" Национальный благотворительный фонд устойчивого развития и финансовой грамотности ""Финатлон фонд"" Общероссийская общественная организация потребителей ""Союз защиты прав потребителей финансовых услуг"" Автономная некоммерческая организация дополнительного профессионального образования ""Институт фондового рынка и управления"" Институт экономики Российской академии наук Ассоциация развития финансовой грамотности Министерство просвещения и воспитания Ульяновской области Управление общего и дошкольного образования Администрации города Норильска Федеральное государственное бюджетное образовательное учреждение высшего образования ""Бурятский государственный университет им. Доржи Банзарова"" Федеральное государственное бюджетное образовательное учреждение высшего образования ""Благовещенский государственный педагогический университет"" Федеральное государственное автономное образовательное учреждение высшего образования ""Белгородский государственный национальный исследовательский университет"" Федеральное государственное бюджетное образовательное учреждение высшего образования ""Тихоокеанский государственный университет"" Федеральное государственное бюджетное образовательное учреждение высшего образования ""Кемеровский государственный университет"" Федеральное государственное бюджетное образовательное учреждение высшего образования ""Оренбургский государственный университет"" Федеральное государственное бюджетное образовательное учреждение высшего образования ""Мордовский государственный университет им. Н.П. Огарева"" Федеральное государственное бюджетное образовательное учреждение высшего образования ""Смоленский государственный университет"" Федеральное государственное автономное образовательное учреждение высшего образования ""Волгоградский государственный университет"" Автономная некоммерческая организация ""Дом финансового просвещения"" Федеральное государственное автономное образовательное учреждение высшего образования ""Пермский государственный национальный исследовательский университет"" Бюджетное учреждение высшего образования ""Сургутский государственный университет"" Федеральное государственное бюджетное образовательное учреждение высшего образования ""Чувашский государственный педагогический университет им. И.Я. Яковлева"" Федеральное государственное автономное образовательное учреждение высшего образования ""Самарский государственный экономический университет"" Частное образовательное учреждение высшего образования ""Санкт-Петербургский университет технологий управления и экономики"" Автономная некоммерческая организация высшего образования ""Университет мировых цивилизаций имени В.В. Жириновского"" Федеральное государственное бюджетное образовательное учреждение высшего образования ""Ставропольский государственный аграрный университет"" Федеральное государственное бюджетное образовательное учреждение высшего образования ""Тверской государственный университет"" Федеральное государственное бюджетное образовательное учреждение высшего образования ""Уфимский государственный нефтяной технический университет"" Федеральное государственное бюджетное образовательное учреждение высшего образования ""Ярославский государственный университет им. П.Г. Демидова Государственное автономное образовательное учреждение дополнительного профессионального образования ""Институт развития образования"" Липецкой области Федеральное государственное бюджетное образовательное учреждение высшего образования ""Курский государственный университет"" Федеральное государственное бюджетное образовательное учреждение высшего образования ""Курганский государственный университет"" Федеральное государственное автономное образовательное учреждение высшего образования ""Севастопольский государственный университет"" Федеральное государственное бюджетное образовательное учреждение высшего образования ""Байкальский государственный университет"" Автономная некоммерческая образовательная организация высшего образования ""Калининградский институт управления"" Федеральное государственное бюджетное образовательное учреждение высшего образования ""Алтайский государственный университет"" Федеральное государственное бюджетное образовательное учреждение высшего образования ""Владимирский государственный университет имени Александра Григорьевича и Николая Григорьевича Столетовых"" Федеральное государственное бюджетное образовательное учреждение высшего образования ""Воронежский государственный университет"" Федеральное государственное бюджетное образовательное учреждение высшего образования ""Северо-Кавказский государственный аграрный университет"" Федеральное государственное бюджетное образовательное учреждение высшего образования ""Кубанский государственный технологический университет"" Федеральное государственное автономное образовательное учреждение высшего образования ""Сибирский Федеральный Университет"" Федеральное государственное бюджетное образовательное учреждение высшего образования ""Новгородский государственный университет имени Ярослава Мудрого"" Федеральное государственное бюджетное образовательное учреждение высшего образования ""Орловский государственный университет им. И.С. Тургенева"" Федеральное государственное автономное образовательное учреждение высшего образования ""Крымский федеральный университет имени В.И. Вернадского"" Федеральное государственное автономное образовательное учреждение высшего образования ""Южный Федеральный университет"" Федеральное государственное бюджетное образовательное учреждение высшего образования ""Тульский государственный университет"" Нижегородский институт управления, филиал Российской академии народного хозяйства и государственной службы при Президенте Российской Федерации";финансовая грамотность;экономика и управление;3
2;"""Формула единства""/""Третье тысячелетие""";"Федеральное государственное автономное образовательное учреждение высшего образования Санкт-Петербургский государственный электротехнический университет ""ЛЭТИ"" им В.И. Ульянова (Ленина) Федеральное государственное бюджетное образовательное учреждение высшего образования ""Российская академия народного хозяйства и государственной службы при Президенте Российской Федерации""";математика;математика;2
2;"""Формула единства""/""Третье тысячелетие""";"Федеральное государственное автономное образовательное учреждение высшего образования Санкт-Петербургский государственный электротехнический университет ""ЛЭТИ"" им В.И. Ульянова (Ленина) Федеральное государственное бюджетное образовательное учреждение высшего образования ""Российская академия народного хозяйства и государственной службы при Президенте Российской Федерации""";физика;физика;3
3;"XIX Южно-Российская межрегиональная олимпиада школьников ""Архитектура и искусство"" по комплексу предметов (рисунок, живопись, композиция, черчение)";"Федеральное государственное автономное образовательное учреждение высшего образования ""Южный федеральный университет"" Гуманитарно-педагогическая академия филиал федерального государственного автономного образовательного учреждения высшего образования ""Крымский федеральный университет имени В.И. Вернадского"" Федеральное государственное автономное образовательное учреждение высшего образования ""Северо-Кавказский федеральный университет"" Федеральное государственное бюджетное образовательное учреждение высшего образования ""Алтайский государственный университет"" Федеральное государственное бюджетное образовательное учреждение высшего образования ""Белгородский государственный технологический университет им. В.Г. Шухова"" Федеральное государственное бюджетное образовательное учреждение высшего образования ""Волгоградский государственный социально-педагогический университет"" Федеральное государственное бюджетное образовательное учреждение высшего образования ""Воронежский государственный педагогический университет"" Федеральное государственное бюджетное образовательное учреждение высшего образования ""Воронежский государственный технический университет"" Федеральное государственное бюджетное образовательное учреждение высшего образования ""Донской государственный технический университет"" Федеральное государственное бюджетное образовательное учреждение высшего образования ""Ивановский государственный политехнический университет"" Федеральное государственное бюджетное образовательное учреждение высшего образования ""Казанский национальный исследовательский технологический университет"" Федеральное государственное бюджетное образовательное учреждение высшего образования ""Калининградский государственный технический университет"" Федеральное государственное бюджетное образовательное учреждение высшего образования ""Нижегородский государственный архитектурно-строительный университет"" Федеральное государственное бюджетное образовательное учреждение высшего образования ""Пятигорский государственный университет"" Федеральное государственное бюджетное образовательное учреждение высшего образования ""Томский государственный архитектурно-строительный университет""";рисунок, живопись, композиция, черчение;архитектура, изобразительное и прикладные виды искусств;1
4;Всероссийская академическая олимпиада школьников имени В.И. Вернадского;"Федеральное государственное бюджетное образовательное учреждение высшего образования ""Бурятский государственный университет имени Доржи Банзарова"" Автономная некоммерческая организация высшего образования ""Волгоградский институт бизнеса"" Федеральное государственное бюджетное образовательное учреждение высшего образования ""Кемеровский государственный университет"" Частное образовательное учреждение высшего образования ""Московский университет имени С.Ю. Витте"" Автономная некоммерческая организация высшего образования ""Российский новый университет"" Федеральное государственное бюджетное образовательное учреждение высшего образования ""Санкт-Петербургский государственный экономический университет"" Федеральное государственное бюджетное образовательное учреждение высшего образования ""Тамбовский государственный технический университет"" Федеральное государственное бюджетное образовательное учреждение высшего образования ""Финансовый университет при Правительстве Российской Федерации"" Федеральное государственное бюджетное образовательное учреждение высшего образования ""Ульяновский государственный университет""";гуманитарные и социальные науки;история, обществознание;1
4;Всероссийская академическая олимпиада школьников имени В.И. Вернадского;"Федеральное государственное бюджетное образовательное учреждение высшего образования ""Бурятский государственный университет имени Доржи Банзарова"" Автономная некоммерческая организация высшего образования ""Волгоградский институт бизнеса"" Федеральное государственное бюджетное образовательное учреждение высшего образования ""Кемеровский государственный университет"" Частное образовательное учреждение высшего образования ""Московский университет имени С.Ю. Витте"" Автономная некоммерческая организация высшего образования ""Российский новый университет"" Федеральное государственное бюджетное образовательное учреждение высшего образования ""Санкт-Петербургский государственный экономический университет"" Федеральное государственное бюджетное образовательное учреждение высшего образования ""Тамбовский государственный технический университет"" Федеральное государственное бюджетное образовательное учреждение высшего образования ""Финансовый университет при Правительстве Российской Федерации"" Федеральное государственное бюджетное образовательное учреждение высшего образования ""Ульяновский государственный университет""";экономика;экономика;1
5;"Всероссийская междисциплинарная олимпиада школьников 8-11 классов ""Национальная технологическая олимпиада""";"Федеральное государственное автономное образовательное учреждение высшего образования ""Национальный исследовательский университет ""Высшая школа экономики"" Федеральное государственное бюджетное образовательное учреждение высшего образования ""Новосибирский государственный технический университет"" Федеральное государственное автономное образовательное учреждение высшего образования ""Национальный исследовательский университет ИТМО"" Федеральное государственное автономное образовательное учреждение высшего образования ""Омский государственный технический университет"" Федеральное государственное бюджетное образовательное учреждение высшего образования ""МИРЭА Российский технологический университет"" Федеральное государственное автономное образовательное учреждение высшего образования ""Московский физико-технический институт (национальный исследовательский университет)""";автоматизация бизнес-процессов;математика и механика, компьютерные и информационные науки, информатика и вычислительная техника, информационная безопасность, электроника, радиотехника и системы связи, управление в технических системах, экономика и управление;3
5;"Всероссийская междисциплинарная олимпиада школьников 8-11 классов ""Национальная технологическая олимпиада""";"Федеральное государственное автономное образовательное учреждение высшего образования ""Национальный исследовательский университет ""Высшая школа экономики"" Федеральное государственное автономное образовательное учреждение высшего образования ""Московский политехнический университет"" Автономная некоммерческая организация ""Университет Национальной технологической инициативы 2035""";автономные транспортные системы;компьютерные и информационные науки, информатика и вычислительная техника, электроника, радиотехника и системы связи, машиностроение, техника и технологии наземного транспорта, авиационная и ракетно-космическая техника, аэронавигация и эксплуатация авиационной и ракетно-космической техники, управление в технических системах;2
5;"Всероссийская междисциплинарная олимпиада школьников 8-11 классов ""Национальная технологическая олимпиада""";"Федеральное государственное автономное образовательное учреждение высшего образования ""Национальный исследовательский университет ""Высшая школа экономики"" Федеральное государственное бюджетное образовательное учреждение высшего образования ""МИРЭА Российский технологический университет""";анализ космических снимков и геопространственных данных;науки о Земле, информатика и вычислительная техника, техносферная безопасность и природообустройство;2
5;"Всероссийская междисциплинарная олимпиада школьников 8-11 классов ""Национальная технологическая олимпиада""";"Федеральное государственное автономное образовательное учреждение высшего образования ""Национальный исследовательский университет ""Высшая школа экономики"" Федеральное государственное автономное образовательное учреждение высшего образования ""Самарский национальный исследовательский университет имени академика СП Королева"" Автономная некоммерческая организация ""Университет национальной технологической инициативы 2035""";беспилотные авиационные системы;информатика и вычислительная техника, электроника, радиотехника и системы связи, фотоника, приборостроение, оптические и биотехнические системы и технологии, авиационная и ракетно-космическая техника, аэронавигация и эксплуатация авиационной и ракетно-космической техники, управление в технических системах;3
5;"Всероссийская междисциплинарная олимпиада школьников 8-11 классов ""Национальная технологическая олимпиада""";"Федеральное государственное автономное образовательное учреждение высшего образования ""Национальный исследовательский университет ""Высшая школа экономики"" Федеральное государственное автономное образовательное учреждение высшего образования ""Национальный исследовательский университет ИТМО""";большие данные и машинное обучение;компьютерные и информационные науки, информатика и вычислительная техника, информационная безопасность, электроника, радиотехника и системы связи, фотоника, приборостроение, оптические и биотехнические системы и технологии, электро- и теплоэнергетика, машиностроение, авиационная и ракетно-космическая техника, управление в технических системах, языкознание и литературоведение;3
5;"Всероссийская междисциплинарная олимпиада школьников 8-11 классов ""Национальная технологическая олимпиада""";"Федеральное государственное автономное образовательное учреждение высшего образования ""Национальный исследовательский университет ""Высшая школа экономики"" Ордена Трудового Красного Знамени федеральное государственное бюджетное образовательное учреждение высшего образования ""Московский технический университет связи и информатики"" Федеральное государственное бюджетное учреждение науки Ордена Трудового Красного Знамени Институт солнечно-земной физики Сибирского отделения Российской академии наук Бюджетное учреждение высшего образования Ханты-Мансийского автономного округа Югры ""Сургутский государственный университет""";виртуальная реальность: разработка компьютерных игр, технологии виртуальной реальности, технологии дополненной реальности;компьютерные и информационные науки, информатика и вычислительная техника, информационная безопасность;3
5;"Всероссийская междисциплинарная олимпиада школьников 8-11 классов ""Национальная технологическая олимпиада""";"Федеральное государственное автономное образовательное учреждение высшего образования ""Национальный исследовательский университет ""Высшая школа экономики"" Федеральное государственное автономное образовательное учреждение высшего образования ""Новосибирский национальный исследовательский государственный университет""";геномное редактирование;химия, биологические науки, химические технологии, промышленная экология и биотехнологии, техносферная безопасность и природообустройство, сельское, лесное и рыбное хозяйство, ветеринария и зоотехния;3
5;"Всероссийская междисциплинарная олимпиада школьников 8-11 классов ""Национальная технологическая олимпиада""";"Федеральное государственное автономное образовательное учреждение высшего образования ""Национальный исследовательский университет ""Высшая школа экономики"" Федеральное государственное автономное образовательное учреждение высшего образования ""Московский политехнический университет""";инженерные биологические системы;науки о Земле, биологические науки, фотоника, приборостроение, оптические и биотехнические системы и технологии, электро- и теплоэнергетика, промышленная экология и биотехнологии, техносферная безопасность и природообустройство, сельское, лесное и рыбное хозяйство;3
5;"Всероссийская междисциплинарная олимпиада школьников 8-11 классов ""Национальная технологическая олимпиада""";"Федеральное государственное автономное образовательное учреждение высшего образования ""Национальный исследовательский университет ""Высшая школа экономики"" Федеральное государственное автономное образовательное учреждение высшего образования ""Национальный исследовательский университет ИТМО""";интеллектуальные робототехнические системы;компьютерные и информационные науки, информатика и вычислительная техника, информационная безопасность, электроника, радиотехника и системы связи, фотоника, приборостроение, оптические и биотехнические системы и технологии, электро- и теплоэнергетика, машиностроение, авиационная и ракетно-космическая техника, управление в технических системах;2
5;"Всероссийская междисциплинарная олимпиада школьников 8-11 классов ""Национальная технологическая олимпиада""";"Федеральное государственное автономное образовательное учреждение высшего образования ""Национальный исследовательский университет ""Высшая школа экономики"" Федеральное государственное бюджетное образовательное учреждение высшего образования ""Новосибирский государственный технический университет"", Федеральное государственное бюджетное образовательное учреждение высшего образования ""Сургутский государственный университет"" Федеральное государственное автономное образовательное учреждение высшего образования ""Тюменский государственный университет""";интеллектуальные энергетические системы;математика и механика, компьютерные и информационные науки, информатика и вычислительная техника, информационная безопасность, электроника, радиотехника и системы связи, электро- и теплоэнергетика, управление в технических системах, экономика и управление;3
5;"Всероссийская междисциплинарная олимпиада школьников 8-11 классов ""Национальная технологическая олимпиада""";"Федеральное государственное автономное образовательное учреждение высшего образования ""Национальный исследовательский университет ""Высшая школа экономики"" Федеральное государственное автономное образовательное учреждение высшего образования ""Национальный исследовательский ядерный университет ""МИФИ""";информационная безопасность;компьютерные и информационные науки, информатика и вычислительная техника, информационная безопасность;3
5;"Всероссийская междисциплинарная олимпиада школьников 8-11 классов ""Национальная технологическая олимпиада""";"Федеральное государственное автономное образовательное учреждение высшего образования ""Национальный исследовательский университет ""Высшая школа экономики"" Федеральное государственное автономное образовательное учреждение высшего образования ""Национальный исследовательский университет ИТМО""";инфохимия;информатика и вычислительная техника;3
5;"Всероссийская междисциплинарная олимпиада школьников 8-11 классов ""Национальная технологическая олимпиада""";"Федеральное государственное автономное образовательное учреждение высшего образования ""Национальный исследовательский университет ""Высшая школа экономики"" Федеральное государственное автономное образовательное учреждение высшего образования ""Московский физико-технический институт (национальный исследовательский университет)"" Федеральное государственное автономное образовательное учреждение высшего образования ""Национальный исследовательский технологический университет ""МИСИС"" Федеральное государственное бюджетное образовательное учреждение высшего образования ""Московский государственный технический университет имени Н.Э. Баумана (национальный исследовательский университет)"" Федеральное государственное автономное образовательное учреждение высшего образования ""Национальный исследовательский университет ИТМО"" Федеральное государственное бюджетное образовательное учреждение высшего образования ""МИРЭА Российский технологический университет""";искусственный интеллект;математика и механика, компьютерные и информационные науки, информатика и вычислительная техника, информационная безопасность;3
5;"Всероссийская междисциплинарная олимпиада школьников 8-11 классов ""Национальная технологическая олимпиада""";"Федеральное государственное автономное образовательное учреждение высшего образования ""Национальный исследовательский университет ""Высшая школа экономики"" Федеральное государственное автономное образовательное учреждение высшего образования ""Национальный исследовательский ядерный университет ""МИФИ""";квантовый инжиниринг;фотоника, приборостроение, оптические и биотехнические системы и технологии;3
5;"Всероссийская междисциплинарная олимпиада школьников 8-11 классов ""Национальная технологическая олимпиада""";"Федеральное государственное автономное образовательное учреждение высшего образования ""Национальный исследовательский университет ""Высшая школа экономики"" Федеральное государственное автономное образовательное учреждение высшего образования ""Национальный исследовательский университет ИТМО""";летающая робототехника;информатика и вычислительная техника, фотоника, приборостроение, оптические и биотехнические системы и технологии, машиностроение, техника и технологии наземного транспорта, авиационная и ракетно-космическая техника, аэронавигация и эксплуатация авиационной и ракетно-космической техники, управление в технических системах;3
5;"Всероссийская междисциплинарная олимпиада школьников 8-11 классов ""Национальная технологическая олимпиада""";"Федеральное государственное автономное образовательное учреждение высшего образования ""Национальный исследовательский университет ""Высшая школа экономики"" Федеральное государственное бюджетное образовательное учреждение высшего образования ""МИРЭА Российский технологический университет""";наносистемы и химический инжиниринг;электроника, радиотехника и системы связи, фотоника, приборостроение, оптические и биотехнические системы и технологии, машиностроение, промышленная экология и биотехнологии, техносферная безопасность и природообустройство, технологии материалов, управление в технических системах, нанотехнологии и наноматериалы;3
5;"Всероссийская междисциплинарная олимпиада школьников 8-11 классов ""Национальная технологическая олимпиада""";"Федеральное государственное автономное образовательное учреждение высшего образования ""Национальный исследовательский университет ""Высшая школа экономики"" Федеральное государственное автономное образовательное учреждение высшего образования ""Национальный исследовательский университет ИТМО""";программная инженерия в финансовых технологиях;математика и механика, компьютерные и информационные науки, информатика и вычислительная техника, информационная безопасность, электроника, радиотехника и системы связи, фотоника, приборостроение, оптические и биотехнические системы и технологии, электро- и теплоэнергетика, машиностроение, авиационная и ракетно-космическая техника, управление в технических системах;3
5;"Всероссийская междисциплинарная олимпиада школьников 8-11 классов ""Национальная технологическая олимпиада""";"Федеральное государственное автономное образовательное учреждение высшего образования ""Национальный исследовательский университет ""Высшая школа экономики"" Федеральное государственное автономное образовательное учреждение высшего образования ""Национальный исследовательский ядерный университет ""МИФИ""";разработка мобильных приложений;компьютерные и информационные науки, информатика и вычислительная техника, информационная безопасность;3
5;"Всероссийская междисциплинарная олимпиада школьников 8-11 классов ""Национальная технологическая олимпиада""";"Федеральное государственное автономное образовательное учреждение высшего образования ""Национальный исследовательский университет ""Высшая школа экономики"" Федеральное государственное бюджетное образовательное учреждение высшего образования ""МИРЭА Российский технологический университет""";спутниковые и аэрокосмические системы;электроника, радиотехника и системы связи, управление в технических системах;3
5;"Всероссийская междисциплинарная олимпиада школьников 8-11 классов ""Национальная технологическая олимпиада""";"Федеральное государственное автономное образовательное учреждение высшего образования ""Национальный исследовательский университет ""Высшая школа экономики"" Ордена Трудового Красного Знамени федеральное государственное бюджетное образовательное учреждение высшего образования ""Московский технический университет связи и информатики"" Федеральное государственное бюджетное учреждение науки Ордена Трудового Красного Знамени Институт солнечно-земной физики Сибирского отделения Российской академии наук Бюджетное учреждение высшего образования Ханты-Мансийского автономного округа Югры ""Сургутский государственный университет""";технологии беспроводной связи;компьютерные и информационные науки, информатика и вычислительная техника, информационная безопасность, электроника, радиотехника и системы связи, управление в технических системах;2
5;"Всероссийская междисциплинарная олимпиада школьников 8-11 классов ""Национальная технологическая олимпиада""";"Федеральное государственное автономное образовательное учреждение высшего образования ""Национальный исследовательский университет ""Высшая школа экономики"" Федеральное государственное автономное образовательное учреждение высшего образования ""Национальный исследовательский ядерный университет ""МИФИ""";ядерные технологии;фотоника, приборостроение, оптические и биотехнические системы и технологии, ядерная энергетика и технологии, машиностроение, управление в технических системах;2
6;"Всероссийская олимпиада по агрогенетике ""Иннагрика""";"Фонд поддержки научно-проектной деятельности студентов, аспирантов и молодых ученых ""Национальное интеллектуальное развитие"" Министерство науки и высшего образования Российской Федерации Министерство сельского хозяйства Российской Федерации Национальный исследовательский центр ""Курчатовский институт"" Федеральное государственное бюджетное образовательное учреждение высшего образования ""Российский государственный аграрный университет МСХА имени К.А. Тимирязева""";аграрная генетика;биология;2
7;Всероссийская олимпиада по искусственному интеллекту (с возможностью участия иностранных обучающихся);"Минпросвещения России, Федеральное государственное бюджетное научное учреждение ""Институт стратегии развития образования Российской академии образования"" Федеральное государственное автономное образовательное учреждение высшего образования ""Государственный университет просвещения""";искусственный интеллект;информатика;2
8;"Всероссийская олимпиада школьников ""Высшая проба""";"Федеральное государственное автономное образовательное учреждение высшего образования ""Национальный исследовательский университет ""Высшая школа экономики"" Федеральное государственное автономное образовательное учреждение высшего образования ""Российский университет дружбы народов имени Патриса Лумумбы"" Федеральное государственное автономное образовательное учреждение высшего образования ""Белгородский государственный национальный исследовательский университет"" Федеральное государственное автономное образовательное учреждение высшего образования ""Северный (Арктический) федеральный университет имени М.В. Ломоносова"" Федеральное государственное автономное образовательное учреждение высшего образования ""Северо-Кавказский федеральный университет"" Федеральное государственное автономное образовательное учреждение высшего образования ""Южный федеральный университет"" Федеральное государственное бюджетное образовательное учреждение высшего образования ""Новосибирский государственный университет экономики и управления ""НИНХ"" Федеральное государственное бюджетное образовательное учреждение высшего образования ""Пензенский государственный университет"" Федеральное государственное бюджетное образовательное учреждение высшего образования ""Юго-Западный государственный университет"" Федеральное государственное автономное образовательное учреждение высшего образования ""Тюменский государственный университет"" Федеральное государственное автономное образовательное учреждение высшего образования ""Казанский (Приволжский) федеральный университет"" Федеральное государственное бюджетное образовательное учреждение высшего образования ""Кубанский государственный технологический университет""";биология;биология;2
8;"Всероссийская олимпиада школьников ""Высшая проба""";"Федеральное государственное автономное образовательное учреждение высшего образования ""Национальный исследовательский университет ""Высшая школа экономики"" Федеральное государственное автономное образовательное учреждение высшего образования ""Российский университет дружбы народов имени Патриса Лумумбы"" Федеральное государственное автономное образовательное учреждение высшего образования ""Белгородский государственный национальный исследовательский университет"" Федеральное государственное автономное образовательное учреждение высшего образования ""Северный (Арктический) федеральный университет имени М.В. Ломоносова"" Федеральное государственное автономное образовательное учреждение высшего образования ""Северо-Кавказский федеральный университет"" Федеральное государственное автономное образовательное учреждение высшего образования ""Южный федеральный университет"" Федеральное государственное бюджетное образовательное учреждение высшего образования ""Новосибирский государственный университет экономики и управления ""НИНХ"" Федеральное государственное бюджетное образовательное учреждение высшего образования ""Пензенский государственный университет"" Федеральное государственное бюджетное образовательное учреждение высшего образования ""Юго-Западный государственный университет"" Федеральное государственное автономное образовательное учреждение высшего образования ""Тюменский государственный университет"" Федеральное государственное автономное образовательное учреждение высшего образования ""Казанский (Приволжский) федеральный университет"" Федеральное государственное бюджетное образовательное учреждение высшего образования ""Кубанский государственный технологический университет""";востоковедение;востоковедение и африканистика;2
8;"Всероссийская олимпиада школьников ""Высшая проба""";"Федеральное государственное автономное образовательное учреждение высшего образования ""Национальный исследовательский университет ""Высшая школа экономики"" Федеральное государственное автономное образовательное учреждение высшего образования ""Российский университет дружбы народов имени Патриса Лумумбы"" Федеральное государственное автономное образовательное учреждение высшего образования ""Белгородский государственный национальный исследовательский университет"" Федеральное государственное автономное образовательное учреждение высшего образования ""Северный (Арктический) федеральный университет имени М.В. Ломоносова"" Федеральное государственное автономное образовательное учреждение высшего образования ""Северо-Кавказский федеральный университет"" Федеральное государственное автономное образовательное учреждение высшего образования ""Южный федеральный университет"" Федеральное государственное бюджетное образовательное учреждение высшего образования ""Новосибирский государственный университет экономики и управления ""НИНХ"" Федеральное государственное бюджетное образовательное учреждение высшего образования ""Пензенский государственный университет"" Федеральное государственное бюджетное образовательное учреждение высшего образования ""Юго-Западный государственный университет"" Федеральное государственное автономное образовательное учреждение высшего образования ""Тюменский государственный университет"" Федеральное государственное автономное образовательное учреждение высшего образования ""Казанский (Приволжский) федеральный университет"" Федеральное государственное бюджетное образовательное учреждение высшего образования ""Кубанский государственный технологический университет""";восточные языки;иностранный язык;2
8;"Всероссийская олимпиада школьников ""Высшая проба""";"Федеральное государственное автономное образовательное учреждение высшего образования ""Национальный исследовательский университет ""Высшая школа экономики"" Федеральное государственное автономное образовательное учреждение высшего образования ""Российский университет дружбы народов имени Патриса Лумумбы"" Федеральное государственное автономное образовательное учреждение высшего образования ""Белгородский государственный национальный исследовательский университет"" Федеральное государственное автономное образовательное учреждение высшего образования ""Северный (Арктический) федеральный университет имени М.В. Ломоносова"" Федеральное государственное автономное образовательное учреждение высшего образования ""Северо-Кавказский федеральный университет"" Федеральное государственное автономное образовательное учреждение высшего образования ""Южный федеральный университет"" Федеральное государственное бюджетное образовательное учреждение высшего образования ""Новосибирский государственный университет экономики и управления ""НИНХ"" Федеральное государственное бюджетное образовательное учреждение высшего образования ""Пензенский государственный университет"" Федеральное государственное бюджетное образовательное учреждение высшего образования ""Юго-Западный государственный университет"" Федеральное государственное автономное образовательное учреждение высшего образования ""Тюменский государственный университет"" Федеральное государственное автономное образовательное учреждение высшего образования ""Казанский (Приволжский) федеральный университет"" Федеральное государственное бюджетное образовательное учреждение высшего образования ""Кубанский государственный технологический университет""";дизайн;изобразительное и прикладные виды искусств;1
8;"Всероссийская олимпиада школьников ""Высшая проба""";"Федеральное государственное автономное образовательное учреждение высшего образования ""Национальный исследовательский университет ""Высшая школа экономики"" Федеральное государственное автономное образовательное учреждение высшего образования ""Российский университет дружбы народов имени Патриса Лумумбы"" Федеральное государственное автономное образовательное учреждение высшего образования ""Белгородский государственный национальный исследовательский университет"" Федеральное государственное автономное образовательное учреждение высшего образования ""Северный (Арктический) федеральный университет имени М.В. Ломоносова"" Федеральное государственное автономное образовательное учреждение высшего образования ""Северо-Кавказский федеральный университет"" Федеральное государственное автономное образовательное учреждение высшего образования ""Южный федеральный университет"" Федеральное государственное бюджетное образовательное учреждение высшего образования ""Новосибирский государственный университет экономики и управления ""НИНХ"" Федеральное государственное бюджетное образовательное учреждение высшего образования ""Пензенский государственный университет"" Федеральное государственное бюджетное образовательное учреждение высшего образования ""Юго-Западный государственный университет"" Федеральное государственное автономное образовательное учреждение высшего образования ""Тюменский государственный университет"" Федеральное государственное автономное образовательное учреждение высшего образования ""Казанский (Приволжский) федеральный университет"" Федеральное государственное бюджетное образовательное учреждение высшего образования ""Кубанский государственный технологический университет""";журналистика;средства массовой информации и информационно-библиотечное дело;1
8;"Всероссийская олимпиада школьников ""Высшая проба""";"Федеральное государственное автономное образовательное учреждение высшего образования ""Национальный исследовательский университет ""Высшая школа экономики"" Федеральное государственное автономное образовательное учреждение высшего образования ""Российский университет дружбы народов имени Патриса Лумумбы"" Федеральное государственное автономное образовательное учреждение высшего образования ""Белгородский государственный национальный исследовательский университет"" Федеральное государственное автономное образовательное учреждение высшего образования ""Северный (Арктический) федеральный университет имени М.В. Ломоносова"" Федеральное государственное автономное образовательное учреждение высшего образования ""Северо-Кавказский федеральный университет"" Федеральное государственное автономное образовательное учреждение высшего образования ""Южный федеральный университет"" Федеральное государственное бюджетное образовательное учреждение высшего образования ""Новосибирский государственный университет экономики и управления ""НИНХ"" Федеральное государственное бюджетное образовательное учреждение высшего образования ""Пензенский государственный университет"" Федеральное государственное бюджетное образовательное учреждение высшего образования ""Юго-Западный государственный университет"" Федеральное государственное автономное образовательное учреждение высшего образования ""Тюменский государственный университет"" Федеральное государственное автономное образовательное учреждение высшего образования ""Казанский (Приволжский) федеральный университет"" Федеральное государственное бюджетное образовательное учреждение высшего образования ""Кубанский государственный технологический университет""";инженерные науки;информационная безопасность, информатика и вычислительная техника;2
8;"Всероссийская олимпиада школьников ""Высшая проба""";"Федеральное государственное автономное образовательное учреждение высшего образования ""Национальный исследовательский университет ""Высшая школа экономики"" Федеральное государственное автономное образовательное учреждение высшего образования ""Российский университет дружбы народов имени Патриса Лумумбы"" Федеральное государственное автономное образовательное учреждение высшего образования ""Белгородский государственный национальный исследовательский университет"" Федеральное государственное автономное образовательное учреждение высшего образования ""Северный (Арктический) федеральный университет имени М.В. Ломоносова"" Федеральное государственное автономное образовательное учреждение высшего образования ""Северо-Кавказский федеральный университет"" Федеральное государственное автономное образовательное учреждение высшего образования ""Южный федеральный университет"" Федеральное государственное бюджетное образовательное учреждение высшего образования ""Новосибирский государственный университет экономики и управления ""НИНХ"" Федеральное государственное бюджетное образовательное учреждение высшего образования ""Пензенский государственный университет"" Федеральное государственное бюджетное образовательное учреждение высшего образования ""Юго-Западный государственный университет"" Федеральное государственное автономное образовательное учреждение высшего образования ""Тюменский государственный университет"" Федеральное государственное автономное образовательное учреждение высшего образования ""Казанский (Приволжский) федеральный университет"" Федеральное государственное бюджетное образовательное учреждение высшего образования ""Кубанский государственный технологический университет""";иностранный язык;иностранный язык;1
8;"Всероссийская олимпиада школьников ""Высшая проба""";"Федеральное государственное автономное образовательное учреждение высшего образования ""Национальный исследовательский университет ""Высшая школа экономики"" Федеральное государственное автономное образовательное учреждение высшего образования ""Российский университет дружбы народов имени Патриса Лумумбы"" Федеральное государственное автономное образовательное учреждение высшего образования ""Белгородский государственный национальный исследовательский университет"" Федеральное государственное автономное образовательное учреждение высшего образования ""Северный (Арктический) федеральный университет имени М.В. Ломоносова"" Федеральное государственное автономное образовательное учреждение высшего образования ""Северо-Кавказский федеральный университет"" Федеральное государственное автономное образовательное учреждение высшего образования ""Южный федеральный университет"" Федеральное государственное бюджетное образовательное учреждение высшего образования ""Новосибирский государственный университет экономики и управления ""НИНХ"" Федеральное государственное бюджетное образовательное учреждение высшего образования ""Пензенский государственный университет"" Федеральное государственное бюджетное образовательное учреждение высшего образования ""Юго-Западный государственный университет"" Федеральное государственное автономное образовательное учреждение высшего образования ""Тюменский государственный университет"" Федеральное государственное автономное образовательное учреждение высшего образования ""Казанский (Приволжский) федеральный университет"" Федеральное государственное бюджетное образовательное учреждение высшего образования ""Кубанский государственный технологический университет""";информатика;информатика;1
8;"Всероссийская олимпиада школьников ""Высшая проба""";"Федеральное государственное автономное образовательное учреждение высшего образования ""Национальный исследовательский университет ""Высшая школа экономики"" Федеральное государственное автономное образовательное учреждение высшего образования ""Российский университет дружбы народов имени Патриса Лумумбы"" Федеральное государственное автономное образовательное учреждение высшего образования ""Белгородский государственный национальный исследовательский университет"" Федеральное государственное автономное образовательное учреждение высшего образования ""Северный (Арктический) федеральный университет имени М.В. Ломоносова"" Федеральное государственное автономное образовательное учреждение высшего образования ""Северо-Кавказский федеральный университет"" Федеральное государственное автономное образовательное учреждение высшего образования ""Южный федеральный университет"" Федеральное государственное бюджетное образовательное учреждение высшего образования ""Новосибирский государственный университет экономики и управления ""НИНХ"" Федеральное государственное бюджетное образовательное учреждение высшего образования ""Пензенский государственный университет"" Федеральное государственное бюджетное образовательное учреждение высшего образования ""Юго-Западный государственный университет"" Федеральное государственное автономное образовательное учреждение высшего образования ""Тюменский государственный университет"" Федеральное государственное автономное образовательное учреждение высшего образования ""Казанский (Приволжский) федеральный университет"" Федеральное государственное бюджетное образовательное учреждение высшего образования ""Кубанский государственный технологический университет""";история;история;1
8;"Всероссийская олимпиада школьников ""Высшая проба""";"Федеральное государственное автономное образовательное учреждение высшего образования ""Национальный исследовательский университет ""Высшая школа экономики"" Федеральное государственное автономное образовательное учреждение высшего образования ""Российский университет дружбы народов имени Патриса Лумумбы"" Федеральное государственное автономное образовательное учреждение высшего образования ""Белгородский государственный национальный исследовательский университет"" Федеральное государственное автономное образовательное учреждение высшего образования ""Северный (Арктический) федеральный университет имени М.В. Ломоносова"" Федеральное государственное автономное образовательное учреждение высшего образования ""Северо-Кавказский федеральный университет"" Федеральное государственное автономное образовательное учреждение высшего образования ""Южный федеральный университет"" Федеральное государственное бюджетное образовательное учреждение высшего образования ""Новосибирский государственный университет экономики и управления ""НИНХ"" Федеральное государственное бюджетное образовательное учреждение высшего образования ""Пензенский государственный университет"" Федеральное государственное бюджетное образовательное учреждение высшего образования ""Юго-Западный государственный университет"" Федеральное государственное автономное образовательное учреждение высшего образования ""Тюменский государственный университет"" Федеральное государственное автономное образовательное учреждение высшего образования ""Казанский (Приволжский) федеральный университет"" Федеральное государственное бюджетное образовательное учреждение высшего образования ""Кубанский государственный технологический университет""";история искусств;искусствознание;2
8;"Всероссийская олимпиада школьников ""Высшая проба""";"Федеральное государственное автономное образовательное учреждение высшего образования ""Национальный исследовательский университет ""Высшая школа экономики"" Федеральное государственное автономное образовательное учреждение высшего образования ""Российский университет дружбы народов имени Патриса Лумумбы"" Федеральное государственное автономное образовательное учреждение высшего образования ""Белгородский государственный национальный исследовательский университет"" Федеральное государственное автономное образовательное учреждение высшего образования ""Северный (Арктический) федеральный университет имени М.В. Ломоносова"" Федеральное государственное автономное образовательное учреждение высшего образования ""Северо-Кавказский федеральный университет"" Федеральное государственное автономное образовательное учреждение высшего образования ""Южный федеральный университет"" Федеральное государственное бюджетное образовательное учреждение высшего образования ""Новосибирский государственный университет экономики и управления ""НИНХ"" Федеральное государственное бюджетное образовательное учреждение высшего образования ""Пензенский государственный университет"" Федеральное государственное бюджетное образовательное учреждение высшего образования ""Юго-Западный государственный университет"" Федеральное государственное автономное образовательное учреждение высшего образования ""Тюменский государственный университет"" Федеральное государственное автономное образовательное учреждение высшего образования ""Казанский (Приволжский) федеральный университет"" Федеральное государственное бюджетное образовательное учреждение высшего образования ""Кубанский государственный технологический университет""";культурология;культуроведение и социокультурные проекты;1
8;"Всероссийская олимпиада школьников ""Высшая проба""";"Федеральное государственное автономное образовательное учреждение высшего образования ""Национальный исследовательский университет ""Высшая школа экономики"" Федеральное государственное автономное образовательное учреждение высшего образования ""Российский университет дружбы народов имени Патриса Лумумбы"" Федеральное государственное автономное образовательное учреждение высшего образования ""Белгородский государственный национальный исследовательский университет"" Федеральное государственное автономное образовательное учреждение высшего образования ""Северный (Арктический) федеральный университет имени М.В. Ломоносова"" Федеральное государственное автономное образовательное учреждение высшего образования ""Северо-Кавказский федеральный университет"" Федеральное государственное автономное образовательное учреждение высшего образования ""Южный федеральный университет"" Федеральное государственное бюджетное образовательное учреждение высшего образования ""Новосибирский государственный университет экономики и управления ""НИНХ"" Федеральное государственное бюджетное образовательное учреждение высшего образования ""Пензенский государственный университет"" Федеральное государственное бюджетное образовательное учреждение высшего образования ""Юго-Западный государственный университет"" Федеральное государственное автономное образовательное учреждение высшего образования ""Тюменский государственный университет"" Федеральное государственное автономное образовательное учреждение высшего образования ""Казанский (Приволжский) федеральный университет"" Федеральное государственное бюджетное образовательное учреждение высшего образования ""Кубанский государственный технологический университет""";математика;математика;1
8;"Всероссийская олимпиада школьников ""Высшая проба""";"Федеральное государственное автономное образовательное учреждение высшего образования ""Национальный исследовательский университет ""Высшая школа экономики"" Федеральное государственное автономное образовательное учреждение высшего образования ""Российский университет дружбы народов имени Патриса Лумумбы"" Федеральное государственное автономное образовательное учреждение высшего образования ""Белгородский государственный национальный исследовательский университет"" Федеральное государственное автономное образовательное учреждение высшего образования ""Северный (Арктический) федеральный университет имени М.В. Ломоносова"" Федеральное государственное автономное образовательное учреждение высшего образования ""Северо-Кавказский федеральный университет"" Федеральное государственное автономное образовательное учреждение высшего образования ""Южный федеральный университет"" Федеральное государственное бюджетное образовательное учреждение высшего образования ""Новосибирский государственный университет экономики и управления ""НИНХ"" Федеральное государственное бюджетное образовательное учреждение высшего образования ""Пензенский государственный университет"" Федеральное государственное бюджетное образовательное учреждение высшего образования ""Юго-Западный государственный университет"" Федеральное государственное автономное образовательное учреждение высшего образования ""Тюменский государственный университет"" Федеральное государственное автономное образовательное учреждение высшего образования ""Казанский (Приволжский) федеральный университет"" Федеральное государственное бюджетное образовательное учреждение высшего образования ""Кубанский государственный технологический университет""";международные отношения;политические науки и регионоведение;2
8;"Всероссийская олимпиада школьников ""Высшая проба""";"Федеральное государственное автономное образовательное учреждение высшего образования ""Национальный исследовательский университет ""Высшая школа экономики"" Федеральное государственное автономное образовательное учреждение высшего образования ""Российский университет дружбы народов имени Патриса Лумумбы"" Федеральное государственное автономное образовательное учреждение высшего образования ""Белгородский государственный национальный исследовательский университет"" Федеральное государственное автономное образовательное учреждение высшего образования ""Северный (Арктический) федеральный университет имени М.В. Ломоносова"" Федеральное государственное автономное образовательное учреждение высшего образования ""Северо-Кавказский федеральный университет"" Федеральное государственное автономное образовательное учреждение высшего образования ""Южный федеральный университет"" Федеральное государственное бюджетное образовательное учреждение высшего образования ""Новосибирский государственный университет экономики и управления ""НИНХ"" Федеральное государственное бюджетное образовательное учреждение высшего образования ""Пензенский государственный университет"" Федеральное государственное бюджетное образовательное учреждение высшего образования ""Юго-Западный государственный университет"" Федеральное государственное автономное образовательное учреждение высшего образования ""Тюменский государственный университет"" Федеральное государственное автономное образовательное учреждение высшего образования ""Казанский (Приволжский) федеральный университет"" Федеральное государственное бюджетное образовательное учреждение высшего образования ""Кубанский государственный технологический университет""";обществознание;обществознание;1
8;"Всероссийская олимпиада школьников ""Высшая проба""";"Федеральное государственное автономное образовательное учреждение высшего образования ""Национальный исследовательский университет ""Высшая школа экономики"" Федеральное государственное автономное образовательное учреждение высшего образования ""Российский университет дружбы народов имени Патриса Лумумбы"" Федеральное государственное автономное образовательное учреждение высшего образования ""Белгородский государственный национальный исследовательский университет"" Федеральное государственное автономное образовательное учреждение высшего образования ""Северный (Арктический) федеральный университет имени М.В. Ломоносова"" Федеральное государственное автономное образовательное учреждение высшего образования ""Северо-Кавказский федеральный университет"" Федеральное государственное автономное образовательное учреждение высшего образования ""Южный федеральный университет"" Федеральное государственное бюджетное образовательное учреждение высшего образования ""Новосибирский государственный университет экономики и управления ""НИНХ"" Федеральное государственное бюджетное образовательное учреждение высшего образования ""Пензенский государственный университет"" Федеральное государственное бюджетное образовательное учреждение высшего образования ""Юго-Западный государственный университет"" Федеральное государственное автономное образовательное учреждение высшего образования ""Тюменский государственный университет"" Федеральное государственное автономное образовательное учреждение высшего образования ""Казанский (Приволжский) федеральный университет"" Федеральное государственное бюджетное образовательное учреждение высшего образования ""Кубанский государственный технологический университет""";основы бизнеса;экономика и управление;2
8;"Всероссийская олимпиада школьников ""Высшая проба""";"Федеральное государственное автономное образовательное учреждение высшего образования ""Национальный исследовательский университет ""Высшая школа экономики"" Федеральное государственное автономное образовательное учреждение высшего образования ""Российский университет дружбы народов имени Патриса Лумумбы"" Федеральное государственное автономное образовательное учреждение высшего образования ""Белгородский государственный национальный исследовательский университет"" Федеральное государственное автономное образовательное учреждение высшего образования ""Северный (Арктический) федеральный университет имени М.В. Ломоносова"" Федеральное государственное автономное образовательное учреждение высшего образования ""Северо-Кавказский федеральный университет"" Федеральное государственное автономное образовательное учреждение высшего образования ""Южный федеральный университет"" Федеральное государственное бюджетное образовательное учреждение высшего образования ""Новосибирский государственный университет экономики и управления ""НИНХ"" Федеральное государственное бюджетное образовательное учреждение высшего образования ""Пензенский государственный университет"" Федеральное государственное бюджетное образовательное учреждение высшего образования ""Юго-Западный государственный университет"" Федеральное государственное автономное образовательное учреждение высшего образования ""Тюменский государственный университет"" Федеральное государственное автономное образовательное учреждение высшего образования ""Казанский (Приволжский) федеральный университет"" Федеральное государственное бюджетное образовательное учреждение высшего образования ""Кубанский государственный технологический университет""";право;право;1
8;"Всероссийская олимпиада школьников ""Высшая проба""";"Федеральное государственное автономное образовательное учреждение высшего образования ""Национальный исследовательский университет ""Высшая школа экономики"" Федеральное государственное автономное образовательное учреждение высшего образования ""Российский университет дружбы народов имени Патриса Лумумбы"" Федеральное государственное автономное образовательное учреждение высшего образования ""Белгородский государственный национальный исследовательский университет"" Федеральное государственное автономное образовательное учреждение высшего образования ""Северный (Арктический) федеральный университет имени М.В. Ломоносова"" Федеральное государственное автономное образовательное учреждение высшего образования ""Северо-Кавказский федеральный университет"" Федеральное государственное автономное образовательное учреждение высшего образования ""Южный федеральный университет"" Федеральное государственное бюджетное образовательное учреждение высшего образования ""Новосибирский государственный университет экономики и управления ""НИНХ"" Федеральное государственное бюджетное образовательное учреждение высшего образования ""Пензенский государственный университет"" Федеральное государственное бюджетное образовательное учреждение высшего образования ""Юго-Западный государственный университет"" Федеральное государственное автономное образовательное учреждение высшего образования ""Тюменский государственный университет"" Федеральное государственное автономное образовательное учреждение высшего образования ""Казанский (Приволжский) федеральный университет"" Федеральное государственное бюджетное образовательное учреждение высшего образования ""Кубанский государственный технологический университет""";промышленное программирование;компьютерные и информационные науки, информатика и вычислительная техника;2
8;"Всероссийская олимпиада школьников ""Высшая проба""";"Федеральное государственное автономное образовательное учреждение высшего образования ""Национальный исследовательский университет ""Высшая школа экономики"" Федеральное государственное автономное образовательное учреждение высшего образования ""Российский университет дружбы народов имени Патриса Лумумбы"" Федеральное государственное автономное образовательное учреждение высшего образования ""Белгородский государственный национальный исследовательский университет"" Федеральное государственное автономное образовательное учреждение высшего образования ""Северный (Арктический) федеральный университет имени М.В. Ломоносова"" Федеральное государственное автономное образовательное учреждение высшего образования ""Северо-Кавказский федеральный университет"" Федеральное государственное автономное образовательное учреждение высшего образования ""Южный федеральный университет"" Федеральное государственное бюджетное образовательное учреждение высшего образования ""Новосибирский государственный университет экономики и управления ""НИНХ"" Федеральное государственное бюджетное образовательное учреждение высшего образования ""Пензенский государственный университет"" Федеральное государственное бюджетное образовательное учреждение высшего образования ""Юго-Западный государственный университет"" Федеральное государственное автономное образовательное учреждение высшего образования ""Тюменский государственный университет"" Федеральное государственное автономное образовательное учреждение высшего образования ""Казанский (Приволжский) федеральный университет"" Федеральное государственное бюджетное образовательное учреждение высшего образования ""Кубанский государственный технологический университет""";психология;психологические науки;2
8;"Всероссийская олимпиада школьников ""Высшая проба""";"Федеральное государственное автономное образовательное учреждение высшего образования ""Национальный исследовательский университет ""Высшая школа экономики"" Федеральное государственное автономное образовательное учреждение высшего образования ""Российский университет дружбы народов имени Патриса Лумумбы"" Федеральное государственное автономное образовательное учреждение высшего образования ""Белгородский государственный национальный исследовательский университет"" Федеральное государственное автономное образовательное учреждение высшего образования ""Северный (Арктический) федеральный университет имени М.В. Ломоносова"" Федеральное государственное автономное образовательное учреждение высшего образования ""Северо-Кавказский федеральный университет"" Федеральное государственное автономное образовательное учреждение высшего образования ""Южный федеральный университет"" Федеральное государственное бюджетное образовательное учреждение высшего образования ""Новосибирский государственный университет экономики и управления ""НИНХ"" Федеральное государственное бюджетное образовательное учреждение высшего образования ""Пензенский государственный университет"" Федеральное государственное бюджетное образовательное учреждение высшего образования ""Юго-Западный государственный университет"" Федеральное государственное автономное образовательное учреждение высшего образования ""Тюменский государственный университет"" Федеральное государственное автономное образовательное учреждение высшего образования ""Казанский (Приволжский) федеральный университет"" Федеральное государственное бюджетное образовательное учреждение высшего образования ""Кубанский государственный технологический университет""";русский язык;русский язык;1
8;"Всероссийская олимпиада школьников ""Высшая проба""";"Федеральное государственное автономное образовательное учреждение высшего образования ""Национальный исследовательский университет ""Высшая школа экономики"" Федеральное государственное автономное образовательное учреждение высшего образования ""Российский университет дружбы народов имени Патриса Лумумбы"" Федеральное государственное автономное образовательное учреждение высшего образования ""Белгородский государственный национальный исследовательский университет"" Федеральное государственное автономное образовательное учреждение высшего образования ""Северный (Арктический) федеральный университет имени М.В. Ломоносова"" Федеральное государственное автономное образовательное учреждение высшего образования ""Северо-Кавказский федеральный университет"" Федеральное государственное автономное образовательное учреждение высшего образования ""Южный федеральный университет"" Федеральное государственное бюджетное образовательное учреждение высшего образования ""Новосибирский государственный университет экономики и управления ""НИНХ"" Федеральное государственное бюджетное образовательное учреждение высшего образования ""Пензенский государственный университет"" Федеральное государственное бюджетное образовательное учреждение высшего образования ""Юго-Западный государственный университет"" Федеральное государственное автономное образовательное учреждение высшего образования ""Тюменский государственный университет"" Федеральное государственное автономное образовательное учреждение высшего образования ""Казанский (Приволжский) федеральный университет"" Федеральное государственное бюджетное образовательное учреждение высшего образования ""Кубанский государственный технологический университет""";социология;социология и социальная работа;1
8;"Всероссийская олимпиада школьников ""Высшая проба""";"Федеральное государственное автономное образовательное учреждение высшего образования ""Национальный исследовательский университет ""Высшая школа экономики"" Федеральное государственное автономное образовательное учреждение высшего образования ""Российский университет дружбы народов имени Патриса Лумумбы"" Федеральное государственное автономное образовательное учреждение высшего образования ""Белгородский государственный национальный исследовательский университет"" Федеральное государственное автономное образовательное учреждение высшего образования ""Северный (Арктический) федеральный университет имени М.В. Ломоносова"" Федеральное государственное автономное образовательное учреждение высшего образования ""Северо-Кавказский федеральный университет"" Федеральное государственное автономное образовательное учреждение высшего образования ""Южный федеральный университет"" Федеральное государственное бюджетное образовательное учреждение высшего образования ""Новосибирский государственный университет экономики и управления ""НИНХ"" Федеральное государственное бюджетное образовательное учреждение высшего образования ""Пензенский государственный университет"" Федеральное государственное бюджетное образовательное учреждение высшего образования ""Юго-Западный государственный университет"" Федеральное государственное автономное образовательное учреждение высшего образования ""Тюменский государственный университет"" Федеральное государственное автономное образовательное учреждение высшего образования ""Казанский (Приволжский) федеральный университет"" Федеральное государственное бюджетное образовательное учреждение высшего образования ""Кубанский государственный технологический университет"" Общероссийское объединение работодателей ""Российский союз промышленников и предпринимателей""";филология;языкознание и литературоведение, литература;1
8;"Всероссийская олимпиада школьников ""Высшая проба""";"Федеральное государственное автономное образовательное учреждение высшего образования ""Национальный исследовательский университет ""Высшая школа экономики"" Федеральное государственное автономное образовательное учреждение высшего образования ""Северный (Арктический) федеральный университет имени М.В. Ломоносова"" Федеральное государственное автономное образовательное учреждение высшего образования ""Северо-Кавказский федеральный университет"" Федеральное государственное автономное образовательное учреждение высшего образования ""Южный федеральный университет"" Федеральное государственное бюджетное образовательное учреждение высшего образования ""Новосибирский государственный университет экономики и управления ""НИНХ"" Федеральное государственное бюджетное образовательное учреждение высшего образования ""Пензенский государственный университет"" Федеральное государственное бюджетное образовательное учреждение высшего образования ""Юго-Западный государственный университет"" Федеральное государственное автономное образовательное учреждение высшего образования ""Тюменский государственный университет"" Федеральное государственное автономное образовательное учреждение высшего образования ""Казанский (Приволжский) федеральный университет"" Федеральное государственное бюджетное образовательное учреждение высшего образования ""Кубанский государственный технологический университет"" Общероссийское объединение работодателей ""Российский союз промышленников и предпринимателей""";философия;философия, этика и религиоведение;2
8;"Всероссийская олимпиада школьников ""Высшая проба""";"Федеральное государственное автономное образовательное учреждение высшего образования ""Национальный исследовательский университет ""Высшая школа экономики"" Федеральное государственное автономное образовательное учреждение высшего образования ""Белгородский государственный национальный исследовательский университет"" Федеральное государственное автономное образовательное учреждение высшего образования ""Северный (Арктический) федеральный университет имени М.В Ломоносова"" Федеральное государственное автономное образовательное учреждение высшего образования ""Северо-Кавказский федеральный университет"" Федеральное государственное автономное образовательное учреждение высшего образования ""Южный федеральный университет"" Федеральное государственное бюджетное образовательное учреждение высшего образования ""Новосибирский государственный университет экономики и управления ""НИНХ"" Федеральное государственное бюджетное образовательное учреждение высшего образования ""Пензенский государственный университет"" Федеральное государственное бюджетное образовательное учреждение высшего образования ""Юго-Западный государственный университет"" Федеральное государственное автономное образовательное учреждение высшего образования ""Тюменский государственный университет"" Федеральное государственное автономное образовательное учреждение высшего образования ""Казанский (Приволжский) федеральный университет"" Федеральное государственное бюджетное образовательное учреждение высшего образования ""Кубанский государственный технологический университет"" Министерство финансов Российской Федерации Центральный Банк Российской Федерации Благотворительный фонд ""Вклад в будущее"" Ассоциация развития финансовой грамотности Публичное акционерное общество ""Сбербанк России"" Общероссийское объединение работодателей ""Российский союз промышленников и предпринимателей""";финансовая грамотность;экономика;1
8;"Всероссийская олимпиада школьников ""Высшая проба""";"Федеральное государственное автономное образовательное учреждение высшего образования ""Национальный исследовательский университет ""Высшая школа экономики"" Федеральное государственное автономное образовательное учреждение высшего образования ""Белгородский государственный национальный исследовательский университет"" Федеральное государственное автономное образовательное учреждение высшего образования ""Северный (Арктический) федеральный университет имени М.В Ломоносова"" Федеральное государственное автономное образовательное учреждение высшего образования ""Северо-Кавказский федеральный университет"" Федеральное государственное автономное образовательное учреждение высшего образования ""Южный федеральный университет"" Федеральное государственное бюджетное образовательное учреждение высшего образования ""Новосибирский государственный университет экономики и управления ""НИНХ"" Федеральное государственное бюджетное образовательное учреждение высшего образования ""Пензенский государственный университет"" Федеральное государственное бюджетное образовательное учреждение высшего образования ""Юго-Западный государственный университет"" Федеральное государственное автономное образовательное учреждение высшего образования ""Тюменский государственный университет"" Федеральное государственное автономное образовательное учреждение высшего образования ""Казанский (Приволжский) федеральный университет"" Федеральное государственное бюджетное образовательное учреждение высшего образования ""Кубанский государственный технологический университет"" Министерство финансов Российской Федерации Центральный Банк Российской Федерации Благотворительный фонд ""Вклад в будущее"" Ассоциация развития финансовой грамотности Публичное акционерное общество ""Сбербанк России"" Общероссийское объединение работодателей ""Российский союз промышленников и предпринимателей""";химия;химия;1
8;"Всероссийская олимпиада школьников ""Высшая проба""";"Федеральное государственное автономное образовательное учреждение высшего образования ""Национальный исследовательский университет ""Высшая школа экономики"" Федеральное государственное автономное образовательное учреждение высшего образования ""Белгородский государственный национальный исследовательский университет"" Федеральное государственное автономное образовательное учреждение высшего образования ""Северный (Арктический) федеральный университет имени М.В Ломоносова"" Федеральное государственное автономное образовательное учреждение высшего образования ""Северо-Кавказский федеральный университет"" Федеральное государственное автономное образовательное учреждение высшего образования ""Южный федеральный университет"" Федеральное государственное бюджетное образовательное учреждение высшего образования ""Новосибирский государственный университет экономики и управления ""НИНХ"" Федеральное государственное бюджетное образовательное учреждение высшего образования ""Пензенский государственный университет"" Федеральное государственное бюджетное образовательное учреждение высшего образования ""Юго-Западный государственный университет"" Федеральное государственное автономное образовательное учреждение высшего образования ""Тюменский государственный университет"" Федеральное государственное автономное образовательное учреждение высшего образования ""Казанский (Приволжский) федеральный университет"" Федеральное государственное бюджетное образовательное учреждение высшего образования ""Кубанский государственный технологический университет"" Министерство финансов Российской Федерации Центральный Банк Российской Федерации Благотворительный фонд ""Вклад в будущее"" Ассоциация развития финансовой грамотности Публичное акционерное общество ""Сбербанк России"" Общероссийское объединение работодателей ""Российский союз промышленников и предпринимателей""";экономика;экономика;1
9;"Всероссийская олимпиада школьников ""Миссия выполнима Твое призвание - финансист!""";"Федеральное государственное образовательное бюджетное учреждение высшего образования ""Финансовый университет при Правительстве Российской Федерации""";иностранный язык;иностранный язык;3
9;"Всероссийская олимпиада школьников ""Миссия выполнима Твое призвание - финансист!""";"Федеральное государственное образовательное бюджетное учреждение высшего образования ""Финансовый университет при Правительстве Российской Федерации""";история;история;3
9;"Всероссийская олимпиада школьников ""Миссия выполнима Твое призвание - финансист!""";"Федеральное государственное образовательное бюджетное учреждение высшего образования ""Финансовый университет при Правительстве Российской Федерации""";обществознание;обществознание;3
9;"Всероссийская олимпиада школьников ""Миссия выполнима Твое призвание - финансист!""";"Федеральное государственное образовательное бюджетное учреждение высшего образования ""Финансовый университет при Правительстве Российской Федерации""";финансовая грамотность;экономика;2
9;"Всероссийская олимпиада школьников ""Миссия выполнима Твое призвание - финансист!""";"Федеральное государственное образовательное бюджетное учреждение высшего образования ""Финансовый университет при Правительстве Российской Федерации""";экономика;экономика;2
10;"Всероссийская олимпиада школьников ""Юридические высоты!""";"Федеральное государственное образовательное бюджетное учреждение высшего образования ""Уральский государственный юридический университет имени В.Ф. Яковлева""";право;юриспруденция;2
11;Всероссийская Сеченовская олимпиада школьников;Федеральное государственное автономное образовательное учреждение высшего образования Первый Московский государственный медицинский университет имени И.М. Сеченова Министерства здравоохранения Российской Федерации (Сеченовский Университет);биология;биология;2
11;Всероссийская Сеченовская олимпиада школьников;Федеральное государственное автономное образовательное учреждение высшего образования Первый Московский государственный медицинский университет имени И.М. Сеченова Министерства здравоохранения Российской Федерации (Сеченовский Университет);химия;химия;2
12;Всероссийская Толстовская олимпиада;"Федеральное государственное бюджетное образовательное учреждение высшего образования ""Тульский государственный педагогический университет им. Л.Н. Толстого"" Государственное образовательное учреждение высшего образования Московской области ""Государственный социально-гуманитарный университет"" Федеральное государственное автономное образовательное учреждение высшего образования ""Национальный исследовательский Томский государственный университет"" Филиал федерального государственного автономного образовательного учреждения высшего образования ""Тюменский государственный университет"" Тобольский педагогический институт им. Д.И. Менделеева Федеральное государственное автономное образовательное учреждение высшего образования ""Севастопольский государственный университет"" Федеральное государственное автономное образовательное учреждение высшего образования ""Белгородский государственный национальный исследовательский университет"" Федеральное государственное автономное образовательное учреждение высшего образования ""Санкт-Петербургский политехнический университет Петра Великого"" Федеральное государственное автономное образовательное учреждение высшего образования ""Южный федеральный университет"" Федеральное государственное бюджетное образовательное учреждение высшего образования ""Алтайский государственный университет"" Федеральное государственное бюджетное образовательное учреждение высшего образования ""Пензенский государственный университет"" Федеральное государственное бюджетное образовательное учреждение высшего образования ""Рязанский государственный университет имени С.А. Есенина"" Федеральное государственное бюджетное образовательное учреждение высшего образования ""Тверской государственный университет"" Федеральное государственное бюджетное образовательное учреждение высшего образования ""Южно-Уральский государственный гуманитарно-педагогический университет""";история;история;3
12;Всероссийская Толстовская олимпиада;"Федеральное государственное бюджетное образовательное учреждение высшего образования ""Тульский государственный педагогический университет им. Л.Н. Толстого"" Государственное образовательное учреждение высшего образования Московской области ""Государственный социально-гуманитарный университет"" Федеральное государственное автономное образовательное учреждение высшего образования ""Национальный исследовательский Томский государственный университет"" Филиал федерального государственного автономного образовательного учреждения высшего образования ""Тюменский государственный университет"" Тобольский педагогический институт им. Д.И. Менделеева Федеральное государственное автономное образовательное учреждение высшего образования ""Севастопольский государственный университет"" Федеральное государственное автономное образовательное учреждение высшего образования ""Белгородский государственный национальный исследовательский университет"" Федеральное государственное автономное образовательное учреждение высшего образования ""Санкт-Петербургский политехнический университет Петра Великого"" Федеральное государственное автономное образовательное учреждение высшего образования ""Южный федеральный университет"" Федеральное государственное бюджетное образовательное учреждение высшего образования ""Алтайский государственный университет"" Федеральное государственное бюджетное образовательное учреждение высшего образования ""Пензенский государственный университет"" Федеральное государственное бюджетное образовательное учреждение высшего образования ""Рязанский государственный университет имени С.А. Есенина"" Федеральное государственное бюджетное образовательное учреждение высшего образования ""Тверской государственный университет"" Федеральное государственное бюджетное образовательное учреждение высшего образования ""Южно-Уральский государственный гуманитарно-педагогический университет""";литература;литература;3
12;Всероссийская Толстовская олимпиада;"Федеральное государственное бюджетное образовательное учреждение высшего образования ""Тульский государственный педагогический университет им. Л.Н. Толстого"" Государственное образовательное учреждение высшего образования Московской области ""Государственный социально-гуманитарный университет"" Федеральное государственное автономное образовательное учреждение высшего образования ""Национальный исследовательский Томский государственный университет"" Филиал федерального государственного автономного образовательного учреждения высшего образования ""Тюменский государственный университет"" Тобольский педагогический институт им. Д.И. Менделеева Федеральное государственное автономное образовательное учреждение высшего образования ""Севастопольский государственный университет"" Федеральное государственное автономное образовательное учреждение высшего образования ""Белгородский государственный национальный исследовательский университет"" Федеральное государственное автономное образовательное учреждение высшего образования ""Санкт-Петербургский политехнический университет Петра Великого"" Федеральное государственное автономное образовательное учреждение высшего образования ""Южный федеральный университет"" Федеральное государственное бюджетное образовательное учреждение высшего образования ""Алтайский государственный университет"" Федеральное государственное бюджетное образовательное учреждение высшего образования ""Пензенский государственный университет"" Федеральное государственное бюджетное образовательное учреждение высшего образования ""Рязанский государственный университет имени С.А. Есенина"" Федеральное государственное бюджетное образовательное учреждение высшего образования ""Тверской государственный университет"" Федеральное государственное бюджетное образовательное учреждение высшего образования ""Южно-Уральский государственный гуманитарно-педагогический университет""";обществознание;обществознание;3
12;Всероссийская Толстовская олимпиада;"Федеральное государственное бюджетное образовательное учреждение высшего образования ""Тульский государственный педагогический университет им. Л.Н. Толстого"" Государственное образовательное учреждение высшего образования Московской области ""Государственный социально-гуманитарный университет"" Федеральное государственное автономное образовательное учреждение высшего образования ""Национальный исследовательский Томский государственный университет"" Филиал федерального государственного автономного образовательного учреждения высшего образования ""Тюменский государственный университет"" Тобольский педагогический институт им. Д.И. Менделеева Федеральное государственное автономное образовательное учреждение высшего образования ""Севастопольский государственный университет"" Федеральное государственное автономное образовательное учреждение высшего образования ""Белгородский государственный национальный исследовательский университет"" Федеральное государственное автономное образовательное учреждение высшего образования ""Санкт-Петербургский политехнический университет Петра Великого"" Федеральное государственное автономное образовательное учреждение высшего образования ""Южный федеральный университет"" Федеральное государственное бюджетное образовательное учреждение высшего образования ""Алтайский государственный университет"" Федеральное государственное бюджетное образовательное учреждение высшего образования ""Пензенский государственный университет"" Федеральное государственное бюджетное образовательное учреждение высшего образования ""Рязанский государственный университет имени С.А. Есенина"" Федеральное государственное бюджетное образовательное учреждение высшего образования ""Тверской государственный университет"" Федеральное государственное бюджетное образовательное учреждение высшего образования ""Южно-Уральский государственный гуманитарно-педагогический университет""";право;обществознание;3
13;"Всероссийский конкурс научных работ школьников ""Юниор""";"Федеральное государственное автономное образовательное учреждение высшего образования ""Национальный исследовательский ядерный университет ""МИФИ""";естественные науки;науки о Земле, биологические науки, промышленная экология и биотехнологии;3
13;"Всероссийский конкурс научных работ школьников ""Юниор""";"Федеральное государственное автономное образовательное учреждение высшего образования ""Национальный исследовательский ядерный университет ""МИФИ""";инженерные науки;фотоника, приборостроение, оптические и биотехнические системы и технологии, ядерная энергетика и технологии, физико-технические науки и технологии, технологии материалов, нанотехнологии и наноматериалы, машиностроение;2
14;Всесибирская открытая олимпиада школьников;"Министерство образования Новосибирской области Федеральное государственное автономное образовательное учреждение высшего образования ""Новосибирский национальный исследовательский государственный университет""";биология;биология;2
14;Всесибирская открытая олимпиада школьников;"Министерство образования Новосибирской области Федеральное государственное автономное образовательное учреждение высшего образования ""Новосибирский национальный исследовательский государственный университет""";информатика;информатика;1
14;Всесибирская открытая олимпиада школьников;"Министерство образования Новосибирской области Федеральное государственное автономное образовательное учреждение высшего образования ""Новосибирский национальный исследовательский государственный университет""";математика;математика;2
14;Всесибирская открытая олимпиада школьников;"Министерство образования Новосибирской области Федеральное государственное автономное образовательное учреждение высшего образования ""Новосибирский национальный исследовательский государственный университет""";физика;физика;2
14;Всесибирская открытая олимпиада школьников;"Министерство образования Новосибирской области Федеральное государственное автономное образовательное учреждение высшего образования ""Новосибирский национальный исследовательский государственный университет""";химия;химия;1
15;Герценовская олимпиада школьников;"Федеральное государственное бюджетное образовательное учреждение высшего образования ""Российский государственный педагогический университет им. А.И. Герцена"" Федеральное государственное бюджетное образовательное учреждение высшего образования ""Глазовский государственный инженерно-педагогический институт имени В.Г. Короленко"" Федеральное государственное бюджетное образовательное учреждение высшего образования ""Красноярский государственный педагогический университет им. В.П. Астафьева"" Федеральное государственное автономное образовательное учреждение высшего образования ""Северо-Восточный федеральный университет им. М.К. Аммосова"" Федеральное государственное бюджетное образовательное учреждение высшего образования ""Южно-Уральский государственный гуманитарно-педагогический университет"" Федеральное государственное бюджетное образовательное учреждение высшего образования ""Алтайский государственный университет"" Федеральное государственное бюджетное образовательное учреждение высшего образования ""Томский государственный педагогический университет""";география;география;2
15;Герценовская олимпиада школьников;"Федеральное государственное бюджетное образовательное учреждение высшего образования ""Российский государственный педагогический университет им. А.И. Герцена""";иностранный язык;иностранный язык;2
15;Герценовская олимпиада школьников;"Федеральное государственное бюджетное образовательное учреждение высшего образования ""Российский государственный педагогический университет им. А.И. Герцена""";образование и педагогика;физика, химия, математика, русский язык, обществознание, история, информатика, география, биология;3
16;Инженерная олимпиада школьников;"Федеральное государственное автономное образовательное учреждение высшего образования ""Национальный исследовательский ядерный университет ""МИФИ"" Федеральное государственное бюджетное образовательное учреждение высшего образования ""Российский университет транспорта (МИИТ)"" Федеральное государственное бюджетное образовательное учреждение высшего образования ""Нижегородский государственный технический университет им. Р.Е. Алексеева"" Федеральное государственное автономное образовательное учреждение высшего образования ""Уральский федеральный университет имени первого Президента России Б.Н. Ельцина"" Федеральное государственное автономное образовательное учреждение высшего образования ""Санкт-Петербургский государственный электротехнический университет ""ЛЭТИ"" им. В.И. Ульянова (Ленина)"" Федеральное государственное бюджетное образовательное учреждение высшего образования ""Владимирский государственный университет имени Александра Григорьевича и Николая Григорьевича Столетовых"" Федеральное государственное бюджетное образовательное учреждение высшего образования ""Белгородский государственный технологический университет им. В.Г. Шухова""";физика;физика;1
17;Интернет-олимпиада школьников по физике;"Федеральное государственное бюджетное образовательное учреждение высшего образования ""Санкт-Петербургский государственный университет"" Федеральное государственное автономное образовательное учреждение высшего образования ""Национальный исследовательский университет ИТМО"" Федеральное государственное автономное образовательное учреждение высшего образования ""Южный федеральный университет""";физика;физика;2
18;Кутафинская олимпиада школьников по праву;"Федеральное государственное автономное образовательное учреждение высшего образования ""Московский государственный юридический университет имени О.Е. Кутафина (МГЮА)"" Федеральное государственное автономное образовательное учреждение высшего образования ""Южный федеральный университет"" Федеральное государственное бюджетное образовательное учреждение высшего образования ""Юго-западный государственный университет""";право;право;1
19;Международная музыкальная олимпиада;"Федеральное государственное бюджетное образовательное учреждение высшего образования ""Нижегородская государственная консерватория им. М.И. Глинки""";духовые и ударные инструменты;музыкальное искусство;3
19;Международная музыкальная олимпиада;"Федеральное государственное бюджетное образовательное учреждение высшего образования ""Нижегородская государственная консерватория им. М.И. Глинки""";инструменты народного оркестра;музыкальное искусство;3
19;Международная музыкальная олимпиада;"Федеральное государственное бюджетное образовательное учреждение высшего образования ""Нижегородская государственная консерватория им. М.И. Глинки""";музыкальная педагогика и исполнительство;музыкальное искусство;3
19;Международная музыкальная олимпиада;"Федеральное государственное бюджетное образовательное учреждение высшего образования ""Нижегородская государственная консерватория им. М.И. Глинки""";струнные инструменты;музыкальное искусство;3
19;Международная музыкальная олимпиада;"Федеральное государственное бюджетное образовательное учреждение высшего образования ""Нижегородская государственная консерватория им. М.И. Глинки""";теория и история музыки;искусствознание;3
19;Международная музыкальная олимпиада;"Федеральное государственное бюджетное образовательное учреждение высшего образования ""Нижегородская государственная консерватория им. М.И. Глинки""";фортепиано;музыкальное искусство;3
19;Международная музыкальная олимпиада;"Федеральное государственное бюджетное образовательное учреждение высшего образования ""Нижегородская государственная консерватория им. М.И. Глинки""";хоровое дирижирование;музыкальное искусство;3
20;Международная олимпиада Иннополиса;"Автономная некоммерческая организация высшего образования ""Университет Иннополис""";информатика;информатика;2
20;Международная олимпиада Иннополиса;"Автономная некоммерческая организация высшего образования ""Университет Иннополис""";информационная безопасность;информатика;2
20;Международная олимпиада Иннополиса;"Автономная некоммерческая организация высшего образования ""Университет Иннополис""";искусственный интеллект;информатика;3
20;Международная олимпиада Иннополиса;"Автономная некоммерческая организация высшего образования ""Университет Иннополис""";математика;математика;2
20;Международная олимпиада Иннополиса;"Автономная некоммерческая организация высшего образования ""Университет Иннополис""";робототехника;информатика;3
21;Международная олимпиада по финансовой безопасности;"Министерство науки и высшего образования Российской Федерации Федеральная служба по финансовому мониторингу Российской Федерации Министерство просвещения Российской Федерации образовательные организации, входящие в состав Международного сетевого института в сфере противодействия отмыванию доходов, полученных преступным путем, и финансированию терроризма: Автономная некоммерческая организация дополнительного профессионального образования ""Академия ПСБ"" Федеральное государственное бюджетное образовательное учреждение высшего образования ""Государственный университет управления"" Федеральное государственное бюджетное образовательное учреждение высшего образования ""Дипломатическая академия Министерства иностранных дел Российской Федерации"" Федеральное государственное научно-исследовательское учреждение ""Институт законодательства и сравнительного правоведения при Правительстве Российской Федерации"" Федеральное государственное автономное образовательное учреждение высшего образования ""Крымский федеральный университет имени В.И. Вернадского"" Автономная некоммерческая организация ""Международный учебно-методический центр финансового мониторинга"" Аккредитованное образовательное частное учреждение высшего образования ""Московский финансово-юридический университет МФЮА"" Федеральное государственное автономное образовательное учреждение высшего образования ""Национальный исследовательский ядерный университет ""МИФИ"" Национальный исследовательский Нижегородский государственный университет им. Н.И. Лобачевского Федеральное государственное автономное образовательное учреждение высшего образования ""Национальный исследовательский университет ""Высшая школа экономики"" Федеральное государственное казенное образовательное учреждение высшего образования ""Нижегородская академия МВД России"" Федеральное государственное бюджетное образовательное учреждение высшего образования ""Новгородский государственный университет имени Ярослава Мудрого"" Федеральное государственное бюджетное образовательное учреждение высшего образования ""Новосибирский государственный технический университет"" Федеральное государственное бюджетное образовательное учреждение высшего образования ""Новосибирский государственный университет экономики и управления ""НИНХ"" Федеральное государственное бюджетное образовательное учреждение высшего образования ""Орловский государственный университет имени И.С. Тургенева"" Общероссийская общественная организация ""Российская академия естественных наук"" Федеральное государственное автономное образовательное учреждение высшего образования ""Российский университет дружбы народов имени Патриса Лумумбы"" Федеральное государственное бюджетное образовательное учреждение высшего образования ""Российский экономический университет имени Г.В. Плеханова"" Федеральное государственное бюджетное образовательное учреждение высшего образования ""Ростовский Государственный Экономический Университет (РИНХ)"" Федеральное государственное бюджетное образовательное учреждение высшего образования ""Санкт-Петербургский государственный экономический университет"" Федеральное государственное автономное образовательное учреждение высшего образования ""Санкт-Петербургский политехнический университет Петра Великого"" Федеральное государственное автономное образовательное учреждение высшего образования ""Севастопольский государственный университет"" Федеральное государственное автономное образовательное учреждение высшего образования ""Сибирский федеральный университет"" Федеральное государственное бюджетное образовательное учреждение высшего образования ""Ставропольский государственный аграрный университет"" Федеральное государственное бюджетное образовательное учреждение высшего образования ""Тихоокеанский государственный университет"" Федеральное государственное автономное образовательное учреждение высшего образования ""Тюменский государственный университет"" Федеральное государственное бюджетное образовательное учреждение высшего образования ""Уральский государственный юридический университет имени В.Ф. Яковлева"" Федеральное государственное автономное образовательное учреждение высшего образования ""Уральский федеральный университет имени первого Президента России Б.Н. Ельцина"" Федеральное государственное бюджетное образовательное учреждение высшего образования ""Финансовый университет при Правительстве Российской Федерации"" Федеральное государственное автономное образовательное учреждение высшего образования ""Южный федеральный университет"" Федеральное государственное бюджетное учреждение науки ""Физический институт им. П.Н. Лебедева Российской академии наук"" Федеральное государственное автономное образовательное учреждение высшего образования ""Московский государственный юридический университет имени О.Е. Кутафина (МГЮА)""";финансовая безопасность;информатика, обществознание, информационная безопасность, международные отношения;1
22;"Международная олимпиада школьников ""Евразийская лингвистическая олимпиада""";"Федеральное государственное бюджетное образовательное учреждение высшего образования ""Московский государственный лингвистический университет"" Федеральное государственное бюджетное образовательное учреждение высшего образования ""Алтайский государственный педагогический университет"" Федеральное государственное бюджетное образовательное учреждение высшего образования ""Амурский гуманитарно-педагогический государственный университет"" Федеральное государственное бюджетное образовательное учреждение высшего образования ""Байкальский государственный университет"" Федеральное государственное автономное образовательное учреждение высшего образования ""Балтийский федеральный университет имени Иммануила Канта"" Федеральное государственное бюджетное образовательное учреждение высшего образования ""Забайкальский государственный университет"" Федеральное государственное бюджетное образовательное учреждение высшего образования ""Иркутский государственный университет"" Федеральное государственное бюджетное образовательное учреждение высшего образования ""Набережночелнинский государственный педагогический университет"" Федеральное государственное бюджетное образовательное учреждение высшего образования ""Нижегородский государственный лингвистический университет им. Н.А. Добролюбова"" Федеральное государственное автономное образовательное учреждение высшего образования ""Пермский государственный национальный исследовательский университет"" Федеральное государственное бюджетное образовательное учреждение высшего образования ""Пятигорский государственный университет"" Федеральное государственное бюджетное образовательное учреждение высшего образования ""Северо-Восточный государственный университет"" Федеральное государственное автономное образовательное учреждение высшего образования ""Северо-Восточный федеральный университет имени М.К. Аммосова"" Федеральное государственное автономное образовательное учреждение высшего образования ""Новосибирский национальный исследовательский государственный университет"" Федеральное государственное автономное образовательное учреждение высшего образования ""Тюменский государственный университет"" Федеральное государственное бюджетное образовательное учреждение высшего образования ""Челябинский государственный университет"" Муниципальное автономное общеобразовательное учреждение города Новосибирска Центр образования ""Лицей ИНТЕГРАЛ"" Государственное бюджетное общеобразовательное учреждение средняя общеобразовательная школа N 574 Невского р-на Санкт-Петербурга Муниципальное бюджетное общеобразовательное учреждение ""Гимназия N 4"" городского округа Самара Государственное автономное учреждение Калининградской области общеобразовательная организация ""Школа-интернат лицей-интернат"" Государственное образовательное учреждение высшего профессионального образования Российско-Армянский (Славянский) университет";иностранные языки;иностранные языки;2
23;"Международная олимпиада школьников ""Искусство графики""";"Федеральное государственное автономное образовательное учреждение высшего образования ""Московский политехнический университет""";графический дизайн;изобразительное и прикладные виды искусств;1
23;"Международная олимпиада школьников ""Искусство графики""";"Федеральное государственное автономное образовательное учреждение высшего образования ""Московский политехнический университет""";композиция;изобразительное и прикладные виды искусств;1
23;"Международная олимпиада школьников ""Искусство графики""";"Федеральное государственное автономное образовательное учреждение высшего образования ""Московский политехнический университет""";рисунок;изобразительное и прикладные виды искусств;1
24;"Международная олимпиада школьников Уральского федерального университета ""Изумруд""";"Федеральное государственное автономное образовательное учреждение высшего образования ""УрФУ имени первого Президента России Б.Н. Ельцина"" Министерство образования Свердловской области";информатика;информатика;2
24;"Международная олимпиада школьников Уральского федерального университета ""Изумруд""";"Федеральное государственное автономное образовательное учреждение высшего образования ""УрФУ имени первого Президента России Б.Н. Ельцина"" Министерство образования Свердловской области";история;история;3
24;"Международная олимпиада школьников Уральского федерального университета ""Изумруд""";"Федеральное государственное автономное образовательное учреждение высшего образования ""УрФУ имени первого Президента России Б.Н. Ельцина"" Министерство образования Свердловской области";математика;математика;3
24;"Международная олимпиада школьников Уральского федерального университета ""Изумруд""";"Федеральное государственное автономное образовательное учреждение высшего образования ""УрФУ имени первого Президента России Б.Н. Ельцина"" Министерство образования Свердловской области";обществознание;обществознание;3
24;"Международная олимпиада школьников Уральского федерального университета ""Изумруд""";"Федеральное государственное автономное образовательное учреждение высшего образования ""УрФУ имени первого Президента России Б.Н. Ельцина"" Министерство образования Свердловской области";русский язык;русский язык;3
24;"Международная олимпиада школьников Уральского федерального университета ""Изумруд""";"Федеральное государственное автономное образовательное учреждение высшего образования ""УрФУ имени первого Президента России Б.Н. Ельцина"" Министерство образования Свердловской области";химия;химия;3
25;"Межрегиональная олимпиада по праву ""ФЕМИДА""";"Федеральное государственное бюджетное образовательное учреждение высшего образования ""Российский государственный университет правосудия им В.М. Лебедева""";право;обществознание;2
26;"Межрегиональная олимпиада школьников ""Архитектура и искусство"" по комплексу предметов (рисунок, композиция)";"Федеральное государственное бюджетное образовательное учреждение высшего образования ""Тюменский индустриальный университет"" Департамент образования и науки Тюменской области";искусство;изобразительное и прикладные виды искусств;1
27;"Межрегиональная олимпиада школьников ""Будущие исследователи - будущее науки""";"Федеральное государственное автономное образовательное учреждение высшего образования ""Национальный исследовательский Нижегородский государственный университет им. Н.И. Лобачевского"" Федеральное государственное бюджетное образовательное учреждение высшего образования ""Ярославский государственный медицинский университет"" Министерства здравоохранения Российской Федерации Федеральное государственное унитарное предприятие ""Российский федеральный ядерный центр - Всероссийский научно-исследовательский институт экспериментальной физики"" Федеральное государственное бюджетное образовательное учреждение высшего образования ""Пензенский государственный университет"" Федеральное государственное бюджетное образовательное учреждение высшего образования ""Сибирский государственный университет науки и технологий имени академика М.Ф. Решетнева"" Федеральное государственное автономное образовательное учреждение высшего образования ""Крымский федеральный университет имени В.И. Вернадского"" Федеральное государственное бюджетное образовательное учреждение высшего образования ""Оренбургский государственный университет"" Федеральное государственное бюджетное образовательное учреждение высшего образования ""Алтайский государственный университет"" Федеральное государственное автономное образовательное учреждение высшего образования ""Национальный исследовательский Томский государственный университет""";биология;биология;2
27;"Межрегиональная олимпиада школьников ""Будущие исследователи - будущее науки""";"Федеральное государственное автономное образовательное учреждение высшего образования ""Национальный исследовательский Нижегородский государственный университет им. Н.И. Лобачевского"" Федеральное государственное унитарное предприятие ""Российский федеральный ядерный центр - Всероссийский научно-исследовательский институт экспериментальной физики"" Федеральное государственное бюджетное образовательное учреждение высшего образования ""Пензенский государственный университет"" Федеральное государственное бюджетное образовательное учреждение высшего образования ""Алтайский государственный университет"" Федеральное государственное бюджетное образовательное учреждение высшего образования ""Казанский государственный энергетический университет"",Федеральное государственное бюджетное образовательное учреждение высшего образования ""Сибирский государственный университет науки и технологий имени академика М.Ф. Решетнева"" Федеральное государственное автономное образовательное учреждение высшего образования ""Крымский федеральный университет имени В.И. Вернадского""";история;история;2
27;"Межрегиональная олимпиада школьников ""Будущие исследователи - будущее науки""";"Федеральное государственное автономное образовательное учреждение высшего образования ""Национальный исследовательский Нижегородский государственный университет им. Н.И. Лобачевского"" Федеральное государственное унитарное предприятие ""Российский федеральный ядерный центр - Всероссийский научно-исследовательский институт экспериментальной физики"" Федеральное государственное бюджетное образовательное учреждение высшего образования ""Белгородский государственный технологический университет им. В.Г. Шухова"" Федеральное государственное бюджетное образовательное учреждение высшего образования ""Пензенский государственный университет"" Федеральное государственное автономное образовательное учреждение высшего образования ""Крымский федеральный университет имени В.И. Вернадского"" Федеральное государственное бюджетное образовательное учреждение высшего образования ""Алтайский государственный университет"" Федеральное государственное автономное образовательное учреждение высшего образования ""Национальный исследовательский Томский государственный университет"" Федеральное государственное бюджетное образовательное учреждение высшего образования ""Калининградский государственный технический университет"" Федеральное государственное бюджетное образовательное учреждение высшего образования ""Сибирский государственный университет науки и технологий имени академика М.Ф. Решетнева"" Федеральное государственное бюджетное образовательное учреждение высшего образования ""Казанский государственный энергетический университет"" Федеральное государственное автономное образовательное учреждение высшего образования ""Уральский федеральный университет имени первого Президента России Б.Н. Ельцина"" Федеральное государственное бюджетное образовательное учреждение высшего образования ""Воронежский государственный университет""";математика;математика;3
27;"Межрегиональная олимпиада школьников ""Будущие исследователи - будущее науки""";"Федеральное государственное автономное образовательное учреждение высшего образования ""Национальный исследовательский Нижегородский государственный университет им. Н.И. Лобачевского"" Федеральное государственное унитарное предприятие Федеральное государственное унитарное предприятие ""Российский федеральный ядерный центр - Всероссийский научно-исследовательский институт экспериментальной физики"" Федеральное государственное бюджетное образовательное учреждение высшего образования ""Пензенский государственный университет"" Федеральное государственное бюджетное образовательное учреждение высшего образования ""Сибирский государственный университет науки и технологий имени академика М.Ф. Решетнева"" Федеральное государственное бюджетное образовательное учреждение высшего образования ""Алтайский государственный университет"" Федеральное государственное автономное образовательное учреждение высшего образования ""Крымский федеральный университет имени В.И. Вернадского""";русский язык;русский язык;3
27;"Межрегиональная олимпиада школьников ""Будущие исследователи - будущее науки""";"Федеральное государственное автономное образовательное учреждение высшего образования ""Национальный исследовательский Нижегородский государственный университет им. Н.И. Лобачевского"" Федеральное государственное унитарное предприятие ""Российский федеральный ядерный центр - Всероссийский научно-исследовательский институт экспериментальной физики"" Федеральное государственное бюджетное образовательное учреждение высшего образования ""Белгородский государственный технологический университет им. В.Г. Шухова"" Федеральное государственное бюджетное образовательное учреждение высшего образования ""Пензенский государственный университет"" Федеральное государственное автономное образовательное учреждение высшего образования ""Крымский федеральный университет имени В.И. Вернадского"" Федеральное государственное бюджетное образовательное учреждение высшего образования ""Оренбургский государственный университет"" Федеральное государственное бюджетное образовательное учреждение высшего образования ""Воронежский государственный университет"" Федеральное государственное бюджетное образовательное учреждение высшего образования ""Алтайский государственный университет"" Федеральное государственное автономное образовательное учреждение высшего образования ""Национальный исследовательский Томский государственный университет"" Федеральное государственное бюджетное образовательное учреждение высшего образования ""Калининградский государственный технический университет"" Федеральное государственное автономное образовательное учреждение высшего образования ""Уральский федеральный университет имени первого Президента России Б.Н. Ельцина"" Федеральное государственное бюджетное образовательное учреждение высшего образования ""Казанский государственный энергетический университет""";физика;физика;3
27;"Межрегиональная олимпиада школьников ""Будущие исследователи - будущее науки""";"Федеральное государственное автономное образовательное учреждение высшего образования ""Национальный исследовательский Нижегородский государственный университет им. Н.И. Лобачевского"" Федеральное государственное бюджетное образовательное учреждение высшего образования ""Ярославский государственный медицинский университет"" Министерства здравоохранения Российской Федерации Федеральное государственное унитарное предприятие ""Российский федеральный ядерный центр - Всероссийский научно-исследовательский институт экспериментальной физики"" Федеральное государственное бюджетное образовательное учреждение высшего образования ""Белгородский государственный технологический университет им. В.Г. Шухова"" Федеральное государственное бюджетное образовательное учреждение высшего образования ""Пензенский государственный университет"" Федеральное государственное бюджетное образовательное учреждение высшего образования ""Сибирский государственный университет науки и технологий имени академика М.Ф. Решетнева"" Федеральное государственное автономное образовательное учреждение высшего образования ""Крымский федеральный университет имени В.И. Вернадского"" Федеральное государственное бюджетное образовательное учреждение высшего образования ""Оренбургский государственный университет"" Федеральное государственное автономное образовательное учреждение высшего образования ""Национальный исследовательский Томский государственный университет"" Федеральное государственное бюджетное образовательное учреждение высшего образования ""Алтайский государственный университет"" Федеральное государственное бюджетное образовательное учреждение высшего образования ""Калининградский государственный технический университет"",Федеральное государственное автономное образовательное учреждение высшего образования ""Уральский федеральный университет имени первого Президента России Б.Н. Ельцина""";химия;химия;2
28;Межрегиональная олимпиада школьников имени В.Е. Татлина;"Федеральное государственное бюджетное образовательное учреждение высшего образования ""Пензенский государственный университет архитектуры и строительства"" Федеральное государственное бюджетное образовательное учреждение высшего образования ""Юго-Западный государственный университет"" Государственное бюджетное образовательное учреждение Астраханской области высшего образования ""Астраханский государственный архитектурно-строительный университет"" Федеральное государственное автономное образовательное учреждение высшего образования ""Северо-Кавказский федеральный университет""";графика;архитектура, градостроительство, дизайн;1
28;Межрегиональная олимпиада школьников имени В.Е. Татлина;"Федеральное государственное бюджетное образовательное учреждение высшего образования ""Пензенский государственный университет архитектуры и строительства"" Федеральное государственное бюджетное образовательное учреждение высшего образования ""Юго-Западный государственный университет"" Государственное бюджетное образовательное учреждение Астраханской области высшего образования ""Астраханский государственный архитектурно-строительный университет"" Федеральное государственное автономное образовательное учреждение высшего образования ""Северо-Кавказский федеральный университет""";композиция;архитектура, градостроительство, дизайн;1
28;Межрегиональная олимпиада школьников имени В.Е. Татлина;"Федеральное государственное бюджетное образовательное учреждение высшего образования ""Пензенский государственный университет архитектуры и строительства"" Федеральное государственное бюджетное образовательное учреждение высшего образования ""Юго-Западный государственный университет"" Государственное бюджетное образовательное учреждение Астраханской области высшего образования ""Астраханский государственный архитектурно-строительный университет"" Федеральное государственное автономное образовательное учреждение высшего образования ""Северо-Кавказский федеральный университет""";рисунок;архитектура, градостроительство, дизайн;1
29;Межрегиональная олимпиада школьников имени И.Я. Верченко;"Федеральное государственное казенное образовательное учреждение высшего образования ""Академия Федеральной службы безопасности Российской Федерации"" Ордена Трудового Красного Знамени федеральное государственное бюджетное образовательное учреждение высшего образования ""Московский технический университет связи и информатики"" Федеральное государственное казенное научное учреждение ""Академия криптографии Российской Федерации""";компьютерная безопасность;информационная безопасность, информатика;2
29;Межрегиональная олимпиада школьников имени И.Я. Верченко;"Федеральное государственное казенное образовательное учреждение высшего образования ""Академия Федеральной службы безопасности Российской Федерации"" Федеральное государственное казенное научное учреждение ""Академия криптографии Российской Федерации"" Ордена Трудового Красного Знамени федеральное государственное бюджетное образовательное учреждение высшего образования ""Московский технический университет связи и информатики""";математика и криптография;математика;2
30;Межрегиональная олимпиада школьников на базе ведомственных образовательных организаций;"Федеральное государственное казенное образовательное учреждение высшего образования ""Академия Федеральной службы безопасности Российской Федерации""";биология;биология;3
30;Межрегиональная олимпиада школьников на базе ведомственных образовательных организаций;"Федеральное государственное казенное образовательное учреждение высшего образования ""Академия Федеральной службы безопасности Российской Федерации""";иностранный язык;иностранный язык;2
30;Межрегиональная олимпиада школьников на базе ведомственных образовательных организаций;"Федеральное государственное казенное образовательное учреждение высшего образования ""Академия Федеральной службы безопасности Российской Федерации""";обществознание;обществознание;3
30;Межрегиональная олимпиада школьников на базе ведомственных образовательных организаций;"Федеральное государственное казенное образовательное учреждение высшего образования ""Академия Федеральной службы безопасности Российской Федерации""";русский язык;русский язык;3
30;Межрегиональная олимпиада школьников на базе ведомственных образовательных организаций;"Федеральное государственное казенное образовательное учреждение высшего образования ""Академия Федеральной службы безопасности Российской Федерации""";физика;физика;3
31;Межрегиональная химическая олимпиада школьников имени академика П.Д. Саркисова;"Федеральное государственное бюджетное образовательное учреждение высшего образования ""Российский химико-технологический университет имени Д.И. Менделеева""";химия;химия;3
32;"Межрегиональные предметные олимпиады федерального государственного автономного образовательного учреждения высшего образования ""Казанский (Приволжский) федеральный университет""";"Федеральное государственное автономное образовательное учреждение высшего образования ""Казанский (Приволжский) федеральный университет""";биология;биология;3
32;"Межрегиональные предметные олимпиады федерального государственного автономного образовательного учреждения высшего образования ""Казанский (Приволжский) федеральный университет""";"Федеральное государственное автономное образовательное учреждение высшего образования ""Казанский (Приволжский) федеральный университет""";дизайн;изобразительное и прикладные виды искусств;1
32;"Межрегиональные предметные олимпиады федерального государственного автономного образовательного учреждения высшего образования ""Казанский (Приволжский) федеральный университет""";"Федеральное государственное автономное образовательное учреждение высшего образования ""Казанский (Приволжский) федеральный университет""";иностранный язык;иностранный язык;2
32;"Межрегиональные предметные олимпиады федерального государственного автономного образовательного учреждения высшего образования ""Казанский (Приволжский) федеральный университет""";"Федеральное государственное автономное образовательное учреждение высшего образования ""Казанский (Приволжский) федеральный университет""";история;история;3
32;"Межрегиональные предметные олимпиады федерального государственного автономного образовательного учреждения высшего образования ""Казанский (Приволжский) федеральный университет""";"Федеральное государственное автономное образовательное учреждение высшего образования ""Казанский (Приволжский) федеральный университет""";право;обществознание;3
32;"Межрегиональные предметные олимпиады федерального государственного автономного образовательного учреждения высшего образования ""Казанский (Приволжский) федеральный университет""";"Федеральное государственное автономное образовательное учреждение высшего образования ""Казанский (Приволжский) федеральный университет""";русский язык;русский язык;2
32;"Межрегиональные предметные олимпиады федерального государственного автономного образовательного учреждения высшего образования ""Казанский (Приволжский) федеральный университет""";"Федеральное государственное автономное образовательное учреждение высшего образования ""Казанский (Приволжский) федеральный университет""";физика;физика;2
32;"Межрегиональные предметные олимпиады федерального государственного автономного образовательного учреждения высшего образования ""Казанский (Приволжский) федеральный университет""";"Федеральное государственное автономное образовательное учреждение высшего образования ""Казанский (Приволжский) федеральный университет""";химия;химия;1
33;"Многопредметная олимпиада ""Юные таланты""";"Федеральное государственное автономное образовательное учреждение высшего образования ""Пермский государственный национальный исследовательский университет""";география;география;1
33;"Многопредметная олимпиада ""Юные таланты""";"Федеральное государственное автономное образовательное учреждение высшего образования ""Пермский государственный национальный исследовательский университет"" Государственное учреждение дошкольного образования ""Пермский краевой центр ""Муравейник"" Министерство образования и науки Пермского края";геология;науки о Земле;3
33;"Многопредметная олимпиада ""Юные таланты""";"Федеральное государственное автономное образовательное учреждение высшего образования ""Пермский государственный национальный исследовательский университет"" Министерство образования и науки Пермского края Федеральное государственное бюджетное образовательное учреждение высшего образования ""Национальный исследовательский Мордовский государственный университет им. Н.П. Огарева"" Федеральное государственное автономное образовательное учреждение высшего образования ""Самарский национальный исследовательский университет имени академика С.П. Королева"" Федеральное государственное бюджетное образовательное учреждение высшего образования ""Сибирский государственный университет науки и технологий имени академика М.Ф. Решетнева"" Федеральное государственное бюджетное образовательное учреждение высшего образования ""Российский химико-технологический университет имени Д.И. Менделеева""";химия;химия;1
34;"Многопрофильная инженерная олимпиада ""Звезда""";"Министерство науки и высшего образования Российской Федерации Ассоциация ""Лига содействия оборонным предприятиям"" Общероссийская общественная организация ""Союз машиностроителей России"" Управление образования Администрации Шелеховского муниципального района Министерство образования и науки Мурманской области Министерство образования Оренбургской области Министерство образования Тульской области Министерство образования и науки Челябинской области Федеральное агентство по делам Содружества Независимых Государств, соотечественников проживающих за рубежом, и по международному гуманитарному сотрудничеству Министерство образования и науки Республики Бурятия Министерство образования и науки Республики Ингушетия Министерство образования и науки Республики Дагестан Федеральное государственное бюджетное образовательное учреждение высшего образования ""Алтайский государственный технический университет им. И.И. Ползунова"" Федеральное государственное бюджетное образовательное учреждение высшего образования ""Амурский государственный университет"" Арктический морской институт имени В.И. Воронина филиал Федерального государственного бюджетного образовательного учреждения высшего образования ""Государственный университет морского и речного флота имени адмирала С.О. Макарова"" Федеральное государственное автономное образовательное учреждение высшего образования ""Северный (Арктический) федеральный университет имени М.В. Ломоносова"" Федеральное государственное бюджетное образовательное учреждение высшего образования ""Белгородский государственный технологический университет им. В.Г. Шухова"" Федеральное государственное бюджетное образовательное учреждение высшего образования ""Ковровская государственная технологическая академия имени В.А. Дегтярева"" Федеральное государственное бюджетное образовательное учреждение высшего образования ""Владимирский государственный университет имени Александра Григорьевича и Николая Григорьевича Столетовых"" Федеральное государственное бюджетное образовательное учреждение высшего образования ""Волгоградский государственный технический университет"" Федеральное государственное бюджетное образовательное учреждение высшего образования ""Воронежский государственный технический университет"" Федеральное государственное автономное образовательное учреждение высшего образования ""Национальный исследовательский технологический университет ""МИСИС"" Федеральное государственное бюджетное образовательное учреждение высшего образования ""МИРЭА Российский технологический университет"" Федеральное государственное бюджетное образовательное учреждение высшего образования ""Московский авиационный институт (национальный исследовательский университет)"" Федеральное государственное бюджетное образовательное учреждение высшего образования ""Московский государственный технологический университет ""СТАНКИН"" Федеральное государственное казенное образовательное учреждение ""Московский кадетский корпус ""Пансион воспитанниц Министерства обороны Российской Федерации"" Федеральное государственное бюджетное образовательное учреждение высшего образования ""Санкт-Петербургский государственный морской технический университет"",Федеральное государственное автономное образовательное учреждение высшего образования ""Санкт-Петербургский политехнический университет Петра Великого"" Федеральное государственное автономное образовательное учреждение высшего образования ""Севастопольский государственный университет"" Федеральное государственное бюджетное образовательное учреждение высшего образования ""Ивановский государственный политехнический университет"" Иркутский филиал Федерального государственного бюджетного образовательного учреждения высшего образования ""Московский государственный технический университет гражданской авиации"" Федеральное государственное бюджетное образовательное учреждение высшего образования ""Иркутский национальный исследовательский технический университет"" Федеральное государственное бюджетное образовательное учреждение высшего образования ""Калининградский государственный технический университет"" Федеральное государственное казенное образовательное учреждение ""Кемеровское президентское кадетское училище"" Федеральное государственное бюджетное образовательное учреждение высшего образования ""Кубанский государственный технологический университет"" Федеральное государственное бюджетное образовательное учреждение высшего образования ""Сибирский государственный университет науки и технологий имени академика М.Ф. Решетнева"" Федеральное государственное бюджетное образовательное учреждение высшего образования ""Юго-Западный государственный университет"" Федеральное государственное бюджетное образовательное учреждение высшего образования ""Донбасский государственный технический университет"" Федеральное государственное бюджетное образовательное учреждение высшего образования ""Университет ""Дубна"" Федеральное государственное бюджетное образовательное учреждение высшего образования ""Технологический университет имени дважды Героя Советского Союза, летчика-космонавта А.А. Леонова"" Федеральное государственное автономное образовательное учреждение высшего образования ""Мурманский арктический университет"" Федеральное государственное бюджетное образовательное учреждение высшего образования ""Нижегородский государственный технический университет им. Р.Е. Алексеева"" Федеральное государственное бюджетное образовательное учреждение высшего образования ""Новосибирский государственный технический университет"" Федеральное государственное автономное образовательное учреждение высшего образования ""Омский государственный технический университет"" Федеральное государственное бюджетное образовательное учреждение высшего образования ""Оренбургский государственный университет"" Федеральное государственное казенное общеобразовательное учреждение ""Оренбургское президентское кадетское училище"" Федеральное государственное бюджетное образовательное учреждение высшего образования ""Орловский государственный университет имени И.С. Тургенева"" Федеральное государственное бюджетное образовательное учреждение высшего образования ""Пензенский государственный технологический университет"" Федеральное государственное автономное образовательное учреждение высшего образования ""Пермский национальный исследовательский политехнический университет"" Федеральное государственное автономное образовательное учреждение высшего образования ""Дальневосточный федеральный университет"" Федеральное государственное бюджетное образовательное учреждение высшего образования ""Псковский государственный университет"" Федеральное государственное бюджетное образовательное учреждение высшего образования ""Уфимский университет науки и технологий"" Федеральное государственное бюджетное образовательное учреждение высшего образования ""Дагестанский государственный технический университет"" Федеральное государственное бюджетное образовательное учреждение высшего образования ""Петрозаводский государственный университет"" Федеральное государственное автономное образовательное учреждение высшего образования ""Северо-Восточный федеральный университет имени М.К. Аммосова"" Федеральное государственное бюджетное образовательное учреждение высшего образования ""Северо-Кавказский горно-металлургический институт (государственный технологический университет)"" ""Казанский национальный исследовательский технический университет им. А.Н. Туполева-КАИ"" Федеральное государственное автономное образовательное учреждение высшего образования ""Южный федеральный университет"" Федеральное государственное бюджетное образовательное учреждение высшего образования ""Донской государственный технический университет"" Федеральное государственное бюджетное образовательное учреждение высшего образования ""Южно-Российский государственный политехнический университет (НПИ) имени М.И. Платова"" Федеральное государственное автономное образовательное учреждение высшего образования ""Самарский национальный исследовательский университет имени академика С.П. Королева"" Федеральное государственное бюджетное образовательное учреждение высшего образования ""Самарский государственный технический университет"" Федеральное государственное бюджетное образовательное учреждение высшего образования ""Тольяттинский государственный университет"" Федеральное государственное бюджетное образовательное учреждение высшего образования ""Саратовский государственный технический университет имени Гагарина Ю.А."" Федеральное государственное бюджетное образовательное учреждение высшего образования ""Тамбовский государственный технический университет"" Федеральное государственное бюджетное образовательное учреждение высшего образования ""Тверской государственный университет"" Федеральное государственное автономное образовательное учреждение высшего образования ""Национальный исследовательский Томский политехнический университет"" Федеральное государственное бюджетное образовательное учреждение высшего образования ""Тульский государственный университет"" Федеральное государственное казенное общеобразовательное учреждение ""Тюменское президентское кадетское училище"" Федеральное государственное бюджетное образовательное учреждение высшего образования ""Ижевский государственный технический университет имени М.Т. Калашникова"" Федеральное государственное бюджетное образовательное учреждение высшего образования ""Ульяновский государственный технический университет"" Федеральное государственное бюджетное образовательное учреждение высшего образования ""Ульяновский государственный университет"" Федеральное государственное бюджетное образовательное учреждение высшего образования ""Тихоокеанский государственный университет"" Федеральное государственное автономное образовательное учреждение высшего образования ""Южно-Уральский государственный университет (национальный исследовательский университет)"" Федеральное государственное бюджетное образовательное учреждение высшего образования ""Ярославский государственный технический университет""";естественные науки;архитектура, техника и технологии строительства, информационная безопасность, электроника, радиотехника и системы связи, фотоника, приборостроение, электро- и теплоэнергетика, ядерная энергетика и технологии, машиностроение, оружие и системы вооружения, химические технологии, прикладная геология, горное дело, нефтегазовое дело и геодезия, технологии материалов, техника и технологии наземного транспорта, авиационная и ракетно-космическая техника, аэронавигация и эксплуатация авиационной и ракетно-космической техники, техника и технологии кораблестроения и водного транспорта, управление в технических системах, нанотехнологии и наноматериалы, технологии легкой промышленности;2
34;"Многопрофильная инженерная олимпиада ""Звезда""";"Министерство науки и высшего образования Российской Федерации Ассоциация ""Лига содействия оборонным предприятиям"" Общероссийская общественная организация ""Союз машиностроителей России"" Управление образования Администрации Шелеховского муниципального района Министерство образования и науки Мурманской области Министерство образования Оренбургской области Министерство образования Тульской области Министерство образования и науки Челябинской области Федеральное агентство по делам Содружества Независимых Государств, соотечественников проживающих за рубежом, и по международному гуманитарному сотрудничеству Министерство образования и науки Республики Бурятия Министерство образования и науки Республики Ингушетия Министерство образования и науки Республики Дагестан Федеральное государственное бюджетное образовательное учреждение высшего образования ""Алтайский государственный технический университет им. И.И. Ползунова"" Федеральное государственное бюджетное образовательное учреждение высшего образования ""Амурский государственный университет"" Арктический морской институт имени В.И. Воронина филиал Федерального государственного бюджетного образовательного учреждения высшего образования ""Государственный университет морского и речного флота имени адмирала С.О. Макарова"" Федеральное государственное автономное образовательное учреждение высшего образования ""Северный (Арктический) федеральный университет имени М.В. Ломоносова"" Федеральное государственное бюджетное образовательное учреждение высшего образования ""Белгородский государственный технологический университет им. В.Г. Шухова"" Федеральное государственное бюджетное образовательное учреждение высшего образования ""Ковровская государственная технологическая академия имени В.А. Дегтярева"" Федеральное государственное бюджетное образовательное учреждение высшего образования ""Владимирский государственный университет имени Александра Григорьевича и Николая Григорьевича Столетовых"" Федеральное государственное бюджетное образовательное учреждение высшего образования ""Волгоградский государственный технический университет"" Федеральное государственное бюджетное образовательное учреждение высшего образования ""Воронежский государственный технический университет"" Федеральное государственное автономное образовательное учреждение высшего образования ""Национальный исследовательский технологический университет ""МИСИС"" Федеральное государственное бюджетное образовательное учреждение высшего образования ""МИРЭА Российский технологический университет"" Федеральное государственное бюджетное образовательное учреждение высшего образования ""Московский авиационный институт (национальный исследовательский университет)"" Федеральное государственное бюджетное образовательное учреждение высшего образования ""Московский государственный технологический университет ""СТАНКИН"" Федеральное государственное казенное образовательное учреждение ""Московский кадетский корпус ""Пансион воспитанниц Министерства обороны Российской Федерации"" Федеральное государственное бюджетное образовательное учреждение высшего образования ""Санкт-Петербургский государственный морской технический университет"",Федеральное государственное автономное образовательное учреждение высшего образования ""Санкт-Петербургский политехнический университет Петра Великого"" Федеральное государственное автономное образовательное учреждение высшего образования ""Севастопольский государственный университет"" Федеральное государственное бюджетное образовательное учреждение высшего образования ""Ивановский государственный политехнический университет"" Иркутский филиал Федерального государственного бюджетного образовательного учреждения высшего образования ""Московский государственный технический университет гражданской авиации"" Федеральное государственное бюджетное образовательное учреждение высшего образования ""Иркутский национальный исследовательский технический университет"" Федеральное государственное бюджетное образовательное учреждение высшего образования ""Калининградский государственный технический университет"" Федеральное государственное казенное образовательное учреждение ""Кемеровское президентское кадетское училище"" Федеральное государственное бюджетное образовательное учреждение высшего образования ""Кубанский государственный технологический университет"" Федеральное государственное бюджетное образовательное учреждение высшего образования ""Сибирский государственный университет науки и технологий имени академика М.Ф. Решетнева"" Федеральное государственное бюджетное образовательное учреждение высшего образования ""Юго-Западный государственный университет"" Федеральное государственное бюджетное образовательное учреждение высшего образования ""Донбасский государственный технический университет"" Федеральное государственное бюджетное образовательное учреждение высшего образования ""Университет ""Дубна"" Федеральное государственное бюджетное образовательное учреждение высшего образования ""Технологический университет имени дважды Героя Советского Союза, летчика-космонавта А.А. Леонова"" Федеральное государственное автономное образовательное учреждение высшего образования ""Мурманский арктический университет"" Федеральное государственное бюджетное образовательное учреждение высшего образования ""Нижегородский государственный технический университет им. Р.Е. Алексеева"" Федеральное государственное бюджетное образовательное учреждение высшего образования ""Новосибирский государственный технический университет"" Федеральное государственное автономное образовательное учреждение высшего образования ""Омский государственный технический университет"" Федеральное государственное бюджетное образовательное учреждение высшего образования ""Оренбургский государственный университет"" Федеральное государственное казенное общеобразовательное учреждение ""Оренбургское президентское кадетское училище"" Федеральное государственное бюджетное образовательное учреждение высшего образования ""Орловский государственный университет имени И.С. Тургенева"" Федеральное государственное бюджетное образовательное учреждение высшего образования ""Пензенский государственный технологический университет"" Федеральное государственное автономное образовательное учреждение высшего образования ""Пермский национальный исследовательский политехнический университет"" Федеральное государственное автономное образовательное учреждение высшего образования ""Дальневосточный федеральный университет"" Федеральное государственное бюджетное образовательное учреждение высшего образования ""Псковский государственный университет"" Федеральное государственное бюджетное образовательное учреждение высшего образования ""Уфимский университет науки и технологий"" Федеральное государственное бюджетное образовательное учреждение высшего образования ""Дагестанский государственный технический университет"" Федеральное государственное бюджетное образовательное учреждение высшего образования ""Петрозаводский государственный университет"" Федеральное государственное автономное образовательное учреждение высшего образования ""Северо-Восточный федеральный университет имени М.К. Аммосова"" Федеральное государственное бюджетное образовательное учреждение высшего образования ""Северо-Кавказский горно-металлургический институт (государственный технологический университет)"" ""Казанский национальный исследовательский технический университет им. А.Н. Туполева-КАИ"" Федеральное государственное автономное образовательное учреждение высшего образования ""Южный федеральный университет"" Федеральное государственное бюджетное образовательное учреждение высшего образования ""Донской государственный технический университет"" Федеральное государственное бюджетное образовательное учреждение высшего образования ""Южно-Российский государственный политехнический университет (НПИ) имени М.И. Платова"" Федеральное государственное автономное образовательное учреждение высшего образования ""Самарский национальный исследовательский университет имени академика С.П. Королева"" Федеральное государственное бюджетное образовательное учреждение высшего образования ""Самарский государственный технический университет"" Федеральное государственное бюджетное образовательное учреждение высшего образования ""Тольяттинский государственный университет"" Федеральное государственное бюджетное образовательное учреждение высшего образования ""Саратовский государственный технический университет имени Гагарина Ю.А."" Федеральное государственное бюджетное образовательное учреждение высшего образования ""Тамбовский государственный технический университет"" Федеральное государственное бюджетное образовательное учреждение высшего образования ""Тверской государственный университет"" Федеральное государственное автономное образовательное учреждение высшего образования ""Национальный исследовательский Томский политехнический университет"" Федеральное государственное бюджетное образовательное учреждение высшего образования ""Тульский государственный университет"" Федеральное государственное казенное общеобразовательное учреждение ""Тюменское президентское кадетское училище"" Федеральное государственное бюджетное образовательное учреждение высшего образования ""Ижевский государственный технический университет имени М.Т. Калашникова"" Федеральное государственное бюджетное образовательное учреждение высшего образования ""Ульяновский государственный технический университет"" Федеральное государственное бюджетное образовательное учреждение высшего образования ""Ульяновский государственный университет"" Федеральное государственное бюджетное образовательное учреждение высшего образования ""Тихоокеанский государственный университет"" Федеральное государственное автономное образовательное учреждение высшего образования ""Южно-Уральский государственный университет (национальный исследовательский университет)"" Федеральное государственное бюджетное образовательное учреждение высшего образования ""Ярославский государственный технический университет""";техника и технологии;технологии материалов, машиностроение, фотоника, приборостроение, оптические и биотехнические системы и технологии, авиационная и ракетно-космическая техника, техника и технологии наземного транспорта, техника и технологии кораблестроения и водного транспорта, биотехнология, информационная безопасность, химические технологии;1
35;Московская олимпиада школьников;"Департамент образования и науки города Москвы Федеральное государственное бюджетное образовательное учреждение высшего образования ""Московский государственный университет имени М.В. Ломоносова""";астрономия;астрономия;1
35;Московская олимпиада школьников;"Департамент образования и науки города Москвы Федеральное государственное бюджетное образовательное учреждение высшего образования ""Московский государственный университет имени М.В. Ломоносова""";вероятность и статистика;математика;2
35;Московская олимпиада школьников;"Департамент образования и науки города Москвы Федеральное государственное бюджетное образовательное учреждение высшего образования ""Московский государственный университет имени М.В. Ломоносова""";генетика;биология;2
35;Московская олимпиада школьников;"Департамент образования и науки города Москвы Федеральное государственное бюджетное образовательное учреждение высшего образования ""Московский государственный университет имени М.В. Ломоносова""";география;география;1
35;Московская олимпиада школьников;"Департамент образования и науки города Москвы,Федеральное государственное бюджетное образовательное учреждение высшего образования ""Московский педагогический государственный университет"" Федеральное государственное бюджетное образовательное учреждение высшего образования ""Российская академия живописи, ваяния и зодчества Ильи Глазунова"" Федеральное государственное бюджетное образовательное учреждение высшего образования ""Московский государственный академический художественный институт имени В.И. Сурикова при Российской академии художеств"" Институт традиционного прикладного искусства Московский филиал федерального государственного бюджетного образовательного учреждения высшего образования ""Российский университет традиционных художественных промыслов""";изобразительное искусство;искусство;1
35;Московская олимпиада школьников;"Департамент образования и науки города Москвы,Федеральное государственное бюджетное образовательное учреждение высшего образования ""Московский государственный университет имени М.В. Ломоносова"" Федеральное государственное автономное образовательное учреждение высшего образования ""Национальный исследовательский университет ""Высшая школа экономики""";информатика;информатика;1
35;Московская олимпиада школьников;"Департамент образования и науки города Москвы,Государственное автономное образовательное учреждение высшего образования города Москвы ""Московский городской педагогический университет"" Федеральное государственное образовательное бюджетное учреждение высшего образования ""Финансовый университет при Правительстве Российской Федерации""";история;история;2
35;Московская олимпиада школьников;Департамент образования и науки города Москвы;история искусств;искусство;1
35;Московская олимпиада школьников;"Департамент образования и науки города Москвы Федеральное государственное бюджетное образовательное учреждение высшего образования ""Московский государственный университет имени М.В. Ломоносова"" Федеральное государственное автономное образовательное учреждение высшего образования ""Национальный исследовательский университет ""Высшая школа экономики"" Федеральное государственное автономное образовательное учреждение высшего образования ""Российский государственный гуманитарный университет""";лингвистика;иностранный язык;1
35;Московская олимпиада школьников;"Департамент образования и науки города Москвы Федеральное государственное бюджетное образовательное учреждение высшего образования ""Московский государственный университет имени М.В. Ломоносова"" Федеральное государственное автономное образовательное учреждение высшего образования ""Национальный исследовательский университет ""Высшая школа экономики"" Федеральное государственное автономное образовательное учреждение высшего образования ""Московский физико-технический институт (национальный исследовательский университет)""";математика;математика;1
35;Московская олимпиада школьников;"Департамент образования и науки города Москвы Государственное автономное образовательное учреждение высшего образования города Москвы ""Московский городской педагогический университет"" Федеральное государственное образовательное бюджетное учреждение высшего образования ""Финансовый университет при Правительстве Российской Федерации""";обществознание;обществознание;2
35;Московская олимпиада школьников;"Департамент образования и науки города Москвы,Федеральное государственное бюджетное образовательное учреждение высшего образования ""Российский государственный университет правосудия имени В.М. Лебедева"" Федеральное государственное автономное образовательное учреждение высшего образования ""Российский университет дружбы народов имени Патриса Лумумбы"" Федеральное государственное автономное образовательное учреждение высшего образования ""Национальный исследовательский университет ""Высшая школа экономики""";право;право;3
35;Московская олимпиада школьников;"Федеральное государственное автономное образовательное учреждение высшего образования ""Московский физико-технический институт (национальный исследовательский университет)""";предпрофессиональная;информационная безопасность, информатика и вычислительная техника, машиностроение, промышленная экология и биотехнологии, техносферная безопасность и природообустройство, фотоника, приборостроение, оптические и биотехнические системы и технологии, электроника, радиотехника и системы связи, ядерная энергетика и технологии;3
35;Московская олимпиада школьников;"Федеральное государственное бюджетное образовательное учреждение высшего образования ""Уральский государственный юридический университет имени В.Ф. Яковлева""";робототехника;машиностроение, информатика и вычислительная техника;2
35;Московская олимпиада школьников;"Департамент образования и науки города Москвы Федеральное государственное бюджетное образовательное учреждение высшего образования ""Московский государственный университет имени М.В. Ломоносова""";физика;физика;1
35;Московская олимпиада школьников;"Департамент образования и науки города Москвы Федеральное государственное образовательное бюджетное учреждение высшего образования ""Финансовый университет при Правительстве Российской Федерации""";финансовая грамотность;экономика;3
35;Московская олимпиада школьников;"Департамент образования и науки города Москвы Федеральное государственное бюджетное образовательное учреждение высшего образования ""Московский государственный университет имени М.В. Ломоносова"" Федеральное государственное бюджетное образовательное учреждение высшего образования ""Российский химико-технологический университет имени Д.И. Менделеева"" Федеральное государственное бюджетное образовательное учреждение высшего образования ""МИРЭА Российский технологический университет"" Федеральное государственное бюджетное образовательное учреждение высшего образования ""Сибирский государственный университет науки и технологий имени академика М.Ф. Решетнева"" Федеральное государственное автономное образовательное учреждение высшего образования ""Национальный исследовательский университет ""Высшая школа экономики"" Федеральное государственное бюджетное образовательное учреждение высшего образования ""Уфимский государственный нефтяной технический университет"" Федеральное государственное бюджетное образовательное учреждение высшего образования ""Казанский национальный исследовательский технический университет им. А.Н. Туполева-КАИ"" Федеральное государственное автономное образовательное учреждение высшего образования ""Южный федеральный университет"" Федеральное государственное бюджетное образовательное учреждение высшего образования ""Алтайский государственный технический университет им. И.И. Ползунова""";химия;химия;1
35;Московская олимпиада школьников;"Федеральное государственное автономное образовательное учреждение высшего образования ""Пермский государственный национальный исследовательский университет"" Министерство образования и науки Пермского края Федеральное государственное бюджетное образовательное учреждение высшего образования ""Национальный исследовательский Мордовский государственный университет им. Н.П. Огарева"" Федеральное государственное автономное образовательное учреждение высшего образования ""Самарский национальный исследовательский университет имени академика С.П. Королева"" Федеральное государственное бюджетное образовательное учреждение высшего образования ""Сибирский государственный университет науки и технологий имени академика М.Ф. Решетнева"" Федеральное государственное бюджетное образовательное учреждение высшего образования ""Российский химико-технологический университет имени Д.И. Менделеева""";экология;науки о Земле;3
35;Московская олимпиада школьников;"Департамент образования и науки города Москвы Федеральное государственное бюджетное образовательное учреждение высшего образования ""Московский государственный университет имени М.В. Ломоносова"" Федеральное государственное автономное образовательное учреждение высшего образования ""Национальный исследовательский университет ""Высшая школа экономики"" Негосударственное образовательное учреждение высшего образования ""Российская экономическая школа"" (институт)";экономика;экономика;3
36;Московская открытая олимпиада школьников по геологии;"Федеральное государственное бюджетное образовательное учреждение высшего образования ""Московский государственный университет имени М.В. Ломоносова"" Государственное бюджетное образовательное учреждение дополнительного образования города Москвы ""Московский детско-юношеский центр экологии, краеведения и туризма""";геология;науки о Земле, прикладная геология, горное дело, нефтегазовое дело;1
37;Научно-практическая олимпиада школьников имени Н.А. Умова;"Федеральное государственное бюджетное образовательное учреждение высшего образования ""Московский государственный университет имени М.В. Ломоносова""";физика;физика;2
38;Оборонно-техническая олимпиада;"Федеральное государственное бюджетное образовательное учреждение высшего образования ""Балтийский государственный технический университет ""ВОЕНМЕХ"" им. Д.Ф. Устинова""";техника и технологии;информатика и вычислительная техника, электроника, радиотехника и системы связи, фотоника, приборостроение, оптические и биотехнические системы и технологии, электро- и теплоэнергетика, машиностроение, оружие и системы вооружения, техносферная безопасность и природообустройство, авиационная и ракетно-космическая техника, управление в технических системах;3
39;"Общероссийская олимпиада школьников ""Основы православной культуры""";"Образовательное частное учреждение высшего образования ""Православный Свято-Тихоновский гуманитарный Университет""";основы православной культуры;теология;3
40;Объединенная межвузовская олимпиада школьников;"Департамент образования и науки города Москвы,Комитет по науке и высшей школе Санкт-Петербурга Федеральное государственное бюджетное образовательное учреждение высшего образования ""Российский университет транспорта"" Федеральное государственное бюджетное образовательное учреждение высшего образования ""МИРЭА- Российский технологический университет"" Федеральное государственное автономное образовательное учреждение высшего образования ""Российский университет дружбы народов имени Патриса Лумумбы"" Федеральное государственное бюджетное образовательное учреждение высшего образования ""Российский химико-технологический университет имени Д.И. Менделеева"" Федеральное государственное автономное образовательное учреждение высшего образования ""Московский политехнический университет"" Государственное бюджетное образовательное учреждение высшего образования города Москвы ""Московский городской педагогический университет"" Федеральное государственное бюджетное образовательное учреждение высшего образования ""Национальный исследовательский университет ""МЭИ"" Федеральное государственное бюджетное образовательное учреждение высшего образования ""Московский авиационный институт (национальный исследовательский университет)"" Федеральное государственное бюджетное образовательное учреждение высшего образования ""Московский государственный университет геодезии и картографии"" Федеральное государственное бюджетное образовательное учреждение высшего образования ""Национальный исследовательский Московский государственный строительный университет"" Федеральное государственное бюджетное образовательное учреждение высшего образования ""Государственный университет ""Дубна"" Федеральное государственное автономное образовательное учреждение высшего образования ""Национальный исследовательский ядерный университет ""МИФИ Федеральное государственное бюджетное образовательное учреждение высшего образования ""Московский государственный технологический университет ""СТАНКИН"" Федеральное государственное бюджетное образовательное учреждение высшего образования ""Московский государственный технический университет гражданской авиации"" Федеральное государственное автономное образовательное учреждение высшего образования ""Национальный исследовательский технологический университет ""МИСИС"" Федеральное государственное автономное образовательное учреждение высшего образования ""Национальный исследовательский университет ""Московский институт электронной техники"" Федеральное государственное бюджетное образовательное учреждение высшего образования, награжденное орденом Трудового Красного Знамени ""Московский технический университет связи и информатики"" Автономная некоммерческая организация высшего образования ""Центральный университет"" Федеральное государственное бюджетное образовательное учреждение высшего образования ""Санкт-Петербургский горный университет им. Екатерины II"" Федеральное государственное автономное образовательное учреждение высшего образования ""Санкт-Петербургский государственный электротехнический университет ""ЛЭТИ"" им. В.И. Ульянова (Ленина)"" Федеральное государственное автономное образовательное учреждение высшего образования ""Национальный исследовательский университет информационных технологий, механики и оптики"" Федеральное государственное автономное образовательное учреждение высшего образования ""Санкт-Петербургский государственный университет аэрокосмического приборостроения"" Федеральное государственное автономное образовательное учреждение высшего образования ""Санкт-Петербургский политехнический университет Петра Великого"" Федеральное государственное бюджетное образовательное учреждение высшего образования ""Санкт-Петербургский государственный морской технический университет,Федеральное государственное бюджетное образовательное учреждение высшего образования ""Нижегородский государственный архитектурно-строительный университет"" Федеральное государственное бюджетное образовательное учреждение высшего образования ""Воронежский государственный технический университет"" Федеральное государственное бюджетное образовательное учреждение высшего образования ""Уфимский университет науки и технологий"" Федеральное государственное автономное образовательное учреждение высшего образования ""Уральский федеральный университет имени первого Президента России Б.Н. Ельцина"" Федеральное государственное бюджетное образовательное учреждение высшего образования ""Алтайский государственный университет"" Федеральное государственное автономное образовательное учреждение высшего образования ""Сибирский федеральный университет""";математика;математика;2
40;Объединенная межвузовская олимпиада школьников;"Департамент образования и науки города Москвы Федеральное государственное автономное образовательное учреждение высшего образования ""Московский физико-технический институт (национальный исследовательский университет)"" Федеральное государственное бюджетное образовательное учреждение высшего образования ""МИРЭА - Российский технологический университет"" Федеральное государственное автономное образовательное учреждение высшего образования ""Национальный исследовательский технологический университет ""МИСИС"" Федеральное государственное бюджетное образовательное учреждение высшего образования ""Алтайский государственный университет"" Федеральное государственное бюджетное образовательное учреждение высшего образования ""Московский авиационный институт (национальный исследовательский университет)"" Федеральное государственное бюджетное образовательное учреждение высшего образования ""Московский государственный технический университет гражданской авиации"" Федеральное государственное автономное образовательное учреждение высшего образования ""Санкт-Петербургский государственный университет аэрокосмического приборостроения"" Федеральное государственное автономное образовательное учреждение высшего образования ""Уральский федеральный университет имени первого Президента России Б.Н. Ельцина"" Федеральное государственное автономное образовательное учреждение высшего образования ""Национальный исследовательский ядерный университет ""МИФИ"" Федеральное государственное автономное образовательное учреждение высшего образования ""Московский государственный технологический университет ""СТАНКИН"" Федеральное государственное автономное образовательное учреждение высшего образования ""Казанский (Приволжский) федеральный университет"" Федеральное государственное бюджетное образовательное учреждение высшего образования ""Новосибирский государственный технический университет"" Федеральное государственное бюджетное образовательное учреждение высшего образования ""Уфимский университет науки и технологий"" Федеральное государственное автономное образовательное учреждение высшего образования ""Пермский государственный национальный исследовательский университет""";физика;физика;3
41;Олимпиада Курчатов;"Департамент образования и науки города Москвы Федеральное государственное бюджетное учреждение ""Национальный исследовательский центр ""Курчатовский институт"" Федеральное государственное автономное образовательное учреждение высшего образования ""Московский физико-технический институт (национальный исследовательский университет)"" Федеральное государственное автономное образовательное учреждение высшего образования ""Национальный исследовательский ядерный университет ""МИФИ"" Федеральное государственное бюджетное образовательное учреждение высшего образования ""МИРЭА - Российский технологический университет""";математика;математика;2
41;Олимпиада Курчатов;"Департамент образования и науки города Москвы Федеральное государственное бюджетное учреждение ""Национальный исследовательский центр ""Курчатовский институт"" Федеральное государственное автономное образовательное учреждение высшего образования ""Московский физико-технический институт (национальный исследовательский университет)"" Федеральное государственное автономное образовательное учреждение высшего образования ""Национальный исследовательский ядерный университет ""МИФИ"" Федеральное государственное бюджетное образовательное учреждение высшего образования ""МИРЭА - Российский технологический университет""";физика;физика;2
42;Олимпиада МГИМО МИД России для школьников;"Федеральное государственное автономное образовательное учреждение высшего образования ""Московский государственный институт международных отношений (университет) Министерства иностранных дел Российской Федерации""";гуманитарные и социальные науки;история, обществознание;2
43;"Олимпиада по комплексу предметов ""Культура и искусство""";"Федеральное государственное бюджетное образовательное учреждение высшего образования ""Санкт-Петербургский государственный университет промышленных технологий и дизайна""";академический рисунок, живопись, композиция, история искусства и культуры;дизайн, графика, монументально-декоративное искусство, живопись, декоративно-прикладное искусство и народные промыслы, технология художественной обработки материалов, искусство костюма и текстиля, конструирование изделий легкой промышленности, технологии и проектирование текстильных изделий, технология изделий легкой промышленности, информационные системы и технологии, технология полиграфического и упаковочного производства, прикладная информатика, профессиональное обучение (по отраслям);1
43;"Олимпиада по комплексу предметов ""Культура и искусство""";"Федеральное государственное бюджетное образовательное учреждение высшего образования ""Санкт-Петербургский государственный университет промышленных технологий и дизайна""";технический рисунок и декоративная композиция;декоративно-прикладное искусство и народные промыслы, технология художественной обработки материалов, искусство костюма и текстиля, конструирование изделий легкой промышленности, технологии и проектирование текстильных изделий, технология изделий легкой промышленности, информационные системы и технологии, технология полиграфического и упаковочного производства, прикладная информатика, профессиональное обучение (по отраслям);1
44;"Олимпиада по химии и химической технологии ""Потомки Менделеева""";"Федеральное государственное автономное образовательное учреждение высшего образования ""Казанский (Приволжский) федеральный университет"" Министерство образования и науки Республики Татарстан Менделеевский Муниципальный район Республики Татарстан Акционерное общество ""Аммоний""";химия;химия;2
45;"Олимпиада по экономике в рамках международного экономического фестиваля школьников ""Сибириада Шаг в мечту""";"Министерство образования Новосибирской области Федеральное государственное автономное образовательное учреждение высшего образования ""Новосибирский национальный исследовательский государственный университет"" Федеральное государственное автономное образовательное учреждение высшего образования ""Национальный исследовательский университет ""Высшая школа экономики"" Автономная некоммерческая образовательная организация высшего образования Центросоюза Российской Федерации ""Сибирский университет потребительской кооперации"" Муниципальное автономное общеобразовательное учреждение ""Экономический лицей"" Автономная некоммерческая организация содействия проведению экономических конкурсов и олимпиад, развитию просвещения и образования в сфере экономики, экономической науке и культуре ""АЙ ЛАВ ЭКОНОМИКС (Я ЛЮБЛЮ ЭКОНОМИКУ)"" Государственное автономное учреждение дополнительного образования Новосибирской области ""Областной центр развития творчества детей и юношества""";экономика;экономика;2
46;Олимпиада РГГУ для школьников;"Федеральное государственное автономное образовательное учреждение высшего образования ""Российский государственный гуманитарный университет""";иностранный язык;иностранный язык;2
46;Олимпиада РГГУ для школьников;"Федеральное государственное автономное образовательное учреждение высшего образования ""Российский государственный гуманитарный университет""";история;история;2
46;Олимпиада РГГУ для школьников;"Федеральное государственное автономное образовательное учреждение высшего образования ""Российский государственный гуманитарный университет""";литература;литература;1
46;Олимпиада РГГУ для школьников;"Федеральное государственное автономное образовательное учреждение высшего образования ""Российский государственный гуманитарный университет""";обществознание;обществознание;2
46;Олимпиада РГГУ для школьников;"Федеральное государственное автономное образовательное учреждение высшего образования ""Российский государственный гуманитарный университет""";русский язык;русский язык;2
47;"Олимпиада школьников ""Гранит науки""";"Федеральное государственное бюджетное образовательное учреждение высшего образования ""Санкт-Петербургский горный университет императрицы Екатерины II"" Федеральное государственное автономное образовательное учреждение высшего образования ""Национальный исследовательский Томский политехнический университет"" Ордена Трудового Красного Знамени федеральное государственное бюджетное образовательное учреждение высшего образования ""Московский технический университет связи и информатики"" Федеральное государственное бюджетное образовательное учреждение высшего образования ""Московский государственный университет геодезии и картографии"" Федеральное государственное бюджетное образовательное учреждение высшего образования ""Казанский национальный исследовательский технический университет им. А.Н. Туполева-КАИ"" Федеральное государственное бюджетное образовательное учреждение высшего образования ""Сибирский государственный университет телекоммуникаций и информатики"" Федеральное государственное бюджетное образовательное учреждение высшего образования ""Уфимский государственный нефтяной технический университет"" Федеральное государственное бюджетное образовательное учреждение высшего образования ""Алтайский государственный университет"" Федеральное государственное автономное образовательное учреждение высшего образования ""Сибирский федеральный университет"" Федеральное государственное бюджетное образовательное учреждение высшего образования ""Юго-Западный государственный университет"" Федеральное государственное автономное образовательное учреждение высшего образования ""Омский государственный университет имени Ф.М. Достоевского""";естественные науки;науки о Земле, электроника, радиотехника и системы связи, фотоника, приборостроение, оптические и биотехнические системы и технологии, электро- и теплоэнергетика, машиностроение, техносферная безопасность и природообустройство, прикладная геология, горное дело, нефтегазовое дело и геодезия, техника и технологии наземного транспорта;3
47;"Олимпиада школьников ""Гранит науки""";"Федеральное государственное бюджетное образовательное учреждение высшего образования ""Санкт-Петербургский горный университет императрицы Екатерины II"" Федеральное государственное автономное образовательное учреждение высшего образования ""Национальный исследовательский Томский политехнический университет"" Ордена Трудового Красного Знамени федеральное государственное бюджетное образовательное учреждение высшего образования ""Московский технический университет связи и информатики"" Федеральное государственное бюджетное образовательное учреждение высшего образования ""Московский государственный университет геодезии и картографии"" Федеральное государственное бюджетное образовательное учреждение высшего образования ""Казанский национальный исследовательский технический университет им. А.Н. Туполева-КАИ"" Федеральное государственное бюджетное образовательное учреждение высшего образования ""Сибирский государственный университет телекоммуникаций и информатики"" Федеральное государственное бюджетное образовательное учреждение высшего образования ""Уфимский государственный нефтяной технический университет"" Федеральное государственное бюджетное образовательное учреждение высшего образования ""Алтайский государственный университет"" Федеральное государственное автономное образовательное учреждение высшего образования ""Сибирский федеральный университет"" Федеральное государственное бюджетное образовательное учреждение высшего образования ""Юго-Западный государственный университет"" Федеральное государственное автономное образовательное учреждение высшего образования ""Омский государственный университет имени Ф.М. Достоевского""";информатика;информатика;2
48;"Олимпиада школьников ""Ломоносов""";"Федеральное государственное бюджетное образовательное учреждение высшего образования ""Московский государственный университет имени М.В. Ломоносова"" Федеральное государственное бюджетное образовательное учреждение высшего образования Кемеровский государственный университет";биология;биология;1
48;"Олимпиада школьников ""Ломоносов""";"Федеральное государственное бюджетное образовательное учреждение высшего образования ""Московский государственный университет имени М.В. Ломоносова""";высокие технологии;нанотехнологии и наноматериалы;2
48;"Олимпиада школьников ""Ломоносов""";"Федеральное государственное бюджетное образовательное учреждение высшего образования ""Московский государственный университет имени М.В. Ломоносова""";генетика;биологические науки;2
48;"Олимпиада школьников ""Ломоносов""";"Федеральное государственное бюджетное образовательное учреждение высшего образования ""Московский государственный университет имени М.В. Ломоносова"" Федеральное государственное автономное образовательное учреждение высшего образования ""Московский государственный институт международных отношений (университет) Министерства иностранных дел Российской Федерации""";география;география;1
48;"Олимпиада школьников ""Ломоносов""";"Федеральное государственное бюджетное образовательное учреждение высшего образования ""Московский государственный университет имени М.В. Ломоносова""";геология;геология;1
48;"Олимпиада школьников ""Ломоносов""";"Федеральное государственное бюджетное образовательное учреждение высшего образования ""Московский государственный университет имени М.В. Ломоносова""";журналистика;средства массовой информации и информационно-библиотечное дело;1
48;"Олимпиада школьников ""Ломоносов""";"Федеральное государственное бюджетное образовательное учреждение высшего образования ""Московский государственный университет имени М.В. Ломоносова""";иностранный язык;иностранный язык;2
48;"Олимпиада школьников ""Ломоносов""";"Федеральное государственное бюджетное образовательное учреждение высшего образования ""Московский государственный университет имени М.В. Ломоносова""";информатика;информатика;2
48;"Олимпиада школьников ""Ломоносов""";"Федеральное государственное бюджетное образовательное учреждение высшего образования ""Московский государственный университет имени М.В. Ломоносова""";история;история;1
48;"Олимпиада школьников ""Ломоносов""";"Федеральное государственное бюджетное образовательное учреждение высшего образования ""Московский государственный университет имени М.В. Ломоносова""";космонавтика;математика и механика;2
48;"Олимпиада школьников ""Ломоносов""";"Федеральное государственное бюджетное образовательное учреждение высшего образования ""Московский государственный университет имени М.В. Ломоносова""";литература;литература;1
48;"Олимпиада школьников ""Ломоносов""";"Федеральное государственное бюджетное образовательное учреждение высшего образования ""Московский государственный университет имени М.В. Ломоносова""";математика;математика;1
48;"Олимпиада школьников ""Ломоносов""";"Федеральное государственное бюджетное образовательное учреждение высшего образования ""Московский государственный университет имени М.В. Ломоносова""";международные отношения и глобалистика;история;1
48;"Олимпиада школьников ""Ломоносов""";"Федеральное государственное бюджетное образовательное учреждение высшего образования ""Московский государственный университет имени М.В. Ломоносова""";механика и математическое моделирование;математика и механика;2
48;"Олимпиада школьников ""Ломоносов""";"Федеральное государственное бюджетное образовательное учреждение высшего образования ""Московский государственный университет имени М.В. Ломоносова""";обществознание;обществознание;1
48;"Олимпиада школьников ""Ломоносов""";"Федеральное государственное бюджетное образовательное учреждение высшего образования ""Московский государственный университет имени М.В. Ломоносова""";основы российской государственности;история, обществознание;1
48;"Олимпиада школьников ""Ломоносов""";"Федеральное государственное бюджетное образовательное учреждение высшего образования ""Московский государственный университет имени М.В. Ломоносова""";политология;история;2
48;"Олимпиада школьников ""Ломоносов""";"Федеральное государственное бюджетное образовательное учреждение высшего образования ""Московский государственный университет имени М.В. Ломоносова""";право;юриспруденция;1
48;"Олимпиада школьников ""Ломоносов""";"Федеральное государственное бюджетное образовательное учреждение высшего образования ""Московский государственный университет имени М.В. Ломоносова""";психология;психологические науки;1
48;"Олимпиада школьников ""Ломоносов""";"Федеральное государственное бюджетное образовательное учреждение высшего образования ""Московский государственный университет имени М.В. Ломоносова""";религиоведение;философия, этика и религиоведение;2
48;"Олимпиада школьников ""Ломоносов""";"Федеральное государственное бюджетное образовательное учреждение высшего образования ""Московский государственный университет имени М.В. Ломоносова""";робототехника;машиностроение, компьютерные и информационные науки;2
48;"Олимпиада школьников ""Ломоносов""";"Федеральное государственное бюджетное образовательное учреждение высшего образования ""Московский государственный университет имени М.В. Ломоносова""";русский язык;русский язык;1
48;"Олимпиада школьников ""Ломоносов""";"Федеральное государственное бюджетное образовательное учреждение высшего образования ""Московский государственный университет имени М.В. Ломоносова""";физика;физика;1
48;"Олимпиада школьников ""Ломоносов""";"Федеральное государственное бюджетное образовательное учреждение высшего образования ""Московский государственный университет имени М.В. Ломоносова""";философия;философия, этика и религиоведение;1
48;"Олимпиада школьников ""Ломоносов""";"Федеральное государственное бюджетное образовательное учреждение высшего образования ""Московский государственный университет имени М.В. Ломоносова"" Федеральное государственное бюджетное образовательное учреждение высшего образования Кемеровский государственный университет";фундаментальная медицина;фундаментальная медицина, клиническая медицина, фармация;2
48;"Олимпиада школьников ""Ломоносов""";"Федеральное государственное бюджетное образовательное учреждение высшего образования ""Московский государственный университет имени М.В. Ломоносова""";химия;химия;1
48;"Олимпиада школьников ""Ломоносов""";"Федеральное государственное бюджетное образовательное учреждение высшего образования ""Московский государственный университет имени М.В. Ломоносова""";экология;биологические науки, науки о Земле;2
49;"Олимпиада школьников ""Надежда энергетики""";"Федеральное государственное бюджетное образовательное учреждение высшего образования ""Национальный исследовательский университет ""МЭИ"" Федеральное государственное бюджетное образовательное учреждение высшего образования ""Ивановский государственный энергетический университет имени В.И. Ленина Федеральное государственное бюджетное образовательное учреждение высшего образования ""Казанский государственный энергетический университет"" Федеральное государственное автономное образовательное учреждение высшего образования ""Сибирский федеральный университет""";физика;физика;3
50;"Олимпиада школьников ""Покори Воробьевы горы!""";"Федеральное государственное бюджетное образовательное учреждение высшего образования ""Московский государственный университет имени М.В. Ломоносова"" Автономная организация ""Редакция Газеты ""Московский Комсомолец""";география;география;2
50;"Олимпиада школьников ""Покори Воробьевы горы!""";"Федеральное государственное бюджетное образовательное учреждение высшего образования ""Московский государственный университет имени М.В. Ломоносова"" Автономная организация ""Редакция Газеты ""Московский Комсомолец""";журналистика;средства массовой информации и информационно-библиотечное дело;1
50;"Олимпиада школьников ""Покори Воробьевы горы!""";"Федеральное государственное бюджетное образовательное учреждение высшего образования ""Московский государственный университет имени М.В. Ломоносова"" Автономная организация ""Редакция Газеты ""Московский Комсомолец""";иностранный язык;иностранный язык;1
50;"Олимпиада школьников ""Покори Воробьевы горы!""";"Федеральное государственное бюджетное образовательное учреждение высшего образования ""Московский государственный университет имени М.В. Ломоносова"" Автономная организация ""Редакция Газеты ""Московский Комсомолец""";история;история;1
50;"Олимпиада школьников ""Покори Воробьевы горы!""";"Федеральное государственное бюджетное образовательное учреждение высшего образования ""Московский государственный университет имени М.В. Ломоносова"" Автономная организация ""Редакция Газеты ""Московский Комсомолец""";литература;литература;1
50;"Олимпиада школьников ""Покори Воробьевы горы!""";"Федеральное государственное бюджетное образовательное учреждение высшего образования ""Московский государственный университет имени М.В. Ломоносова"" Автономная организация ""Редакция Газеты ""Московский Комсомолец""";математика;математика;1
50;"Олимпиада школьников ""Покори Воробьевы горы!""";"Федеральное государственное бюджетное образовательное учреждение высшего образования ""Московский государственный университет имени М.В. Ломоносова"" Автономная организация ""Редакция Газеты ""Московский Комсомолец""";обществознание;обществознание;1
50;"Олимпиада школьников ""Покори Воробьевы горы!""";"Федеральное государственное бюджетное образовательное учреждение высшего образования ""Московский государственный университет имени М.В. Ломоносова"" Автономная организация ""Редакция Газеты ""Московский Комсомолец""";физика;физика;1
51;"Олимпиада школьников ""Физтех""";"Федеральное государственное автономное образовательное учреждение высшего образования ""Московский физико-технический институт (национальный исследовательский университет)""";биология;биология;2
51;"Олимпиада школьников ""Физтех""";"Федеральное государственное автономное образовательное учреждение высшего образования ""Московский физико-технический институт (национальный исследовательский университет)""";инженерное дело;физика;2
51;"Олимпиада школьников ""Физтех""";"Федеральное государственное автономное образовательное учреждение высшего образования ""Московский физико-технический институт (национальный исследовательский университет)"" Автономная некоммерческая организация ""Университет Национальной технологической инициативы 2035"" Фирма ""1С"" Федеральное государственное автономное образовательное учреждение высшего образования ""Национальный исследовательский университет ""Высшая школа экономики"" Федеральное государственное бюджетное образовательное учреждение высшего образования ""Новосибирский государственный технический университет"" Федеральное государственное бюджетное образовательное учреждение высшего образования ""Московский государственный технологический университет ""СТАНКИН"" Федеральное государственное бюджетное образовательное учреждение высшего образования ""Санкт-Петербургский государственный университет телекоммуникаций имени профессора М.А. Бонч-Бруевича"" Федеральное государственное бюджетное образовательное учреждение высшего образования ""Сибирский государственный университет телекоммуникаций и информатики"" Ордена Трудового Красного Знамени Федеральное государственное бюджетное образовательное учреждение высшего образования ""Московский технический университет связи и информатики"" Федеральное государственное бюджетное образовательное учреждение высшего образования ""МИРЭА - Российский технологический университет"" Федеральное государственное автономное образовательное учреждение высшего образования ""Московский политехнический университет"" Федеральное государственное бюджетное образовательное учреждение высшего образования ""Балтийский федеральный университет имени Иммануила Канта"" Федеральное государственное автономное образовательное учреждение высшего образования ""Омский государственный технический университет"" Федеральное государственное автономное образовательное учреждение высшего образования ""Санкт-Петербургский политехнический университет Петра Великого"" Федеральное государственное бюджетное образовательное учреждение высшего образования ""Алтайский государственный университет"" Федеральное государственное бюджетное образовательное учреждение высшего образования ""Алтайский государственный технический университет имени И.И. Ползунова"" Федеральное государственное автономное образовательное учреждение высшего образования ""Волгоградский государственный университет"" Федеральное государственное бюджетное образовательное учреждение высшего образования ""Тамбовский государственный университет имени Г.Р. Державина""";информатика и программирование;информатика;2
51;"Олимпиада школьников ""Физтех""";"Федеральное государственное автономное образовательное учреждение высшего образования ""Московский физико-технический институт (национальный исследовательский университет)"" Федеральное государственное автономное образовательное учреждение высшего образования ""Санкт-Петербургский государственный электротехнический университет ""ЛЭТИ"" им. В.И. Ульянова (Ленина)"" Федеральное государственное бюджетное образовательное учреждение высшего образования ""Уфимский университет науки и технологий"" Федеральное государственное автономное образовательное учреждение высшего образования ""Казанский (Приволжский) федеральный университет"" Федеральное государственное автономное образовательное учреждение высшего образования ""Северо-Кавказский федеральный университет"" Федеральное государственное автономное образовательное учреждение высшего образования ""Южный федеральный университет"" Федеральное государственное автономное образовательное учреждение высшего образования ""Национальный исследовательский университет ""Московский институт электронной техники"" Федеральное государственное автономное образовательное учреждение высшего образования ""Национальный исследовательский технологический университет ""МИСиС""";математика;математика;1
51;"Олимпиада школьников ""Физтех""";"Федеральное государственное автономное образовательное учреждение высшего образования ""Московский физико-технический институт (национальный исследовательский университет)"" Национальный исследовательский центр ""Курчатовский институт"" Автономная некоммерческая организация высшего образования ""Российский новый университет"" Автономная некоммерческая общеобразовательная организация ""Физтех-лицей"" имени П.Л. Капицы Частное образовательное учреждение высшего образования ""Московский университет имени С.Ю. Витте"" Фонд развития Физтех-школ Московская Школа Управления ""Сколково""";научно-технический;математика, физика;2
51;"Олимпиада школьников ""Физтех""";"Федеральное государственное автономное образовательное учреждение высшего образования ""Московский физико-технический институт (национальный исследовательский университет)"" Федеральное государственное автономное образовательное учреждение высшего образования ""Санкт-Петербургский государственный электротехнический университет ""ЛЭТИ"" им. В.И. Ульянова (Ленина)"" Федеральное государственное бюджетное образовательное учреждение высшего образования ""Уфимский университет науки и технологий"" Федеральное государственное автономное образовательное учреждение высшего образования ""Казанский (Приволжский) федеральный университет"" Федеральное государственное автономное образовательное учреждение высшего образования ""Северо-Кавказский федеральный университет"" Федеральное государственное автономное образовательное учреждение высшего образования ""Южный федеральный университет"" Федеральное государственное автономное образовательное учреждение высшего образования ""Национальный исследовательский университет ""Московский институт электронной техники"" Федеральное государственное автономное образовательное учреждение высшего образования ""Национальный исследовательский технологический университет ""МИСиС""";физика;физика;1
51;"Олимпиада школьников ""Физтех""";"Федеральное государственное автономное образовательное учреждение высшего образования ""Московский физико-технический институт (национальный исследовательский университет)"", Региональная общественная организация содействие развитию образовательной деятельности Республики Башкортостан ""Ассоциация Наставников Олимпиадного Движения""";химия;химия;3
52;"Олимпиада школьников ""Шаг в будущее""";"Федеральное государственное автономное образовательное учреждение высшего образования ""Московский государственный технический университет имени Н.Э. Баумана (национальный исследовательский университет)""";инженерное дело;компьютерные и информационные науки, информатика и вычислительная техника, информационная безопасность, электроника, радиотехника и системы связи, фотоника, приборостроение, оптические и биотехнические системы и технологии, электро- и теплоэнергетика, ядерная энергетика и технологии, машиностроение, оружие и системы вооружения, техносферная безопасность и природообустройство, технологии материалов, техника и технологии наземного транспорта, авиационная и ракетно-космическая техника, управление в технических системах, нанотехнологии и наноматериалы;2
52;"Олимпиада школьников ""Шаг в будущее""";"Федеральное государственное автономное образовательное учреждение высшего образования ""Московский государственный технический университет имени Н.Э. Баумана (национальный исследовательский университет)""";информатика;информатика и вычислительная техника;3
52;"Олимпиада школьников ""Шаг в будущее""";"Федеральное государственное автономное образовательное учреждение высшего образования ""Московский государственный технический университет имени Н.Э. Баумана (национальный исследовательский университет)""";компьютерное моделирование и графика;компьютерные и информационные науки, информатика и вычислительная техника, информационная безопасность, электроника, радиотехника и системы связи, фотоника, приборостроение, оптические и биотехнические системы и технологии, электро- и теплоэнергетика, ядерная энергетика и технологии, машиностроение, оружие и системы вооружения, техносферная безопасность и природообустройство, технологии материалов, техника и технологии наземного транспорта, авиационная и ракетно-космическая техника, управление в технических системах, нанотехнологии и наноматериалы;3
52;"Олимпиада школьников ""Шаг в будущее""";"Федеральное государственное автономное образовательное учреждение высшего образования ""Московский государственный технический университет имени Н.Э. Баумана (национальный исследовательский университет)""";математика;математика;3
52;"Олимпиада школьников ""Шаг в будущее""";"Федеральное государственное автономное образовательное учреждение высшего образования ""Московский государственный технический университет имени Н.Э. Баумана (национальный исследовательский университет)""";физика;физика;2
52;"Олимпиада школьников ""Шаг в будущее""";"Федеральное государственное автономное образовательное учреждение высшего образования ""Московский государственный технический университет имени Н.Э. Баумана (национальный исследовательский университет)""";химия;химия;3
53;Олимпиада школьников по информатике и программированию;"Федеральное государственное автономное образовательное учреждение высшего образования ""Национальный исследовательский университет ИТМО""";информатика;информатика;1
54;"Олимпиада школьников по программированию ""ТехноКубок""";"Федеральное государственное автономное образовательное учреждение высшего образования ""Московский физико-технический институт (национальный исследовательский университет)"" Федеральное государственное бюджетное образовательное учреждение высшего образования ""Московский государственный технический университет имени Н.Э. Баумана"" (национальный исследовательский университет) Общество с ограниченной ответственностью ""ВК"" Федеральное государственное автономное образовательное учреждение высшего образования ""Национальный исследовательский университет ""Московский институт электронной техники"" Федеральное государственное автономное образовательное учреждение высшего образования ""Санкт-Петербургский политехнический университет Петра Великого"" Федеральное государственное бюджетное образовательное учреждение высшего образования ""Воронежский государственный университет""";информатика;информатика;1
55;Олимпиада школьников Российской академии народного хозяйства и государственной службы при Президенте Российской Федерации;"Федеральное государственное бюджетное образовательное учреждение высшего образования ""Российская академия народного хозяйства и государственной службы при Президенте Российской Федерации""";журналистика;средства массовой информации и информационно-библиотечное дело;2
55;Олимпиада школьников Российской академии народного хозяйства и государственной службы при Президенте Российской Федерации;"Федеральное государственное бюджетное образовательное учреждение высшего образования ""Российская академия народного хозяйства и государственной службы при Президенте Российской Федерации""";иностранный язык;иностранный язык;3
55;Олимпиада школьников Российской академии народного хозяйства и государственной службы при Президенте Российской Федерации;"Федеральное государственное бюджетное образовательное учреждение высшего образования ""Российская академия народного хозяйства и государственной службы при Президенте Российской Федерации""";история;история;2
55;Олимпиада школьников Российской академии народного хозяйства и государственной службы при Президенте Российской Федерации;"Федеральное государственное бюджетное образовательное учреждение высшего образования ""Российская академия народного хозяйства и государственной службы при Президенте Российской Федерации""";обществознание;обществознание;2
55;Олимпиада школьников Российской академии народного хозяйства и государственной службы при Президенте Российской Федерации;"Федеральное государственное бюджетное образовательное учреждение высшего образования ""Российская академия народного хозяйства и государственной службы при Президенте Российской Федерации""";политология;политология;2
55;Олимпиада школьников Российской академии народного хозяйства и государственной службы при Президенте Российской Федерации;"Федеральное государственное бюджетное образовательное учреждение высшего образования ""Российская академия народного хозяйства и государственной службы при Президенте Российской Федерации""";финансовая грамотность;экономика;2
55;Олимпиада школьников Российской академии народного хозяйства и государственной службы при Президенте Российской Федерации;"Федеральное государственное бюджетное образовательное учреждение высшего образования ""Российская академия народного хозяйства и государственной службы при Президенте Российской Федерации""";экономика;экономика;3
56;Олимпиада школьников Санкт-Петербургского государственного университета;"Федеральное государственное бюджетное образовательное учреждение высшего образования ""Санкт-Петербургский государственный университет""";биология;биология;1
56;Олимпиада школьников Санкт-Петербургского государственного университета;"Федеральное государственное бюджетное образовательное учреждение высшего образования ""Санкт-Петербургский государственный университет""";география;география;1
56;Олимпиада школьников Санкт-Петербургского государственного университета;"Федеральное государственное бюджетное образовательное учреждение высшего образования ""Санкт-Петербургский государственный университет""";гуманитарные и социальные науки;обществознание, история;1
56;Олимпиада школьников Санкт-Петербургского государственного университета;"Федеральное государственное бюджетное образовательное учреждение высшего образования ""Санкт-Петербургский государственный университет""";журналистика;средства массовой информации и информационно-библиотечное дело;1
56;Олимпиада школьников Санкт-Петербургского государственного университета;"Федеральное государственное бюджетное образовательное учреждение высшего образования ""Санкт-Петербургский государственный университет""";инженерные системы;математика, астрономия, химия, управление в технических системах;3
56;Олимпиада школьников Санкт-Петербургского государственного университета;"Федеральное государственное бюджетное образовательное учреждение высшего образования ""Санкт-Петербургский государственный университет""";иностранный язык;иностранный язык;1
56;Олимпиада школьников Санкт-Петербургского государственного университета;"Федеральное государственное бюджетное образовательное учреждение высшего образования ""Санкт-Петербургский государственный университет""";информатика;информатика;1
56;Олимпиада школьников Санкт-Петербургского государственного университета;"Федеральное государственное бюджетное образовательное учреждение высшего образования ""Санкт-Петербургский государственный университет""";история;история;1
56;Олимпиада школьников Санкт-Петербургского государственного университета;"Федеральное государственное бюджетное образовательное учреждение высшего образования ""Санкт-Петербургский государственный университет""";математика;математика;1
56;Олимпиада школьников Санкт-Петербургского государственного университета;"Федеральное государственное бюджетное образовательное учреждение высшего образования ""Санкт-Петербургский государственный университет""";математическое моделирование и искусственный интеллект;информатика и вычислительная техника;3
56;Олимпиада школьников Санкт-Петербургского государственного университета;"Федеральное государственное бюджетное образовательное учреждение высшего образования ""Санкт-Петербургский государственный университет""";медицина;клиническая медицина, фармация, сестринское дело;2
56;Олимпиада школьников Санкт-Петербургского государственного университета;"Федеральное государственное бюджетное образовательное учреждение высшего образования ""Санкт-Петербургский государственный университет""";международные отношения;политические науки и регионоведение;2
56;Олимпиада школьников Санкт-Петербургского государственного университета;"Федеральное государственное бюджетное образовательное учреждение высшего образования ""Санкт-Петербургский государственный университет""";обществознание;обществознание;1
56;Олимпиада школьников Санкт-Петербургского государственного университета;"Федеральное государственное бюджетное образовательное учреждение высшего образования ""Санкт-Петербургский государственный университет""";политология;политические науки и регионоведение;2
56;Олимпиада школьников Санкт-Петербургского государственного университета;"Федеральное государственное бюджетное образовательное учреждение высшего образования ""Санкт-Петербургский государственный университет""";право;право;1
56;Олимпиада школьников Санкт-Петербургского государственного университета;"Федеральное государственное бюджетное образовательное учреждение высшего образования ""Санкт-Петербургский государственный университет""";психология;психологические науки;3
56;Олимпиада школьников Санкт-Петербургского государственного университета;"Федеральное государственное бюджетное образовательное учреждение высшего образования ""Санкт-Петербургский государственный университет""";физика;физика;2
56;Олимпиада школьников Санкт-Петербургского государственного университета;"Федеральное государственное бюджетное образовательное учреждение высшего образования ""Санкт-Петербургский государственный университет""";филология;иностранный язык, литература, русский язык;1
56;Олимпиада школьников Санкт-Петербургского государственного университета;"Федеральное государственное бюджетное образовательное учреждение высшего образования ""Санкт-Петербургский государственный университет""";философия;философия, этика и религиоведение, теология, психологические науки;2
56;Олимпиада школьников Санкт-Петербургского государственного университета;"Федеральное государственное бюджетное образовательное учреждение высшего образования ""Санкт-Петербургский государственный университет""";химия;химия;2
56;Олимпиада школьников Санкт-Петербургского государственного университета;"Федеральное государственное бюджетное образовательное учреждение высшего образования ""Санкт-Петербургский государственный университет""";экономика;экономика;2
57;"Олимпиада школьников федерального государственного бюджетного образовательного учреждения высшего образования ""Всероссийский государственный университет юстиции (РПА Минюста России)"" ""В мир права""";"Федеральное государственное бюджетное образовательное учреждение высшего образования ""Всероссийский государственный университет юстиции (РПА Минюста России)""";право;юриспруденция;2
58;Олимпиада Юношеской математической школы;"Федеральное государственное бюджетное учреждение науки Санкт-Петербургское отделение Математического института им. В.А. Стеклова Российской академии наук Федеральное государственное бюджетное образовательное учреждение высшего образования ""Российский государственный педагогический университет им. А.И. Герцена"" Автономная некоммерческая организация высшего образования ""Центральный университет""";математика;математика;2
59;"Открытая межвузовская олимпиада школьников ""Будущее Сибири""";"Федеральное государственное бюджетное образовательное учреждение высшего образования ""Новосибирский государственный технический университет"" (НГТУ)";физика;физика;3
59;"Открытая межвузовская олимпиада школьников ""Будущее Сибири""";"Федеральное государственное бюджетное образовательное учреждение высшего образования ""Новосибирский государственный технический университет"" (НГТУ)";химия;химия;2
60;Открытая олимпиада школьников;"Федеральное государственное автономное образовательное учреждение высшего образования ""Национальный исследовательский университет ИТМО"" Федеральное государственное бюджетное образовательное учреждение высшего образования ""Саратовский национальный исследовательский государственный университет имени Н.Г. Чернышевского"", Федеральное государственное автономное образовательное учреждение высшего образования ""Южно-Уральский государственный университет (национальный исследовательский университет)"" Федеральное государственное автономное образовательное учреждение высшего образования ""Уральский федеральный университет имени первого Президента России Б.Н. Ельцина""";информатика;информатика;1
60;Открытая олимпиада школьников;"Федеральное государственное автономное образовательное учреждение высшего образования ""Национальный исследовательский университет ИТМО"" Федеральное государственное бюджетное образовательное учреждение высшего образования ""Саратовский национальный исследовательский государственный университет имени Н.Г. Чернышевского"", Федеральное государственное автономное образовательное учреждение высшего образования ""Южно-Уральский государственный университет (национальный исследовательский университет)"" Федеральное государственное автономное образовательное учреждение высшего образования ""Уральский федеральный университет имени первого Президента России Б.Н. Ельцина""";математика;математика;3
60;Открытая олимпиада школьников;"Федеральное государственное автономное образовательное учреждение высшего образования ""Национальный исследовательский университет ИТМО""";физика;физика;3
61;Открытая олимпиада школьников по программированию;"Федеральное государственное автономное образовательное учреждение высшего образования ""Московский государственный юридический университет имени О.Е. Кутафина (МГЮА)"" Федеральное государственное автономное образовательное учреждение высшего образования ""Южный федеральный университет"" Федеральное государственное бюджетное образовательное учреждение высшего образования ""Юго-западный государственный университет""";информатика;информатика;1
62;"Открытая олимпиада школьников по программированию ""Когнитивные технологии""";"Федеральное государственное автономное образовательное учреждение высшего образования ""Национальный исследовательский технологический университет ""МИСИС"" Федеральное государственное автономное образовательное учреждение высшего образования ""Московский физико-технический институт (национальный исследовательский университет)""";информатика;информатика;2
63;Открытая региональная межвузовская олимпиада школьников (ОРМО) с международным участием;"Федеральное государственное автономное образовательное учреждение высшего образования ""Национальный исследовательский Томский государственный университет"" Федеральное государственное автономное образовательное учреждение высшего образования ""Национальный исследовательский Томский политехнический университет"" Федеральное государственное бюджетное образовательное учреждение высшего образования ""Томский государственный университет систем управления и радиоэлектроники"" Федеральное государственное бюджетное образовательное учреждение высшего образования ""Сибирский государственный медицинский университет"" Министерства здравоохранения Российской Федерации Федеральное государственное автономное образовательное учреждение высшего образования ""Национальный исследовательский Томский государственный университет"" Федеральное государственное автономное образовательное учреждение высшего образования ""Национальный исследовательский Томский политехнический университет"" Федеральное государственное бюджетное образовательное учреждение высшего образования ""Томский государственный университет систем управления и радиоэлектроники"" Федеральное государственное бюджетное образовательное учреждение высшего образования ""Сибирский государственный медицинский университет"" Министерства здравоохранения Российской Федерации";география;география;3
63;Открытая региональная межвузовская олимпиада школьников (ОРМО) с международным участием;"Федеральное государственное автономное образовательное учреждение высшего образования ""Национальный исследовательский Томский государственный университет"" Федеральное государственное автономное образовательное учреждение высшего образования ""Национальный исследовательский Томский политехнический университет"" Федеральное государственное бюджетное образовательное учреждение высшего образования ""Томский государственный университет систем управления и радиоэлектроники"" Федеральное государственное бюджетное образовательное учреждение высшего образования ""Сибирский государственный медицинский университет"" Министерства здравоохранения Российской Федерации Федеральное государственное автономное образовательное учреждение высшего образования ""Национальный исследовательский Томский государственный университет"" Федеральное государственное автономное образовательное учреждение высшего образования ""Национальный исследовательский Томский политехнический университет"" Федеральное государственное бюджетное образовательное учреждение высшего образования ""Томский государственный университет систем управления и радиоэлектроники"" Федеральное государственное бюджетное образовательное учреждение высшего образования ""Сибирский государственный медицинский университет"" Министерства здравоохранения Российской Федерации";история;история;3
63;Открытая региональная межвузовская олимпиада школьников (ОРМО) с международным участием;"Федеральное государственное автономное образовательное учреждение высшего образования ""Национальный исследовательский Томский государственный университет"" Федеральное государственное автономное образовательное учреждение высшего образования ""Национальный исследовательский Томский политехнический университет"" Федеральное государственное бюджетное образовательное учреждение высшего образования ""Томский государственный университет систем управления и радиоэлектроники"" Федеральное государственное бюджетное образовательное учреждение высшего образования ""Сибирский государственный медицинский университет"" Министерства здравоохранения Российской Федерации Федеральное государственное автономное образовательное учреждение высшего образования ""Национальный исследовательский Томский государственный университет"" Федеральное государственное автономное образовательное учреждение высшего образования ""Национальный исследовательский Томский политехнический университет"" Федеральное государственное бюджетное образовательное учреждение высшего образования ""Томский государственный университет систем управления и радиоэлектроники"" Федеральное государственное бюджетное образовательное учреждение высшего образования ""Сибирский государственный медицинский университет"" Министерства здравоохранения Российской Федерации";литература;литература;2
63;Открытая региональная межвузовская олимпиада школьников (ОРМО) с международным участием;"Федеральное государственное автономное образовательное учреждение высшего образования ""Национальный исследовательский Томский государственный университет"" Федеральное государственное автономное образовательное учреждение высшего образования ""Национальный исследовательский Томский политехнический университет"" Федеральное государственное бюджетное образовательное учреждение высшего образования ""Томский государственный университет систем управления и радиоэлектроники"" Федеральное государственное бюджетное образовательное учреждение высшего образования ""Сибирский государственный медицинский университет"" Министерства здравоохранения Российской Федерации Федеральное государственное автономное образовательное учреждение высшего образования ""Национальный исследовательский Томский государственный университет"" Федеральное государственное автономное образовательное учреждение высшего образования ""Национальный исследовательский Томский политехнический университет"" Федеральное государственное бюджетное образовательное учреждение высшего образования ""Томский государственный университет систем управления и радиоэлектроники"" Федеральное государственное бюджетное образовательное учреждение высшего образования ""Сибирский государственный медицинский университет"" Министерства здравоохранения Российской Федерации";русский язык;русский язык;2
63;Открытая региональная межвузовская олимпиада школьников (ОРМО) с международным участием;"Федеральное государственное автономное образовательное учреждение высшего образования ""Национальный исследовательский Томский государственный университет"" Федеральное государственное автономное образовательное учреждение высшего образования ""Национальный исследовательский Томский политехнический университет"" Федеральное государственное бюджетное образовательное учреждение высшего образования ""Томский государственный университет систем управления и радиоэлектроники"" Федеральное государственное бюджетное образовательное учреждение высшего образования ""Сибирский государственный медицинский университет"" Министерства здравоохранения Российской Федерации Федеральное государственное автономное образовательное учреждение высшего образования ""Национальный исследовательский Томский государственный университет"" Федеральное государственное автономное образовательное учреждение высшего образования ""Национальный исследовательский Томский политехнический университет"" Федеральное государственное бюджетное образовательное учреждение высшего образования ""Томский государственный университет систем управления и радиоэлектроники"" Федеральное государственное бюджетное образовательное учреждение высшего образования ""Сибирский государственный медицинский университет"" Министерства здравоохранения Российской Федерации";физика;физика;3
63;Открытая региональная межвузовская олимпиада школьников (ОРМО) с международным участием;"Федеральное государственное автономное образовательное учреждение высшего образования ""Национальный исследовательский Томский государственный университет"" Федеральное государственное автономное образовательное учреждение высшего образования ""Национальный исследовательский Томский политехнический университет"" Федеральное государственное бюджетное образовательное учреждение высшего образования ""Томский государственный университет систем управления и радиоэлектроники"" Федеральное государственное бюджетное образовательное учреждение высшего образования ""Сибирский государственный медицинский университет"" Министерства здравоохранения Российской Федерации Федеральное государственное автономное образовательное учреждение высшего образования ""Национальный исследовательский Томский государственный университет"" Федеральное государственное автономное образовательное учреждение высшего образования ""Национальный исследовательский Томский политехнический университет"" Федеральное государственное бюджетное образовательное учреждение высшего образования ""Томский государственный университет систем управления и радиоэлектроники"" Федеральное государственное бюджетное образовательное учреждение высшего образования ""Сибирский государственный медицинский университет"" Министерства здравоохранения Российской Федерации";химия;химия;3
64;Открытая химическая олимпиада;"Федеральное государственное автономное образовательное учреждение высшего образования ""Национальный исследовательский технологический университет ""МИСИС"" Федеральное государственное бюджетное образовательное учреждение высшего образования ""МИРЭА - Российский технологический университет"" Федеральное государственное автономное образовательное учреждение высшего образования ""Санкт-Петербургский государственный электротехнический университет ""ЛЭТИ"" им. В.И. Ульянова (Ленина)""";химия;химия;3
65;"Отраслевая олимпиада школьников ""Газпром""";"Публичное акционерное общество ""Газпром"" Федеральное государственное автономное образовательное учреждение высшего образования ""Санкт-Петербургский государственный электротехнический университет ""ЛЭТИ"" им. В.И. Ульянова (Ленина)"" Федеральное государственное бюджетное образовательное учреждение высшего образования ""Государственный университет морского и речного флота имени адмирала С.О. Макарова"" Федеральное государственное бюджетное образовательное учреждение высшего образования ""Казанский национальный исследовательский технологический университет"" Федеральное государственное бюджетное образовательное учреждение высшего образования ""Московский государственный технический университет имени Н.Э. Баумана (национальный исследовательский университет)"" Федеральное государственное автономное образовательное учреждение высшего образования ""Национальный исследовательский Томский политехнический университет"" Федеральное государственное бюджетное образовательное учреждение высшего образования ""Санкт-Петербургский горный университет императрицы Екатерины II"" Федеральное государственное бюджетное образовательное учреждение высшего образования ""Российский государственный университет нефти и газа (национальный исследовательский университет) имени И.М. Губкина"" Федеральное государственное бюджетное образовательное учреждение высшего образования ""Санкт-Петербургский государственный морской технический университет"" Федеральное государственное бюджетное образовательное учреждение высшего образования ""Санкт-Петербургский государственный экономический университет"" Федеральное государственное автономное образовательное учреждение высшего образования ""Северо-Восточный федеральный университет им. М.К. Аммосова"" Федеральное государственное бюджетное образовательное учреждение высшего образования ""Тюменский индустриальный университет"" Федеральное государственное бюджетное образовательное учреждение высшего образования ""Уфимский государственный нефтяной технический университет"" Федеральное государственное бюджетное образовательное учреждение высшего образования ""Ухтинский государственный технический университет"" Федеральное государственное автономное образовательное учреждение высшего образования ""Санкт-Петербургский политехнический университет Петра Великого""";инженерное дело;инженерные технологии;3
65;"Отраслевая олимпиада школьников ""Газпром""";"Публичное акционерное общество ""Газпром"" Федеральное государственное автономное образовательное учреждение высшего образования ""Санкт-Петербургский государственный электротехнический университет ""ЛЭТИ"" им. В.И. Ульянова (Ленина)"" Федеральное государственное бюджетное образовательное учреждение высшего образования ""Государственный университет морского и речного флота имени адмирала С.О. Макарова"" Федеральное государственное бюджетное образовательное учреждение высшего образования ""Казанский национальный исследовательский технологический университет"" Федеральное государственное бюджетное образовательное учреждение высшего образования ""Московский государственный технический университет имени Н.Э. Баумана (национальный исследовательский университет)"" Федеральное государственное автономное образовательное учреждение высшего образования ""Национальный исследовательский Томский политехнический университет"" Федеральное государственное бюджетное образовательное учреждение высшего образования ""Санкт-Петербургский горный университет императрицы Екатерины II"" Федеральное государственное бюджетное образовательное учреждение высшего образования ""Российский государственный университет нефти и газа (национальный исследовательский университет) имени И.М. Губкина"" Федеральное государственное бюджетное образовательное учреждение высшего образования ""Санкт-Петербургский государственный морской технический университет"" Федеральное государственное бюджетное образовательное учреждение высшего образования ""Санкт-Петербургский государственный экономический университет"" Федеральное государственное автономное образовательное учреждение высшего образования ""Северо-Восточный федеральный университет им. М.К. Аммосова"" Федеральное государственное бюджетное образовательное учреждение высшего образования ""Тюменский индустриальный университет"" Федеральное государственное бюджетное образовательное учреждение высшего образования ""Уфимский государственный нефтяной технический университет"" Федеральное государственное бюджетное образовательное учреждение высшего образования ""Ухтинский государственный технический университет"" Федеральное государственное автономное образовательное учреждение высшего образования ""Санкт-Петербургский политехнический университет Петра Великого""";информационные и коммуникационные технологии;информатика;3
65;"Отраслевая олимпиада школьников ""Газпром""";"Публичное акционерное общество ""Газпром"" Федеральное государственное автономное образовательное учреждение высшего образования ""Санкт-Петербургский государственный электротехнический университет ""ЛЭТИ"" им. В.И. Ульянова (Ленина)"" Федеральное государственное бюджетное образовательное учреждение высшего образования ""Государственный университет морского и речного флота имени адмирала С.О. Макарова"" Федеральное государственное бюджетное образовательное учреждение высшего образования ""Казанский национальный исследовательский технологический университет"" Федеральное государственное бюджетное образовательное учреждение высшего образования ""Московский государственный технический университет имени Н.Э. Баумана (национальный исследовательский университет)"" Федеральное государственное автономное образовательное учреждение высшего образования ""Национальный исследовательский Томский политехнический университет"" Федеральное государственное бюджетное образовательное учреждение высшего образования ""Санкт-Петербургский горный университет императрицы Екатерины II"" Федеральное государственное бюджетное образовательное учреждение высшего образования ""Российский государственный университет нефти и газа (национальный исследовательский университет) имени И.М. Губкина"" Федеральное государственное бюджетное образовательное учреждение высшего образования ""Санкт-Петербургский государственный морской технический университет"" Федеральное государственное бюджетное образовательное учреждение высшего образования ""Санкт-Петербургский государственный экономический университет"" Федеральное государственное автономное образовательное учреждение высшего образования ""Северо-Восточный федеральный университет им. М.К. Аммосова"" Федеральное государственное бюджетное образовательное учреждение высшего образования ""Тюменский индустриальный университет"" Федеральное государственное бюджетное образовательное учреждение высшего образования ""Уфимский государственный нефтяной технический университет"" Федеральное государственное бюджетное образовательное учреждение высшего образования ""Ухтинский государственный технический университет"" Федеральное государственное автономное образовательное учреждение высшего образования ""Санкт-Петербургский политехнический университет Петра Великого""";физика;физика;3
66;"Отраслевая физико-математическая олимпиада школьников ""Росатом""";"Федеральное государственное автономное образовательное учреждение высшего образования ""Национальный исследовательский ядерный университет ""МИФИ"" Федеральное государственное бюджетное образовательное учреждение высшего образования ""Воронежский государственный университет"" Федеральное государственное автономное образовательное учреждение высшего образования ""Уральский федеральный университет имени первого Президента России Б.Н. Ельцина"" Федеральное государственное бюджетное образовательное учреждение высшего образования ""Казанский национальный исследовательский технический университет им. А.Н. Туполева-КАИ"" Федеральное государственное бюджетное образовательное учреждение высшего образования ""Нижегородский государственный технический университет им. Р.Е. Алексеева""";информатика;информатика;1
66;"Отраслевая физико-математическая олимпиада школьников ""Росатом""";"Федеральное государственное автономное образовательное учреждение высшего образования ""Национальный исследовательский ядерный университет ""МИФИ"" Федеральное государственное бюджетное образовательное учреждение высшего образования ""Воронежский государственный университет"" Федеральное государственное автономное образовательное учреждение высшего образования ""Уральский федеральный университет имени первого Президента России Б.Н. Ельцина"" Федеральное государственное бюджетное образовательное учреждение высшего образования ""Казанский национальный исследовательский технический университет им. А.Н. Туполева-КАИ"" Федеральное государственное бюджетное образовательное учреждение высшего образования ""Нижегородский государственный технический университет им. Р.Е. Алексеева""";математика;математика;2
66;"Отраслевая физико-математическая олимпиада школьников ""Росатом""";"Федеральное государственное автономное образовательное учреждение высшего образования ""Национальный исследовательский ядерный университет ""МИФИ"" Федеральное государственное бюджетное образовательное учреждение высшего образования ""Воронежский государственный университет"" Федеральное государственное автономное образовательное учреждение высшего образования ""Уральский федеральный университет имени первого Президента России Б.Н. Ельцина"" Федеральное государственное бюджетное образовательное учреждение высшего образования ""Казанский национальный исследовательский технический университет им. А.Н. Туполева-КАИ"" Федеральное государственное бюджетное образовательное учреждение высшего образования ""Нижегородский государственный технический университет им. Р.Е. Алексеева""";физика;физика;1
67;Пироговская олимпиада для школьников по химии и биологии;"Федеральное государственное автономное образовательное учреждение высшего образования ""Российский национальный исследовательский медицинский университет им. Н.И. Пирогова Минздрава России""";биология;биология;3
68;Плехановская олимпиада школьников;"Федеральное государственное бюджетное образовательное учреждение высшего образования ""Российский экономический университет имени Г.В. Плеханова"" Федеральное государственное бюджетное образовательное учреждение высшего образования ""Новосибирский государственный университет экономики и управления ""НИНХ"" Федеральное государственное бюджетное образовательное учреждение высшего образования ""Уральский государственный экономический университет"" Федеральное государственное автономное образовательное учреждение высшего образования ""Балтийский федеральный университет имени Иммануила Канта""";иностранный язык;иностранный язык;2
68;Плехановская олимпиада школьников;"Федеральное государственное бюджетное образовательное учреждение высшего образования ""Российский экономический университет имени Г.В. Плеханова"" Федеральное государственное бюджетное образовательное учреждение высшего образования ""Новосибирский государственный университет экономики и управления ""НИНХ"" Федеральное государственное бюджетное образовательное учреждение высшего образования ""Уральский государственный экономический университет"" Федеральное государственное автономное образовательное учреждение высшего образования ""Балтийский федеральный университет имени Иммануила Канта""";русский язык;русский язык;2
68;Плехановская олимпиада школьников;"Федеральное государственное бюджетное образовательное учреждение высшего образования ""Российский экономический университет имени Г.В. Плеханова"" Федеральное государственное бюджетное образовательное учреждение высшего образования ""Новосибирский государственный университет экономики и управления ""НИНХ"" Федеральное государственное бюджетное образовательное учреждение высшего образования ""Уральский государственный экономический университет"" Федеральное государственное автономное образовательное учреждение высшего образования ""Балтийский федеральный университет имени Иммануила Канта""";финансовая грамотность;обществознание;3
68;Плехановская олимпиада школьников;"Федеральное государственное бюджетное образовательное учреждение высшего образования ""Российский экономический университет имени Г.В. Плеханова"" Федеральное государственное бюджетное образовательное учреждение высшего образования ""Новосибирский государственный университет экономики и управления ""НИНХ"" Федеральное государственное бюджетное образовательное учреждение высшего образования ""Уральский государственный экономический университет"" Федеральное государственное автономное образовательное учреждение высшего образования ""Балтийский федеральный университет имени Иммануила Канта""";экономика;обществознание;2
69;Региональный конкурс школьников Челябинского университетского образовательного округа;"Федеральное государственное бюджетное образовательное учреждение высшего образования ""Челябинский государственный университет""";иностранный язык;иностранный язык;3
69;Региональный конкурс школьников Челябинского университетского образовательного округа;"Федеральное государственное бюджетное образовательное учреждение высшего образования ""Челябинский государственный университет""";обществознание;обществознание;3
70;Санкт-Петербургская Астрономическая олимпиада;"Федеральное государственное бюджетное образовательное учреждение высшего образования ""Санкт-Петербургский национальный исследовательский Академический университет имени Ж.И. Алферова""";астрономия;астрономия, физика;1
71;Санкт-Петербургская олимпиада школьников;"Комитет по образованию г. Санкт-Петербурга Федеральное государственное бюджетное образовательное учреждение высшего образования ""Санкт-Петербургский государственный университет"" Федеральное государственное бюджетное образовательное учреждение высшего образования ""Российский государственный педагогический университет им. А.И. Герцена"" Федеральное государственное бюджетное учреждение науки ""Санкт-Петербургское отделение Математического Института им. В.А. Стеклова Российской академии наук""";математика;математика;1
