university_slug;direction_code;direction_name;education_level;program;faculty;exams_required;exams_choice;internal_exam;passing_score;passing_score_form;passing_year;funding;source_url;tabiturient_id
itmo;01.03.02;Прикладная математика и информатика;бакалавриат;Компьютерные технологии;Факультет информационных технологий и программирования;Русский язык|Математика|Информатика;;0;305;очно;2025;budget;https://tabiturient.ru/vuzu/itmo/proxodnoi/;1594
itmo;01.03.02;Прикладная математика и информатика;бакалавриат;AI360:ML NATIVE;Факультет информационных технологий и программирования;Русский язык|Математика|Информатика;;0;305;очно;2025;budget;https://tabiturient.ru/vuzu/itmo/proxodnoi/;26092
itmo;02.03.03;Математическое обеспечение и администрирование информационных систем;бакалавриат;Инженерия искусственного интеллекта;Факультет технологий искусственного интеллекта;Русский язык|Математика|Информатика;;0;;;;budget;https://tabiturient.ru/vuzu/itmo/proxodnoi/;26093
itmo;03.03.02;Физика;бакалавриат;Теоретическая и экспериментальная физика;Физический факультет;Русский язык|Математика|Физика;;0;301;очно;2025;budget;https://tabiturient.ru/vuzu/itmo/proxodnoi/;19249
itmo;04.03.01;Химия;бакалавриат;Инфохимия;Научно-образовательный центр инфохимии;Русский язык|Математика|Химия;;0;;;;quota_only;https://tabiturient.ru/vuzu/itmo/proxodnoi/;23007
itmo;05.03.06;Экология и природопользование;бакалавриат;Экотехнология и устойчивое развитие;Факультет экотехнологий;Русский язык|Математика;Биология|География;0;269;очно;2025;budget;https://tabiturient.ru/vuzu/itmo/proxodnoi/;17526
itmo;09.03.01;Информатика и вычислительная техника;бакалавриат;Компьютерные системы и технологии;Факультет программной инженерии и компьютерной техники;Русский язык|Математика|Информатика;;0;291;очно;2025;budget;https://tabiturient.ru/vuzu/itmo/proxodnoi/;1596
itmo;09.03.02;Информационные системы и технологии;бакалавриат;Разработка программного обеспечения / Software Engineering;Факультет информационных технологий и программирования;Русский язык|Математика|Информатика;;0;;;;quota_only;https://tabiturient.ru/vuzu/itmo/proxodnoi/;1598
itmo;09.03.03;Прикладная информатика;бакалавриат;Управление эксплуатацией систем ИИ;Факультет прикладной информатики;Русский язык|Математика|Информатика;;0;297;очно;2025;budget;https://tabiturient.ru/vuzu/itmo/proxodnoi/;1599
itmo;09.03.04;Программная инженерия;бакалавриат;Нейротехнологии и программирование;Факультет программной инженерии и компьютерной техники;Русский язык|Математика|Информатика;;0;299;очно;2025;budget;https://tabiturient.ru/vuzu/itmo/proxodnoi/;1601
itmo;09.03.04;Программная инженерия;бакалавриат;Компьютерные технологии в дизайне;Факультет программной инженерии и компьютерной техники;Русский язык|Математика|Информатика;;0;299;очно;2025;budget;https://tabiturient.ru/vuzu/itmo/proxodnoi/;1602
itmo;09.03.04;Программная инженерия;бакалавриат;Системное и прикладное программное обеспечение;Факультет программной инженерии и компьютерной техники;Русский язык|Математика|Информатика;;0;299;очно;2025;budget;https://tabiturient.ru/vuzu/itmo/proxodnoi/;1603
itmo;10.03.01;Информационная безопасность;бакалавриат;Технологии защиты информации;Факультет безопасности информационных технологий;Русский язык|Математика|Информатика;;0;284;очно;2025;budget;https://tabiturient.ru/vuzu/itmo/proxodnoi/;1604
itmo;11.03.02;Инфокоммуникационные технологии и системы связи;бакалавриат;DevOps в разработке и управлении информационными системами;Факультет прикладной информатики;Русский язык|Математика|Информатика;;0;282;очно;2025;budget;https://tabiturient.ru/vuzu/itmo/proxodnoi/;1605
itmo;11.03.02;Инфокоммуникационные технологии и системы связи;бакалавриат;Инженерия искусственного интеллекта;Факультет технологий искусственного интеллекта;Русский язык|Математика|Информатика;;0;282;очно;2025;budget;https://tabiturient.ru/vuzu/itmo/proxodnoi/;23004
itmo;11.03.02;Инфокоммуникационные технологии и системы связи;бакалавриат;Технологии разработки компьютерных игр;Школа разработки видеоигр;Русский язык|Математика|Информатика;;0;282;очно;2025;budget;https://tabiturient.ru/vuzu/itmo/proxodnoi/;23005
itmo;12.03.01;Приборостроение;бакалавриат;Робототехника и искусственный интеллект;Факультет систем управления и робототехники;Русский язык|Математика|Физика;;0;287;очно;2025;budget;https://tabiturient.ru/vuzu/itmo/proxodnoi/;1607
itmo;12.03.03;Фотоника и оптоинформатика;бакалавриат;Физика наноструктур;Международный научно-образовательный центр физики наноструктур;Русский язык|Математика|Физика;;0;257;очно;2025;budget;https://tabiturient.ru/vuzu/itmo/proxodnoi/;1609
itmo;12.03.03;Фотоника и оптоинформатика;бакалавриат;Физика фотонных технологий;Научно-образовательный центр фотоники и оптоинформатики;Русский язык|Математика|Физика;;0;257;очно;2025;budget;https://tabiturient.ru/vuzu/itmo/proxodnoi/;26096
itmo;12.03.04;Биотехнические системы и технологии;бакалавриат;Биоинженерия;Центр химической инженерии;Русский язык|Математика;Биология|Химия;0;287;очно;2025;budget;https://tabiturient.ru/vuzu/itmo/proxodnoi/;7821
itmo;12.03.05;Лазерная техника и лазерные технологии;бакалавриат;Лазерные технологии;Институт лазерных технологий;Русский язык|Математика|Физика;;0;258;очно;2025;budget;https://tabiturient.ru/vuzu/itmo/proxodnoi/;1612
itmo;13.03.02;Электроэнергетика и электротехника;бакалавриат;Робототехника и искусственный интеллект;Факультет систем управления и робототехники;Русский язык|Математика|Физика;;0;274;очно;2025;budget;https://tabiturient.ru/vuzu/itmo/proxodnoi/;1615
itmo;15.03.04;Автоматизация технологических процессов и производств;бакалавриат;Робототехника и искусственный интеллект;Факультет систем управления и робототехники;Русский язык|Математика|Информатика;;0;252;очно;2025;budget;https://tabiturient.ru/vuzu/itmo/proxodnoi/;1618
itmo;15.03.06;Мехатроника и робототехника;бакалавриат;Робототехника и искусственный интеллект;Факультет систем управления и робототехники;Русский язык|Математика|Информатика;;0;252;очно;2025;budget;https://tabiturient.ru/vuzu/itmo/proxodnoi/;1619
itmo;16.03.01;Техническая физика;бакалавриат;Беспроводные технологии;Физический факультет;Русский язык|Математика|Физика;;0;281;очно;2025;budget;https://tabiturient.ru/vuzu/itmo/proxodnoi/;19251
itmo;16.03.01;Техническая физика;бакалавриат;Теоретическая и экспериментальная физика;Физический факультет;Русский язык|Математика|Физика;;0;281;очно;2025;budget;https://tabiturient.ru/vuzu/itmo/proxodnoi/;1621
itmo;18.03.01;Химическая технология;бакалавриат;Инфохимия;Научно-образовательный центр инфохимии;Русский язык|Математика|Химия;;0;261;очно;2025;budget;https://tabiturient.ru/vuzu/itmo/proxodnoi/;9701
itmo;18.03.02;Энерго- и ресурсосберегающие процессы в химической технологии, нефтехимии и биотехнологии;бакалавриат;Биоинженерия;Центр химической инженерии;Русский язык|Математика|Химия;;0;256;очно;2025;budget;https://tabiturient.ru/vuzu/itmo/proxodnoi/;1624
itmo;19.03.01;Биотехнология;бакалавриат;Без профиля;Факультет биотехнологий;Русский язык|Математика|Химия;;0;262;очно;2025;budget;https://tabiturient.ru/vuzu/itmo/proxodnoi/;1625
itmo;24.03.02;Системы управления движением и навигация;бакалавриат;Робототехника и искусственный интеллект;Факультет систем управления и робототехники;Русский язык|Математика;Информатика|Физика;0;282;очно;2025;budget;https://tabiturient.ru/vuzu/itmo/proxodnoi/;1630
itmo;27.03.04;Управление в технических системах;бакалавриат;Робототехника и искусственный интеллект;Факультет систем управления и робототехники;Русский язык|Математика|Информатика;;0;277;очно;2025;budget;https://tabiturient.ru/vuzu/itmo/proxodnoi/;1632
itmo;27.03.05;Инноватика;бакалавриат;Технологии и инновации;Факультет технологического менеджмента и инноваций;Русский язык|Математика;Информатика|Физика;0;282;очно;2025;budget;https://tabiturient.ru/vuzu/itmo/proxodnoi/;1633
itmo;27.03.05;Инноватика;бакалавриат;Инновационные технологии в умном городе;Институт дизайна и урбанистики;Русский язык|Математика;Информатика|Физика;0;282;очно;2025;budget;https://tabiturient.ru/vuzu/itmo/proxodnoi/;23006
itmo;27.03.05;Инноватика;бакалавриат;Геймдизайн и продюсирование компьютерных игр;Школа разработки видеоигр;Русский язык|Математика;Информатика|Физика;0;282;очно;2025;budget;https://tabiturient.ru/vuzu/itmo/proxodnoi/;26097
itmo;38.03.05;Бизнес-информатика;бакалавриат;Бизнес-информатика и управление на основе данных;Факультет технологического менеджмента и инноваций;Русский язык|Математика|Обществознание;;0;290;очно;2025;budget;https://tabiturient.ru/vuzu/itmo/proxodnoi/;4058
itmo;45.03.04;Интеллектуальные системы в гуманитарной сфере;бакалавриат;Языковые модели и искусственный интеллект;Факультет прикладной информатики;Русский язык|Математика|Иностранный язык;;0;;;;quota_only;https://tabiturient.ru/vuzu/itmo/proxodnoi/;1637
itmo;54.03.01;Дизайн;бакалавриат;Компьютерные технологии в дизайне;Факультет программной инженерии и компьютерной техники;Русский язык;Литература|История;1;209;очно;2025;budget;https://tabiturient.ru/vuzu/itmo/proxodnoi/;24577
kazan-fu;01.03.01;Математика;бакалавриат;Математика в цифровой экономике;Институт математики и механики им. Н.И. Лобачевского;Русский язык|Математика;Информатика|Физика;0;237;очно;2025;budget;https://tabiturient.ru/vuzu/kfu/proxodnoi/;147
kazan-fu;01.03.02;Прикладная математика и информатика;бакалавриат;Прикладная математика и информатика;Институт вычислительной математики и информационных технологий;Русский язык|Математика;Информатика|Физика;0;262;очно;2025;budget;https://tabiturient.ru/vuzu/kfu/proxodnoi/;154
kazan-fu;01.03.03;Механика и математическое моделирование;бакалавриат;Математическое и компьютерное моделирование в фундаментальных и прикладных задачах механики;Институт математики и механики им. Н.И. Лобачевского;Русский язык|Математика;Информатика|Физика;0;234;очно;2025;budget;https://tabiturient.ru/vuzu/kfu/proxodnoi/;226
kazan-fu;01.03.04;Прикладная математика;бакалавриат;Без профиля;Институт вычислительной математики и информационных технологий;Русский язык|Математика;Информатика|Физика;0;240;очно;2025;budget;https://tabiturient.ru/vuzu/kfu/proxodnoi/;148
kazan-fu;02.03.01;Математика и компьютерные науки;бакалавриат;Наука о данных;Институт математики и механики им. Н.И. Лобачевского;Русский язык|Математика;Информатика|Физика;0;242;очно;2025;budget;https://tabiturient.ru/vuzu/kfu/proxodnoi/;227
kazan-fu;02.03.02;Фундаментальная информатика и информационные технологии;бакалавриат;Фундаментальная информатика и информационные технологии;Институт вычислительной математики и информационных технологий;Русский язык|Математика;Информатика|Физика;0;256;очно;2025;budget;https://tabiturient.ru/vuzu/kfu/proxodnoi/;183
kazan-fu;03.03.02;Физика;бакалавриат;"Физика квантовых систем и квантовые технологии; Физика живых систем";Институт физики;Русский язык|Физика;Математика|Информатика;0;243;очно;2025;budget;https://tabiturient.ru/vuzu/kfu/proxodnoi/;163
kazan-fu;03.03.03;Радиофизика;бакалавриат;"Информационные процессы и киберфизические системы; Квантовая и СВЧ электроника";Институт физики;Русский язык|Физика;Математика|Информатика;0;215;очно;2025;budget;https://tabiturient.ru/vuzu/kfu/proxodnoi/;157
kazan-fu;04.03.01;Химия;бакалавриат;Без профиля;Химический институт им. А.М. Бутлерова;Русский язык|Химия;Математика|Биология|Физика;0;236;очно;2025;budget;https://tabiturient.ru/vuzu/kfu/proxodnoi/;169
kazan-fu;05.03.01;Геология;бакалавриат;Геология и освоение месторождений нефти и газа;Институт геологии и нефтегазовых технологий;Русский язык|Математика;Информатика|География|Химия|Физика;0;;;;paid_only;https://tabiturient.ru/vuzu/kfu/proxodnoi/;17757
kazan-fu;05.03.01;Геология;бакалавриат;Геология;Институт геологии и нефтегазовых технологий;Русский язык|Математика;Информатика|География|Химия|Физика;0;212;очно;2025;budget;https://tabiturient.ru/vuzu/kfu/proxodnoi/;131
kazan-fu;05.03.01;Геология;бакалавриат;Геофизика;Институт геологии и нефтегазовых технологий;Русский язык|Математика;Информатика|География|Химия|Физика;0;212;очно;2025;budget;https://tabiturient.ru/vuzu/kfu/proxodnoi/;133
kazan-fu;05.03.01;Геология;бакалавриат;Инженерная геология и гидрогеология;Институт геологии и нефтегазовых технологий;Русский язык|Математика;Информатика|География|Химия|Физика;0;212;очно;2025;budget;https://tabiturient.ru/vuzu/kfu/proxodnoi/;134
kazan-fu;05.03.02;География;бакалавриат;Без профиля;Институт геологии и нефтегазовых технологий;Русский язык|Математика;Информатика|География|Физика;0;185;очно;2025;budget;https://tabiturient.ru/vuzu/kfu/proxodnoi/;130
kazan-fu;05.03.03;Картография и геоинформатика;бакалавриат;Без профиля;Институт геологии и нефтегазовых технологий;Русский язык|Математика;Информатика|География|Физика;0;206;очно;2025;budget;https://tabiturient.ru/vuzu/kfu/proxodnoi/;228
kazan-fu;05.03.04;Гидрометеорология;бакалавриат;Цифровая метеорология: анализ и прогноз климатических рисков;Институт экологии, биотехнологии и природопользования;Русский язык|География;Математика|Информатика|Биология|Физика;0;184;очно;2025;budget;https://tabiturient.ru/vuzu/kfu/proxodnoi/;135
kazan-fu;05.03.06;Экология и природопользование;бакалавриат;Экология и управление окружающей средой;Институт экологии, биотехнологии и природопользования;Русский язык|Биология;Математика|Информатика|География|Химия|Физика;0;190;очно;2025;budget;https://tabiturient.ru/vuzu/kfu/proxodnoi/;170
kazan-fu;06.03.01;Биология;бакалавриат;Без профиля;Институт фундаментальной медицины и биологии;Русский язык|Биология;Математика|Химия;0;227;очно;2025;budget;https://tabiturient.ru/vuzu/kfu/proxodnoi/;128
kazan-fu;07.03.01;Архитектура;бакалавриат;Архитектура и инженерия;Институт дизайна и пространственных искусств;Русский язык|Математика;;1;165;очно;2025;budget;https://tabiturient.ru/vuzu/kfu/proxodnoi/;19242
kazan-fu;09.03.02;Информационные системы и технологии;бакалавриат;Информационные системы и технологии;Институт вычислительной математики и информационных технологий;Русский язык|Математика;Информатика|Физика;0;257;очно;2025;budget;https://tabiturient.ru/vuzu/kfu/proxodnoi/;210
kazan-fu;09.03.03;Прикладная информатика;бакалавриат;Без профиля;Институт вычислительной математики и информационных технологий;Русский язык|Математика;Информатика|Физика;0;261;очно;2025;budget;https://tabiturient.ru/vuzu/kfu/proxodnoi/;174
kazan-fu;09.03.04;Программная инженерия;бакалавриат;Эффективная веб-разработка – инфраструктура, код, ИИ-агенты (с применением электронного обучения и дистанционных образовательных технологий). Реализуется на английском языке;Институт информационных технологий и интеллектуальных систем;Русский язык|Математика|Информатика;;0;265;очно;2025;budget;https://tabiturient.ru/vuzu/kfu/proxodnoi/;19241
kazan-fu;09.03.04;Программная инженерия;бакалавриат;Цифровая аналитика и инженерия данных;Институт информационных технологий и интеллектуальных систем;Русский язык|Математика|Информатика;;0;279;очно;2025;budget;https://tabiturient.ru/vuzu/kfu/proxodnoi/;24890
kazan-fu;09.03.04;Программная инженерия;бакалавриат;Индустрия разработки видеоигр;Институт информационных технологий и интеллектуальных систем;Русский язык|Математика|Информатика;;0;274;очно;2025;budget;https://tabiturient.ru/vuzu/kfu/proxodnoi/;24891
kazan-fu;09.03.04;Программная инженерия;бакалавриат;Эффективная веб-разработка – инфраструктура, код, ИИ-агенты (с применением электронного обучения и дистанционных образовательных технологий);Институт информационных технологий и интеллектуальных систем;Русский язык|Математика|Информатика;;0;275;очно;2025;budget;https://tabiturient.ru/vuzu/kfu/proxodnoi/;17763
kazan-fu;09.03.04;Программная инженерия;бакалавриат;Разработчик искусственного интеллекта и когнитивных систем;Институт искусственного интеллекта, робототехники и системной инженерии;Русский язык|Математика|Информатика;;0;263;очно;2025;budget;https://tabiturient.ru/vuzu/kfu/proxodnoi/;23207
kazan-fu;09.03.04;Программная инженерия;бакалавриат;"Современная разработка программного обеспечения; Разработка национальных корпоративных платформ";Институт информационных технологий и интеллектуальных систем;Русский язык|Математика|Информатика;;0;281;очно;2025;budget;https://tabiturient.ru/vuzu/kfu/proxodnoi/;180
kazan-fu;10.03.01;Информационная безопасность;бакалавриат;Безопасность компьютерных систем;Институт вычислительной математики и информационных технологий;Русский язык|Математика;Информатика|Физика;0;263;очно;2025;budget;https://tabiturient.ru/vuzu/kfu/proxodnoi/;191
kazan-fu;10.03.01;Информационная безопасность;бакалавриат;Безопасность телекоммуникационных систем;Институт физики;Русский язык|Математика;Информатика|Физика;0;232;очно;2025;budget;https://tabiturient.ru/vuzu/kfu/proxodnoi/;225
kazan-fu;12.03.04;Биотехнические системы и технологии;бакалавриат;Биоинформатика и искусственный интеллект;Институт искусственного интеллекта, робототехники и системной инженерии;Русский язык|Математика;Информатика|Биология|Химия|Физика;0;241;очно;2025;budget;https://tabiturient.ru/vuzu/kfu/proxodnoi/;26173
kazan-fu;12.03.04;Биотехнические системы и технологии;бакалавриат;Медицинская томография: физические принципы и приборостоение;Институт физики;Русский язык|Математика;Информатика|Химия|Физика;0;219;очно;2025;budget;https://tabiturient.ru/vuzu/kfu/proxodnoi/;222
kazan-fu;19.03.01;Биотехнология;бакалавриат;Биотехнология и биоинженерия;Институт экологии, биотехнологии и природопользования;Русский язык|Биология;Математика|Информатика|Химия|Физика;0;259;очно;2025;budget;https://tabiturient.ru/vuzu/kfu/proxodnoi/;17755
kazan-fu;20.03.02;Природообустройство и водопользование;бакалавриат;Без профиля;Институт управления, экономики и финансов;Русский язык|Математика;Информатика|Биология|Химия|Физика;0;185;очно;2025;budget;https://tabiturient.ru/vuzu/kfu/proxodnoi/;223
kazan-fu;21.03.01;Нефтегазовое дело;бакалавриат;Разработка месторождений углеводородов;Институт геологии и нефтегазовых технологий;Русский язык|Математика;Информатика|Химия|Физика;0;226;очно;2025;budget;https://tabiturient.ru/vuzu/kfu/proxodnoi/;151
kazan-fu;21.03.02;Землеустройство и кадастры;бакалавриат;Геоинформационные технологии землеустройства;Институт экологии, биотехнологии и природопользования;Русский язык|Физика;Математика|Информатика|География|Химия;0;151;очно;2025;budget;https://tabiturient.ru/vuzu/kfu/proxodnoi/;140
kazan-fu;21.03.03;Геодезия и дистанционное зондирование;бакалавриат;Геодезия и дистанционное зондирование;Институт физики;Русский язык|Математика;Информатика|Физика;0;223;очно;2025;budget;https://tabiturient.ru/vuzu/kfu/proxodnoi/;234
kazan-fu;27.03.05;Инноватика;бакалавриат;Инноватика и специальная робототехника;Институт искусственного интеллекта, робототехники и системной инженерии;Русский язык|Математика;Информатика|Химия|Физика;0;232;очно;2025;budget;https://tabiturient.ru/vuzu/kfu/proxodnoi/;24893
kazan-fu;27.03.05;Инноватика;бакалавриат;Управление инновационными проектами в сфере высоких технологий;Институт физики;Русский язык|Математика;Информатика|Химия|Физика;0;236;очно;2025;budget;https://tabiturient.ru/vuzu/kfu/proxodnoi/;189
kazan-fu;28.03.01;Нанотехнологии и микросистемная техника;бакалавриат;Синтез и диагностика наноматериалов, компоненты микро- и наноэлектронной техники;Институт физики;Русский язык|Математика;Химия|Физика;0;212;очно;2025;budget;https://tabiturient.ru/vuzu/kfu/proxodnoi/;224
kazan-fu;37.03.01;Психология;бакалавриат;Без профиля;Институт психологии и образования;Русский язык|Биология;Математика|Обществознание;0;203;очно-заочно;2025;budget;https://tabiturient.ru/vuzu/kfu/proxodnoi/;156
kazan-fu;37.03.02;Конфликтология;бакалавриат;Управление коммуникациями: переговоры и посредничество;Институт социально-философских наук и массовых коммуникаций;Русский язык|Обществознание;Математика|Биология;0;233;очно;2025;budget;https://tabiturient.ru/vuzu/kfu/proxodnoi/;188
kazan-fu;38.03.01;Экономика;бакалавриат;"Бухгалтерский учет, анализ и аудит; Финансы и кредит";Институт управления, экономики и финансов;Русский язык|Математика;Обществознание|Иностранный язык|Информатика|География|История;0;248;очно-заочно;2025;budget;https://tabiturient.ru/vuzu/kfu/proxodnoi/;24892
kazan-fu;38.03.01;Экономика;бакалавриат;Экономика и финансы;Институт управления, экономики и финансов;Русский язык|Математика;Обществознание|Иностранный язык|Информатика|География|История;0;277;очно;2025;budget;https://tabiturient.ru/vuzu/kfu/proxodnoi/;26172
kazan-fu;38.03.01;Экономика;бакалавриат;"Экономика предприятия и цифровые технологии; Бухгалтерский учет, анализ и аудит; Финансы и кредит; Мировая экономика; Оценка бизнеса и рисков; Корпоративные финансы";Институт управления, экономики и финансов;Русский язык|Математика;Обществознание|Иностранный язык|Информатика|География|История;0;269;очно;2025;budget;https://tabiturient.ru/vuzu/kfu/proxodnoi/;171
kazan-fu;38.03.02;Менеджмент;бакалавриат;Международный менеджмент (International management) (программа реализуется на английском языке);Институт управления, экономики и финансов;Русский язык|Математика;Обществознание|Иностранный язык|Информатика|История;0;278;очно;2025;budget;https://tabiturient.ru/vuzu/kfu/proxodnoi/;4127
kazan-fu;38.03.02;Менеджмент;бакалавриат;"Управление бизнесом; Маркетинг; Проектный менеджмент; Менеджмент в социальной сфере; Бизнес-аналитика; Менеджмент и юридическое сопровождение бизнеса; Логистика";Институт управления, экономики и финансов;Русский язык|Математика;Обществознание|Иностранный язык|Информатика|История;0;263;очно;2025;budget;https://tabiturient.ru/vuzu/kfu/proxodnoi/;149
kazan-fu;38.03.03;Управление персоналом;бакалавриат;Управление персоналом организации;Институт управления, экономики и финансов;Русский язык|Математика;Обществознание|Иностранный язык|Информатика|История;0;262;очно;2025;budget;https://tabiturient.ru/vuzu/kfu/proxodnoi/;175
kazan-fu;38.03.04;Государственное и муниципальное управление;бакалавриат;Без профиля;Институт управления, экономики и финансов;Русский язык|Обществознание;Математика|Иностранный язык|История;0;263;очно;2025;budget;https://tabiturient.ru/vuzu/kfu/proxodnoi/;176
kazan-fu;38.03.05;Бизнес-информатика;бакалавриат;Цифровое предприятие;Институт управления, экономики и финансов;Русский язык|Математика;Обществознание|Информатика|История;0;266;очно;2025;budget;https://tabiturient.ru/vuzu/kfu/proxodnoi/;23205
kazan-fu;38.03.05;Бизнес-информатика;бакалавриат;Без профиля;Институт вычислительной математики и информационных технологий;Русский язык|Математика;Обществознание|Информатика|История;0;274;очно;2025;budget;https://tabiturient.ru/vuzu/kfu/proxodnoi/;173
kazan-fu;39.03.01;Социология;бакалавриат;Социальная теория и прикладное социальное знание;Институт социально-философских наук и массовых коммуникаций;Русский язык|Обществознание;Математика|Иностранный язык|История;0;248;очно;2025;budget;https://tabiturient.ru/vuzu/kfu/proxodnoi/;160
kazan-fu;39.03.02;Социальная работа;бакалавриат;Социальный менеджмент и медиация;Институт социально-философских наук и массовых коммуникаций;Русский язык|Обществознание;Литература|История;0;;;;paid_only;https://tabiturient.ru/vuzu/kfu/proxodnoi/;26171
kazan-fu;39.03.03;Организация работы с молодежью;бакалавриат;Социальное проектирование и управление инновационным развитием молодежи;Институт социально-философских наук и массовых коммуникаций;Русский язык|Обществознание;Литература|История;0;217;очно;2025;budget;https://tabiturient.ru/vuzu/kfu/proxodnoi/;17762
kazan-fu;40.03.01;Юриспруденция;бакалавриат;Без профиля;Юридический факультет;Русский язык|Обществознание|История;;0;257;очно;2025;budget;https://tabiturient.ru/vuzu/kfu/proxodnoi/;172
kazan-fu;41.03.01;Зарубежное регионоведение;бакалавриат;Зарубежные регионы в системе многополярного мира;Институт международных отношений, истории и востоковедения;Русский язык|История;Обществознание|Иностранный язык;0;255;очно;2025;budget;https://tabiturient.ru/vuzu/kfu/proxodnoi/;211
kazan-fu;41.03.02;Регионоведение России;бакалавриат;Россия и ее регионы в сфере международных отношений (с углубленным изучением иностранных языков);Институт международных отношений, истории и востоковедения;Русский язык|История;Обществознание|Иностранный язык;0;223;очно;2025;budget;https://tabiturient.ru/vuzu/kfu/proxodnoi/;158
kazan-fu;58.03.01;Востоковедение и африканистика;бакалавриат;"Языки и литературы стран Азии и Африки; История стран Азии и Африки; Экономика стран Азии и Африки; Политика и экономика тюркских народов";Институт международных отношений, истории и востоковедения;Русский язык|История;Обществознание|Иностранный язык;0;261;очно;2025;budget;https://tabiturient.ru/vuzu/kfu/proxodnoi/;129
kazan-fu;41.03.04;Политология;бакалавриат;Политические технологии и политический менеджмент;Институт социально-философских наук и массовых коммуникаций;Русский язык|История;Обществознание|Иностранный язык;0;247;очно;2025;budget;https://tabiturient.ru/vuzu/kfu/proxodnoi/;23200
kazan-fu;41.03.05;Международные отношения;бакалавриат;Международные отношения;Институт международных отношений, истории и востоковедения;Русский язык|История;Обществознание|Иностранный язык;0;274;очно;2025;budget;https://tabiturient.ru/vuzu/kfu/proxodnoi/;177
kazan-fu;41.03.05;Международные отношения;бакалавриат;Международные экономические отношения;Институт международных отношений, истории и востоковедения;Русский язык|История;Обществознание|Иностранный язык;0;271;очно;2025;budget;https://tabiturient.ru/vuzu/kfu/proxodnoi/;7882
kazan-fu;41.03.06;Публичная политика и социальные науки;бакалавриат;Управление социальными и политическими коммуникациями;Институт социально-философских наук и массовых коммуникаций;Русский язык|Обществознание;Иностранный язык|История;0;251;очно;2025;budget;https://tabiturient.ru/vuzu/kfu/proxodnoi/;23201
kazan-fu;42.03.01;Реклама и связи с общественностью;бакалавриат;Бренд-коммуникации и дизайн рекламы;Институт филологии и межкультурной коммуникации им. Льва Толстого;Русский язык|Обществознание;Иностранный язык|Информатика|Литература|История;0;245;заочно;2025;budget;https://tabiturient.ru/vuzu/kfu/proxodnoi/;17758
kazan-fu;42.03.01;Реклама и связи с общественностью;бакалавриат;Креативные технологии и цифровые коммуникации в рекламе и связях с общественностью;Институт социально-философских наук и массовых коммуникаций;Русский язык|Обществознание;Иностранный язык|Информатика|Литература|История;0;271;очно;2025;budget;https://tabiturient.ru/vuzu/kfu/proxodnoi/;159
kazan-fu;42.03.02;Журналистика;бакалавриат;Мультимедийная журналистика;Институт социально-философских наук и массовых коммуникаций;Русский язык|Литература;;1;;;;paid_only;https://tabiturient.ru/vuzu/kfu/proxodnoi/;136
kazan-fu;42.03.02;Журналистика;бакалавриат;Новые национальные медиа;Институт социально-философских наук и массовых коммуникаций;Русский язык|Литература;;1;155;очно;2025;budget;https://tabiturient.ru/vuzu/kfu/proxodnoi/;139
kazan-fu;42.03.03;Издательское дело;бакалавриат;Медиадизайн и анимация;Институт филологии и межкультурной коммуникации им. Льва Толстого;Русский язык|Обществознание;Иностранный язык|Информатика|Литература|История;0;262;очно;2025;budget;https://tabiturient.ru/vuzu/kfu/proxodnoi/;19237
kazan-fu;42.03.04;Телевидение;бакалавриат;Телевизионная журналистика;Институт социально-философских наук и массовых коммуникаций;Русский язык|Литература;Обществознание|Иностранный язык|История;0;257;очно;2025;budget;https://tabiturient.ru/vuzu/kfu/proxodnoi/;4122
kazan-fu;42.03.04;Телевидение;бакалавриат;Режиссура телевидения и цифровых медиапроектов;Институт социально-философских наук и массовых коммуникаций;Русский язык|Литература;Обществознание|Иностранный язык|История;0;257;очно;2025;budget;https://tabiturient.ru/vuzu/kfu/proxodnoi/;23202
kazan-fu;42.03.05;Медиакоммуникации;бакалавриат;Производство и продвижение медиаконтента;Институт социально-философских наук и массовых коммуникаций;Русский язык|Литература;Обществознание|Иностранный язык|История;0;265;очно;2025;budget;https://tabiturient.ru/vuzu/kfu/proxodnoi/;178
kazan-fu;43.03.01;Сервис;бакалавриат;Без профиля;Институт управления, экономики и финансов;Русский язык|Обществознание;Математика|Иностранный язык|География|История;0;234;очно;2025;budget;https://tabiturient.ru/vuzu/kfu/proxodnoi/;213
kazan-fu;43.03.02;Туризм;бакалавриат;Международный туризм;Институт международных отношений, истории и востоковедения;Русский язык|История;Обществознание|Иностранный язык;0;211;очно;2025;budget;https://tabiturient.ru/vuzu/kfu/proxodnoi/;181
kazan-fu;43.03.02;Туризм;бакалавриат;Организация туристической деятельности (с углубленным изучением иностранных языков);Институт управления, экономики и финансов;Русский язык|История;Обществознание|Иностранный язык;0;226;очно;2025;budget;https://tabiturient.ru/vuzu/kfu/proxodnoi/;182
kazan-fu;43.03.03;Гостиничное дело;бакалавриат;Гостиничная деятельность;Институт управления, экономики и финансов;Русский язык|Обществознание;Иностранный язык|История;0;211;заочно;2025;budget;https://tabiturient.ru/vuzu/kfu/proxodnoi/;4129
kazan-fu;44.03.01;Педагогическое образование;бакалавриат;Иностранный (английский) язык;Институт филологии и межкультурной коммуникации им. Льва Толстого;Русский язык|Иностранный язык;Обществознание|Литература;0;240;заочно;2025;budget;https://tabiturient.ru/vuzu/kfu/proxodnoi/;4121
kazan-fu;44.03.01;Педагогическое образование;бакалавриат;Химическое образование;Химический институт им. А.М. Бутлерова;Русский язык|Химия;Математика|Обществознание|Информатика|Биология|География;0;186;очно;2025;budget;https://tabiturient.ru/vuzu/kfu/proxodnoi/;194
kazan-fu;44.03.01;Педагогическое образование;бакалавриат;Начальное образование;Институт психологии и образования;Русский язык|Обществознание;Иностранный язык|Литература|История;0;198;заочно;2025;budget;https://tabiturient.ru/vuzu/kfu/proxodnoi/;235
kazan-fu;44.03.02;Психолого-педагогическое образование;бакалавриат;Психология и педагогика дошкольного образования;Институт психологии и образования;Русский язык|Биология;Математика|Обществознание;0;199;очно;2025;budget;https://tabiturient.ru/vuzu/kfu/proxodnoi/;19240
kazan-fu;44.03.02;Психолого-педагогическое образование;бакалавриат;Психология и педагогика организации работы с молодежью;Институт психологии и образования;Русский язык|Биология;Математика|Обществознание;0;192;заочно;2025;budget;https://tabiturient.ru/vuzu/kfu/proxodnoi/;7896
kazan-fu;44.03.02;Психолого-педагогическое образование;бакалавриат;Детская практическая психология;Институт психологии и образования;Русский язык|Биология;Математика|Обществознание;0;219;очно;2025;budget;https://tabiturient.ru/vuzu/kfu/proxodnoi/;236
kazan-fu;44.03.03;Специальное (дефектологическое) образование;бакалавриат;Дефектология;Институт психологии и образования;Русский язык|Биология;Математика|Обществознание;0;216;очно;2025;budget;https://tabiturient.ru/vuzu/kfu/proxodnoi/;24889
kazan-fu;44.03.03;Специальное (дефектологическое) образование;бакалавриат;Логопедия;Институт психологии и образования;Русский язык|Биология;Математика|Обществознание;0;220;очно;2025;budget;https://tabiturient.ru/vuzu/kfu/proxodnoi/;208
kazan-fu;44.03.04;Профессиональное обучение (по отраслям);бакалавриат;Дизайн интерьера;Институт дизайна и пространственных искусств;Русский язык|Обществознание;;1;149;заочно;2025;budget;https://tabiturient.ru/vuzu/kfu/proxodnoi/;16962
kazan-fu;44.03.04;Профессиональное обучение (по отраслям);бакалавриат;Дизайн среды и архитектурное пространство;Институт дизайна и пространственных искусств;Русский язык|Обществознание;;1;159;очно;2025;budget;https://tabiturient.ru/vuzu/kfu/proxodnoi/;17766
kazan-fu;44.03.04;Профессиональное обучение (по отраслям);бакалавриат;Фэшн-дизайн;Институт дизайна и пространственных искусств;Русский язык|Обществознание;;1;147;очно-заочно;2025;budget;https://tabiturient.ru/vuzu/kfu/proxodnoi/;17768
kazan-fu;44.03.04;Профессиональное обучение (по отраслям);бакалавриат;Дизайн интерьера, предметный и промышленный дизайн;Институт дизайна и пространственных искусств;Русский язык|Обществознание;;1;165;очно;2025;budget;https://tabiturient.ru/vuzu/kfu/proxodnoi/;231
kazan-fu;44.03.05;Педагогическое образование (с двумя профилями подготовки);бакалавриат;Биология и английский язык;Институт фундаментальной медицины и биологии;Русский язык|Биология;Обществознание|Иностранный язык|Информатика|География|Химия;0;176;очно;2025;budget;https://tabiturient.ru/vuzu/kfu/proxodnoi/;4111
kazan-fu;44.03.05;Педагогическое образование (с двумя профилями подготовки);бакалавриат;Иностранный (английский) язык и второй иностранный язык (в полилингвальной образовательной среде);Институт филологии и межкультурной коммуникации им. Льва Толстого;Русский язык|Обществознание;Математика|Иностранный язык|Информатика|Биология|География;0;;;;paid_only;https://tabiturient.ru/vuzu/kfu/proxodnoi/;19239
kazan-fu;44.03.05;Педагогическое образование (с двумя профилями подготовки);бакалавриат;Иностранный (английский) язык и второй иностранный язык;Институт филологии и межкультурной коммуникации им. Льва Толстого;Русский язык|Иностранный язык;Математика|Обществознание|Информатика|Биология|География;0;263;очно;2025;budget;https://tabiturient.ru/vuzu/kfu/proxodnoi/;26170
kazan-fu;44.03.05;Педагогическое образование (с двумя профилями подготовки);бакалавриат;Изобразительное искусство и иностранный (английский) язык;Институт филологии и межкультурной коммуникации им. Льва Толстого;Русский язык|Обществознание;;1;137;очно;2025;budget;https://tabiturient.ru/vuzu/kfu/proxodnoi/;17759
kazan-fu;44.03.05;Педагогическое образование (с двумя профилями подготовки);бакалавриат;Музыка и иностранный (английский) язык;Институт филологии и межкультурной коммуникации им. Льва Толстого;Русский язык|Обществознание;;1;118;очно;2025;budget;https://tabiturient.ru/vuzu/kfu/proxodnoi/;17760
kazan-fu;44.03.05;Педагогическое образование (с двумя профилями подготовки);бакалавриат;Русский язык как иностранный и иностранный (китайский) язык;Институт филологии и межкультурной коммуникации им. Льва Толстого;Русский язык|Обществознание;Математика|Иностранный язык|Информатика|Биология|География;0;244;очно;2025;budget;https://tabiturient.ru/vuzu/kfu/proxodnoi/;23196
kazan-fu;44.03.05;Педагогическое образование (с двумя профилями подготовки);бакалавриат;Иностранный (английский) язык и второй иностранный (китайский) язык;Институт филологии и межкультурной коммуникации им. Льва Толстого;Русский язык|Иностранный язык;Математика|Обществознание|Информатика|Биология|География;0;262;очно;2025;budget;https://tabiturient.ru/vuzu/kfu/proxodnoi/;23197
kazan-fu;44.03.05;Педагогическое образование (с двумя профилями подготовки);бакалавриат;Математика и дополнительное образование (робототехника и программирование) (в билингвальной образовательной среде);Институт филологии и межкультурной коммуникации им. Льва Толстого;Русский язык|Обществознание;Математика|Иностранный язык|Информатика|Биология|География;0;;;;paid_only;https://tabiturient.ru/vuzu/kfu/proxodnoi/;23198
kazan-fu;44.03.05;Педагогическое образование (с двумя профилями подготовки);бакалавриат;История, обществознание;Институт международных отношений, истории и востоковедения;Русский язык|Обществознание;Математика|Иностранный язык|Информатика|Литература|История;0;221;очно;2025;budget;https://tabiturient.ru/vuzu/kfu/proxodnoi/;192
kazan-fu;44.03.05;Педагогическое образование (с двумя профилями подготовки);бакалавриат;Русский язык и иностранный (английский) язык;Институт филологии и межкультурной коммуникации им. Льва Толстого;Русский язык|Обществознание;Математика|Иностранный язык|Информатика|Биология|География;0;245;очно;2025;budget;https://tabiturient.ru/vuzu/kfu/proxodnoi/;196
kazan-fu;44.03.05;Педагогическое образование (с двумя профилями подготовки);бакалавриат;География и экология;Институт геологии и нефтегазовых технологий;Русский язык|Обществознание;Математика|Иностранный язык|Информатика|Биология|География;0;197;очно;2025;budget;https://tabiturient.ru/vuzu/kfu/proxodnoi/;198
kazan-fu;44.03.05;Педагогическое образование (с двумя профилями подготовки);бакалавриат;Математика, информатика и информационные технологии;Институт математики и механики им. Н.И. Лобачевского;Русский язык|Математика;Обществознание|Информатика|Физика;0;201;очно;2025;budget;https://tabiturient.ru/vuzu/kfu/proxodnoi/;200
kazan-fu;44.03.05;Педагогическое образование (с двумя профилями подготовки);бакалавриат;История и иностранные языки (европейский и восточный);Институт международных отношений, истории и востоковедения;Русский язык|Обществознание;Математика|Иностранный язык|Информатика|Литература|История;0;226;очно;2025;budget;https://tabiturient.ru/vuzu/kfu/proxodnoi/;201
kazan-fu;44.03.05;Педагогическое образование (с двумя профилями подготовки);бакалавриат;Начальное образование и иностранный (английский) язык;Институт психологии и образования;Русский язык|Обществознание;Иностранный язык|Литература|История;0;218;очно;2025;budget;https://tabiturient.ru/vuzu/kfu/proxodnoi/;202
kazan-fu;44.03.05;Педагогическое образование (с двумя профилями подготовки);бакалавриат;Физика и математика;Институт физики;Русский язык|Обществознание;Математика|Информатика|Химия|Физика;0;186;очно;2025;budget;https://tabiturient.ru/vuzu/kfu/proxodnoi/;204
kazan-fu;44.03.05;Педагогическое образование (с двумя профилями подготовки);бакалавриат;Родной (татарский) язык и литература и иностранный (английский) язык;Институт филологии и межкультурной коммуникации им. Льва Толстого;Русский язык|Обществознание;;1;202;очно;2025;budget;https://tabiturient.ru/vuzu/kfu/proxodnoi/;206
kazan-fu;44.03.05;Педагогическое образование (с двумя профилями подготовки);бакалавриат;Начальное образование и иностранный (английский) язык (в полилингвальной образовательной среде);Институт филологии и межкультурной коммуникации им. Льва Толстого;Русский язык|Обществознание;Математика|Иностранный язык|Информатика|Биология|География;0;;;;paid_only;https://tabiturient.ru/vuzu/kfu/proxodnoi/;17365
kazan-fu;44.03.05;Педагогическое образование (с двумя профилями подготовки);бакалавриат;Дополнительное образование и иностранный (английский) язык;Институт психологии и образования;Русский язык|Обществознание;Иностранный язык|Литература|История;0;219;очно;2025;budget;https://tabiturient.ru/vuzu/kfu/proxodnoi/;7895
kazan-fu;44.03.05;Педагогическое образование (с двумя профилями подготовки);бакалавриат;Русский язык и литература;Институт филологии и межкультурной коммуникации им. Льва Толстого;Русский язык|Обществознание;Математика|Иностранный язык|Информатика|Биология|География;0;227;очно;2025;budget;https://tabiturient.ru/vuzu/kfu/proxodnoi/;242
kazan-fu;45.03.01;Филология;бакалавриат;Прикладная филология: иностранный (английский) язык в международной коммуникации;Институт филологии и межкультурной коммуникации им. Льва Толстого;Русский язык|Иностранный язык;Обществознание|Литература|История;0;269;очно;2025;budget;https://tabiturient.ru/vuzu/kfu/proxodnoi/;16963
kazan-fu;45.03.01;Филология;бакалавриат;Зарубежная филология: иностранный (английский) язык и литература, переводоведение;Институт филологии и межкультурной коммуникации им. Льва Толстого;Русский язык|Иностранный язык;Обществознание|Литература|История;0;269;очно;2025;budget;https://tabiturient.ru/vuzu/kfu/proxodnoi/;164
kazan-fu;45.03.01;Филология;бакалавриат;Прикладная филология: Русский язык и литература;Институт филологии и межкультурной коммуникации им. Льва Толстого;Русский язык|Литература;Обществознание|Иностранный язык|История;0;259;очно;2025;budget;https://tabiturient.ru/vuzu/kfu/proxodnoi/;165
kazan-fu;45.03.01;Филология;бакалавриат;Прикладная филология: Татарский язык и литература, журналистика;Институт филологии и межкультурной коммуникации им. Льва Толстого;Русский язык;Обществознание|Иностранный язык|Литература|История;1;217;очно;2025;budget;https://tabiturient.ru/vuzu/kfu/proxodnoi/;166
kazan-fu;45.03.02;Лингвистика;бакалавриат;Теория и практика перевода: русский жестовый язык, английский язык;Институт филологии и межкультурной коммуникации им. Льва Толстого;Русский язык|Иностранный язык;Обществознание|Литература|История;0;216;очно-заочно;2025;budget;https://tabiturient.ru/vuzu/kfu/proxodnoi/;17761
kazan-fu;45.03.02;Лингвистика;бакалавриат;"Перевод и переводоведение; Теория и методика преподавания иностранных языков и культур; Лингвистическое обеспечение туристического бизнеса";Институт международных отношений, истории и востоковедения;Русский язык|Иностранный язык;Обществознание|Литература|История;0;278;очно;2025;budget;https://tabiturient.ru/vuzu/kfu/proxodnoi/;145
kazan-fu;45.03.02;Лингвистика;бакалавриат;"Перевод и переводоведение; Теория и методика преподавания иностранных языков и культур";Институт международных отношений, истории и востоковедения;Русский язык|Иностранный язык;Обществознание|Литература|История;0;249;заочно;2025;budget;https://tabiturient.ru/vuzu/kfu/proxodnoi/;17363
kazan-fu;46.03.01;История;бакалавриат;"Отечественная история; Всеобщая история; История тюркских народов";Институт международных отношений, истории и востоковедения;Русский язык|История;Обществознание|Иностранный язык;0;229;очно;2025;budget;https://tabiturient.ru/vuzu/kfu/proxodnoi/;141
kazan-fu;46.03.03;Антропология и этнология;бакалавриат;Межнациональные отношения;Институт международных отношений, истории и востоковедения;Русский язык|История;Обществознание|Иностранный язык;0;206;очно;2025;budget;https://tabiturient.ru/vuzu/kfu/proxodnoi/;233
kazan-fu;47.03.01;Философия;бакалавриат;Аналитика, методологическая экспертиза, дизайн информационной политики;Институт социально-философских наук и массовых коммуникаций;Русский язык|Обществознание;Иностранный язык|Литература|История;0;232;очно;2025;budget;https://tabiturient.ru/vuzu/kfu/proxodnoi/;168
kazan-fu;47.03.03;Религиоведение;бакалавриат;История и антропология религии;Институт социально-философских наук и массовых коммуникаций;Русский язык|История;Обществознание|Иностранный язык|Литература;0;199;очно;2025;budget;https://tabiturient.ru/vuzu/kfu/proxodnoi/;23203
kazan-fu;48.03.01;Теология;бакалавриат;Исламская теология: государственно-конфессиональные отношения;Институт социально-философских наук и массовых коммуникаций;Русский язык|История;Обществознание|Иностранный язык|Литература;0;185;очно;2025;budget;https://tabiturient.ru/vuzu/kfu/proxodnoi/;4124
kazan-fu;48.03.01;Теология;бакалавриат;Церковно-государственные отношения: православная теология;Институт социально-философских наук и массовых коммуникаций;Русский язык|История;Обществознание|Иностранный язык|Литература;0;185;очно;2025;budget;https://tabiturient.ru/vuzu/kfu/proxodnoi/;23204
kazan-fu;51.03.01;Культурология;бакалавриат;Культура стран и регионов мира;Институт международных отношений, истории и востоковедения;Русский язык|Обществознание;Иностранный язык|История;0;214;очно;2025;budget;https://tabiturient.ru/vuzu/kfu/proxodnoi/;144
kazan-fu;54.03.01;Дизайн;бакалавриат;Моушн-дизайн;Институт дизайна и пространственных искусств;Русский язык|Литература;;1;170;очно-заочно;2025;budget;https://tabiturient.ru/vuzu/kfu/proxodnoi/;9798
kazan-fu;54.03.01;Дизайн;бакалавриат;Коммуникативный дизайн;Институт дизайна и пространственных искусств;Русский язык|Литература;;1;177;очно;2025;budget;https://tabiturient.ru/vuzu/kfu/proxodnoi/;179
kazan-fu;03.05.01;Астрономия;специалитет;Астрофизика и космология;Институт физики;Русский язык|Физика;Математика|Информатика;0;233;очно;2025;budget;https://tabiturient.ru/vuzu/kfu/proxodnoi/;184
kazan-fu;04.05.01;Фундаментальная и прикладная химия;специалитет;Фундаментальная химия: материалы будущего;Химический институт им. А.М. Бутлерова;Русский язык|Химия;Математика|Биология|Физика;0;255;очно;2025;budget;https://tabiturient.ru/vuzu/kfu/proxodnoi/;4112
kazan-fu;10.05.03;Информационная безопасность автоматизированных систем;специалитет;Безопасность открытых информационных систем;Институт физики;Русский язык|Математика;Информатика|Физика;0;233;очно;2025;budget;https://tabiturient.ru/vuzu/kfu/proxodnoi/;190
kazan-fu;30.05.01;Медицинская биохимия;специалитет;Без профиля;Институт фундаментальной медицины и биологии;Русский язык|Биология|Химия;;0;271;очно;2025;budget;https://tabiturient.ru/vuzu/kfu/proxodnoi/;221
kazan-fu;31.05.01;Лечебное дело;специалитет;Без профиля;Институт фундаментальной медицины и биологии;Русский язык|Биология|Химия;;0;277;очно;2025;budget;https://tabiturient.ru/vuzu/kfu/proxodnoi/;185
kazan-fu;31.05.01;Лечебное дело;специалитет;Лечебное дело (General Medicine - реализуется на английском языке);Институт фундаментальной медицины и биологии;Русский язык|Биология|Химия;;0;;;;paid_only;https://tabiturient.ru/vuzu/kfu/proxodnoi/;27107
kazan-fu;31.05.03;Стоматология;специалитет;Без профиля;Институт фундаментальной медицины и биологии;Русский язык|Биология|Химия;;0;;;;paid_only;https://tabiturient.ru/vuzu/kfu/proxodnoi/;217
kazan-fu;31.05.03;Стоматология;специалитет;Стоматология (Dentistry - реализуется на английском языке);Институт фундаментальной медицины и биологии;Русский язык|Биология|Химия;;0;;;;paid_only;https://tabiturient.ru/vuzu/kfu/proxodnoi/;27106
kazan-fu;33.05.01;Фармация;специалитет;Без профиля;Институт фундаментальной медицины и биологии;Русский язык|Биология|Химия;;0;220;очно;2025;budget;https://tabiturient.ru/vuzu/kfu/proxodnoi/;187
kazan-fu;37.05.01;Клиническая психология;специалитет;Клиническая психодиагностика , консультирование, психотерапия;Институт психологии и образования;Русский язык|Биология;Математика|Обществознание|Химия;0;264;очно;2025;budget;https://tabiturient.ru/vuzu/kfu/proxodnoi/;219
kazan-fu;38.05.01;Экономическая безопасность;специалитет;Экономико-правовое обеспечение экономической безопасности;Институт управления, экономики и финансов;Русский язык|Математика;Обществознание|Информатика|История;0;257;очно;2025;budget;https://tabiturient.ru/vuzu/kfu/proxodnoi/;216
kazan-fu;40.05.04;Судебная и прокурорская деятельность;специалитет;Судебная деятельность;Юридический факультет;Русский язык|Обществознание|История;;0;250;очно;2025;budget;https://tabiturient.ru/vuzu/kfu/proxodnoi/;4114
kazan-fu;46.03.04;Археология;бакалавриат;Археология;Институт международных отношений, истории и востоковедения;Русский язык|История;Обществознание|Иностранный язык;0;208;очно;2025;budget;https://tabiturient.ru/vuzu/kfu/proxodnoi/;19232
kazan-gmu;34.03.01;Сестринское дело;бакалавриат;Без профиля;Факультет социальной работы и сестринского дела;Русский язык|Биология|Химия;;0;161;очно;2025;budget;https://tabiturient.ru/vuzu/kgmu/proxodnoi/;2661
kazan-gmu;37.03.01;Психология;бакалавриат;Без профиля;Факультет социальной работы и сестринского дела;Русский язык|Биология;Математика|Обществознание;0;239;очно;2025;budget;https://tabiturient.ru/vuzu/kgmu/proxodnoi/;25137
kazan-gmu;39.03.02;Социальная работа;бакалавриат;Без профиля;Факультет социальной работы и сестринского дела;Русский язык|Обществознание|История;;0;161;очно;2025;budget;https://tabiturient.ru/vuzu/kgmu/proxodnoi/;7985
kazan-gmu;30.05.01;Медицинская биохимия;специалитет;Без профиля;Факультет медицинской биохимии;Русский язык|Биология|Химия;;0;250;очно;2025;budget;https://tabiturient.ru/vuzu/kgmu/proxodnoi/;2658
kazan-gmu;30.05.02;Медицинская биофизика;специалитет;Без профиля;Факультет медицинской биохимии;Русский язык|Физика;Математика|Биология;0;148;очно;2025;budget;https://tabiturient.ru/vuzu/kgmu/proxodnoi/;2659
kazan-gmu;31.05.01;Лечебное дело;специалитет;Без профиля;Лечебно-профилактический факультет;Русский язык|Биология|Химия;;0;296;очно;2025;budget;https://tabiturient.ru/vuzu/kgmu/proxodnoi/;2653
kazan-gmu;31.05.02;Педиатрия;специалитет;Без профиля;Педиатрический факультет;Русский язык|Биология|Химия;;0;265;очно;2025;budget;https://tabiturient.ru/vuzu/kgmu/proxodnoi/;2654
kazan-gmu;31.05.03;Стоматология;специалитет;Без профиля;Стоматологический факультет;Русский язык|Биология|Химия;;0;;;;quota_only;https://tabiturient.ru/vuzu/kgmu/proxodnoi/;2656
kazan-gmu;32.05.01;Медико-профилактическое дело;специалитет;Без профиля;Медико-профилактический факультет;Русский язык|Биология|Химия;;0;209;очно;2025;budget;https://tabiturient.ru/vuzu/kgmu/proxodnoi/;2655
kazan-gmu;33.05.01;Фармация;специалитет;Без профиля;Фармацевтический факультет;Русский язык|Биология|Химия;;0;186;очно;2025;budget;https://tabiturient.ru/vuzu/kgmu/proxodnoi/;2657
msu;01.03.02;Прикладная математика и информатика;бакалавриат;Без профиля;Факультет вычислительной математики и кибернетики;Русский язык|Математика|Информатика|Физика;;1;364;очно;2025;budget;https://tabiturient.ru/vuzu/mgu/proxodnoi/;579
msu;01.03.02;Прикладная математика и информатика;бакалавриат;Построение систем искусственного интеллекта;Факультет искусственного интеллекта;Русский язык|Математика;Информатика|Физика;1;296;очно;2025;budget;https://tabiturient.ru/vuzu/mgu/proxodnoi/;26057
msu;02.03.02;Фундаментальная информатика и информационные технологии;бакалавриат;Без профиля;Факультет вычислительной математики и кибернетики;Русский язык|Математика|Информатика|Физика;;1;375;очно;2025;budget;https://tabiturient.ru/vuzu/mgu/proxodnoi/;580
msu;03.03.01;Прикладные математика и физика;бакалавриат;Без профиля;Факультет фундаментальной физико-химической инженерии;Русский язык|Математика;Химия|Физика;1;274;очно;2025;budget;https://tabiturient.ru/vuzu/mgu/proxodnoi/;609
msu;04.03.02;Химия, физика и механика материалов;бакалавриат;Без профиля;Факультет наук о материалах;Русский язык|Математика|Химия;Информатика|Физика;1;342;очно;2025;budget;https://tabiturient.ru/vuzu/mgu/proxodnoi/;596
msu;05.03.01;Геология;бакалавриат;Без профиля;Геологический факультет;Русский язык|Математика;Информатика|География|Химия|Физика;1;235;очно;2025;budget;https://tabiturient.ru/vuzu/mgu/proxodnoi/;566
msu;05.03.02;География;бакалавриат;Без профиля;Географический факультет;Русский язык|География;Математика|Информатика|Биология|Физика;1;231;очно;2025;budget;https://tabiturient.ru/vuzu/mgu/proxodnoi/;561
msu;05.03.03;Картография и геоинформатика;бакалавриат;Без профиля;Географический факультет;Русский язык|География;Математика|Информатика|Биология|Физика;1;231;очно;2025;budget;https://tabiturient.ru/vuzu/mgu/proxodnoi/;563
msu;05.03.04;Гидрометеорология;бакалавриат;Без профиля;Географический факультет;Русский язык|География;Математика|Информатика|Биология|Физика;1;231;очно;2025;budget;https://tabiturient.ru/vuzu/mgu/proxodnoi/;562
msu;05.03.06;Экология и природопользование;бакалавриат;Без профиля;Биологический факультет;Русский язык|Математика|Биология|Химия;;1;337;очно;2025;budget;https://tabiturient.ru/vuzu/mgu/proxodnoi/;545
msu;05.03.06;Экология и природопользование;бакалавриат;Без профиля;Географический факультет;Русский язык|География;Математика|Информатика|Биология|Физика;1;231;очно;2025;budget;https://tabiturient.ru/vuzu/mgu/proxodnoi/;565
msu;05.03.06;Экология и природопользование;бакалавриат;"Экологический менеджмент и экобезопасность; Радиоэкология; Управление земельными ресурсами и биологический контроль окружающей среды";Факультет почвоведения;Русский язык|География;Математика|Информатика|Биология|Химия|Физика;1;209;очно;2025;budget;https://tabiturient.ru/vuzu/mgu/proxodnoi/;603
msu;06.03.02;Почвоведение;бакалавриат;"Биология почв; Химия почв; Земельные ресурсы и функционирование почв; Физика, мелиорация и эрозия почв; Агрохимия и агроэкология";Факультет почвоведения;Русский язык|Биология;Математика|Информатика|География|Химия|Физика;1;214;очно;2025;budget;https://tabiturient.ru/vuzu/mgu/proxodnoi/;602
msu;19.03.01;Биотехнология;бакалавриат;Без профиля;Биотехнологический факультет;Русский язык|Математика|Биология|Химия;;1;350;очно;2025;budget;https://tabiturient.ru/vuzu/mgu/proxodnoi/;547
msu;27.03.05;Инноватика;бакалавриат;Без профиля;Высшая школа управления и инноваций;Русский язык|Математика;Информатика|Химия|Физика;1;;;;paid_only;https://tabiturient.ru/vuzu/mgu/proxodnoi/;560
msu;37.03.02;Конфликтология;бакалавриат;Без профиля;Факультет политологии;Русский язык|Обществознание;Математика|Биология|История;1;250;очно;2025;budget;https://tabiturient.ru/vuzu/mgu/proxodnoi/;597
msu;38.03.01;Экономика;бакалавриат;Государственный и муниципальный аудит;Высшая школа государственного аудита;Русский язык|Математика;Обществознание|Иностранный язык|Информатика|География|История;1;292;очно;2025;budget;https://tabiturient.ru/vuzu/mgu/proxodnoi/;550
msu;38.03.01;Экономика;бакалавриат;Без профиля;Московская школа экономики;Русский язык|Математика;Обществознание|Иностранный язык|Информатика|География|История;1;;;;paid_only;https://tabiturient.ru/vuzu/mgu/proxodnoi/;575
msu;38.03.01;Экономика;бакалавриат;Без профиля;Экономический факультет;Русский язык|Математика;Обществознание|Иностранный язык|Информатика|География|История;1;286;очно;2025;budget;https://tabiturient.ru/vuzu/mgu/proxodnoi/;624
msu;38.03.02;Менеджмент;бакалавриат;Управление бизнесом и предпринимательство;Высшая школа бизнеса;Русский язык|Математика;Обществознание|Иностранный язык;1;;;;paid_only;https://tabiturient.ru/vuzu/mgu/proxodnoi/;548
msu;38.03.02;Менеджмент;бакалавриат;Без профиля;Высшая школа современных социальных наук;Русский язык|Математика;Обществознание|Иностранный язык|Информатика|История;1;;;;paid_only;https://tabiturient.ru/vuzu/mgu/proxodnoi/;17472
msu;38.03.02;Менеджмент;бакалавриат;Менеджмент в культуре;Высшая школа культурной политики и управления в гуманитарной сфере;Русский язык|Математика;Обществознание|Иностранный язык|Информатика|История;1;;;;paid_only;https://tabiturient.ru/vuzu/mgu/proxodnoi/;17473
msu;38.03.02;Менеджмент;бакалавриат;Менеджмент в спорте;Высшая школа культурной политики и управления в гуманитарной сфере;Русский язык|Математика;Обществознание|Иностранный язык|Информатика|История;1;;;;paid_only;https://tabiturient.ru/vuzu/mgu/proxodnoi/;17474
msu;38.03.02;Менеджмент;бакалавриат;Музейный и галерейный менеджмент;Высшая школа культурной политики и управления в гуманитарной сфере;Русский язык|Математика;Обществознание|Иностранный язык|Информатика|История;1;;;;paid_only;https://tabiturient.ru/vuzu/mgu/proxodnoi/;17475
msu;38.03.02;Менеджмент;бакалавриат;Без профиля;Факультет государственного управления;Русский язык|Математика;Обществознание|Иностранный язык;1;;;;paid_only;https://tabiturient.ru/vuzu/mgu/proxodnoi/;585
msu;38.03.02;Менеджмент;бакалавриат;Без профиля;Экономический факультет;Русский язык|Математика;Обществознание|Иностранный язык|Информатика|История;1;290;очно;2025;budget;https://tabiturient.ru/vuzu/mgu/proxodnoi/;623
msu;38.03.02;Менеджмент;бакалавриат;Менеджмент и маркетинг в сфере культуры и культурный туризм;Высшая школа культурной политики и управления в гуманитарной сфере;Русский язык|Математика;Обществознание|Иностранный язык|Информатика|История;1;;;;paid_only;https://tabiturient.ru/vuzu/mgu/proxodnoi/;26056
msu;38.03.03;Управление персоналом;бакалавриат;Без профиля;Факультет государственного управления;Русский язык|Математика;Обществознание|Иностранный язык;1;278;очно;2025;budget;https://tabiturient.ru/vuzu/mgu/proxodnoi/;587
msu;38.03.03;Управление персоналом;бакалавриат;Без профиля;Высшая школа современных социальных наук;Русский язык|Математика;Обществознание|Иностранный язык|Информатика|История;1;272;очно;2025;budget;https://tabiturient.ru/vuzu/mgu/proxodnoi/;7517
msu;38.03.04;Государственное и муниципальное управление;бакалавриат;Без профиля;Факультет государственного управления;Русский язык|Математика|Обществознание;;1;272;очно;2025;budget;https://tabiturient.ru/vuzu/mgu/proxodnoi/;584
msu;38.03.05;Бизнес-информатика;бакалавриат;Цифровая трансформация бизнес-информатики;Высшая школа государственного администрирования;Русский язык|Математика;Обществознание|Информатика|История;0;;;;paid_only;https://tabiturient.ru/vuzu/mgu/proxodnoi/;24665
msu;39.03.01;Социология;бакалавриат;Без профиля;Высшая школа современных социальных наук;Русский язык|Обществознание;Математика|Иностранный язык|История;1;271;очно;2025;budget;https://tabiturient.ru/vuzu/mgu/proxodnoi/;558
msu;39.03.01;Социология;бакалавриат;Без профиля;Социологический факультет;Русский язык|Обществознание;Математика|История;1;249;очно;2025;budget;https://tabiturient.ru/vuzu/mgu/proxodnoi/;577
msu;40.03.01;Юриспруденция;бакалавриат;"Расследование экономических преступлений; Финансово-правовой профиль";Высшая школа государственного аудита;Русский язык|Обществознание;Математика|Иностранный язык|Информатика|История;1;291;очно;2025;budget;https://tabiturient.ru/vuzu/mgu/proxodnoi/;549
msu;40.03.01;Юриспруденция;бакалавриат;"Образовательная программа ""Международно-правовая"" (международно-правовой профиль)";Юридический факультет;Русский язык|Обществознание|Иностранный язык;;1;;;;paid_only;https://tabiturient.ru/vuzu/mgu/proxodnoi/;625
msu;40.03.01;Юриспруденция;бакалавриат;"Государственно-правовой профиль; Гражданско-правовой профиль; Уголовно-правовой профиль";Юридический факультет;Русский язык|Обществознание;Математика|Информатика|История;1;270;очно;2025;budget;https://tabiturient.ru/vuzu/mgu/proxodnoi/;626
msu;41.03.01;Зарубежное регионоведение;бакалавриат;"Европейские исследования; Американские исследования";Факультет иностранных языков и регионоведения;Русский язык|История;Обществознание|Иностранный язык|География;1;281;очно;2025;budget;https://tabiturient.ru/vuzu/mgu/proxodnoi/;590
msu;41.03.02;Регионоведение России;бакалавриат;Без профиля;Факультет иностранных языков и регионоведения;Русский язык|История;Обществознание|География;1;235;очно;2025;budget;https://tabiturient.ru/vuzu/mgu/proxodnoi/;593
msu;58.03.01;Востоковедение и африканистика;бакалавриат;Развитие стран Азии и Африки;Институт стран Азии и Африки;Русский язык|Иностранный язык|История;;1;269;очно;2025;budget;https://tabiturient.ru/vuzu/mgu/proxodnoi/;567
msu;41.03.04;Политология;бакалавриат;Без профиля;Факультет государственного управления;Русский язык|История;Обществознание|Иностранный язык|География;1;278;очно;2025;budget;https://tabiturient.ru/vuzu/mgu/proxodnoi/;586
msu;41.03.04;Политология;бакалавриат;Политический менеджмент и связи с общественностью;Факультет политологии;Русский язык|История;Математика|Обществознание|Иностранный язык|Информатика|География;1;269;очно;2025;budget;https://tabiturient.ru/vuzu/mgu/proxodnoi/;599
msu;41.03.04;Политология;бакалавриат;Общая политология;Факультет политологии;Русский язык|История;Математика|Обществознание|Иностранный язык|Информатика|География;1;266;очно;2025;budget;https://tabiturient.ru/vuzu/mgu/proxodnoi/;600
msu;41.03.05;Международные отношения;бакалавриат;"Глобальная экономика и управление; Глобальная энергетика и международный бизнес";Факультет глобальных процессов;Русский язык|История;Математика|Обществознание|Иностранный язык|Информатика|География;1;288;очно;2025;budget;https://tabiturient.ru/vuzu/mgu/proxodnoi/;581
msu;41.03.05;Международные отношения;бакалавриат;Международное гуманитарное сотрудничество;Факультет глобальных процессов;Русский язык|История;Обществознание|Иностранный язык|География;1;;;;paid_only;https://tabiturient.ru/vuzu/mgu/proxodnoi/;583
msu;41.03.05;Международные отношения;бакалавриат;Без профиля;Факультет мировой политики;Русский язык|История;Обществознание|Иностранный язык|География;1;293;очно;2025;budget;https://tabiturient.ru/vuzu/mgu/proxodnoi/;595
msu;41.03.05;Международные отношения;бакалавриат;Глобальные политические процессы и дипломатия;Факультет глобальных процессов;Русский язык|История;Обществознание|Иностранный язык|География;1;287;очно;2025;budget;https://tabiturient.ru/vuzu/mgu/proxodnoi/;24666
msu;41.03.06;Публичная политика и социальные науки;бакалавриат;Экспертная деятельность в управлении социально-экономическими проектами;Социологический факультет;Русский язык|Обществознание;Иностранный язык|География|История;1;261;очно;2025;budget;https://tabiturient.ru/vuzu/mgu/proxodnoi/;576
msu;42.03.01;Реклама и связи с общественностью;бакалавриат;Без профиля;Философский факультет;Русский язык|Обществознание;Иностранный язык|Информатика|Литература|История;1;282;очно;2025;budget;https://tabiturient.ru/vuzu/mgu/proxodnoi/;619
msu;42.03.02;Журналистика;бакалавриат;Международная журналистика;Факультет журналистики;Русский язык|Иностранный язык|Литература;;1;276;очно;2025;budget;https://tabiturient.ru/vuzu/mgu/proxodnoi/;17471
msu;42.03.02;Журналистика;бакалавриат;Без профиля;Факультет журналистики;Русский язык|Литература;Иностранный язык|География|История;1;268;очно;2025;budget;https://tabiturient.ru/vuzu/mgu/proxodnoi/;588
msu;42.03.04;Телевидение;бакалавриат;Без профиля;Высшая школа телевидения;Русский язык|Литература;Обществознание|История;1;278;очно;2025;budget;https://tabiturient.ru/vuzu/mgu/proxodnoi/;559
msu;42.03.05;Медиакоммуникации;бакалавриат;Без профиля;Факультет журналистики;Русский язык|Литература;Обществознание|География|История;1;270;очно;2025;budget;https://tabiturient.ru/vuzu/mgu/proxodnoi/;7742
msu;43.03.02;Туризм;бакалавриат;Без профиля;Географический факультет;Русский язык|Обществознание;Иностранный язык|География|История;1;255;очно;2025;budget;https://tabiturient.ru/vuzu/mgu/proxodnoi/;564
msu;45.03.01;Филология;бакалавриат;Зарубежная филология;Филологический факультет;Русский язык|Иностранный язык|Литература;;1;253;очно;2025;budget;https://tabiturient.ru/vuzu/mgu/proxodnoi/;613
msu;45.03.01;Филология;бакалавриат;Русский язык и литература;Филологический факультет;Русский язык|Литература;Иностранный язык|История;1;256;очно;2025;budget;https://tabiturient.ru/vuzu/mgu/proxodnoi/;614
msu;45.03.01;Филология;бакалавриат;Славянская, греческая и классическая филология;Филологический факультет;Русский язык|Иностранный язык|Литература;;1;248;очно;2025;budget;https://tabiturient.ru/vuzu/mgu/proxodnoi/;615
msu;45.03.02;Лингвистика;бакалавриат;Без профиля;Высшая школа перевода;Русский язык|Иностранный язык;Обществознание|История;1;;;;paid_only;https://tabiturient.ru/vuzu/mgu/proxodnoi/;555
msu;45.03.02;Лингвистика;бакалавриат;"Межкультурная коммуникация; Теория и методика преподавания иностранных языков";Факультет иностранных языков и регионоведения;Русский язык|Иностранный язык;Обществознание|История;1;288;очно;2025;budget;https://tabiturient.ru/vuzu/mgu/proxodnoi/;589
msu;45.03.03;Фундаментальная и прикладная лингвистика;бакалавриат;Без профиля;Филологический факультет;Русский язык|Математика|Иностранный язык;;1;289;очно;2025;budget;https://tabiturient.ru/vuzu/mgu/proxodnoi/;616
msu;46.03.01;История;бакалавриат;Без профиля;Исторический факультет;Русский язык|История;Обществознание|Иностранный язык;1;267;очно;2025;budget;https://tabiturient.ru/vuzu/mgu/proxodnoi/;569
msu;46.03.01;История;бакалавриат;История международных отношений;Исторический факультет;Русский язык|История;Обществознание|Иностранный язык;1;264;очно;2025;budget;https://tabiturient.ru/vuzu/mgu/proxodnoi/;570
msu;47.03.01;Философия;бакалавриат;Без профиля;Философский факультет;Русский язык|Обществознание;Иностранный язык|Литература|История;1;250;очно;2025;budget;https://tabiturient.ru/vuzu/mgu/proxodnoi/;621
msu;47.03.03;Религиоведение;бакалавриат;Без профиля;Философский факультет;Русский язык|История;Обществознание|Иностранный язык|География|Литература;1;236;очно;2025;budget;https://tabiturient.ru/vuzu/mgu/proxodnoi/;620
msu;50.03.02;Изящные искусства;бакалавриат;Без профиля;Факультет искусств;Русский язык|Литература;Обществознание|Иностранный язык|История;1;;;;paid_only;https://tabiturient.ru/vuzu/mgu/proxodnoi/;594
msu;50.03.03;История искусств;бакалавриат;Без профиля;Исторический факультет;Русский язык|История;Иностранный язык|Литература;1;275;очно;2025;budget;https://tabiturient.ru/vuzu/mgu/proxodnoi/;572
msu;51.03.01;Культурология;бакалавриат;Без профиля;Факультет иностранных языков и регионоведения;Русский язык|Обществознание;Иностранный язык|Литература|История;1;272;очно;2025;budget;https://tabiturient.ru/vuzu/mgu/proxodnoi/;591
msu;51.03.01;Культурология;бакалавриат;Прагматика и менеджмент культуры;Философский факультет;Русский язык|Обществознание;Иностранный язык|Литература|История;1;263;очно;2025;budget;https://tabiturient.ru/vuzu/mgu/proxodnoi/;617
msu;01.05.01;Фундаментальные математика и механика;специалитет;Математика;Механико-математический факультет;Русский язык|Математика|Физика;;1;271;очно;2025;budget;https://tabiturient.ru/vuzu/mgu/proxodnoi/;573
msu;01.05.01;Фундаментальные математика и механика;специалитет;Механика;Механико-математический факультет;Русский язык|Математика|Физика;;1;266;очно;2025;budget;https://tabiturient.ru/vuzu/mgu/proxodnoi/;574
msu;01.05.01;Фундаментальные математика и механика;специалитет;Фундаментальная математика и математическая физика;Механико-математический факультет;Русский язык|Математика|Физика;;1;287;очно;2025;budget;https://tabiturient.ru/vuzu/mgu/proxodnoi/;9637
msu;01.05.01;Фундаментальные математика и механика;специалитет;Космические исследования и космонавтика;Факультет космических исследований;Русский язык|Математика;Информатика|Физика;1;270;очно;2025;budget;https://tabiturient.ru/vuzu/mgu/proxodnoi/;3766
msu;03.05.01;Астрономия;специалитет;Без профиля;Физический факультет;Русский язык|Математика|Физика;;1;293;очно;2025;budget;https://tabiturient.ru/vuzu/mgu/proxodnoi/;611
msu;04.05.01;Фундаментальная и прикладная химия;специалитет;Фундаментальная физико-химическая инженерия;Факультет фундаментальной физико-химической инженерии;Русский язык|Математика|Химия|Физика;;1;346;очно;2025;budget;https://tabiturient.ru/vuzu/mgu/proxodnoi/;610
msu;04.05.01;Фундаментальная и прикладная химия;специалитет;Без профиля;Химический факультет;Русский язык|Математика|Химия;Биология|Физика;1;355;очно;2025;budget;https://tabiturient.ru/vuzu/mgu/proxodnoi/;622
msu;06.05.01;Биоинженерия и биоинформатика;специалитет;Без профиля;Факультет биоинженерии и биоинформатики;Русский язык|Математика|Биология|Химия;;1;;;;quota_only;https://tabiturient.ru/vuzu/mgu/proxodnoi/;578
msu;31.05.01;Лечебное дело;специалитет;Без профиля;Факультет фундаментальной медицины;Русский язык|Биология|Химия;;1;285;очно;2025;budget;https://tabiturient.ru/vuzu/mgu/proxodnoi/;607
msu;33.05.01;Фармация;специалитет;Без профиля;Факультет фундаментальной медицины;Русский язык|Биология|Химия;;1;266;очно;2025;budget;https://tabiturient.ru/vuzu/mgu/proxodnoi/;608
msu;37.05.01;Клиническая психология;специалитет;Без профиля;Факультет психологии;Русский язык|Биология;Математика|Обществознание|Химия;1;260;очно;2025;budget;https://tabiturient.ru/vuzu/mgu/proxodnoi/;604
msu;37.05.02;Психология служебной деятельности;специалитет;Без профиля;Факультет психологии;Русский язык|Биология;Математика|Обществознание;1;241;очно;2025;budget;https://tabiturient.ru/vuzu/mgu/proxodnoi/;606
msu;44.05.01;Педагогика и психология девиантного поведения;специалитет;Без профиля;Факультет психологии;Русский язык|Обществознание;Математика|Биология|История;1;234;очно;2025;budget;https://tabiturient.ru/vuzu/mgu/proxodnoi/;605
msu;45.05.01;Перевод и переводоведение;специалитет;Без профиля;Высшая школа перевода;Русский язык|Иностранный язык;Обществознание|История;1;281;очно;2025;budget;https://tabiturient.ru/vuzu/mgu/proxodnoi/;556
msu;45.05.01;Перевод и переводоведение;специалитет;"Специальный перевод; Лингвистическое обеспечение межгосударственных отношений";Факультет иностранных языков и регионоведения;Русский язык|Иностранный язык;Обществознание|История;1;276;очно;2025;budget;https://tabiturient.ru/vuzu/mgu/proxodnoi/;592
msu;55.05.04;Продюсерство;специалитет;Без профиля;Высшая школа культурной политики и управления в гуманитарной сфере;Русский язык|Литература;Иностранный язык|Информатика;1;263;очно;2025;budget;https://tabiturient.ru/vuzu/mgu/proxodnoi/;554
msu;03.05.02;Фундаментальная и прикладная физика;специалитет;Физика частиц и экстремальных состояний материи;Физический факультет;Русский язык|Физика;Математика|Информатика;1;273;очно;2025;budget;https://tabiturient.ru/vuzu/mgu/proxodnoi/;22879
msu;03.05.02;Фундаментальная и прикладная физика;специалитет;Без профиля;Физический факультет;Русский язык|Физика;Математика|Информатика;1;272;очно;2025;budget;https://tabiturient.ru/vuzu/mgu/proxodnoi/;612
msu;03.05.02;Фундаментальная и прикладная физика;специалитет;Теоретическая и математическая физика;Физический факультет;Русский язык|Физика;Математика|Информатика;1;292;очно;2025;budget;https://tabiturient.ru/vuzu/mgu/proxodnoi/;26055
msu;06.05.02;Фундаментальная и прикладная биология;специалитет;"Биоинженерия и биотехнология; Биофизика";Биологический факультет;Русский язык|Математика|Биология|Химия;;1;363;очно;2025;budget;https://tabiturient.ru/vuzu/mgu/proxodnoi/;27432
msu;06.05.02;Фундаментальная и прикладная биология;специалитет;Физика-химическая биология. Общая биология;Биологический факультет;Русский язык|Математика|Биология|Химия;;1;342;очно;2025;budget;https://tabiturient.ru/vuzu/mgu/proxodnoi/;19138
mipt;01.03.01;Математика;бакалавриат;Фундаментальная математика;Высшая школа современной математики (ВШМ);Русский язык|Математика;Информатика|Физика;0;291;очно;2025;budget;https://tabiturient.ru/vuzu/mipt/proxodnoi/;24735
mipt;01.03.02;Прикладная математика и информатика;бакалавриат;Computer Science/Информатика;Физтех-школа прикладной математики и информатики (ФПМИ);Русский язык|Математика|Информатика;;0;;;;paid_only;https://tabiturient.ru/vuzu/mipt/proxodnoi/;22936
mipt;01.03.02;Прикладная математика и информатика;бакалавриат;"Прикладная математика и информатика; Математика; Анализ данных в экономике; Информатика; AI360: Передовые методы искусственного интеллекта";Физтех-школа прикладной математики и информатики (ФПМИ);Русский язык|Математика|Информатика;;0;303;очно;2025;budget;https://tabiturient.ru/vuzu/mipt/proxodnoi/;727
mipt;03.03.01;Прикладные математика и физика;бакалавриат;"Авиационные технологии; Беспилотные авиационные системы";Физтех-школа авиационных и цифровых технологий (ПИШ ФАЛТ);Русский язык|Математика;Информатика|Физика;0;291;очно;2025;budget;https://tabiturient.ru/vuzu/mipt/proxodnoi/;7765
mipt;03.03.01;Прикладные математика и физика;бакалавриат;Геокосмические науки и технологии;Физтех-школа аэрокосмических технологий (ФАКТ);Русский язык|Математика;Информатика|Физика;0;279;очно;2025;budget;https://tabiturient.ru/vuzu/mipt/proxodnoi/;7766
mipt;03.03.01;Прикладные математика и физика;бакалавриат;Биоинженерия и биотехнология;Высшая школа биологической инженерии (БИТ);Русский язык|Математика;Информатика|Химия|Физика;0;;;;budget;https://tabiturient.ru/vuzu/mipt/proxodnoi/;26198
mipt;03.03.01;Прикладные математика и физика;бакалавриат;Радиотехника и компьютерные технологии;Физтех-школа радиотехники и компьютерных технологий (ФРКТ);Русский язык|Математика|Физика;;0;292;очно;2025;budget;https://tabiturient.ru/vuzu/mipt/proxodnoi/;716
mipt;03.03.01;Прикладные математика и физика;бакалавриат;Общая и прикладная физика;Физтех-школа физики и исследований им. Ландау (ЛФИ);Русский язык|Математика|Физика;;0;291;очно;2025;budget;https://tabiturient.ru/vuzu/mipt/proxodnoi/;717
mipt;03.03.01;Прикладные математика и физика;бакалавриат;"Физика перспективных технологий: альтернативная энергетика, научное программирование и функциональные материалы; Физика перспективных технологий: электроника и квантовые технологии";Физтех-школа электроники, фотоники и молекулярной физики (ФЭФМ);Русский язык|Математика;Химия|Физика;0;286;очно;2025;budget;https://tabiturient.ru/vuzu/mipt/proxodnoi/;9677
mipt;03.03.01;Прикладные математика и физика;бакалавриат;Биофизика и биоинформатика;Физтех-школа биологической и медицинской физики (ФБМФ);Русский язык|Математика;Информатика|Химия|Физика;0;287;очно;2025;budget;https://tabiturient.ru/vuzu/mipt/proxodnoi/;9680
mipt;03.03.01;Прикладные математика и физика;бакалавриат;"Природоподобные технологии и биомиметический дизайн материалов и систем; Междисциплинарные исследования на установках класса «мегасайенс»; Физика атомных ядер и элементарных частиц, физика высоких энергий";Физтех-школа природоподобных, плазменных и ядерных технологий им. И. В. Курчатова (КНТ);Русский язык|Математика;Информатика|Химия|Физика;0;265;очно;2025;budget;https://tabiturient.ru/vuzu/mipt/proxodnoi/;722
mipt;09.03.01;Информатика и вычислительная техника;бакалавриат;Программная инженерия и компьютерные технологии;Физтех-школа авиационных и цифровых технологий (ПИШ ФАЛТ);Русский язык|Математика;Информатика|Физика;0;282;очно;2025;budget;https://tabiturient.ru/vuzu/mipt/proxodnoi/;19218
mipt;09.03.01;Информатика и вычислительная техника;бакалавриат;Компьютерные технологии и вычислительная техника;Физтех-школа радиотехники и компьютерных технологий (ФРКТ);Русский язык|Математика;Информатика|Физика;0;;;;quota_only;https://tabiturient.ru/vuzu/mipt/proxodnoi/;17504
mipt;09.03.01;Информатика и вычислительная техника;бакалавриат;Математическое моделирование и теория управления;Физтех-школа прикладной математики и информатики (ФПМИ);Русский язык|Математика;Информатика|Физика;0;289;очно;2025;budget;https://tabiturient.ru/vuzu/mipt/proxodnoi/;22937
mipt;09.03.01;Информатика и вычислительная техника;бакалавриат;Естественные и компьютерные науки;Физтех-школа прикладной математики и информатики (ФПМИ);Русский язык|Математика;Информатика|Физика;0;304;очно;2025;budget;https://tabiturient.ru/vuzu/mipt/proxodnoi/;24736
mipt;09.03.01;Информатика и вычислительная техника;бакалавриат;Системное программирование и прикладная математика;Физтех-школа прикладной математики и информатики (ФПМИ);Русский язык|Математика|Информатика|Физика;;0;391;очно;2025;budget;https://tabiturient.ru/vuzu/mipt/proxodnoi/;729
mipt;09.03.04;Программная инженерия;бакалавриат;Разработка программно-информационных систем;Высшая школа программной инженерии (ВШПИ);Русский язык|Математика|Информатика;;0;299;очно;2025;budget;https://tabiturient.ru/vuzu/mipt/proxodnoi/;22939
mipt;11.03.04;Электроника и наноэлектроника;бакалавриат;Физика перспективных технологий: микро- и наноэлектроника;Физтех-школа электроники, фотоники и молекулярной физики (ФЭФМ);Русский язык|Физика;Математика|Химия;0;282;очно;2025;budget;https://tabiturient.ru/vuzu/mipt/proxodnoi/;17505
mipt;16.03.01;Техническая физика;бакалавриат;Техническая физика космических летательных аппаратов;Физтех-школа аэрокосмических технологий (ФАКТ);Русский язык|Математика|Физика;;0;291;очно;2025;budget;https://tabiturient.ru/vuzu/mipt/proxodnoi/;9681
mipt;19.03.01;Биотехнология;бакалавриат;Биоинженерия и биотехнология;Высшая школа биологической инженерии (БИТ);Русский язык|Биология;Математика|Информатика|Химия|Физика;0;;;;budget;https://tabiturient.ru/vuzu/mipt/proxodnoi/;26199
mipt;19.03.01;Биотехнология;бакалавриат;Биотехнология;Физтех-школа биологической и медицинской физики (ФБМФ);Русский язык|Биология;Математика|Информатика|Химия|Физика;0;281;очно;2025;budget;https://tabiturient.ru/vuzu/mipt/proxodnoi/;7768
mipt;27.03.03;Системный анализ и управление;бакалавриат;"Управление инновациями в бизнесе (сетевая программа МШУ ""СКОЛКОВО"" )";Физтех-школа бизнеса высоких технологий (ФБВТ);Русский язык|Математика;Информатика|Химия|Физика;0;;;;paid_only;https://tabiturient.ru/vuzu/mipt/proxodnoi/;19220
mipt;38.03.01;Экономика;бакалавриат;"Управление инновациями в бизнесе (сетевая программа МШУ ""СКОЛКОВО"" )";Физтех-школа бизнеса высоких технологий (ФБВТ);Русский язык|Математика;Обществознание|Иностранный язык|Информатика|География|История;0;;;;paid_only;https://tabiturient.ru/vuzu/mipt/proxodnoi/;19221
nsu;01.03.01;Математика;бакалавриат;(в том числе исследовательская группа фундаментальной математики);Механико-математический факультет;Русский язык|Математика;Информатика|Физика;0;222;очно;2025;budget;https://tabiturient.ru/vuzu/nsu/proxodnoi/;1484
nsu;01.03.02;Прикладная математика и информатика;бакалавриат;(в том числе Инженерная школа: Искусственный интеллект и прикладной инжиниринг);Механико-математический факультет;Русский язык|Математика;Информатика|Физика;0;222;очно;2025;budget;https://tabiturient.ru/vuzu/nsu/proxodnoi/;1485
nsu;01.03.03;Механика и математическое моделирование;бакалавриат;(в том числе Математические методы и информационные технологии в механике);Механико-математический факультет;Русский язык|Математика;Информатика|Физика;0;222;очно;2025;budget;https://tabiturient.ru/vuzu/nsu/proxodnoi/;1486
nsu;02.03.01;Математика и компьютерные науки;бакалавриат;Без профиля;Механико-математический факультет;Русский язык|Математика;Информатика|Физика;0;239;очно;2025;budget;https://tabiturient.ru/vuzu/nsu/proxodnoi/;1487
nsu;03.03.01;Прикладные математика и физика;бакалавриат;Прикладная физика и инженерия;Физический факультет;Русский язык|Математика;Информатика|Физика;0;;;;budget;https://tabiturient.ru/vuzu/nsu/proxodnoi/;26114
nsu;03.03.01;Прикладные математика и физика;бакалавриат;Физика и информационные технологии;Физический факультет;Русский язык|Математика;Информатика|Физика;0;233;очно;2025;budget;https://tabiturient.ru/vuzu/nsu/proxodnoi/;22986
nsu;03.03.02;Физика;бакалавриат;Фундаментальная и экспериментальная физика;Физический факультет;Русский язык|Физика;Математика|Информатика;0;220;очно;2025;budget;https://tabiturient.ru/vuzu/nsu/proxodnoi/;1488
nsu;04.03.01;Химия;бакалавриат;Фундаментальная наука и прорывные технологии;Факультет естественных наук;Русский язык|Химия;Математика|Физика;0;233;очно;2025;budget;https://tabiturient.ru/vuzu/nsu/proxodnoi/;1489
nsu;05.03.01;Геология;бакалавриат;Без профиля;Геолого-геофизический факультет;Русский язык|Математика;Информатика|География|Химия|Физика;0;222;очно;2025;budget;https://tabiturient.ru/vuzu/nsu/proxodnoi/;1497
nsu;06.03.01;Биология;бакалавриат;Передовые исследования и технологии;Факультет естественных наук;Русский язык|Биология;Математика|Физика;0;225;очно;2025;budget;https://tabiturient.ru/vuzu/nsu/proxodnoi/;1491
nsu;09.03.01;Информатика и вычислительная техника;бакалавриат;Компьютерные науки и системотехника;Факультет информационных технологий;Русский язык|Математика;Информатика|Физика;0;267;очно;2025;budget;https://tabiturient.ru/vuzu/nsu/proxodnoi/;9735
nsu;09.03.01;Информатика и вычислительная техника;бакалавриат;Программная инженерия и компьютерные науки;Факультет информационных технологий;Русский язык|Математика;Информатика|Физика;0;247;очно;2025;budget;https://tabiturient.ru/vuzu/nsu/proxodnoi/;1498
nsu;09.03.03;Прикладная информатика;бакалавриат;Прикладной искусственный интеллект;Институт интеллектуальной робототехники;Русский язык|Математика;Информатика|Физика;0;;;;budget;https://tabiturient.ru/vuzu/nsu/proxodnoi/;26115
nsu;15.03.06;Мехатроника и робототехника;бакалавриат;Искусственный интеллект;Институт интеллектуальной робототехники;Русский язык|Математика;Информатика|Физика;0;;;;budget;https://tabiturient.ru/vuzu/nsu/proxodnoi/;7850
nsu;37.03.01;Психология;бакалавриат;Без профиля;Институт медицины и психологии В. Зельмана;Русский язык|Обществознание|Биология;;0;241;очно;2025;budget;https://tabiturient.ru/vuzu/nsu/proxodnoi/;1477
nsu;38.03.01;Экономика;бакалавриат;Без профиля;Экономический факультет;Русский язык|Математика;Обществознание|Иностранный язык|Информатика|География|История;0;247;очно;2025;budget;https://tabiturient.ru/vuzu/nsu/proxodnoi/;1492
nsu;38.03.02;Менеджмент;бакалавриат;Без профиля;Экономический факультет;Русский язык|Математика;Обществознание|Иностранный язык|Информатика|История;0;247;очно;2025;budget;https://tabiturient.ru/vuzu/nsu/proxodnoi/;1493
nsu;38.03.05;Бизнес-информатика;бакалавриат;Без профиля;Экономический факультет;Русский язык|Математика;Обществознание|Информатика|История;0;248;очно;2025;budget;https://tabiturient.ru/vuzu/nsu/proxodnoi/;1494
nsu;39.03.01;Социология;бакалавриат;Общая социология: социологические исследования и проекты;Экономический факультет;Русский язык|Обществознание;Математика|Иностранный язык|История;0;233;очно;2025;budget;https://tabiturient.ru/vuzu/nsu/proxodnoi/;1495
nsu;40.03.01;Юриспруденция;бакалавриат;Юрист в сфере экономической деятельности;Экономический факультет;Русский язык|Обществознание;Иностранный язык|Информатика|История;0;235;очно;2025;budget;https://tabiturient.ru/vuzu/nsu/proxodnoi/;1496
nsu;40.03.01;Юриспруденция;бакалавриат;Без профиля;Институт философии и права;Русский язык|Обществознание;Иностранный язык|Информатика|История;0;253;очно;2025;budget;https://tabiturient.ru/vuzu/nsu/proxodnoi/;1499
nsu;58.03.01;Востоковедение и африканистика;бакалавриат;Без профиля;Гуманитарный институт;Русский язык|История;Обществознание|Иностранный язык;0;256;очно;2025;budget;https://tabiturient.ru/vuzu/nsu/proxodnoi/;1478
nsu;42.03.02;Журналистика;бакалавриат;Без профиля;Гуманитарный институт;Русский язык|Литература;;1;167;очно;2025;budget;https://tabiturient.ru/vuzu/nsu/proxodnoi/;1479
nsu;45.03.01;Филология;бакалавриат;Без профиля;Гуманитарный институт;Русский язык|Литература;Обществознание|Иностранный язык|История;0;248;очно;2025;budget;https://tabiturient.ru/vuzu/nsu/proxodnoi/;1480
nsu;45.03.02;Лингвистика;бакалавриат;Без профиля;Гуманитарный институт;Русский язык|Иностранный язык;Обществознание|Литература|История;0;272;очно;2025;budget;https://tabiturient.ru/vuzu/nsu/proxodnoi/;1481
nsu;45.03.03;Фундаментальная и прикладная лингвистика;бакалавриат;Математическая и прикладная лингвистика;Гуманитарный институт;Русский язык|Иностранный язык;Математика|Информатика;0;256;очно;2025;budget;https://tabiturient.ru/vuzu/nsu/proxodnoi/;1482
nsu;46.03.01;История;бакалавриат;Без профиля;Гуманитарный институт;Русский язык|История;Обществознание|Иностранный язык|География|Литература;0;224;очно;2025;budget;https://tabiturient.ru/vuzu/nsu/proxodnoi/;1483
nsu;47.03.01;Философия;бакалавриат;Без профиля;Институт философии и права;Русский язык|Обществознание;Иностранный язык|Литература|История;0;220;очно;2025;budget;https://tabiturient.ru/vuzu/nsu/proxodnoi/;1500
nsu;04.05.01;Фундаментальная и прикладная химия;специалитет;Без профиля;Факультет естественных наук;Русский язык|Химия;Математика|Физика;0;251;очно;2025;budget;https://tabiturient.ru/vuzu/nsu/proxodnoi/;1490
nsu;30.05.03;Медицинская кибернетика;специалитет;Без профиля;Институт медицины и психологии В. Зельмана;Русский язык|Математика;Информатика|Биология;0;;;;quota_only;https://tabiturient.ru/vuzu/nsu/proxodnoi/;24592
nsu;31.05.01;Лечебное дело;специалитет;Без профиля;Институт медицины и психологии В. Зельмана;Русский язык|Биология|Химия;;0;259;очно;2025;budget;https://tabiturient.ru/vuzu/nsu/proxodnoi/;1476
nsu;31.05.01;Лечебное дело;специалитет;Англоязычная программа;Институт медицины и психологии В. Зельмана;Русский язык|Биология|Химия;;0;;;;paid_only;https://tabiturient.ru/vuzu/nsu/proxodnoi/;27101
hse;01.03.01;Математика;бакалавриат;Без профиля;Факультет математики;Русский язык|Математика;Информатика|Физика;0;297;очно;2025;budget;https://tabiturient.ru/vuzu/hse/proxodnoi/;76
hse;01.03.01;Математика;бакалавриат;Совместный бакалавриат НИУ ВШЭ и Центра педагогического мастерства;Факультет математики;Русский язык|Математика;Информатика|Физика;0;291;очно;2025;budget;https://tabiturient.ru/vuzu/hse/proxodnoi/;79
hse;01.03.02;Прикладная математика и информатика;бакалавриат;Без профиля;Факультет компьютерных наук;Русский язык|Математика|Информатика;;0;;;;quota_only;https://tabiturient.ru/vuzu/hse/proxodnoi/;78
hse;01.03.02;Прикладная математика и информатика;бакалавриат;Компьютерные науки и анализ данных (онлайн);Факультет компьютерных наук;Русский язык|Математика;Информатика|Физика;0;;;;quota_only;https://tabiturient.ru/vuzu/hse/proxodnoi/;9638
hse;01.03.02;Прикладная математика и информатика;бакалавриат;Прикладной анализ данных/Data Science and Business Analytics (реализуется на английском языке);Факультет компьютерных наук;Русский язык|Математика;Информатика|Физика;0;;;;paid_only;https://tabiturient.ru/vuzu/hse/proxodnoi/;2218
hse;01.03.04;Прикладная математика;бакалавриат;Без профиля;Московский институт электроники и математики им. А.Н. Тихонова;Русский язык|Математика;Информатика|Физика;0;310;очно;2025;budget;https://tabiturient.ru/vuzu/hse/proxodnoi/;77
hse;03.03.02;Физика;бакалавриат;Без профиля;Факультет физики;Русский язык|Математика|Физика;;0;274;очно;2025;budget;https://tabiturient.ru/vuzu/hse/proxodnoi/;89
hse;04.03.01;Химия;бакалавриат;Без профиля;Факультет химии;Русский язык|Химия;Математика|Физика;0;285;очно;2025;budget;https://tabiturient.ru/vuzu/hse/proxodnoi/;3866
hse;04.03.02;Химия, физика и механика материалов;бакалавриат;Химия новых материалов;Факультет химии;Русский язык|Химия;Математика|Физика;0;278;очно;2025;budget;https://tabiturient.ru/vuzu/hse/proxodnoi/;24667
hse;05.03.02;География;бакалавриат;География глобальных изменений и геоинформационные технологии;Факультет географии и геоинформационных технологий;Русский язык|География;Математика|Информатика|Физика;0;;;;quota_only;https://tabiturient.ru/vuzu/hse/proxodnoi/;7743
hse;06.03.01;Биология;бакалавриат;Клеточная и молекулярная биотехнология;Факультет биологии и биотехнологии;Русский язык|Биология;Математика|Химия;0;288;очно;2025;budget;https://tabiturient.ru/vuzu/hse/proxodnoi/;3867
hse;06.03.01;Биология;бакалавриат;Когнитивная нейробиология;Факультет биологии и биотехнологии;Русский язык|Биология;Математика|Химия;0;285;очно;2025;budget;https://tabiturient.ru/vuzu/hse/proxodnoi/;17476
hse;07.03.04;Градостроительство;бакалавриат;Девелопмент и городское планирование;Факультет городского и регионального развития;Русский язык|Математика;Информатика|География|Физика|История;0;284;очно;2025;budget;https://tabiturient.ru/vuzu/hse/proxodnoi/;3868
hse;09.03.01;Информатика и вычислительная техника;бакалавриат;Без профиля;Московский институт электроники и математики им. А.Н. Тихонова;Русский язык|Математика;Информатика|Физика;0;292;очно;2025;budget;https://tabiturient.ru/vuzu/hse/proxodnoi/;70
hse;09.03.04;Программная инженерия;бакалавриат;Без профиля;Факультет компьютерных наук;Русский язык|Математика|Информатика;;0;297;очно;2025;budget;https://tabiturient.ru/vuzu/hse/proxodnoi/;71
hse;09.03.04;Программная инженерия;бакалавриат;Разработка игр и цифровых продуктов;Факультет компьютерных наук;Русский язык|Математика;Информатика|Физика;0;;;;paid_only;https://tabiturient.ru/vuzu/hse/proxodnoi/;24668
hse;09.03.04;Программная инженерия;бакалавриат;Дизайн и разработка информационных продуктов;Факультет компьютерных наук;Русский язык|Математика|Информатика;;0;;;;paid_only;https://tabiturient.ru/vuzu/hse/proxodnoi/;22880
hse;09.03.04;Программная инженерия;бакалавриат;Проектирование интеллектуальных робототехнических систем;Факультет компьютерных наук;Русский язык|Математика;Информатика|Физика;0;;;;quota_only;https://tabiturient.ru/vuzu/hse/proxodnoi/;26058
hse;10.03.01;Информационная безопасность;бакалавриат;Без профиля;Московский институт электроники и математики им. А.Н. Тихонова;Русский язык|Математика;Информатика|Физика;0;298;очно;2025;budget;https://tabiturient.ru/vuzu/hse/proxodnoi/;3869
hse;11.03.02;Инфокоммуникационные технологии и системы связи;бакалавриат;Цифровые технологии и телекоммуникации;Московский институт электроники и математики им. А.Н. Тихонова;Русский язык|Математика;Информатика|Физика;0;273;очно;2025;budget;https://tabiturient.ru/vuzu/hse/proxodnoi/;100
hse;27.03.05;Инноватика;бакалавриат;Управление технологическими инновациями;Школа инноватики и предпринимательства;Русский язык|Математика;Информатика|Химия|Физика;0;299;очно;2025;budget;https://tabiturient.ru/vuzu/hse/proxodnoi/;26059
hse;37.03.01;Психология;бакалавриат;Без профиля;Факультет социальных наук;Русский язык|Математика|Биология;;0;265;очно;2025;budget;https://tabiturient.ru/vuzu/hse/proxodnoi/;84
hse;38.03.01;Экономика;бакалавриат;Экономический анализ (онлайн-программа);Факультет экономических наук;Русский язык|Математика;Обществознание|Иностранный язык|Информатика;0;291;очно;2025;budget;https://tabiturient.ru/vuzu/hse/proxodnoi/;17477
hse;38.03.01;Экономика;бакалавриат;Мировая экономика;Факультет мировой экономики и мировой политики;Русский язык|Математика|Иностранный язык;Обществознание|Информатика|География;0;;;;quota_only;https://tabiturient.ru/vuzu/hse/proxodnoi/;94
hse;38.03.01;Экономика;бакалавриат;Международная программа по экономике и финансам (реализуется на английском языке);Международный институт экономики и финансов;Русский язык|Математика|Иностранный язык;;0;;;;paid_only;https://tabiturient.ru/vuzu/hse/proxodnoi/;95
hse;38.03.01;Экономика;бакалавриат;Совместная программа по экономике НИУ ВШЭ и РЭШ;Факультет экономических наук;Русский язык|Математика;Обществознание|Иностранный язык|Информатика;0;310;очно;2025;budget;https://tabiturient.ru/vuzu/hse/proxodnoi/;96
hse;38.03.01;Экономика;бакалавриат;Экономика и анализ данных;Факультет экономических наук;Русский язык|Математика;Обществознание|Иностранный язык|Информатика;0;302;очно;2025;budget;https://tabiturient.ru/vuzu/hse/proxodnoi/;18785
hse;38.03.01;Экономика;бакалавриат;Без профиля;Факультет экономических наук;Русский язык|Математика;Обществознание|Иностранный язык|Информатика;0;309;очно;2025;budget;https://tabiturient.ru/vuzu/hse/proxodnoi/;98
hse;38.03.01;Экономика;бакалавриат;Экономика и статистика;Факультет экономических наук;Русский язык|Математика;Обществознание|Иностранный язык|Информатика;0;295;очно;2025;budget;https://tabiturient.ru/vuzu/hse/proxodnoi/;99
hse;38.03.02;Менеджмент;бакалавриат;Международный бизнес/ International Business (реализуется на английском языке);Высшая школа бизнеса;Русский язык|Математика|Иностранный язык;;0;;;;paid_only;https://tabiturient.ru/vuzu/hse/proxodnoi/;17478
hse;38.03.02;Менеджмент;бакалавриат;Маркетинг и рыночная аналитика;Высшая школа бизнеса;Русский язык|Математика|Иностранный язык;;0;291;очно;2025;budget;https://tabiturient.ru/vuzu/hse/proxodnoi/;93
hse;38.03.02;Менеджмент;бакалавриат;Управление бизнесом;Высшая школа бизнеса;Русский язык|Математика|Иностранный язык;;0;288;очно;2025;budget;https://tabiturient.ru/vuzu/hse/proxodnoi/;97
hse;38.03.04;Государственное и муниципальное управление;бакалавриат;Без профиля;Факультет социальных наук;Русский язык|Обществознание;Математика|История;0;274;очно;2025;budget;https://tabiturient.ru/vuzu/hse/proxodnoi/;91
hse;38.03.05;Бизнес-информатика;бакалавриат;Без профиля;Высшая школа бизнеса;Русский язык|Математика|Информатика;;0;296;очно;2025;budget;https://tabiturient.ru/vuzu/hse/proxodnoi/;90
hse;38.03.05;Бизнес-информатика;бакалавриат;Технологии анализа данных в бизнесе;Высшая школа бизнеса;Русский язык|Математика|Информатика;;0;293;очно;2025;budget;https://tabiturient.ru/vuzu/hse/proxodnoi/;24669
hse;38.03.05;Бизнес-информатика;бакалавриат;Управление цифровым продуктом;Высшая школа бизнеса;Русский язык|Математика|Информатика;;0;;;;paid_only;https://tabiturient.ru/vuzu/hse/proxodnoi/;2220
hse;39.03.01;Социология;бакалавриат;Без профиля;Факультет социальных наук;Русский язык|Математика|Обществознание;;0;262;очно;2025;budget;https://tabiturient.ru/vuzu/hse/proxodnoi/;85
hse;40.03.01;Юриспруденция;бакалавриат;Без профиля;Факультет права;Русский язык|Обществознание;Иностранный язык|История;0;275;очно;2025;budget;https://tabiturient.ru/vuzu/hse/proxodnoi/;101
hse;40.03.01;Юриспруденция;бакалавриат;Цифровой юрист;Факультет права;Русский язык|Обществознание;Иностранный язык|Информатика|История;0;278;очно;2025;budget;https://tabiturient.ru/vuzu/hse/proxodnoi/;102
hse;41.03.01;Зарубежное регионоведение;бакалавриат;Программа двух дипломов НИУ ВШЭ и Университета Кёнхи «Экономика и политика в Азии»/KHU-HSE Double Degree Program Economics and Politics in Asia;Факультет мировой экономики и мировой политики;Русский язык|Иностранный язык|История;;0;;;;paid_only;https://tabiturient.ru/vuzu/hse/proxodnoi/;2219
hse;58.03.01;Востоковедение и африканистика;бакалавриат;Востоковедение;Факультет мировой экономики и мировой политики;Русский язык|История;Обществознание|Иностранный язык|География;0;290;очно;2025;budget;https://tabiturient.ru/vuzu/hse/proxodnoi/;80
hse;58.03.01;Востоковедение и африканистика;бакалавриат;Арабский мир и Христианский Восток;Институт классического Востока и античности;Русский язык|Иностранный язык|История;;0;276;очно;2025;budget;https://tabiturient.ru/vuzu/hse/proxodnoi/;26060
hse;58.03.01;Востоковедение и африканистика;бакалавриат;Иран и Центральная Азия;Институт классического Востока и античности;Русский язык|Иностранный язык|История;;0;258;очно;2025;budget;https://tabiturient.ru/vuzu/hse/proxodnoi/;26061
hse;58.03.01;Востоковедение и африканистика;бакалавриат;Китай: язык, культура, общество;Институт классического Востока и античности;Русский язык|Иностранный язык|История;;0;275;очно;2025;budget;https://tabiturient.ru/vuzu/hse/proxodnoi/;26062
hse;41.03.04;Политология;бакалавриат;Без профиля;Факультет социальных наук;Русский язык|История;Математика|Обществознание|Иностранный язык|Информатика|География;0;300;очно;2025;budget;https://tabiturient.ru/vuzu/hse/proxodnoi/;82
hse;41.03.05;Международные отношения;бакалавриат;Без профиля;Факультет мировой экономики и мировой политики;Русский язык|Иностранный язык|История;Обществознание|География;0;;;;quota_only;https://tabiturient.ru/vuzu/hse/proxodnoi/;81
hse;41.03.05;Международные отношения;бакалавриат;Международная программа «Международные отношения и глобальные исследования»/ International Program «International Relations and Global Studies»;Факультет мировой экономики и мировой политики;Русский язык|Иностранный язык|История;;0;;;;paid_only;https://tabiturient.ru/vuzu/hse/proxodnoi/;83
hse;41.03.06;Публичная политика и социальные науки;бакалавриат;Международная программа «Международные отношения и глобальные исследования»/ International Program «International Relations and Global Studies»;Факультет мировой экономики и мировой политики;Русский язык|Обществознание|Иностранный язык;;0;;;;paid_only;https://tabiturient.ru/vuzu/hse/proxodnoi/;7744
hse;41.03.06;Публичная политика и социальные науки;бакалавриат;Программа двух дипломов НИУ ВШЭ и Университета Кёнхи «Экономика и политика в Азии»/KHU-HSE Double Degree Program Economics and Politics in Asia;Факультет мировой экономики и мировой политики;Русский язык|Обществознание|Иностранный язык;;0;;;;paid_only;https://tabiturient.ru/vuzu/hse/proxodnoi/;17486
hse;42.03.01;Реклама и связи с общественностью;бакалавриат;Стратегия и продюсирование в коммуникациях;Факультет креативных индустрий;Русский язык|Обществознание;Иностранный язык|Информатика|История;0;301;очно;2025;budget;https://tabiturient.ru/vuzu/hse/proxodnoi/;17480
hse;42.03.01;Реклама и связи с общественностью;бакалавриат;Без профиля;Факультет креативных индустрий;Русский язык|Обществознание;Иностранный язык|Информатика|История;0;293;очно;2025;budget;https://tabiturient.ru/vuzu/hse/proxodnoi/;88
hse;42.03.01;Реклама и связи с общественностью;бакалавриат;Глобальные цифровые коммуникации (онлайн);Факультет креативных индустрий;Русский язык|Обществознание;Иностранный язык|Информатика|История;0;293;очно;2025;budget;https://tabiturient.ru/vuzu/hse/proxodnoi/;22881
hse;42.03.02;Журналистика;бакалавриат;Без профиля;Факультет креативных индустрий;Русский язык|Литература;;1;191;очно;2025;budget;https://tabiturient.ru/vuzu/hse/proxodnoi/;86
hse;42.03.05;Медиакоммуникации;бакалавриат;Глобальные цифровые коммуникации (онлайн);Факультет креативных индустрий;Русский язык|Литература;Обществознание|Иностранный язык|География|История;0;290;очно;2025;budget;https://tabiturient.ru/vuzu/hse/proxodnoi/;17481
hse;42.03.05;Медиакоммуникации;бакалавриат;Без профиля;Факультет креативных индустрий;Русский язык|Литература;Обществознание|Иностранный язык|История;0;296;очно;2025;budget;https://tabiturient.ru/vuzu/hse/proxodnoi/;87
hse;42.03.05;Медиакоммуникации;бакалавриат;Управление в креативных индустриях;Факультет креативных индустрий;Русский язык|Литература;Обществознание|Иностранный язык|История;0;;;;paid_only;https://tabiturient.ru/vuzu/hse/proxodnoi/;18786
hse;42.03.05;Медиакоммуникации;бакалавриат;Реклама и связи с общественностью;Факультет креативных индустрий;Русский язык|Литература;Обществознание|Иностранный язык|География|История;0;289;очно;2025;budget;https://tabiturient.ru/vuzu/hse/proxodnoi/;22882
hse;42.03.05;Медиакоммуникации;бакалавриат;Кинопроизводство;Факультет креативных индустрий;Русский язык|Литература;;1;;;;paid_only;https://tabiturient.ru/vuzu/hse/proxodnoi/;19139
hse;45.03.01;Филология;бакалавриат;Классическая филология;Институт классического Востока и античности;Русский язык|Литература;Обществознание|Иностранный язык|История;0;278;очно;2025;budget;https://tabiturient.ru/vuzu/hse/proxodnoi/;3872
hse;45.03.01;Филология;бакалавриат;Современная филология;Факультет гуманитарных наук;Русский язык|Литература;Обществознание|Иностранный язык|История;0;300;очно;2025;budget;https://tabiturient.ru/vuzu/hse/proxodnoi/;104
hse;45.03.02;Лингвистика;бакалавриат;Иностранные языки и межкультурная коммуникация;Школа иностранных языков;Русский язык|Иностранный язык;Обществознание|Литература|История;0;294;очно;2025;budget;https://tabiturient.ru/vuzu/hse/proxodnoi/;103
hse;45.03.03;Фундаментальная и прикладная лингвистика;бакалавриат;Фундаментальная и компьютерная лингвистика;Факультет гуманитарных наук;Русский язык|Иностранный язык;Математика|Информатика;0;286;очно;2025;budget;https://tabiturient.ru/vuzu/hse/proxodnoi/;105
hse;46.03.01;История;бакалавриат;Без профиля;Факультет гуманитарных наук;Русский язык|История;Обществознание|Иностранный язык|Литература;0;274;очно;2025;budget;https://tabiturient.ru/vuzu/hse/proxodnoi/;74
hse;47.03.01;Философия;бакалавриат;Практическая философия;Факультет гуманитарных наук;Русский язык|Обществознание;Иностранный язык|Литература|История;0;268;очно;2025;budget;https://tabiturient.ru/vuzu/hse/proxodnoi/;3873
hse;50.03.02;Изящные искусства;бакалавриат;Современное искусство;Факультет креативных индустрий;Русский язык|Литература;Обществознание|Иностранный язык|История;0;;;;paid_only;https://tabiturient.ru/vuzu/hse/proxodnoi/;3874
hse;50.03.03;История искусств;бакалавриат;Без профиля;Факультет гуманитарных наук;Русский язык|История;Иностранный язык|Литература;0;273;очно;2025;budget;https://tabiturient.ru/vuzu/hse/proxodnoi/;73
hse;51.03.01;Культурология;бакалавриат;Без профиля;Факультет гуманитарных наук;Русский язык|Обществознание;Иностранный язык|Литература|История;0;284;очно;2025;budget;https://tabiturient.ru/vuzu/hse/proxodnoi/;75
hse;54.03.01;Дизайн;бакалавриат;Без профиля;Факультет креативных индустрий;Русский язык|Литература;;1;196;очно;2025;budget;https://tabiturient.ru/vuzu/hse/proxodnoi/;68
hse;54.03.01;Дизайн;бакалавриат;Мода;Факультет креативных индустрий;Русский язык|Литература;;1;;;;paid_only;https://tabiturient.ru/vuzu/hse/proxodnoi/;69
hse;54.03.01;Дизайн;бакалавриат;Разработка игр и цифровых продуктов;Факультет креативных индустрий;Русский язык|Литература;;1;;;;paid_only;https://tabiturient.ru/vuzu/hse/proxodnoi/;24670
hse;10.05.01;Компьютерная безопасность;специалитет;Без профиля;Московский институт электроники и математики им. А.Н. Тихонова;Русский язык|Математика;Информатика|Физика;0;287;очно;2025;budget;https://tabiturient.ru/vuzu/hse/proxodnoi/;72
hse;52.05.01;Актерское искусство;специалитет;Актёр;Факультет креативных индустрий;Русский язык|Литература;;1;;;;paid_only;https://tabiturient.ru/vuzu/hse/proxodnoi/;17482
spbu;01.03.01;Математика;бакалавриат;Математика (с дополнительной квалификацией «Специалист по научно-исследовательским разработкам»);Факультет математики и компьютерных наук;Русский язык|Математика;Информатика|Физика;0;293;очно;2025;budget;https://tabiturient.ru/vuzu/spbgu/proxodnoi/;785
spbu;01.03.02;Прикладная математика и информатика;бакалавриат;Прикладная математика, современное программирование и искусственный интеллект (с дополнительной квалификацией «Системный аналитик»);Математико-механический факультет;Русский язык|Математика|Информатика;;0;282;очно;2025;budget;https://tabiturient.ru/vuzu/spbgu/proxodnoi/;786
spbu;01.03.02;Прикладная математика и информатика;бакалавриат;Прикладная математика, процессы управления и искусственный интеллект (с дополнительной квалификацией «Программист»);Факультет прикладной математики - процессов управления;Русский язык|Математика;Информатика|Физика;0;267;очно;2025;budget;https://tabiturient.ru/vuzu/spbgu/proxodnoi/;788
spbu;01.03.02;Прикладная математика и информатика;бакалавриат;Современное программирование (с дополнительной квалификацией «Программист»);Факультет математики и компьютерных наук;Русский язык|Математика|Информатика;;0;294;очно;2025;budget;https://tabiturient.ru/vuzu/spbgu/proxodnoi/;3968
spbu;02.03.01;Математика и компьютерные науки;бакалавриат;Математика и компьютерные науки;Математико-механический факультет;Русский язык|Математика|Информатика;;0;284;очно;2025;budget;https://tabiturient.ru/vuzu/spbgu/proxodnoi/;791
spbu;02.03.01;Математика и компьютерные науки;бакалавриат;Науки о данных (с дополнительной квалификацией «Специалист по большим данным»);Факультет математики и компьютерных наук;Русский язык|Математика|Информатика;;0;294;очно;2025;budget;https://tabiturient.ru/vuzu/spbgu/proxodnoi/;3969
spbu;02.03.01;Математика и компьютерные науки;бакалавриат;AI360: Математика машинного обучения;Факультет математики и компьютерных наук;Русский язык|Математика|Информатика;;0;300;очно;2025;budget;https://tabiturient.ru/vuzu/spbgu/proxodnoi/;24750
spbu;02.03.02;Фундаментальная информатика и информационные технологии;бакалавриат;Программирование и информационные технологии;Факультет прикладной математики - процессов управления;Русский язык|Математика|Информатика;;0;271;очно;2025;budget;https://tabiturient.ru/vuzu/spbgu/proxodnoi/;792
spbu;02.03.02;Фундаментальная информатика и информационные технологии;бакалавриат;Большие данные и распределенная цифровая платформа;Факультет прикладной математики - процессов управления;Русский язык|Математика|Информатика;;0;265;очно;2025;budget;https://tabiturient.ru/vuzu/spbgu/proxodnoi/;9682
spbu;02.03.03;Математическое обеспечение и администрирование информационных систем;бакалавриат;Технологии программирования;Математико-механический факультет;Русский язык|Математика|Информатика;;0;267;очно;2025;budget;https://tabiturient.ru/vuzu/spbgu/proxodnoi/;793
spbu;03.03.01;Прикладные математика и физика;бакалавриат;Инженерно-ориентированная физика;Физический факультет;Русский язык|Математика|Физика;;0;284;очно;2025;budget;https://tabiturient.ru/vuzu/spbgu/proxodnoi/;794
spbu;03.03.01;Прикладные математика и физика;бакалавриат;Прикладные физика и математика (с дополнительной квалификацией «Программист»);Физический факультет;Русский язык|Математика|Физика;;0;275;очно;2025;budget;https://tabiturient.ru/vuzu/spbgu/proxodnoi/;795
spbu;03.03.02;Физика;бакалавриат;Физика (с дополнительной квалификацией «Программист»);Физический факультет;Русский язык|Математика|Физика;;0;261;очно;2025;budget;https://tabiturient.ru/vuzu/spbgu/proxodnoi/;796
spbu;04.03.01;Химия;бакалавриат;Химия (с дополнительными квалификациями «Специалист в области перевода научно технической литературы» / «Учитель химии»);Институт химии;Русский язык|Химия;Математика|Физика;0;277;очно;2025;budget;https://tabiturient.ru/vuzu/spbgu/proxodnoi/;799
spbu;04.03.02;Химия, физика и механика материалов;бакалавриат;Химическое материаловедение (с дополнительной квалификацией «Специалист в области перевода научно-технической литературы»);Институт химии;Русский язык|Химия;Математика|Физика;0;267;очно;2025;budget;https://tabiturient.ru/vuzu/spbgu/proxodnoi/;800
spbu;05.03.01;Геология;бакалавриат;Геология;Институт наук о Земле;Русский язык|Математика;Информатика|География|Химия|Физика;0;244;очно;2025;budget;https://tabiturient.ru/vuzu/spbgu/proxodnoi/;801
spbu;05.03.02;География;бакалавриат;География (с дополнительной квалификацией «Учитель географии»);Институт наук о Земле;Русский язык|География;Математика|Информатика|Биология|Физика;0;220;очно;2025;budget;https://tabiturient.ru/vuzu/spbgu/proxodnoi/;802
spbu;05.03.03;Картография и геоинформатика;бакалавриат;Картография и геоинформатика;Институт наук о Земле;Русский язык|География;Математика|Информатика|Биология|Физика;0;244;очно;2025;budget;https://tabiturient.ru/vuzu/spbgu/proxodnoi/;803
spbu;05.03.04;Гидрометеорология;бакалавриат;Гидрометеорология;Институт наук о Земле;Русский язык|География;Математика|Информатика|Биология|Физика;0;236;очно;2025;budget;https://tabiturient.ru/vuzu/spbgu/proxodnoi/;804
spbu;05.03.06;Экология и природопользование;бакалавриат;Экология и природопользование;Институт наук о Земле;Русский язык|География;Математика|Информатика|Биология|Химия|Физика;0;247;очно;2025;budget;https://tabiturient.ru/vuzu/spbgu/proxodnoi/;805
spbu;06.03.01;Биология;бакалавриат;Биология (с дополнительной квалификацией «Учитель биологии»);Биологический факультет;Русский язык|Биология|Химия;;0;270;очно;2025;budget;https://tabiturient.ru/vuzu/spbgu/proxodnoi/;806
spbu;06.03.01;Биология;бакалавриат;Биология: биоинженерные технологии (с дополнительной квалификацией «Учитель биологии»);Биологический факультет;Русский язык|Математика|Биология;;0;;;;paid_only;https://tabiturient.ru/vuzu/spbgu/proxodnoi/;7771
spbu;06.03.02;Почвоведение;бакалавриат;Почвоведение;Институт наук о Земле;Русский язык|Биология;Математика|Информатика|География|Химия;0;253;очно;2025;budget;https://tabiturient.ru/vuzu/spbgu/proxodnoi/;807
spbu;09.03.03;Прикладная информатика;бакалавриат;Прикладная информатика в области искусств и гуманитарных наук (с дополнительной квалификацией «Специалист по информационным системам»);Факультет искусств;Русский язык|Математика|Информатика;;0;273;очно;2025;budget;https://tabiturient.ru/vuzu/spbgu/proxodnoi/;808
spbu;09.03.03;Прикладная информатика;бакалавриат;Искусственный интеллект и наука о данных;Математико-механический факультет;Русский язык|Математика|Информатика;;0;280;очно;2025;budget;https://tabiturient.ru/vuzu/spbgu/proxodnoi/;18868
spbu;09.03.04;Программная инженерия;бакалавриат;Программная инженерия;Математико-механический факультет;Русский язык|Математика|Информатика;;0;286;очно;2025;budget;https://tabiturient.ru/vuzu/spbgu/proxodnoi/;809
spbu;21.03.01;Нефтегазовое дело;бакалавриат;Нефтегазовая геология;Институт наук о Земле;Русский язык|Математика;Информатика|География|Химия|Физика;0;261;очно;2025;budget;https://tabiturient.ru/vuzu/spbgu/proxodnoi/;810
spbu;21.03.02;Землеустройство и кадастры;бакалавриат;Кадастр недвижимости: оценка и информационное обеспечение (с дополнительной квалификацией «Специалист в области инженерно геодезических изысканий для градостроительной деятельности»);Институт наук о Земле;Русский язык|Математика;Информатика|География|Химия|Физика;0;257;очно;2025;budget;https://tabiturient.ru/vuzu/spbgu/proxodnoi/;811
spbu;27.03.03;Системный анализ и управление;бакалавриат;Прикладные компьютерные технологии и искусственный интеллект;Факультет прикладной математики - процессов управления;Русский язык|Математика;Информатика|Химия|Физика;0;268;очно;2025;budget;https://tabiturient.ru/vuzu/spbgu/proxodnoi/;812
spbu;37.03.01;Психология;бакалавриат;Психология;Факультет психологии;Русский язык|Математика|Биология;;0;255;очно;2025;budget;https://tabiturient.ru/vuzu/spbgu/proxodnoi/;815
spbu;38.03.01;Экономика;бакалавриат;Экономика;Экономический факультет;Русский язык|Математика;Обществознание|Иностранный язык|География|История;0;281;очно;2025;budget;https://tabiturient.ru/vuzu/spbgu/proxodnoi/;819
spbu;38.03.01;Экономика;бакалавриат;Экономика (с углубленным изучением экономики Китая и китайского языка);Экономический факультет;Русский язык|Математика;Обществознание|Иностранный язык|История;0;282;очно;2025;budget;https://tabiturient.ru/vuzu/spbgu/proxodnoi/;820
spbu;38.03.01;Экономика;бакалавриат;Экономико-математические методы;Экономический факультет;Русский язык|Математика;Обществознание|Иностранный язык|География|История;0;283;очно;2025;budget;https://tabiturient.ru/vuzu/spbgu/proxodnoi/;821
spbu;38.03.02;Менеджмент;бакалавриат;Международный менеджмент;Институт «Высшая школа менеджмента»;Русский язык|Математика|Иностранный язык;;0;;;;paid_only;https://tabiturient.ru/vuzu/spbgu/proxodnoi/;822
spbu;38.03.02;Менеджмент;бакалавриат;Менеджмент (с дополнительной квалификацией «Бизнес-аналитик»);Институт «Высшая школа менеджмента»;Русский язык|Математика;Обществознание|Иностранный язык|История;0;282;очно;2025;budget;https://tabiturient.ru/vuzu/spbgu/proxodnoi/;823
spbu;38.03.03;Управление персоналом;бакалавриат;Управление персоналом (с дополнительной квалификацией «Консультант в области управления персоналом»);Экономический факультет;Русский язык|Математика;Обществознание|Иностранный язык|История;0;279;очно;2025;budget;https://tabiturient.ru/vuzu/spbgu/proxodnoi/;824
spbu;38.03.04;Государственное и муниципальное управление;бакалавриат;Государственное и муниципальное управление;Институт «Высшая школа менеджмента»;Русский язык|Математика|История;;0;264;очно;2025;budget;https://tabiturient.ru/vuzu/spbgu/proxodnoi/;825
spbu;38.03.05;Бизнес-информатика;бакалавриат;Бизнес-информатика;Экономический факультет;Русский язык|Математика;Обществознание|Информатика|История;0;286;очно;2025;budget;https://tabiturient.ru/vuzu/spbgu/proxodnoi/;826
spbu;39.03.01;Социология;бакалавриат;Социология (с дополнительной квалификацией «Социолог: специалист по фундаментальным и прикладным социологическим исследованиям»);Факультет социологии;Русский язык|История;Математика|Обществознание|Иностранный язык;0;264;очно;2025;budget;https://tabiturient.ru/vuzu/spbgu/proxodnoi/;827
spbu;39.03.01;Социология;бакалавриат;Социологические исследования в цифровом обществе (с дополнительной квалификацией «Социолог: специалист по фундаментальным и прикладным социологическим исследованиям»);Факультет социологии;Русский язык|История;Математика|Обществознание;0;263;очно;2025;budget;https://tabiturient.ru/vuzu/spbgu/proxodnoi/;828
spbu;39.03.01;Социология;бакалавриат;Прикладная социология;Факультет социологии;Русский язык|История;Математика|Обществознание;0;260;очно;2025;budget;https://tabiturient.ru/vuzu/spbgu/proxodnoi/;24751
spbu;39.03.02;Социальная работа;бакалавриат;Социальная работа (с дополнительной квалификацией «Специалист по работе с семьей»);Факультет социологии;Русский язык|История;Обществознание|Литература;0;227;очно;2025;budget;https://tabiturient.ru/vuzu/spbgu/proxodnoi/;829
spbu;40.03.01;Юриспруденция;бакалавриат;Юриспруденция;Юридический факультет;Русский язык|История;Математика|Обществознание;0;284;очно;2025;budget;https://tabiturient.ru/vuzu/spbgu/proxodnoi/;830
spbu;40.03.01;Юриспруденция;бакалавриат;Юриспруденция (с углубленным изучением китайского языка и права КНР) (с дополнительной квалификацией «Специалист в области перевода»);Юридический факультет;Русский язык|История;Математика|Обществознание|Иностранный язык;0;284;очно;2025;budget;https://tabiturient.ru/vuzu/spbgu/proxodnoi/;831
spbu;40.03.01;Юриспруденция;бакалавриат;Юриспруденция (с углубленным изучением налогового права);Юридический факультет;Русский язык|Обществознание;Математика|История;1;362;очно;2025;budget;https://tabiturient.ru/vuzu/spbgu/proxodnoi/;24752
spbu;58.03.01;Востоковедение и африканистика;бакалавриат;История Индии (с дополнительной квалификацией «Специалист в области перевода»);Восточный факультет;Русский язык|Иностранный язык|История;;0;254;очно;2025;budget;https://tabiturient.ru/vuzu/spbgu/proxodnoi/;17543
spbu;58.03.01;Востоковедение и африканистика;бакалавриат;Арабская филология (с дополнительной квалификацией «Специалист в области перевода»);Восточный факультет;Русский язык|Иностранный язык|История;;0;272;очно;2025;budget;https://tabiturient.ru/vuzu/spbgu/proxodnoi/;17545
spbu;58.03.01;Востоковедение и африканистика;бакалавриат;Иранская филология (с дополнительной квалификацией «Специалист в области перевода»);Восточный факультет;Русский язык|Иностранный язык|История;;0;267;очно;2025;budget;https://tabiturient.ru/vuzu/spbgu/proxodnoi/;17546
spbu;58.03.01;Востоковедение и африканистика;бакалавриат;История Кавказа (Азербайджан) (с дополнительной квалификацией «Специалист в области перевода»);Восточный факультет;Русский язык|Иностранный язык|История;;0;259;очно;2025;budget;https://tabiturient.ru/vuzu/spbgu/proxodnoi/;17547
spbu;58.03.01;Востоковедение и африканистика;бакалавриат;История Кореи (с дополнительной квалификацией «Специалист в области перевода»;Восточный факультет;Русский язык|Иностранный язык|История;;0;274;очно;2025;budget;https://tabiturient.ru/vuzu/spbgu/proxodnoi/;17549
spbu;58.03.01;Востоковедение и африканистика;бакалавриат;История Китая (с дополнительной квалификацией «Специалист в области перевода»);Восточный факультет;Русский язык|Иностранный язык|История;;0;276;очно;2025;budget;https://tabiturient.ru/vuzu/spbgu/proxodnoi/;17550
spbu;58.03.01;Востоковедение и африканистика;бакалавриат;Языки и культуры Западной Африки (хауса) (с дополнительной квалификацией «Специалист в области перевода»);Восточный факультет;Русский язык|Иностранный язык|История;;0;255;очно;2025;budget;https://tabiturient.ru/vuzu/spbgu/proxodnoi/;17554
spbu;58.03.01;Востоковедение и африканистика;бакалавриат;История Японии (с дополнительной квалификацией «Специалист в области перевода»);Восточный факультет;Русский язык|Иностранный язык|История;;0;283;очно;2025;budget;https://tabiturient.ru/vuzu/spbgu/proxodnoi/;17556
spbu;58.03.01;Востоковедение и африканистика;бакалавриат;Тюркская филология (с дополнительной квалификацией «Специалист в области перевода»);Восточный факультет;Русский язык|Иностранный язык|История;;0;265;очно;2025;budget;https://tabiturient.ru/vuzu/spbgu/proxodnoi/;26355
spbu;58.03.01;Востоковедение и африканистика;бакалавриат;Тибетская филология (с дополнительной квалификацией «Специалист в области перевода»);Восточный факультет;Русский язык|Иностранный язык|История;;0;253;очно;2025;budget;https://tabiturient.ru/vuzu/spbgu/proxodnoi/;26356
spbu;58.03.01;Востоковедение и африканистика;бакалавриат;История Таиланда (с дополнительной квалификацией «Специалист в области перевода»);Восточный факультет;Русский язык|Иностранный язык|История;;0;259;очно;2025;budget;https://tabiturient.ru/vuzu/spbgu/proxodnoi/;26357
spbu;58.03.01;Востоковедение и африканистика;бакалавриат;Индонезийско-малайская филология (с дополнительной квалификацией «Специалист в области перевода»);Восточный факультет;Русский язык|Иностранный язык|История;;0;253;очно;2025;budget;https://tabiturient.ru/vuzu/spbgu/proxodnoi/;26358
spbu;58.03.01;Востоковедение и африканистика;бакалавриат;Египтология (языки, история и культура Древнего Египта) (с дополнительной квалификацией «Специалист в области перевода»);Восточный факультет;Русский язык|Иностранный язык|История;;0;254;очно;2025;budget;https://tabiturient.ru/vuzu/spbgu/proxodnoi/;26359
spbu;58.03.01;Востоковедение и африканистика;бакалавриат;Гебраистика (с дополнительной квалификацией «Специалист в области перевода»);Восточный факультет;Русский язык|Иностранный язык|История;;0;260;очно;2025;budget;https://tabiturient.ru/vuzu/spbgu/proxodnoi/;26360
spbu;58.03.01;Востоковедение и африканистика;бакалавриат;Вьетнамская филология (с дополнительной квалификацией «Специалист в области перевода»);Восточный факультет;Русский язык|Иностранный язык|История;;0;261;очно;2025;budget;https://tabiturient.ru/vuzu/spbgu/proxodnoi/;26361
spbu;41.03.04;Политология;бакалавриат;Политология;Факультет политологии;Русский язык|История;Математика|Обществознание|География;0;273;очно;2025;budget;https://tabiturient.ru/vuzu/spbgu/proxodnoi/;832
spbu;41.03.05;Международные отношения;бакалавриат;Международные отношения (с дополнительной квалификацией «Специалист в области перевода»);Факультет международных отношений;Русский язык|История;Математика|Обществознание|Иностранный язык|География;0;282;очно;2025;budget;https://tabiturient.ru/vuzu/spbgu/proxodnoi/;833
spbu;42.03.01;Реклама и связи с общественностью;бакалавриат;Реклама и связи с общественностью (с дополнительной квалификацией «Специалист по продвижению и распространению продукции средств массовой информации»);Институт «Высшая школа журналистики и массовых коммуникаций»;Русский язык|История;Обществознание|Иностранный язык|Информатика;0;279;очно;2025;budget;https://tabiturient.ru/vuzu/spbgu/proxodnoi/;834
spbu;42.03.02;Журналистика;бакалавриат;Журналистика (с дополнительной квалификацией «Специалист по информационным ресурсам»);Институт «Высшая школа журналистики и массовых коммуникаций»;Русский язык|Литература;Обществознание|Иностранный язык|География|История;0;290;очно;2025;budget;https://tabiturient.ru/vuzu/spbgu/proxodnoi/;835
spbu;42.03.02;Журналистика;бакалавриат;Международная журналистика (с дополнительной квалификацией «Графический дизайнер»);Институт «Высшая школа журналистики и массовых коммуникаций»;Русский язык|Литература;Обществознание|Иностранный язык|География|История;0;301;очно;2025;budget;https://tabiturient.ru/vuzu/spbgu/proxodnoi/;836
spbu;43.03.02;Туризм;бакалавриат;Туризм (с дополнительной квалификацией «Руководитель гостиничного комплекса и иных средств размещения»);Институт наук о Земле;Русский язык|История;Иностранный язык|География;0;257;очно;2025;budget;https://tabiturient.ru/vuzu/spbgu/proxodnoi/;837
spbu;43.03.02;Туризм;бакалавриат;Организация туристской деятельности с лингвострановедческим профилем (с дополнительной квалификацией «Руководитель гостиничного комплекса и иных средств размещения»/ «Экскурсовод (гид)»);Институт наук о Земле;Русский язык|История;Иностранный язык|География;0;266;очно;2025;budget;https://tabiturient.ru/vuzu/spbgu/proxodnoi/;855
spbu;45.03.01;Филология;бакалавриат;Венгерский и немецкий языки в австро-венгерском культурном пространстве (с дополнительными квалификациями «Учитель немецкого языка» / «Специалист в области перевода»);Филологический факультет;Русский язык|Иностранный язык|Литература;;0;278;очно;2025;budget;https://tabiturient.ru/vuzu/spbgu/proxodnoi/;9218
spbu;45.03.01;Филология;бакалавриат;"Классическая филология (древнегреческий и латинский языки; античная литература) (с дополнительной квалификацией «Учитель древнегреческого и латинского языков»)";Филологический факультет;Русский язык|Иностранный язык|Литература;;0;271;очно;2025;budget;https://tabiturient.ru/vuzu/spbgu/proxodnoi/;838
spbu;45.03.01;Филология;бакалавриат;Отечественная филология (Русский язык и литература) (с дополнительной квалификацией «Учитель русского языка и литературы»);Филологический факультет;Русский язык|Иностранный язык|Литература;;0;269;очно;2025;budget;https://tabiturient.ru/vuzu/spbgu/proxodnoi/;17531
spbu;45.03.01;Филология;бакалавриат;Испанский язык, литература и перевод (с дополнительными квалификациями «Учитель испанского языка и литературы» / «Специалист в области перевода»);Филологический факультет;Русский язык|Иностранный язык|Литература;;0;279;очно;2025;budget;https://tabiturient.ru/vuzu/spbgu/proxodnoi/;22951
spbu;45.03.01;Филология;бакалавриат;Немецкий язык, литература и перевод (с дополнительными квалификациями «Учитель немецкого языка и литературы» / «Специалист в области перевода»);Филологический факультет;Русский язык|Иностранный язык|Литература;;0;211;очно;2025;budget;https://tabiturient.ru/vuzu/spbgu/proxodnoi/;22952
spbu;45.03.01;Филология;бакалавриат;Французский язык, литература и перевод (с дополнительными квалификациями «Учитель французского языка и литературы» / «Специалист в области перевода»);Филологический факультет;Русский язык|Иностранный язык|Литература;;0;244;очно;2025;budget;https://tabiturient.ru/vuzu/spbgu/proxodnoi/;22953
spbu;45.03.01;Филология;бакалавриат;Английский язык и литература (с дополнительными квалификациями «Учитель английского языка и литературы» / «Специалист в области перевода»);Филологический факультет;Русский язык|Иностранный язык|Литература;;0;291;очно;2025;budget;https://tabiturient.ru/vuzu/spbgu/proxodnoi/;18870
spbu;45.03.01;Филология;бакалавриат;Итальянский язык, литература и перевод (с дополнительными квалификациями «Учитель иностранного языка и литературы» / «Специалист в области перевода»);Филологический факультет;Русский язык|Иностранный язык|Литература;;0;293;очно;2025;budget;https://tabiturient.ru/vuzu/spbgu/proxodnoi/;26353
spbu;45.03.01;Филология;бакалавриат;Языки и литературы Северной Европы (датский и нидерландский языки) (с дополнительными квалификациями «Учитель иностранного языка и литературы» / «Специалист в области перевода»);Филологический факультет;Русский язык|Иностранный язык|Литература;;0;276;очно;2025;budget;https://tabiturient.ru/vuzu/spbgu/proxodnoi/;26354
spbu;45.03.02;Лингвистика;бакалавриат;Сравнительно-историческое языкознание (английский язык);Филологический факультет;Русский язык|Иностранный язык|Литература;;0;269;очно;2025;budget;https://tabiturient.ru/vuzu/spbgu/proxodnoi/;9219
spbu;45.03.02;Лингвистика;бакалавриат;Балканистика и сравнительносопоставительное Балканистика и сравнительно сопоставительное языкознание (с дополнительными квалификациями «Учитель иностранного языка» / «Специалист в области перевода»);Филологический факультет;Русский язык|Иностранный язык|Литература;;0;274;очно;2025;budget;https://tabiturient.ru/vuzu/spbgu/proxodnoi/;16936
spbu;45.03.02;Лингвистика;бакалавриат;Прикладная, компьютерная и математическая лингвистика (английский язык);Филологический факультет;Русский язык|Иностранный язык|Литература;;0;283;очно;2025;budget;https://tabiturient.ru/vuzu/spbgu/proxodnoi/;839
spbu;45.03.02;Лингвистика;бакалавриат;Теория и практика межкультурной коммуникации (английский язык) (с дополнительными квалификациями «Учитель английского языка» / «Специалист в области перевода»);Филологический факультет;Русский язык|Иностранный язык|Литература;;0;289;очно;2025;budget;https://tabiturient.ru/vuzu/spbgu/proxodnoi/;17532
spbu;45.03.02;Лингвистика;бакалавриат;Теоретическое и экспериментальное языкознание (английский язык) (с дополнительной квалификацией «Учитель иностранного языка»);Филологический факультет;Русский язык|Иностранный язык|Литература;;0;280;очно;2025;budget;https://tabiturient.ru/vuzu/spbgu/proxodnoi/;17533
spbu;45.03.02;Лингвистика;бакалавриат;Общая и прикладная фонетика;Филологический факультет;Русский язык|Иностранный язык|Литература;;0;269;очно;2025;budget;https://tabiturient.ru/vuzu/spbgu/proxodnoi/;17534
spbu;45.03.02;Лингвистика;бакалавриат;Языки славянского мира и русский язык как иностранный (с дополнительной квалификацией «Учитель русского языка и литературы»;Филологический факультет;Русский язык|Иностранный язык|Литература;;0;263;очно;2025;budget;https://tabiturient.ru/vuzu/spbgu/proxodnoi/;22954
spbu;45.03.02;Лингвистика;бакалавриат;Английский язык как иностранный в обучении и коммуникации/ English as a Foreign Language in Teaching and Communication (с дополнительными квалификациями «Учитель английского языка» / «Специалист в области перевода»);Филологический факультет;Русский язык|Иностранный язык|Литература;;0;282;очно;2025;budget;https://tabiturient.ru/vuzu/spbgu/proxodnoi/;18871
spbu;45.03.02;Лингвистика;бакалавриат;Русский язык как иностранный (с дополнительной квалификацией «Учитель русского языка и литературы»);Филологический факультет;Русский язык|Иностранный язык|Литература;;0;265;очно;2025;budget;https://tabiturient.ru/vuzu/spbgu/proxodnoi/;9685
spbu;45.03.02;Лингвистика;бакалавриат;Иностранные языки в глобальных коммуникациях (с дополнительными квалификациями «Учитель иностранного языка» / «Специалист в области перевода»);Филологический факультет;Русский язык|Иностранный язык|Литература;;0;290;очно;2025;budget;https://tabiturient.ru/vuzu/spbgu/proxodnoi/;19180
spbu;46.03.01;История;бакалавриат;История России (с дополнительными квалификациями «Учитель истории и обществознания» / «Педагог дополнительного образования»);Институт истории;Русский язык|Обществознание|История;;0;265;очно;2025;budget;https://tabiturient.ru/vuzu/spbgu/proxodnoi/;840
spbu;46.03.01;История;бакалавриат;Археология (с дополнительными квалификациями «Учитель истории и обществознания» / «Хранитель музейных ценностей» / «Специалист по учету музейных предметов»);Институт истории;Русский язык|Обществознание|История;;0;270;очно;2025;budget;https://tabiturient.ru/vuzu/spbgu/proxodnoi/;841
spbu;46.03.01;История;бакалавриат;Всеобщая история (с дополнительными квалификациями «Учитель истории и обществознания» / «Педагог дополнительного образования»);Институт истории;Русский язык|Обществознание|История;;0;268;очно;2025;budget;https://tabiturient.ru/vuzu/spbgu/proxodnoi/;24757
spbu;47.03.01;Философия;бакалавриат;Философия (с дополнительными квалификациями «Учитель обществознания» / «Педагог дополнительного образования»);Институт философии;Русский язык|История;Обществознание|Иностранный язык;0;255;очно;2025;budget;https://tabiturient.ru/vuzu/spbgu/proxodnoi/;842
spbu;47.03.03;Религиоведение;бакалавриат;Религиоведение (с дополнительными квалификациями «Учитель обществознания» / «Учитель основ религиозных культур и светской этики» / «Педагог дополнительного образования» / «Экскурсовод (гид)»);Институт философии;Русский язык|История;Обществознание|Иностранный язык;0;251;очно;2025;budget;https://tabiturient.ru/vuzu/spbgu/proxodnoi/;843
spbu;48.03.01;Теология;бакалавриат;Иудейская теология (с дополнительными квалификациями «Педагог дополнительного образования» / «Учитель духовно-нравственной культуры России» / «Учитель истории и обществознания»);Институт философии;Русский язык|Обществознание|История;;0;236;очно;2025;budget;https://tabiturient.ru/vuzu/spbgu/proxodnoi/;22957
spbu;48.03.01;Теология;бакалавриат;Христианская теология (с дополнительной квалификацией «Учитель духовно-нравственной культуры России» / «Учитель истории и обществознания»);Институт философии;Русский язык|Обществознание|История;;0;242;очно;2025;budget;https://tabiturient.ru/vuzu/spbgu/proxodnoi/;22958
spbu;49.03.01;Физическая культура;бакалавриат;Физическая культура и спорт (с дополнительной квалификацией «Специалист по фитнесу (фитнес тренер)»);Общеуниверситетская кафедра физической культуры и спорта;Русский язык|Биология;;1;225;очно;2025;budget;https://tabiturient.ru/vuzu/spbgu/proxodnoi/;3973
spbu;49.03.02;Физическая культура для лиц с отклонениями в состоянии здоровья (адаптивная физическая культура);бакалавриат;Физическая реабилитация;Общеуниверситетская кафедра физической культуры и спорта;Русский язык|Биология;;1;278;очно;2025;budget;https://tabiturient.ru/vuzu/spbgu/proxodnoi/;24756
spbu;50.03.01;Искусства и гуманитарные науки;бакалавриат;Искусства и гуманитарные науки (с дополнительной квалификацией «Педагог дополнительного образования»);Факультет свободных искусств и наук;Русский язык|История;Обществознание|Иностранный язык|Литература;0;261;очно;2025;budget;https://tabiturient.ru/vuzu/spbgu/proxodnoi/;844
spbu;50.03.03;История искусств;бакалавриат;Теория и история искусств (с дополнительной квалификацией «Экскурсовод (гид)»;Институт истории;Русский язык|История;Обществознание|Иностранный язык;0;297;очно;2025;budget;https://tabiturient.ru/vuzu/spbgu/proxodnoi/;845
spbu;51.03.01;Культурология;бакалавриат;Культурология (с дополнительными квалификациями «Учитель обществознания» / «Педагог дополнительного образования»);Институт философии;Русский язык|История;Обществознание|Иностранный язык;0;256;очно;2025;budget;https://tabiturient.ru/vuzu/spbgu/proxodnoi/;846
spbu;51.03.04;Музеология и охрана объектов культурного и природного наследия;бакалавриат;Музеология и охрана объектов культурного и природного наследия (с дополнительной квалификацией «Экскурсовод (гид)»);Институт истории;Русский язык|История;Обществознание|Иностранный язык;0;259;очно;2025;budget;https://tabiturient.ru/vuzu/spbgu/proxodnoi/;847
spbu;53.03.02;Музыкально-инструментальное искусство;бакалавриат;Инструментальное исполнительство на органе, клавесине, карильоне (с дополнительной квалификацией «Педагог дополнительного образования»);Факультет искусств;Русский язык|Литература;;1;;;;paid_only;https://tabiturient.ru/vuzu/spbgu/proxodnoi/;18872
spbu;53.03.03;Вокальное искусство;бакалавриат;Академическое пение (с дополнительной квалификацией «Педагог дополнительного образования»);Факультет искусств;Русский язык|Литература;;1;;;;paid_only;https://tabiturient.ru/vuzu/spbgu/proxodnoi/;849
spbu;54.03.01;Дизайн;бакалавриат;Графический дизайн (с дополнительной квалификацией «Графический дизайнер»);Факультет искусств;Русский язык|Литература;;1;404;очно;2025;budget;https://tabiturient.ru/vuzu/spbgu/proxodnoi/;850
spbu;54.03.01;Дизайн;бакалавриат;Дизайн среды (с дополнительной квалификацией «Художник оформитель»);Факультет искусств;Русский язык|Литература;;1;405;очно;2025;budget;https://tabiturient.ru/vuzu/spbgu/proxodnoi/;851
spbu;54.03.02;Декоративно-прикладное искусство и народные промыслы;бакалавриат;Декоративно-прикладное искусство (с дополнительной квалификацией «Педагог дополнительного образования»);Факультет искусств;Русский язык|Литература;;1;384;очно;2025;budget;https://tabiturient.ru/vuzu/spbgu/proxodnoi/;3975
spbu;54.03.04;Реставрация;бакалавриат;Реставрация произведений изобразительного и декоративно прикладного искусства (с дополнительной квалификацией «Специалист по техническим процессам художественной деятельности»);Факультет искусств;Русский язык|Литература;;1;346;очно;2025;budget;https://tabiturient.ru/vuzu/spbgu/proxodnoi/;852
spbu;01.05.01;Фундаментальные математика и механика;специалитет;Фундаментальная математика (с дополнительными квалификациями «Педагог дополнительного образования» / «Учитель математики»);Математико-механический факультет;Русский язык|Математика;Информатика|Физика;0;273;очно;2025;budget;https://tabiturient.ru/vuzu/spbgu/proxodnoi/;789
spbu;01.05.01;Фундаментальные математика и механика;специалитет;Механика и математическое моделирование (с дополнительной квалификацией «Специалист по научно-исследовательским разработкам»);Математико-механический факультет;Русский язык|Математика;Информатика|Физика;0;259;очно;2025;budget;https://tabiturient.ru/vuzu/spbgu/proxodnoi/;790
spbu;03.05.01;Астрономия;специалитет;Астрономия;Математико-механический факультет;Русский язык|Математика|Физика;;0;270;очно;2025;budget;https://tabiturient.ru/vuzu/spbgu/proxodnoi/;798
spbu;31.05.01;Лечебное дело;специалитет;Лечебное дело;Медицинский факультет;Русский язык|Биология|Химия;;0;261;очно;2025;budget;https://tabiturient.ru/vuzu/spbgu/proxodnoi/;813
spbu;31.05.03;Стоматология;специалитет;Стоматология;Факультет стоматологии и медицинских технологий;Русский язык|Биология|Химия;;0;289;очно;2025;budget;https://tabiturient.ru/vuzu/spbgu/proxodnoi/;814
spbu;33.05.01;Фармация;специалитет;Фармация;Медицинский факультет;Русский язык|Биология|Химия;;0;261;очно;2025;budget;https://tabiturient.ru/vuzu/spbgu/proxodnoi/;22950
spbu;37.05.01;Клиническая психология;специалитет;Клиническая психология;Факультет психологии;Русский язык|Математика|Биология;;0;274;очно;2025;budget;https://tabiturient.ru/vuzu/spbgu/proxodnoi/;817
spbu;37.05.02;Психология служебной деятельности;специалитет;Психология служебной деятельности;Факультет психологии;Русский язык|Математика|Биология;;0;253;очно;2025;budget;https://tabiturient.ru/vuzu/spbgu/proxodnoi/;818
spbu;45.05.01;Перевод и переводоведение;специалитет;Перевод и переводоведение (английский язык и языки Южной Европы);Филологический факультет;Русский язык|Иностранный язык|Литература;;0;281;очно;2025;budget;https://tabiturient.ru/vuzu/spbgu/proxodnoi/;22956
spbu;52.05.01;Актерское искусство;специалитет;Артист драматического театра и кино (с дополнительной квалификацией «Педагог дополнительного образования»);Факультет искусств;Русский язык|Литература;;1;;;;paid_only;https://tabiturient.ru/vuzu/spbgu/proxodnoi/;848
spbu;54.05.02;Живопись;специалитет;Художник кино и телевидения (с дополнительными квалификациями «Учитель рисования» / «Педагог дополнительного образования»);Факультет искусств;Русский язык|Литература;;1;406;очно;2025;budget;https://tabiturient.ru/vuzu/spbgu/proxodnoi/;853
spbu;54.05.02;Живопись;специалитет;Станковая живопись (с дополнительными квалификациями «Учитель рисования» / «Педагог дополнительного образования»);Факультет искусств;Русский язык|Литература;;1;;;;paid_only;https://tabiturient.ru/vuzu/spbgu/proxodnoi/;7774
spbu;03.05.02;Фундаментальная и прикладная физика;специалитет;Фундаментальная и прикладная физика;Физический факультет;Русский язык|Математика|Физика;;0;267;очно;2025;budget;https://tabiturient.ru/vuzu/spbgu/proxodnoi/;26352
sechenov;01.03.03;Механика и математическое моделирование;бакалавриат;Без профиля;Передовая инженерная школа «Интеллектуальные системы тераностики»;Русский язык|Математика;Информатика|Физика;0;234;очно;2025;budget;https://tabiturient.ru/vuzu/mgmu/proxodnoi/;4039
sechenov;09.03.02;Информационные системы и технологии;бакалавриат;Без профиля;Передовая инженерная школа «Интеллектуальные системы тераностики»;Русский язык|Математика;Информатика|Физика;0;235;очно;2025;budget;https://tabiturient.ru/vuzu/mgmu/proxodnoi/;4040
sechenov;19.03.01;Биотехнология;бакалавриат;Без профиля;Институт фармации им. А.П. Нелюбина;Русский язык|Биология;Математика|Информатика|Химия|Физика;0;272;очно;2025;budget;https://tabiturient.ru/vuzu/mgmu/proxodnoi/;335
sechenov;22.03.01;Материаловедение и технологии материалов;бакалавриат;Без профиля;Передовая инженерная школа «Интеллектуальные системы тераностики»;Русский язык|Математика;Информатика|Химия|Физика;0;234;очно;2025;budget;https://tabiturient.ru/vuzu/mgmu/proxodnoi/;4041
sechenov;28.03.03;Наноматериалы;бакалавриат;Без профиля;Передовая инженерная школа «Интеллектуальные системы тераностики»;Русский язык|Математика;Информатика|Химия|Физика;0;289;очно;2025;budget;https://tabiturient.ru/vuzu/mgmu/proxodnoi/;4042
sechenov;34.03.01;Сестринское дело;бакалавриат;Без профиля;Институт психолого-социальной работы;Русский язык|Биология|Химия;;0;217;очно;2025;budget;https://tabiturient.ru/vuzu/mgmu/proxodnoi/;336
sechenov;38.03.02;Менеджмент;бакалавриат;Без профиля;Институт социальных наук;Русский язык|Математика;Информатика|История;0;231;очно;2025;budget;https://tabiturient.ru/vuzu/mgmu/proxodnoi/;345
sechenov;39.03.02;Социальная работа;бакалавриат;Без профиля;Институт психолого-социальной работы;Русский язык|Обществознание|История;;0;204;заочно;2025;budget;https://tabiturient.ru/vuzu/mgmu/proxodnoi/;346
sechenov;45.03.02;Лингвистика;бакалавриат;Без профиля;Институт лингвистики и межкультурной коммуникации;Русский язык|Иностранный язык;Обществознание|История;0;257;очно;2025;budget;https://tabiturient.ru/vuzu/mgmu/proxodnoi/;17506
sechenov;45.03.04;Интеллектуальные системы в гуманитарной сфере;бакалавриат;Без профиля;Институт лингвистики и межкультурной коммуникации;Русский язык|Математика;Иностранный язык|Информатика;0;255;очно;2025;budget;https://tabiturient.ru/vuzu/mgmu/proxodnoi/;4043
sechenov;06.05.01;Биоинженерия и биоинформатика;специалитет;Без профиля;Институт фармации им. А.П. Нелюбина;Русский язык|Математика;Информатика|Биология|Химия|Физика;0;274;очно;2025;budget;https://tabiturient.ru/vuzu/mgmu/proxodnoi/;334
sechenov;12.05.01;Электронные и оптико-электронные приборы и системы специального назначения;специалитет;Без профиля;Передовая инженерная школа «Интеллектуальные системы тераностики»;Русский язык|Физика;Математика|Информатика|Химия;0;223;очно;2025;budget;https://tabiturient.ru/vuzu/mgmu/proxodnoi/;22513
sechenov;30.05.01;Медицинская биохимия;специалитет;Без профиля;Передовая инженерная школа «Интеллектуальные системы тераностики»;Русский язык|Химия;Математика|Биология|Физика;0;269;очно;2025;budget;https://tabiturient.ru/vuzu/mgmu/proxodnoi/;337
sechenov;30.05.02;Медицинская биофизика;специалитет;Без профиля;Передовая инженерная школа «Интеллектуальные системы тераностики»;Русский язык|Биология;Математика|Информатика|Химия|Физика;0;252;очно;2025;budget;https://tabiturient.ru/vuzu/mgmu/proxodnoi/;338
sechenov;31.05.01;Лечебное дело;специалитет;Без профиля;Институт клинической медицины имени Н.В. Склифосовского;Русский язык|Биология|Химия;;0;249;очно;2025;budget;https://tabiturient.ru/vuzu/mgmu/proxodnoi/;339
sechenov;31.05.01;Лечебное дело;специалитет;Моделирование здоровья;Институт клинической медицины имени Н.В. Склифосовского;Русский язык|Биология|Химия;;0;;;;paid_only;https://tabiturient.ru/vuzu/mgmu/proxodnoi/;17507
sechenov;31.05.02;Педиатрия;специалитет;Без профиля;Клинический институт детского здоровья имени Н.Ф. Филатова;Русский язык|Биология|Химия;;0;268;очно;2025;budget;https://tabiturient.ru/vuzu/mgmu/proxodnoi/;340
sechenov;31.05.03;Стоматология;специалитет;Без профиля;Институт стоматологии им. Е.В. Боровского;Русский язык|Биология|Химия;;0;286;очно;2025;budget;https://tabiturient.ru/vuzu/mgmu/proxodnoi/;341
sechenov;32.05.01;Медико-профилактическое дело;специалитет;Без профиля;Институт общественного здоровья им. Ф.Ф. Эрисмана;Русский язык|Биология|Химия;;0;211;очно;2025;budget;https://tabiturient.ru/vuzu/mgmu/proxodnoi/;342
sechenov;33.05.01;Фармация;специалитет;Без профиля;Институт фармации им. А.П. Нелюбина;Русский язык|Биология|Химия;;0;224;очно;2025;budget;https://tabiturient.ru/vuzu/mgmu/proxodnoi/;343
sechenov;37.05.01;Клиническая психология;специалитет;Без профиля;Институт психолого-социальной работы;Русский язык|Биология;Математика|Обществознание|Химия;0;266;очно;2025;budget;https://tabiturient.ru/vuzu/mgmu/proxodnoi/;344
bmstu;01.03.02;Прикладная математика и информатика;бакалавриат;Анализ, порождение и преобразование программного кода;"Факультет ""информатика и системы управления""";Русский язык|Математика;Информатика|Физика;0;295;очно;2025;budget;https://tabiturient.ru/vuzu/mgtu/proxodnoi/;373
bmstu;01.03.03;Механика и математическое моделирование;бакалавриат;Вычислительная механика сплошной среды и математическое моделирование;"Факультет ""фундаментальные науки""";Русский язык|Математика;Информатика|Физика;0;271;очно;2025;budget;https://tabiturient.ru/vuzu/mgtu/proxodnoi/;27223
bmstu;01.03.03;Механика и математическое моделирование;бакалавриат;Математическое и компьютерное моделирование динамических систем и процессов;"Факультет ""фундаментальные науки""";Русский язык|Математика;Информатика|Физика;0;271;очно;2025;budget;https://tabiturient.ru/vuzu/mgtu/proxodnoi/;17378
bmstu;01.03.04;Прикладная математика;бакалавриат;Математическое моделирование, вычислительные технологии и искусственный интеллект в науке и технике;"Факультет ""фундаментальные науки""";Русский язык|Математика;Информатика|Физика;0;287;очно;2025;budget;https://tabiturient.ru/vuzu/mgtu/proxodnoi/;19227
bmstu;01.03.04;Прикладная математика;бакалавриат;Интеллектуальный анализ, безопасность и управление сложными динамическими системами;"Факультет ""фундаментальные науки""";Русский язык|Математика;Информатика|Физика;0;287;очно;2025;budget;https://tabiturient.ru/vuzu/mgtu/proxodnoi/;374
bmstu;01.03.04;Прикладная математика;бакалавриат;Математические методы искусственного интеллекта и управления;"Факультет ""фундаментальные науки""";Русский язык|Математика;Информатика|Физика;0;287;очно;2025;budget;https://tabiturient.ru/vuzu/mgtu/proxodnoi/;18937
bmstu;02.03.01;Математика и компьютерные науки;бакалавриат;Математическое моделирование, суперкомпьютинг и искусственный интеллект в сложных системах;"Факультет ""фундаментальные науки""";Русский язык|Математика;Информатика|Физика;0;277;очно;2025;budget;https://tabiturient.ru/vuzu/mgtu/proxodnoi/;375
bmstu;02.03.01;Математика и компьютерные науки;бакалавриат;Математическое и компьютерное моделирование в инженерных задачах (отраслевая);"Факультет ""фундаментальные науки""";Русский язык|Математика;Информатика|Физика;0;275;очно;2025;budget;https://tabiturient.ru/vuzu/mgtu/proxodnoi/;17379
bmstu;09.03.01;Информатика и вычислительная техника;бакалавриат;Программно-аппаратное обеспечение систем искусственного интеллекта;"Факультет ""информатика и системы управления""";Русский язык|Математика|Физика;;0;262;очно;2025;budget;https://tabiturient.ru/vuzu/mgtu/proxodnoi/;27224
bmstu;09.03.01;Информатика и вычислительная техника;бакалавриат;Киберфизические системы и технологии искусственного интеллекта;"Факультет ""информатика и системы управления""";Русский язык|Математика|Физика;;0;262;очно;2025;budget;https://tabiturient.ru/vuzu/mgtu/proxodnoi/;27225
bmstu;09.03.01;Информатика и вычислительная техника;бакалавриат;Инженерия интеллектуальных систем обработки информации и управления (отраслевая);"Факультет ""информатика и системы управления""";Русский язык|Математика|Физика;;0;262;очно;2025;budget;https://tabiturient.ru/vuzu/mgtu/proxodnoi/;27226
bmstu;09.03.01;Информатика и вычислительная техника;бакалавриат;Искусственный интеллект в системах обработки информации и управления (адаптационный план № 1);"Факультет ""информатика и системы управления""";Русский язык|Математика|Физика;;0;262;очно;2025;budget;https://tabiturient.ru/vuzu/mgtu/proxodnoi/;27227
bmstu;09.03.01;Информатика и вычислительная техника;бакалавриат;Информационные технологии в реальном секторе цифровой экономики;"Факультет ""робототехника и комплексная автоматизация""";Русский язык|Математика|Физика;;0;268;очно;2025;budget;https://tabiturient.ru/vuzu/mgtu/proxodnoi/;27228
bmstu;09.03.01;Информатика и вычислительная техника;бакалавриат;Искусственный интеллект в системах обработки информации и управления;"Факультет ""информатика и системы управления""";Русский язык|Математика|Физика;;0;262;очно;2025;budget;https://tabiturient.ru/vuzu/mgtu/proxodnoi/;376
bmstu;09.03.01;Информатика и вычислительная техника;бакалавриат;Инженерия интеллектуальных систем обработки информации и управления;"Факультет ""информатика и системы управления""";Русский язык|Математика|Физика;;0;262;очно;2025;budget;https://tabiturient.ru/vuzu/mgtu/proxodnoi/;17380
bmstu;09.03.01;Информатика и вычислительная техника;бакалавриат;Цифровые технологии проектирования и информационной поддержки жизненного цикла промышленной продукции;"Факультет ""робототехника и комплексная автоматизация""";Русский язык|Математика|Физика;;0;268;очно;2025;budget;https://tabiturient.ru/vuzu/mgtu/proxodnoi/;17381
bmstu;09.03.02;Информационные системы и технологии;бакалавриат;Информационные системы и технологии;"Факультет ""информатика и системы управления""";Русский язык|Математика|Физика;;0;284;очно;2025;budget;https://tabiturient.ru/vuzu/mgtu/proxodnoi/;377
bmstu;09.03.03;Прикладная информатика;бакалавриат;Информационная аналитика;"Факультет ""социальные и гуманитарные науки""";Русский язык|Математика;Информатика|Физика;0;280;очно;2025;budget;https://tabiturient.ru/vuzu/mgtu/proxodnoi/;8766
bmstu;09.03.03;Прикладная информатика;бакалавриат;Цифровая биомедицинская инженерия;"Факультет ""биомедицинская техника""";Русский язык|Математика;Информатика|Физика;0;291;очно;2025;budget;https://tabiturient.ru/vuzu/mgtu/proxodnoi/;17383
bmstu;09.03.04;Программная инженерия;бакалавриат;Программное обеспечение систем искусственного интеллекта;"Факультет ""информатика и системы управления""";Русский язык|Математика;Информатика|Физика;0;302;очно;2025;budget;https://tabiturient.ru/vuzu/mgtu/proxodnoi/;27229
bmstu;09.03.04;Программная инженерия;бакалавриат;Разработка высокоинтерактивных систем и компьютерных игр;"Факультет ""информатика и системы управления""";Русский язык|Математика;Информатика|Физика;0;302;очно;2025;budget;https://tabiturient.ru/vuzu/mgtu/proxodnoi/;27230
bmstu;09.03.04;Программная инженерия;бакалавриат;Разработка программно-информационных систем;"Факультет ""информатика и системы управления""";Русский язык|Математика;Информатика|Физика;0;302;очно;2025;budget;https://tabiturient.ru/vuzu/mgtu/proxodnoi/;379
bmstu;11.03.03;Конструирование и технология электронных средств;бакалавриат;Проектирование и технологии электронных средств (отраслевая);"Факультет ""информатика и системы управления""";Русский язык|Математика|Физика;;0;268;очно;2025;budget;https://tabiturient.ru/vuzu/mgtu/proxodnoi/;27232
bmstu;11.03.03;Конструирование и технология электронных средств;бакалавриат;Оборудование и плазменные технологии в микроэлектронике;"Факультет ""энергомашиностроение""";Русский язык|Математика|Физика;;0;;;;budget;https://tabiturient.ru/vuzu/mgtu/proxodnoi/;27233
bmstu;11.03.03;Конструирование и технология электронных средств;бакалавриат;Проектирование и технологии электронных средств;"Факультет ""информатика и системы управления""";Русский язык|Математика|Физика;;0;268;очно;2025;budget;https://tabiturient.ru/vuzu/mgtu/proxodnoi/;380
bmstu;11.03.04;Электроника и наноэлектроника;бакалавриат;Технологии и оборудование микро и наноэлектроники;"Факультет ""машиностроительные технологии""";Русский язык|Математика|Физика;;0;273;очно;2025;budget;https://tabiturient.ru/vuzu/mgtu/proxodnoi/;7802
bmstu;12.03.04;Биотехнические системы и технологии;бакалавриат;Биомедицинская инженерия 4.0;"Факультет ""биомедицинская техника""";Русский язык|Математика;Биология|Физика;0;287;очно;2025;budget;https://tabiturient.ru/vuzu/mgtu/proxodnoi/;383
bmstu;12.03.05;Лазерная техника и лазерные технологии;бакалавриат;Лазерная техника и прикладная фотоника;"Факультет ""радиоэлектроника и лазерная техника""";Русский язык|Математика|Физика;;0;257;очно;2025;budget;https://tabiturient.ru/vuzu/mgtu/proxodnoi/;384
bmstu;13.03.02;Электроэнергетика и электротехника;бакалавриат;Электротехнические системы и комплексы;"Факультет ""энергомашиностроение""";Русский язык|Математика|Физика;;0;248;очно;2025;budget;https://tabiturient.ru/vuzu/mgtu/proxodnoi/;27235
bmstu;13.03.02;Электроэнергетика и электротехника;бакалавриат;Возобновляемые источники энергии;"Факультет ""энергомашиностроение""";Русский язык|Математика|Физика;;0;248;очно;2025;budget;https://tabiturient.ru/vuzu/mgtu/proxodnoi/;381
bmstu;13.03.02;Электроэнергетика и электротехника;бакалавриат;Электромобили и транспортно-технологические средства с комбинированными энергоустановками;"Факультет ""специальное машиностроение""";Русский язык|Математика|Физика;;0;249;очно;2025;budget;https://tabiturient.ru/vuzu/mgtu/proxodnoi/;17389
bmstu;13.03.02;Электроэнергетика и электротехника;бакалавриат;Интеллектуальные электромеханические системы преобразования энергии;"Факультет ""фундаментальные науки""";Русский язык|Математика|Физика;;0;255;очно;2025;budget;https://tabiturient.ru/vuzu/mgtu/proxodnoi/;24822
bmstu;13.03.03;Энергетическое машиностроение;бакалавриат;Комбинированные двигатели внутреннего сгорания;"Факультет ""энергомашиностроение""";Русский язык|Математика|Физика;;0;243;очно;2025;budget;https://tabiturient.ru/vuzu/mgtu/proxodnoi/;385
bmstu;13.03.03;Энергетическое машиностроение;бакалавриат;Гидромашины и цифровое управление гидропневмосистемами;"Факультет ""энергомашиностроение""";Русский язык|Математика|Физика;;0;243;очно;2025;budget;https://tabiturient.ru/vuzu/mgtu/proxodnoi/;17390
bmstu;15.03.01;Машиностроение;бакалавриат;Технологическое обеспечение машиностроительных производств;"Факультет ""машиностроительные технологии""";Русский язык|Математика|Физика;;0;252;очно;2025;budget;https://tabiturient.ru/vuzu/mgtu/proxodnoi/;18935
bmstu;15.03.02;Технологические машины и оборудование;бакалавриат;Высокотехнологические вакуумные, компрессорные, пневматические системы и агрегаты;"Факультет ""энергомашиностроение""";Русский язык|Математика;Химия|Физика;0;240;очно;2025;budget;https://tabiturient.ru/vuzu/mgtu/proxodnoi/;388
bmstu;15.03.03;Прикладная механика;бакалавриат;Динамика и прочность машин;"Факультет ""робототехника и комплексная автоматизация""";Русский язык|Математика|Физика;;0;269;очно;2025;budget;https://tabiturient.ru/vuzu/mgtu/proxodnoi/;389
bmstu;15.03.04;Автоматизация технологических процессов и производств;бакалавриат;Цифровые технологии в автоматизации производства (адаптационный план № 1);"Факультет ""робототехника и комплексная автоматизация""";Русский язык|Математика;Информатика|Физика;0;;;;quota_only;https://tabiturient.ru/vuzu/mgtu/proxodnoi/;27236
bmstu;15.03.04;Автоматизация технологических процессов и производств;бакалавриат;Автоматизация технологических процессов и производств нефтехимической отрасли;"Факультет ""энергомашиностроение""";Русский язык|Математика;Информатика|Физика;0;;;;budget;https://tabiturient.ru/vuzu/mgtu/proxodnoi/;27237
bmstu;15.03.04;Автоматизация технологических процессов и производств;бакалавриат;Цифровые технологии в автоматизации производства;"Факультет ""робототехника и комплексная автоматизация""";Русский язык|Математика;Информатика|Физика;0;298;очно;2025;budget;https://tabiturient.ru/vuzu/mgtu/proxodnoi/;390
bmstu;15.03.06;Мехатроника и робототехника;бакалавриат;Автономные колесные и гусеничные машины;"Факультет ""специальное машиностроение""";Русский язык|Математика|Физика;;0;271;очно;2025;budget;https://tabiturient.ru/vuzu/mgtu/proxodnoi/;27238
bmstu;15.03.06;Мехатроника и робототехника;бакалавриат;Механические устройства робототехнических систем;"Факультет ""робототехника и комплексная автоматизация""";Русский язык|Математика|Физика;;0;274;очно;2025;budget;https://tabiturient.ru/vuzu/mgtu/proxodnoi/;27239
bmstu;15.03.06;Мехатроника и робототехника;бакалавриат;Интеграция технических систем в креативную экономику;"Факультет ""робототехника и комплексная автоматизация""";Русский язык|Математика|Физика;;0;274;очно;2025;budget;https://tabiturient.ru/vuzu/mgtu/proxodnoi/;27240
bmstu;15.03.06;Мехатроника и робототехника;бакалавриат;Проектирование и интеллектуальное управление робототехническими и мехатронными системами;"Факультет ""специальное машиностроение""";Русский язык|Математика|Физика;;0;271;очно;2025;budget;https://tabiturient.ru/vuzu/mgtu/proxodnoi/;392
bmstu;15.03.06;Мехатроника и робототехника;бакалавриат;Роботы гибких производственных систем;"Факультет ""робототехника и комплексная автоматизация""";Русский язык|Математика|Физика;;0;274;очно;2025;budget;https://tabiturient.ru/vuzu/mgtu/proxodnoi/;24823
bmstu;15.03.06;Мехатроника и робототехника;бакалавриат;Подводные робототехнические комплексы;"Факультет ""специальное машиностроение""";Русский язык|Математика|Физика;;0;271;очно;2025;budget;https://tabiturient.ru/vuzu/mgtu/proxodnoi/;18939
bmstu;16.03.01;Техническая физика;бакалавриат;Физика конденсированного состояния и наноструктур;"Факультет ""фундаментальные науки""";Русский язык|Математика|Физика;;0;259;очно;2025;budget;https://tabiturient.ru/vuzu/mgtu/proxodnoi/;393
bmstu;16.03.02;Высокотехнологические плазменные и энергетические установки;бакалавриат;Ионно-плазменные установки и технологии;"Факультет ""энергомашиностроение""";Русский язык|Математика|Физика;;0;256;очно;2025;budget;https://tabiturient.ru/vuzu/mgtu/proxodnoi/;394
bmstu;16.03.03;Холодильная, криогенная техника и системы жизнеобеспечения;бакалавриат;Холодильная техника и кондиционирование воздуха;"Факультет ""энергомашиностроение""";Русский язык|Математика|Физика;;0;241;очно;2025;budget;https://tabiturient.ru/vuzu/mgtu/proxodnoi/;395
bmstu;20.03.01;Техносферная безопасность;бакалавриат;Безопасность жизнедеятельности в техносфере;"Факультет ""энергомашиностроение""";Русский язык|Математика;Химия|Физика;0;223;очно;2025;budget;https://tabiturient.ru/vuzu/mgtu/proxodnoi/;396
bmstu;22.03.01;Материаловедение и технологии материалов;бакалавриат;Материаловедение и технологии современных материалов (адаптационный план № 1);"Факультет ""машиностроительные технологии""";Русский язык|Математика|Физика;;0;;;;quota_only;https://tabiturient.ru/vuzu/mgtu/proxodnoi/;27241
bmstu;22.03.01;Материаловедение и технологии материалов;бакалавриат;Материаловедение и технологии современных материалов;"Факультет ""машиностроительные технологии""";Русский язык|Математика|Физика;;0;233;очно;2025;budget;https://tabiturient.ru/vuzu/mgtu/proxodnoi/;397
bmstu;22.03.01;Материаловедение и технологии материалов;бакалавриат;Технологии создания интегральных композитных конструкций;"Факультет ""специальное машиностроение""";Русский язык|Математика|Физика;;0;239;очно;2025;budget;https://tabiturient.ru/vuzu/mgtu/proxodnoi/;17401
bmstu;24.03.01;Ракетные комплексы и космонавтика;бакалавриат;Космические аппараты и конструкции специального назначения;"Факультет ""специальное машиностроение""";Русский язык|Математика|Физика;;0;257;очно;2025;budget;https://tabiturient.ru/vuzu/mgtu/proxodnoi/;399
bmstu;24.03.01;Ракетные комплексы и космонавтика;бакалавриат;Композитные конструкции ракет и космических аппаратов;"Факультет ""специальное машиностроение""";Русский язык|Математика|Физика;;0;257;очно;2025;budget;https://tabiturient.ru/vuzu/mgtu/proxodnoi/;18936
bmstu;27.03.01;Стандартизация и метрология;бакалавриат;Метрология и метрологическое обеспечение интеллектуальных измерительных систем (адаптационный план № 1);"Факультет ""машиностроительные технологии""";Русский язык|Математика|Физика;;0;;;;quota_only;https://tabiturient.ru/vuzu/mgtu/proxodnoi/;27249
bmstu;27.03.01;Стандартизация и метрология;бакалавриат;Метрология и метрологическое обеспечение интеллектуальных измерительных систем;"Факультет ""машиностроительные технологии""";Русский язык|Математика|Физика;;0;239;очно;2025;budget;https://tabiturient.ru/vuzu/mgtu/proxodnoi/;401
bmstu;27.03.04;Управление в технических системах;бакалавриат;Автономные системы и устройства обработки информации и управления;"Факультет ""специальное машиностроение""";Русский язык|Математика|Физика;;0;263;очно;2025;budget;https://tabiturient.ru/vuzu/mgtu/proxodnoi/;17422
bmstu;27.03.04;Управление в технических системах;бакалавриат;Интеллектуальные системы управления;"Факультет ""информатика и системы управления""";Русский язык|Математика|Физика;;0;277;очно;2025;budget;https://tabiturient.ru/vuzu/mgtu/proxodnoi/;402
bmstu;27.03.05;Инноватика;бакалавриат;Управление промышленными инновациями;"Факультет ""инженерный бизнес и менеджмент""";Русский язык|Математика;Информатика|Физика;0;266;очно;2025;budget;https://tabiturient.ru/vuzu/mgtu/proxodnoi/;403
bmstu;27.03.05;Инноватика;бакалавриат;Управление промышленными инновациями (адаптационный план № 1);"Факультет ""инженерный бизнес и менеджмент""";Русский язык|Математика;Информатика|Физика;0;;;;quota_only;https://tabiturient.ru/vuzu/mgtu/proxodnoi/;18929
bmstu;28.03.02;Наноинженерия;бакалавриат;Проектирование и нанотехнологии производства микро и нано компонентной базы для интеллектуальных радиотехнических систем;"Факультет ""радиоэлектроника и лазерная техника""";Русский язык|Математика|Физика;;0;271;очно;2025;budget;https://tabiturient.ru/vuzu/mgtu/proxodnoi/;17423
bmstu;28.03.02;Наноинженерия;бакалавриат;Наноинженерия в машиностроении;"Факультет ""машиностроительные технологии""";Русский язык|Математика|Физика;;0;259;очно;2025;budget;https://tabiturient.ru/vuzu/mgtu/proxodnoi/;404
bmstu;38.03.01;Экономика;бакалавриат;Цифровая экономика и бизнес анализ;"Факультет ""инженерный бизнес и менеджмент""";Русский язык|Математика;Обществознание|Иностранный язык;0;;;;paid_only;https://tabiturient.ru/vuzu/mgtu/proxodnoi/;405
bmstu;38.03.02;Менеджмент;бакалавриат;Менеджмент инновационных проектов и стартапов;"Факультет ""инженерный бизнес и менеджмент""";Русский язык|Математика;Обществознание|Иностранный язык|Информатика;0;;;;paid_only;https://tabiturient.ru/vuzu/mgtu/proxodnoi/;406
bmstu;38.03.05;Бизнес-информатика;бакалавриат;Технологии электронного бизнеса;"Факультет ""инженерный бизнес и менеджмент""";Русский язык|Математика;Обществознание|Информатика;0;283;очно;2025;budget;https://tabiturient.ru/vuzu/mgtu/proxodnoi/;407
bmstu;38.03.05;Бизнес-информатика;бакалавриат;Маркетинг цифровых технологий;"Факультет ""инженерный бизнес и менеджмент""";Русский язык|Математика;Обществознание|Информатика;0;283;очно;2025;budget;https://tabiturient.ru/vuzu/mgtu/proxodnoi/;22969
bmstu;45.03.02;Лингвистика;бакалавриат;Теоретическая и прикладная лингвистика;"Факультет ""лингвистика""";Русский язык|Иностранный язык;Обществознание|История;0;;;;paid_only;https://tabiturient.ru/vuzu/mgtu/proxodnoi/;409
bmstu;45.03.03;Фундаментальная и прикладная лингвистика;бакалавриат;Фундаментальная и компьютерная лингвистика;"Факультет ""лингвистика""";Русский язык|Иностранный язык;Математика|Информатика;0;;;;paid_only;https://tabiturient.ru/vuzu/mgtu/proxodnoi/;18940
bmstu;54.03.01;Дизайн;бакалавриат;Промышленный дизайн;"Факультет ""машиностроительные технологии""";Русский язык|Литература;;1;;;;budget;https://tabiturient.ru/vuzu/mgtu/proxodnoi/;410
bmstu;10.05.01;Компьютерная безопасность;специалитет;Математические методы в компьютерной безопасности;"Факультет ""информатика и системы управления""";Русский язык|Математика|Физика;;0;275;очно;2025;budget;https://tabiturient.ru/vuzu/mgtu/proxodnoi/;411
bmstu;10.05.03;Информационная безопасность автоматизированных систем;специалитет;Разработка и анализ защищённых автоматизированных систем;"Факультет ""информатика и системы управления""";Русский язык|Математика;Информатика|Физика;0;285;очно;2025;budget;https://tabiturient.ru/vuzu/mgtu/proxodnoi/;17734
bmstu;10.05.03;Информационная безопасность автоматизированных систем;специалитет;Разработка и анализ защищённых автоматизированных систем (адаптационный план № 1);"Факультет ""информатика и системы управления""";Русский язык|Математика;Информатика|Физика;0;;;;budget;https://tabiturient.ru/vuzu/mgtu/proxodnoi/;27231
bmstu;10.05.03;Информационная безопасность автоматизированных систем;специалитет;Обеспечение информационной безопасности автоматизированных систем;"Факультет ""информатика и системы управления""";Русский язык|Математика;Информатика|Физика;0;285;очно;2025;budget;https://tabiturient.ru/vuzu/mgtu/proxodnoi/;412
bmstu;10.05.05;Безопасность информационных технологий в правоохранительной сфере;специалитет;Безопасность цифровой среды;"Кафедра ""Безопасность в цифровом мире""";Русский язык|Математика;Информатика|Физика;0;279;очно;2025;budget;https://tabiturient.ru/vuzu/mgtu/proxodnoi/;18938
bmstu;11.05.01;Радиоэлектронные системы и комплексы;специалитет;Алгоритмическое конструирование радиоэлектронных систем и комплексов;"Факультет ""радиоэлектроника и лазерная техника""";Русский язык|Математика|Физика;;0;252;очно;2025;budget;https://tabiturient.ru/vuzu/mgtu/proxodnoi/;27234
bmstu;11.05.01;Радиоэлектронные системы и комплексы;специалитет;Бортовые радиоэлектронные системы и устройства;"Факультет ""специальное машиностроение""";Русский язык|Математика|Физика;;0;236;очно;2025;budget;https://tabiturient.ru/vuzu/mgtu/proxodnoi/;17385
bmstu;11.05.01;Радиоэлектронные системы и комплексы;специалитет;Интеллектуальные радиоэлектронные системы и комплексы (отраслевая);"Факультет ""радиотехнический""";Русский язык|Математика|Физика;;0;247;очно;2025;budget;https://tabiturient.ru/vuzu/mgtu/proxodnoi/;17386
bmstu;11.05.01;Радиоэлектронные системы и комплексы;специалитет;Интеллектуальные радиоэлектронные системы и комплексы;"Факультет ""радиоэлектроника и лазерная техника""";Русский язык|Математика|Физика;;0;252;очно;2025;budget;https://tabiturient.ru/vuzu/mgtu/proxodnoi/;17387
bmstu;12.05.01;Электронные и оптико-электронные приборы и системы специального назначения;специалитет;Лазерные и оптико-электронные информационно измерительные системы;"Факультет ""радиоэлектроника и лазерная техника""";Русский язык|Математика|Физика;;0;248;очно;2025;budget;https://tabiturient.ru/vuzu/mgtu/proxodnoi/;414
bmstu;14.05.01;Ядерные реакторы и материалы;специалитет;Конструирование ядерных реакторов и технологических установок;"Факультет ""энергомашиностроение""";Русский язык|Математика|Физика;;0;284;очно;2025;budget;https://tabiturient.ru/vuzu/mgtu/proxodnoi/;415
bmstu;15.05.01;Проектирование технологических машин и комплексов;специалитет;Автоматизированные процессы механообработки и роботехнические станочные комплексы;"Факультет ""машиностроительные технологии""";Русский язык|Математика|Физика;;0;228;очно;2025;budget;https://tabiturient.ru/vuzu/mgtu/proxodnoi/;416
bmstu;15.05.01;Проектирование технологических машин и комплексов;специалитет;Интеллектуальные инструментальные системы и технологии в машиностроении;"Факультет ""машиностроительные технологии""";Русский язык|Математика|Физика;;0;238;очно;2025;budget;https://tabiturient.ru/vuzu/mgtu/proxodnoi/;17392
bmstu;15.05.01;Проектирование технологических машин и комплексов;специалитет;Технологии и машины обработки давлением;"Факультет ""машиностроительные технологии""";Русский язык|Математика|Физика;;0;228;очно;2025;budget;https://tabiturient.ru/vuzu/mgtu/proxodnoi/;17393
bmstu;15.05.01;Проектирование технологических машин и комплексов;специалитет;Лазерные технологии и оборудование аддитивного производства;"Факультет ""машиностроительные технологии""";Русский язык|Математика|Физика;;0;228;очно;2025;budget;https://tabiturient.ru/vuzu/mgtu/proxodnoi/;17394
bmstu;15.05.01;Проектирование технологических машин и комплексов;специалитет;Проектирование высокопроизводительных механосборочных производств;"Факультет ""машиностроительные технологии""";Русский язык|Математика|Физика;;0;228;очно;2025;budget;https://tabiturient.ru/vuzu/mgtu/proxodnoi/;17395
bmstu;15.05.01;Проектирование технологических машин и комплексов;специалитет;Технологии и оборудование сварочного производства;"Факультет ""машиностроительные технологии""";Русский язык|Математика|Физика;;0;228;очно;2025;budget;https://tabiturient.ru/vuzu/mgtu/proxodnoi/;17396
bmstu;15.05.01;Проектирование технологических машин и комплексов;специалитет;Проектирование технологий и оборудования автоматизированных металлургических машин;"Факультет ""машиностроительные технологии""";Русский язык|Математика|Физика;;0;228;очно;2025;budget;https://tabiturient.ru/vuzu/mgtu/proxodnoi/;17397
bmstu;15.05.01;Проектирование технологических машин и комплексов;специалитет;Цифровые и гибридные технологии литья;"Факультет ""машиностроительные технологии""";Русский язык|Математика|Физика;;0;228;очно;2025;budget;https://tabiturient.ru/vuzu/mgtu/proxodnoi/;17398
bmstu;15.05.01;Проектирование технологических машин и комплексов;специалитет;Системная инженерия вакуумных, компрессорных, пневматических систем и агрегатов;"Факультет ""энергомашиностроение""";Русский язык|Математика|Физика;;0;235;очно;2025;budget;https://tabiturient.ru/vuzu/mgtu/proxodnoi/;17399
bmstu;15.05.01;Проектирование технологических машин и комплексов;специалитет;Интеллектуальные инструментальные системы и технологии в машиностроении (отраслевая);"Факультет ""ракетно-космическая техника""";Русский язык|Математика;Информатика|Физика;0;228;очно;2025;budget;https://tabiturient.ru/vuzu/mgtu/proxodnoi/;17400
bmstu;16.05.01;Специальные системы жизнеобеспечения;специалитет;Криогенная техника;"Факультет ""энергомашиностроение""";Русский язык|Математика|Физика;;0;246;очно;2025;budget;https://tabiturient.ru/vuzu/mgtu/proxodnoi/;417
bmstu;17.05.01;Боеприпасы и взрыватели;специалитет;Системное проектирование интеллектуальных средств поражения;"Факультет ""специальное машиностроение""";Русский язык|Математика|Физика;;0;219;очно;2025;budget;https://tabiturient.ru/vuzu/mgtu/proxodnoi/;418
bmstu;17.05.02;Стрелково-пушечное, артиллерийское и ракетное оружие;специалитет;Системное проектирование высокоточных комплексов вооружения;"Факультет ""специальное машиностроение""";Русский язык|Математика|Физика;;0;227;очно;2025;budget;https://tabiturient.ru/vuzu/mgtu/proxodnoi/;419
bmstu;23.05.01;Наземные транспортно-технологические средства;специалитет;Высокоавтоматизированные транспортные и тяговые машины;"Факультет ""специальное машиностроение""";Русский язык|Математика|Физика;;0;274;очно;2025;budget;https://tabiturient.ru/vuzu/mgtu/proxodnoi/;420
bmstu;23.05.01;Наземные транспортно-технологические средства;специалитет;Высокоавтоматизированные колесные машины;"Факультет ""специальное машиностроение""";Русский язык|Математика|Физика;;0;274;очно;2025;budget;https://tabiturient.ru/vuzu/mgtu/proxodnoi/;17402
bmstu;23.05.01;Наземные транспортно-технологические средства;специалитет;Подъемно-транспортные системы и роботы;"Факультет ""робототехника и комплексная автоматизация""";Русский язык|Математика|Физика;;0;244;очно;2025;budget;https://tabiturient.ru/vuzu/mgtu/proxodnoi/;17403
bmstu;23.05.02;Транспортные средства специального назначения;специалитет;Высокоавтоматизированные колесные машины специального назначения;"Факультет ""специальное машиностроение""";Русский язык|Математика|Физика;;0;247;очно;2025;budget;https://tabiturient.ru/vuzu/mgtu/proxodnoi/;19226
bmstu;23.05.02;Транспортные средства специального назначения;специалитет;Высокоавтоматизированные транспортные и тяговые машины специального назначения;"Факультет ""специальное машиностроение""";Русский язык|Математика|Физика;;0;247;очно;2025;budget;https://tabiturient.ru/vuzu/mgtu/proxodnoi/;421
bmstu;24.05.01;Проектирование, производство и эксплуатация ракет и ракетно-космических комплексов;специалитет;Строительство в космосе;"Факультет ""специальное машиностроение""";Русский язык|Математика|Физика;;0;261;очно;2025;budget;https://tabiturient.ru/vuzu/mgtu/proxodnoi/;27242
bmstu;24.05.01;Проектирование, производство и эксплуатация ракет и ракетно-космических комплексов;специалитет;Моделирование и информационные технологии аэрокосмических систем (отраслевая);"Факультет ""специальное машиностроение""";Русский язык|Математика|Физика;;0;261;очно;2025;budget;https://tabiturient.ru/vuzu/mgtu/proxodnoi/;27243
bmstu;24.05.01;Проектирование, производство и эксплуатация ракет и ракетно-космических комплексов;специалитет;Оборудование автоматизированных комплексов подготовки, старта и посадки летательных аппаратов (отраслевая);"Факультет ""специальное машиностроение""";Русский язык|Математика|Физика;;0;261;очно;2025;budget;https://tabiturient.ru/vuzu/mgtu/proxodnoi/;27244
bmstu;24.05.01;Проектирование, производство и эксплуатация ракет и ракетно-космических комплексов;специалитет;Инжиниринг и технологии производства ракетно-космической техники (отраслевая);"Факультет ""специальное машиностроение""";Русский язык|Математика|Физика;;0;261;очно;2025;budget;https://tabiturient.ru/vuzu/mgtu/proxodnoi/;27245
bmstu;24.05.01;Проектирование, производство и эксплуатация ракет и ракетно-космических комплексов;специалитет;Крупногабаритные космические конструкции;"Факультет ""специальное машиностроение""";Русский язык|Математика|Физика;;0;261;очно;2025;budget;https://tabiturient.ru/vuzu/mgtu/proxodnoi/;422
bmstu;24.05.01;Проектирование, производство и эксплуатация ракет и ракетно-космических комплексов;специалитет;Системы термостатирования и заправки криогенными топливами летательных аппаратов;"Факультет ""энергомашиностроение""";Русский язык|Математика|Физика;;0;261;очно;2025;budget;https://tabiturient.ru/vuzu/mgtu/proxodnoi/;22966
bmstu;24.05.01;Проектирование, производство и эксплуатация ракет и ракетно-космических комплексов;специалитет;Аэрокосмические системы и комплексы;"Факультет ""специальное машиностроение""";Русский язык|Математика|Физика;;0;261;очно;2025;budget;https://tabiturient.ru/vuzu/mgtu/proxodnoi/;17404
bmstu;24.05.01;Проектирование, производство и эксплуатация ракет и ракетно-космических комплексов;специалитет;Автоматизированные комплексы подготовки, старта и посадки летательных аппаратов и роботизированные напланетные базы;"Факультет ""специальное машиностроение""";Русский язык|Математика|Физика;;0;261;очно;2025;budget;https://tabiturient.ru/vuzu/mgtu/proxodnoi/;17405
bmstu;24.05.01;Проектирование, производство и эксплуатация ракет и ракетно-космических комплексов;специалитет;Инжиниринг и технологии производства ракетно космической техники;"Факультет ""специальное машиностроение""";Русский язык|Математика|Физика;;0;261;очно;2025;budget;https://tabiturient.ru/vuzu/mgtu/proxodnoi/;17406
bmstu;24.05.01;Проектирование, производство и эксплуатация ракет и ракетно-космических комплексов;специалитет;Крупногабаритные космические конструкции (отраслевая);"Факультет ""специальное машиностроение""";Русский язык|Математика|Физика;;0;261;очно;2025;budget;https://tabiturient.ru/vuzu/mgtu/proxodnoi/;17407
bmstu;24.05.02;Проектирование авиационных и ракетных двигателей;специалитет;Проектирование аэрокосмических ракетных и комбинированных реактивных двигателей;"Факультет ""энергомашиностроение""";Русский язык|Математика|Физика;;0;251;очно;2025;budget;https://tabiturient.ru/vuzu/mgtu/proxodnoi/;17414
bmstu;24.05.02;Проектирование авиационных и ракетных двигателей;специалитет;Электроракетные двигатели и энергоустановки космических аппаратов;"Факультет ""энергомашиностроение""";Русский язык|Математика|Физика;;0;251;очно;2025;budget;https://tabiturient.ru/vuzu/mgtu/proxodnoi/;17415
bmstu;24.05.02;Проектирование авиационных и ракетных двигателей;специалитет;Проектирование газотурбинных двигателей и установок;"Факультет ""энергомашиностроение""";Русский язык|Математика|Физика;;0;251;очно;2025;budget;https://tabiturient.ru/vuzu/mgtu/proxodnoi/;423
bmstu;24.05.02;Проектирование авиационных и ракетных двигателей;специалитет;Поршневые двигатели летательных аппаратов;"Факультет ""энергомашиностроение""";Русский язык|Математика|Физика;;0;251;очно;2025;budget;https://tabiturient.ru/vuzu/mgtu/proxodnoi/;22967
bmstu;24.05.02;Проектирование авиационных и ракетных двигателей;специалитет;Прикладная теплофизика и теоретическая теплотехника;"Факультет ""энергомашиностроение""";Русский язык|Математика|Физика;;0;251;очно;2025;budget;https://tabiturient.ru/vuzu/mgtu/proxodnoi/;22968
bmstu;24.05.04;Навигационно-баллистическое обеспечение применения космической техники;специалитет;Управление движением и процессами обтекания специальных аппаратов различного назначения;"Факультет ""специальное машиностроение""";Русский язык|Математика|Физика;;0;254;очно;2025;budget;https://tabiturient.ru/vuzu/mgtu/proxodnoi/;424
bmstu;24.05.06;Системы управления летательными аппаратами;специалитет;Системы управления летательных и космических аппаратов;"Факультет ""информатика и системы управления""";Русский язык|Математика|Физика;;0;232;очно;2025;budget;https://tabiturient.ru/vuzu/mgtu/proxodnoi/;17416
bmstu;24.05.06;Системы управления летательными аппаратами;специалитет;Системы управления космических аппаратов (отраслевая);"Факультет ""информатика и системы управления""";Русский язык|Математика|Физика;;0;232;очно;2025;budget;https://tabiturient.ru/vuzu/mgtu/proxodnoi/;17418
bmstu;24.05.06;Системы управления летательными аппаратами;специалитет;Приборы и системы ориентации, стабилизации и навигации;"Факультет ""информатика и системы управления""";Русский язык|Математика|Физика;;0;232;очно;2025;budget;https://tabiturient.ru/vuzu/mgtu/proxodnoi/;17420
bmstu;24.05.06;Системы управления летательными аппаратами;специалитет;Программные и аппаратные комплексы систем управления космических аппаратов;"Факультет ""информатика и системы управления""";Русский язык|Математика|Физика;;0;232;очно;2025;budget;https://tabiturient.ru/vuzu/mgtu/proxodnoi/;27246
bmstu;24.05.06;Системы управления летательными аппаратами;специалитет;Проектирование систем управления ракетно-космическими комплексами;"Факультет ""информатика и системы управления""";Русский язык|Математика|Физика;;0;232;очно;2025;budget;https://tabiturient.ru/vuzu/mgtu/proxodnoi/;27247
bmstu;24.05.06;Системы управления летательными аппаратами;специалитет;Системы управления летательных аппаратов (отраслевая);"Факультет ""информатика и системы управления""";Русский язык|Математика|Физика;;0;232;очно;2025;budget;https://tabiturient.ru/vuzu/mgtu/proxodnoi/;27248
bmstu;24.05.06;Системы управления летательными аппаратами;специалитет;Системы управления летательных аппаратов/Программное и алгоритмическое обеспечение систем управления;"Факультет ""информатика и системы управления""";Русский язык|Математика|Физика;;0;232;очно;2025;budget;https://tabiturient.ru/vuzu/mgtu/proxodnoi/;425
bmstu;40.05.03;Судебная экспертиза;специалитет;Цифровая безопасность (Судебная экспертиза / Правовое обеспечение национальной безопасности);"Кафедра ""Безопасность в цифровом мире""";Русский язык|Обществознание;Информатика|История;0;;;;budget;https://tabiturient.ru/vuzu/mgtu/proxodnoi/;426
bmstu;15.05.02;Робототехника военного и специального назначения;специалитет;Специализированые робототехнические комплексы для сварки и неразрушающего контроля;"Факультет ""машиностроительные технологии""";Русский язык|Математика|Физика;;0;235;очно;2025;budget;https://tabiturient.ru/vuzu/mgtu/proxodnoi/;18941
bmstu;15.05.02;Робототехника военного и специального назначения;специалитет;Мобильные наземные робототехнические комплексы;"Факультет ""специальное машиностроение""";Русский язык|Математика|Физика;;0;252;очно;2025;budget;https://tabiturient.ru/vuzu/mgtu/proxodnoi/;18942
mephi;01.03.02;Прикладная математика и информатика;бакалавриат;Математика и науки о данных. Математическое и программное обеспечение киберфизических систем. Конструктивные модели в информационных и интеллектуальных системах​;Институт лазерных и плазменных технологий (ЛаПлаз);Русский язык|Математика;Информатика|Физика;0;;;;quota_only;https://tabiturient.ru/vuzu/mifi/proxodnoi/;656
mephi;03.03.01;Прикладные математика и физика;бакалавриат;"Суперкомпьютерные технологии в инженерно-физическом моделировании; Теоретическая физика и математическое моделирование; Технологии экстремального состояния вещества; Физика и инжиниринг новых материалов; Квантовый инжиниринг";Институт лазерных и плазменных технологий (ЛаПлаз);Русский язык|Математика|Физика;;0;;;;quota_only;https://tabiturient.ru/vuzu/mifi/proxodnoi/;658
mephi;03.03.01;Прикладные математика и физика;бакалавриат;Математическое и компьютерное моделирование: метаматериалы, фотоника, терагерцовые источники;Институт нанотехнологий в электронике, спинтронике и фотонике (ИНТЭЛ);Русский язык|Математика|Физика;;0;;;;quota_only;https://tabiturient.ru/vuzu/mifi/proxodnoi/;22977
mephi;03.03.02;Физика;бакалавриат;"Медицинская физика; Биофизика";Инженерно-физический институт биомедицины (ИФИБ);Русский язык|Математика|Физика;;0;;;;quota_only;https://tabiturient.ru/vuzu/mifi/proxodnoi/;659
mephi;09.03.01;Информатика и вычислительная техника;бакалавриат;Компьютерные системы и технологии;Институт интеллектуальных кибернетических систем (ИИКС);Русский язык|Математика;Информатика|Физика;0;;;;quota_only;https://tabiturient.ru/vuzu/mifi/proxodnoi/;665
mephi;09.03.02;Информационные системы и технологии;бакалавриат;Без профиля;Институт интеллектуальных кибернетических систем (ИИКС);Русский язык|Математика;Информатика|Физика;0;;;;budget;https://tabiturient.ru/vuzu/mifi/proxodnoi/;17715
mephi;09.03.03;Прикладная информатика;бакалавриат;"Интеллектуальные информационно-аналитические системы; Мобильные и адаптивные приложения";Институт финансовых технологий и экономической безопасности (ИФТЭБ);Русский язык|Математика;Информатика|Физика;0;;;;budget;https://tabiturient.ru/vuzu/mifi/proxodnoi/;26223
mephi;09.03.04;Программная инженерия;бакалавриат;"Программная инженерия искусственного интеллекта; Искусственный интеллект и моделирование когнитивных процессов в проектировании и разработке информационных систем; Экстремальное программирование";Институт интеллектуальных кибернетических систем (ИИКС);Русский язык|Математика;Информатика|Физика;0;;;;quota_only;https://tabiturient.ru/vuzu/mifi/proxodnoi/;666
mephi;10.03.01;Информационная безопасность;бакалавриат;Безопасность автоматизированных систем (Интеллектуальные аппаратно-программные комплексы и системы);Институт нанотехнологий в электронике, спинтронике и фотонике (ИНТЭЛ);Русский язык|Математика;Информатика|Физика;0;278;очно;2025;budget;https://tabiturient.ru/vuzu/mifi/proxodnoi/;26224
mephi;10.03.01;Информационная безопасность;бакалавриат;"Безопасность компьютерных систем (инновационные технологии компьютерной безопасности); Безопасность компьютерных систем (Объекты критической информационной инфраструктуры)";Институт интеллектуальных кибернетических систем (ИИКС);Русский язык|Математика;Информатика|Физика;0;278;очно;2025;budget;https://tabiturient.ru/vuzu/mifi/proxodnoi/;667
mephi;10.03.01;Информационная безопасность;бакалавриат;"Информационно-аналитические системы финансового мониторинга; Информационно-аналитические системы финансового мониторинга с возможностью присвоения второй квалификации /Бизнес-информатика/";Институт финансовых технологий и экономической безопасности (ИФТЭБ);Русский язык|Математика;Информатика|Физика;0;278;очно;2025;budget;https://tabiturient.ru/vuzu/mifi/proxodnoi/;9214
mephi;11.03.04;Электроника и наноэлектроника;бакалавриат;"Наноэлектроника и радиофотоника; Наноэлектроника и радиофотоника (с присвоением двух квалификаций); Оптоэлектронные сенсорные системы и технологии; Оптоэлектронные сенсорные системы и технологии (с присвоением двух квалификаций)";Институт нанотехнологий в электронике, спинтронике и фотонике (ИНТЭЛ);Русский язык|Физика;Математика|Информатика;0;261;очно;2025;budget;https://tabiturient.ru/vuzu/mifi/proxodnoi/;22979
mephi;12.03.01;Приборостроение;бакалавриат;"Цифровая инженерия и ядерное приборостроение; Электроника и автоматика киберфизических систем и установок (с присвоением двух квалификаций)";Институт физико-технических интеллектуальных систем (ИФТИС);Русский язык|Физика;Математика|Информатика;0;266;очно;2025;budget;https://tabiturient.ru/vuzu/mifi/proxodnoi/;16947
mephi;12.03.03;Фотоника и оптоинформатика;бакалавриат;Фотоника и оптические информационные технологии;Институт лазерных и плазменных технологий (ЛаПлаз);Русский язык|Математика|Физика;;0;266;очно;2025;budget;https://tabiturient.ru/vuzu/mifi/proxodnoi/;670
mephi;12.03.04;Биотехнические системы и технологии;бакалавриат;Медицинское приборостроение;Инженерно-физический институт биомедицины (ИФИБ);Русский язык|Физика;Математика|Информатика|Биология|Химия;0;266;очно;2025;budget;https://tabiturient.ru/vuzu/mifi/proxodnoi/;671
mephi;12.03.04;Биотехнические системы и технологии;бакалавриат;Бионанотехнологии;Инженерно-физический институт биомедицины (ИФИБ);Русский язык|Физика;Математика|Информатика|Биология|Химия;0;266;очно;2025;budget;https://tabiturient.ru/vuzu/mifi/proxodnoi/;22981
mephi;12.03.05;Лазерная техника и лазерные технологии;бакалавриат;Лазерные системы и технологии;Институт лазерных и плазменных технологий (ЛаПлаз);Русский язык|Математика|Физика;;0;266;очно;2025;budget;https://tabiturient.ru/vuzu/mifi/proxodnoi/;672
mephi;14.03.01;Ядерная энергетика и теплофизика;бакалавриат;Ядерные реакторы и энергетические установки;Институт ядерной физики и технологий (ИЯФиТ);Русский язык|Математика|Физика;;0;271;очно;2025;budget;https://tabiturient.ru/vuzu/mifi/proxodnoi/;7813
mephi;14.03.02;Ядерные физика и технологии;бакалавриат;Киберфизические системы и ядерные технологии;Институт физико-технических интеллектуальных систем (ИФТИС);Русский язык|Математика|Физика;;0;271;очно;2025;budget;https://tabiturient.ru/vuzu/mifi/proxodnoi/;653
mephi;14.03.02;Ядерные физика и технологии;бакалавриат;"Ядерные(внешняя ссылка) физика и космофизика; Физика фундаментальных взаимодействий; Физика космических излучений; Экспериментальные исследования и моделирование фундаментальных взаимодействий; Физика элементарных частиц и космология; Физика и теплофизика";Институт ядерной физики и технологий (ИЯФиТ);Русский язык|Математика|Физика;;0;271;очно;2025;budget;https://tabiturient.ru/vuzu/mifi/proxodnoi/;22982
mephi;15.03.06;Мехатроника и робототехника;бакалавриат;Проектирование интеллектуальных робототехнических комплексов;Институт физико-технических интеллектуальных систем (ИФТИС);Русский язык|Математика;Информатика|Физика;0;270;очно;2025;budget;https://tabiturient.ru/vuzu/mifi/proxodnoi/;693
mephi;16.03.01;Техническая физика;бакалавриат;Инжиниринг мезофизических систем;Институт лазерных и плазменных технологий (ЛаПлаз);Русский язык|Математика|Физика;;0;272;очно;2025;budget;https://tabiturient.ru/vuzu/mifi/proxodnoi/;19222
mephi;16.03.02;Высокотехнологические плазменные и энергетические установки;бакалавриат;"Мощные лазеры и лазерный термоядерный синтез; Управляемый термоядерный синтез и плазменные технологии";Институт лазерных и плазменных технологий (ЛаПлаз);Русский язык|Математика|Физика;;0;272;очно;2025;budget;https://tabiturient.ru/vuzu/mifi/proxodnoi/;694
mephi;18.03.01;Химическая технология;бакалавриат;Химические технологии лекарственных средств;Инженерно-физический институт биомедицины (ИФИБ);Русский язык|Химия;Математика|Информатика|Физика;0;;;;budget;https://tabiturient.ru/vuzu/mifi/proxodnoi/;26222
mephi;22.03.01;Материаловедение и технологии материалов;бакалавриат;"Физика материалов и процессов; Физика экстремальных состояний вещества /с получением второй квалификации 14.03.02/";Институт ядерной физики и технологий (ИЯФиТ);Русский язык|Математика;Химия|Физика;0;259;очно;2025;budget;https://tabiturient.ru/vuzu/mifi/proxodnoi/;675
mephi;27.03.03;Системный анализ и управление;бакалавриат;"Прикладной искусственный интеллект для системного анализа и управления; Цифровые технологии для системного анализа и управления";Факультет бизнес-информатики и управления комплексными системами (ФБИУКС);Русский язык|Математика;Информатика|Физика;0;270;очно;2025;budget;https://tabiturient.ru/vuzu/mifi/proxodnoi/;22984
mephi;27.03.03;Системный анализ и управление;бакалавриат;"Инженерное программирование в атомной отрасли; Инженерное программирование в атомной отрасли (с присвоением двух квалификаций)";Институт физико-технических интеллектуальных систем (ИФТИС);Русский язык|Математика;Информатика|Физика;0;270;очно;2025;budget;https://tabiturient.ru/vuzu/mifi/proxodnoi/;4051
mephi;38.03.01;Экономика;бакалавриат;"Современные технологии учетно-аналитического обеспечения бизнеса с присвоением двух квалификаций /Прикладная информатика/; Финансовая аналитика";Институт финансовых технологий и экономической безопасности (ИФТЭБ);Русский язык|Математика;Обществознание|Информатика|История;0;273;очно;2025;budget;https://tabiturient.ru/vuzu/mifi/proxodnoi/;677
mephi;38.03.02;Менеджмент;бакалавриат;Цифровая трансформация технологического бизнеса;Факультет бизнес-информатики и управления комплексными системами (ФБИУКС);Русский язык|Математика;Обществознание|Информатика|История;0;273;очно;2025;budget;https://tabiturient.ru/vuzu/mifi/proxodnoi/;24576
mephi;38.03.05;Бизнес-информатика;бакалавриат;"Искусственный интеллект и бизнес-информатика; Бизнес-информатика в цифровой экономике";Факультет бизнес-информатики и управления комплексными системами (ФБИУКС);Русский язык|Математика;Обществознание|Информатика|История;0;273;очно;2025;budget;https://tabiturient.ru/vuzu/mifi/proxodnoi/;678
mephi;38.03.05;Бизнес-информатика;бакалавриат;"Технологическое предпринимательство; Цифровая аналитика; Моделирование бизнес-процессов";Институт финансовых технологий и экономической безопасности (ИФТЭБ);Русский язык|Математика;Обществознание|Информатика|История;0;273;очно;2025;budget;https://tabiturient.ru/vuzu/mifi/proxodnoi/;679
mephi;41.03.05;Международные отношения;бакалавриат;Международное научно-технологическое и промышленное сотрудничество;Институт международных отношений (ИМО);Русский язык|История;Обществознание|Иностранный язык;0;272;очно;2025;budget;https://tabiturient.ru/vuzu/mifi/proxodnoi/;680
mephi;10.05.04;Информационно-аналитические системы безопасности;специалитет;"Информационная безопасность финансовых и экономических структур; Информационная безопасность цифровых платформ социальной коммуникации";Институт финансовых технологий и экономической безопасности (ИФТЭБ);Русский язык|Математика;Информатика|Физика;0;275;очно;2025;budget;https://tabiturient.ru/vuzu/mifi/proxodnoi/;685
mephi;10.05.05;Безопасность информационных технологий в правоохранительной сфере;специалитет;Информационно-аналитическое обеспечение правоохранительной деятельности;Институт финансовых технологий и экономической безопасности (ИФТЭБ);Русский язык|Математика;Информатика|Физика;0;275;очно;2025;budget;https://tabiturient.ru/vuzu/mifi/proxodnoi/;686
mephi;14.05.01;Ядерные реакторы и материалы;специалитет;"Ядерные реакторы (Инновационные ядерные реакторы); Ядерные материалы: учет, контроль и безопасное обращение";Институт ядерной физики и технологий (ИЯФиТ);Русский язык|Математика|Физика;;0;285;очно;2025;budget;https://tabiturient.ru/vuzu/mifi/proxodnoi/;682
mephi;14.05.02;Атомные станции: проектирование, эксплуатация и инжиниринг;специалитет;"Радиационная безопасность атомных станций; Системы контроля и управления атомных станций; Проектирование и эксплуатация атомных станций";Институт ядерной физики и технологий (ИЯФиТ);Русский язык|Математика|Физика;;0;285;очно;2025;budget;https://tabiturient.ru/vuzu/mifi/proxodnoi/;681
mephi;31.05.01;Лечебное дело;специалитет;(для иностранных обучающихся);Инженерно-физический институт биомедицины (ИФИБ);Русский язык|Биология|Химия;;0;;;;paid_only;https://tabiturient.ru/vuzu/mifi/proxodnoi/;9212
mephi;38.05.01;Экономическая безопасность;специалитет;"Корпоративная экономическая безопасность; Экономико-правовое обеспечение экономической безопасности; Аналитические системы экономической безопасности";Институт финансовых технологий и экономической безопасности (ИФТЭБ);Русский язык|Математика;Обществознание|Информатика|История;0;264;очно;2025;budget;https://tabiturient.ru/vuzu/mifi/proxodnoi/;692
mephi;14.05.04;Электроника и автоматика физических установок;специалитет;Ускорители заряженных частиц для радиационных технологий;Институт ядерной физики и технологий (ИЯФиТ);Русский язык|Физика;Математика|Информатика;0;269;очно;2025;budget;https://tabiturient.ru/vuzu/mifi/proxodnoi/;688
mephi;14.05.04;Электроника и автоматика физических установок;специалитет;"Микро- и наноэлектроника интеллектуальных и информационных систем; Технология наноэлектронных приборов и архитектура вычислительных систем";Институт нанотехнологий в электронике, спинтронике и фотонике (ИНТЭЛ);Русский язык|Физика;Математика|Информатика;0;269;очно;2025;budget;https://tabiturient.ru/vuzu/mifi/proxodnoi/;689
mephi;14.05.04;Электроника и автоматика физических установок;специалитет;Автоматизация и информационно-измерительные системы физических установок;Институт физико-технических интеллектуальных систем (ИФТИС);Русский язык|Физика;Математика|Информатика;0;269;очно;2025;budget;https://tabiturient.ru/vuzu/mifi/proxodnoi/;690
mephi;03.05.02;Фундаментальная и прикладная физика;специалитет;Без профиля;Инженерно-физический институт биомедицины (ИФИБ);Русский язык|Физика;Математика|Информатика;0;;;;paid_only;https://tabiturient.ru/vuzu/mifi/proxodnoi/;27407
mgimo;05.03.06;Экология и природопользование;бакалавриат;"Глобальная экономическая политика; Климатическая и экологическая безопасность";Институт международной торговли и устойчивого развития;Русский язык|Математика;Информатика|Биология|География;0;291;очно;2025;budget;https://tabiturient.ru/vuzu/mgimo/proxodnoi/;116
mgimo;38.03.01;Экономика;бакалавриат;Международные экономические отношения;Факультет международных экономических отношений (МЭО);Русский язык|Математика|Иностранный язык;;0;291;очно;2025;budget;https://tabiturient.ru/vuzu/mgimo/proxodnoi/;109
mgimo;38.03.01;Экономика;бакалавриат;Мировая экономика и международное энергетическое сотрудничество;Международный институт энергетической политики и дипломатии (МИЭП);Русский язык|Математика|Иностранный язык;;0;289;очно;2025;budget;https://tabiturient.ru/vuzu/mgimo/proxodnoi/;119
mgimo;38.03.01;Экономика;бакалавриат;Экономика (англоязычная программа «Международные финансы и управление инвестициями /International Finance and Investment Management/»);Факультет международных экономических отношений (МЭО);Русский язык|Математика|Иностранный язык;;0;;;;paid_only;https://tabiturient.ru/vuzu/mgimo/proxodnoi/;9183
mgimo;38.03.02;Менеджмент;бакалавриат;Международный менеджмент;Факультет международного бизнеса;Русский язык|Математика|Иностранный язык;;0;;;;paid_only;https://tabiturient.ru/vuzu/mgimo/proxodnoi/;122
mgimo;38.03.02;Менеджмент;бакалавриат;Международный бизнес и международное энергетическое сотрудничество;Международный институт энергетической политики и дипломатии (МИЭП);Русский язык|Математика|Иностранный язык;;0;;;;paid_only;https://tabiturient.ru/vuzu/mgimo/proxodnoi/;123
mgimo;38.03.04;Государственное и муниципальное управление;бакалавриат;"Цифровое государственное управление; Государственное обеспечение национальной безопасности; Государственное управление большими данными";Факультет управления и политики;Русский язык|Иностранный язык|История;;0;;;;quota_only;https://tabiturient.ru/vuzu/mgimo/proxodnoi/;113
mgimo;38.03.06;Торговое дело;бакалавриат;"Международная торговля и логистика; Цифровая торговля";Институт международной торговли и устойчивого развития;Русский язык|Математика|Иностранный язык;;0;290;очно;2025;budget;https://tabiturient.ru/vuzu/mgimo/proxodnoi/;117
mgimo;39.03.01;Социология;бакалавриат;Социология массовых коммуникаций;Факультет международной журналистики (МЖ);Русский язык|Обществознание|Иностранный язык;;0;281;очно;2025;budget;https://tabiturient.ru/vuzu/mgimo/proxodnoi/;112
mgimo;40.03.01;Юриспруденция;бакалавриат;Международно-правовая специализация;Международно-правовой факультет (МП);Русский язык|Иностранный язык|История;;0;363;очно;2025;budget;https://tabiturient.ru/vuzu/mgimo/proxodnoi/;108
mgimo;40.03.01;Юриспруденция;бакалавриат;Международное право и юридическое обеспечение международного энергетического сотрудничества;Международный институт энергетической политики и дипломатии (МИЭП);Русский язык|Обществознание|Иностранный язык;;0;364;очно;2025;budget;https://tabiturient.ru/vuzu/mgimo/proxodnoi/;121
mgimo;40.03.01;Юриспруденция;бакалавриат;Международное право и правовое регулирование информационных технологий;Международно-правовой факультет (МП);Русский язык|Математика|Обществознание|Иностранный язык;;0;;;;paid_only;https://tabiturient.ru/vuzu/mgimo/proxodnoi/;22935
mgimo;40.03.01;Юриспруденция;бакалавриат;Международное право и сравнительное правоведение (совместно с Swiss School for International Relations, г. Женева);Международно-правовой факультет (МП);Русский язык|Обществознание|Иностранный язык;;0;;;;paid_only;https://tabiturient.ru/vuzu/mgimo/proxodnoi/;3796
mgimo;41.03.01;Зарубежное регионоведение;бакалавриат;Дипломатия и политика зарубежных стран;Факультет международных отношений (МО);Русский язык|Иностранный язык|История;;0;366;очно;2025;budget;https://tabiturient.ru/vuzu/mgimo/proxodnoi/;107
mgimo;58.03.01;Востоковедение и африканистика;бакалавриат;Международные отношения стран Востока и Африки;Факультет международных отношений (МО);Русский язык|Иностранный язык|История;;0;;;;paid_only;https://tabiturient.ru/vuzu/mgimo/proxodnoi/;27402
mgimo;41.03.04;Политология;бакалавриат;"Технологии публичной политики; Политические системы стран мира; Политическая аналитика";Факультет управления и политики;Русский язык|Иностранный язык|История;;0;292;очно;2025;budget;https://tabiturient.ru/vuzu/mgimo/proxodnoi/;114
mgimo;41.03.05;Международные отношения;бакалавриат;Большие данные и моделирование международных отношений (совместно с ИМЭМО РЭН);Факультет международных отношений (МО);Русский язык|Математика|Иностранный язык|История;;0;375;очно;2025;budget;https://tabiturient.ru/vuzu/mgimo/proxodnoi/;17664
mgimo;41.03.05;Международные отношения;бакалавриат;Международные отношения, управление и право / Government, International Politics and Law (реализуется на английском языке);Факультет международных отношений (МО);Русский язык|Иностранный язык|История;;0;;;;paid_only;https://tabiturient.ru/vuzu/mgimo/proxodnoi/;24363
mgimo;41.03.05;Международные отношения;бакалавриат;Международная безопасность (совместно с НИЦ «Курчатовский институт»);Факультет управления и политики;Русский язык|Иностранный язык|История;;0;295;очно;2025;budget;https://tabiturient.ru/vuzu/mgimo/proxodnoi/;18764
mgimo;41.03.05;Международные отношения;бакалавриат;Международные отношения (англоязычная программа «Многосторонняя дипломатия /Multilateral Diplomacy/»);Факультет управления и политики;Русский язык|Иностранный язык|История;;0;;;;paid_only;https://tabiturient.ru/vuzu/mgimo/proxodnoi/;18765
mgimo;41.03.05;Международные отношения;бакалавриат;Международные отношения (англоязычная программа «Политика и международные отношения / Politics and International Relations/»);Факультет международных отношений (МО);Русский язык|Иностранный язык|История;;0;;;;paid_only;https://tabiturient.ru/vuzu/mgimo/proxodnoi/;18766
mgimo;41.03.05;Международные отношения;бакалавриат;Без профиля;Факультет международных отношений (МО);Русский язык|Иностранный язык|История;;0;379;очно;2025;budget;https://tabiturient.ru/vuzu/mgimo/proxodnoi/;106
mgimo;41.03.05;Международные отношения;бакалавриат;Мировая политика;Факультет управления и политики;Русский язык|Иностранный язык|История;;0;295;очно;2025;budget;https://tabiturient.ru/vuzu/mgimo/proxodnoi/;115
mgimo;41.03.05;Международные отношения;бакалавриат;Международные отношения и энергетическая дипломатия;Международный институт энергетической политики и дипломатии (МИЭП);Русский язык|Иностранный язык|История;;0;367;очно;2025;budget;https://tabiturient.ru/vuzu/mgimo/proxodnoi/;118
mgimo;42.03.01;Реклама и связи с общественностью;бакалавриат;Связи с общественностью и международное энергетическое сотрудничество;Международный институт энергетической политики и дипломатии (МИЭП);Русский язык|Обществознание|Иностранный язык;;0;292;очно;2025;budget;https://tabiturient.ru/vuzu/mgimo/proxodnoi/;7521
mgimo;42.03.01;Реклама и связи с общественностью;бакалавриат;Реклама и связи с общественностью;Факультет международной журналистики (МЖ);Русский язык|Обществознание|Иностранный язык;;0;286;очно;2025;budget;https://tabiturient.ru/vuzu/mgimo/proxodnoi/;111
mgimo;42.03.02;Журналистика;бакалавриат;Международная журналистика;Факультет международной журналистики (МЖ);Русский язык|Иностранный язык|Литература;;1;374;очно;2025;budget;https://tabiturient.ru/vuzu/mgimo/proxodnoi/;110
fa;01.03.02;Прикладная математика и информатика;бакалавриат;Прикладное машинное обучение;Факультет информационных технологий и анализа больших данных;Русский язык|Математика;Информатика|Физика;0;271;очно;2025;budget;https://tabiturient.ru/vuzu/fu/proxodnoi/;2018
fa;02.03.01;Математика и компьютерные науки;бакалавриат;Математическое и компьютерное моделирование/Mathematical and computational modeling;Факультет информационных технологий и анализа больших данных;Русский язык|Математика;Информатика|Физика;0;;;;paid_only;https://tabiturient.ru/vuzu/fu/proxodnoi/;26203
fa;02.03.01;Математика и компьютерные науки;бакалавриат;Цифровая аналитика и математическая оценка рисков;Факультет информационных технологий и анализа больших данных;Русский язык|Математика;Информатика|Физика;0;;;;paid_only;https://tabiturient.ru/vuzu/fu/proxodnoi/;19143
fa;09.03.03;Прикладная информатика;бакалавриат;Прикладные информационные системы в экономике и финансах (с применением ДОТ);Институт открытого образования;Русский язык|Математика;Информатика|Физика;0;260;заочно;2025;budget;https://tabiturient.ru/vuzu/fu/proxodnoi/;22558
fa;09.03.03;Прикладная информатика;бакалавриат;Прикладные информационные системы в экономике и финансах;Факультет информационных технологий и анализа больших данных;Русский язык|Математика;Информатика|Физика;0;266;очно;2025;budget;https://tabiturient.ru/vuzu/fu/proxodnoi/;2019
fa;09.03.04;Программная инженерия;бакалавриат;Инженер-разработчик программного обеспечения (обучение с применением ДОТ);Институт открытого образования;Русский язык|Математика;Информатика|Физика;0;;;;paid_only;https://tabiturient.ru/vuzu/fu/proxodnoi/;25763
fa;09.03.04;Программная инженерия;бакалавриат;Инженер-разработчик программного обеспечения;Факультет информационных технологий и анализа больших данных;Русский язык|Математика;Информатика|Физика;0;274;очно;2025;budget;https://tabiturient.ru/vuzu/fu/proxodnoi/;19146
fa;09.03.04;Программная инженерия;бакалавриат;Разработка и внедрение информационно-аналитических систем;Факультет информационных технологий и анализа больших данных;Русский язык|Математика;Информатика|Физика;0;270;очно;2025;budget;https://tabiturient.ru/vuzu/fu/proxodnoi/;24551
fa;10.03.01;Информационная безопасность;бакалавриат;Безопасность автоматизированных систем в кредитно-финансовой сфере;Факультет информационных технологий и анализа больших данных;Русский язык|Математика;Информатика|Физика;0;261;очно;2025;budget;https://tabiturient.ru/vuzu/fu/proxodnoi/;2020
fa;27.03.05;Инноватика;бакалавриат;Управление цифровыми инновациями;"Факультет ""Высшая школа управления""";Русский язык|Математика;Информатика|Физика;0;271;очно;2025;budget;https://tabiturient.ru/vuzu/fu/proxodnoi/;9172
fa;37.03.01;Психология;бакалавриат;Психология;Факультет социальных наук и массовой коммуникации;Русский язык|Биология;Математика|Обществознание;0;;;;paid_only;https://tabiturient.ru/vuzu/fu/proxodnoi/;16913
fa;38.03.01;Экономика;бакалавриат;Экономика и бизнес;Факультет экономики и бизнеса;Русский язык|Математика;Обществознание|Иностранный язык|Информатика|История;0;273;очно;2025;budget;https://tabiturient.ru/vuzu/fu/proxodnoi/;3846
fa;38.03.01;Экономика;бакалавриат;Бизнес-архитектура и аналитика;Факультет налогов, аудита и бизнес-анализа;Русский язык|Математика;Обществознание|Иностранный язык|Информатика|История;0;;;;budget;https://tabiturient.ru/vuzu/fu/proxodnoi/;22556
fa;38.03.01;Экономика;бакалавриат;Бизнес-анализ, налоги и аудит (Обучение с применением ДОТ);Институт открытого образования;Русский язык|Математика;Обществознание|Иностранный язык|Информатика|История;0;274;очно-заочно;2025;budget;https://tabiturient.ru/vuzu/fu/proxodnoi/;22557
fa;38.03.01;Экономика;бакалавриат;Международный бизнес: налоги и аналитика / International Business: Taxes and Analytics;Факультет налогов, аудита и бизнес-анализа;Русский язык|Математика;Обществознание|Иностранный язык|Информатика|История;0;293;очно;2025;budget;https://tabiturient.ru/vuzu/fu/proxodnoi/;7745
fa;38.03.01;Экономика;бакалавриат;Аналитика и аудит;Факультет налогов, аудита и бизнес-анализа;Русский язык|Математика;Обществознание|Иностранный язык|Информатика|История;0;267;очно-заочно;2025;budget;https://tabiturient.ru/vuzu/fu/proxodnoi/;19013
fa;38.03.01;Экономика;бакалавриат;Финансы и искусственный интеллект (обучение с применением ДОТ);Институт открытого образования;Русский язык|Математика;Обществознание|Иностранный язык|Информатика|История;0;;;;paid_only;https://tabiturient.ru/vuzu/fu/proxodnoi/;26202
fa;38.03.01;Экономика;бакалавриат;Международная экономика и торговля (с углубленным изучением экономики Китая и китайского языка);Факультет международных экономических отношений;Русский язык|Математика;Обществознание|Иностранный язык|Информатика|История;0;310;очно;2025;budget;https://tabiturient.ru/vuzu/fu/proxodnoi/;18810
fa;38.03.01;Экономика;бакалавриат;Экономика корпорации, ESG и корпоративное право;Факультет экономики и бизнеса;Русский язык|Математика;Обществознание|Иностранный язык|Информатика|История;0;276;очно;2025;budget;https://tabiturient.ru/vuzu/fu/proxodnoi/;22927
fa;38.03.01;Экономика;бакалавриат;Цифровизация финансовых продуктов и услуг;Финансовый факультет;Русский язык|Математика;Обществознание|Иностранный язык|Информатика|История;0;;;;paid_only;https://tabiturient.ru/vuzu/fu/proxodnoi/;22929
fa;38.03.01;Экономика;бакалавриат;Международные торгово-экономические отношения;Факультет международных экономических отношений;Русский язык|Математика;Обществознание|Иностранный язык|Информатика|История;0;;;;paid_only;https://tabiturient.ru/vuzu/fu/proxodnoi/;22930
fa;38.03.01;Экономика;бакалавриат;Бизнес и корпоративные финансы (Обучение с применением ДОТ);Институт открытого образования;Русский язык|Математика;Обществознание|Иностранный язык|Информатика|История;0;273;очно-заочно;2025;budget;https://tabiturient.ru/vuzu/fu/proxodnoi/;22932
fa;38.03.01;Экономика;бакалавриат;Экономика и финансы;Финансовый факультет;Русский язык|Математика;Обществознание|Иностранный язык|Информатика|История;0;283;очно;2025;budget;https://tabiturient.ru/vuzu/fu/proxodnoi/;9648
fa;38.03.01;Экономика;бакалавриат;Бизнес-аудит и право;Факультет налогов, аудита и бизнес-анализа;Русский язык|Математика;Обществознание|Иностранный язык|Информатика|История;0;302;очно;2025;budget;https://tabiturient.ru/vuzu/fu/proxodnoi/;19147
fa;38.03.01;Экономика;бакалавриат;Экономика и бизнес стран Востока;Факультет международных экономических отношений;Русский язык|Математика;Обществознание|Иностранный язык|Информатика|История;0;;;;budget;https://tabiturient.ru/vuzu/fu/proxodnoi/;19148
fa;38.03.01;Экономика;бакалавриат;Финансовая разведка и управление рисками бизнеса;Факультет экономики и бизнеса;Русский язык|Математика;Обществознание|Иностранный язык|Информатика|История;0;269;очно;2025;budget;https://tabiturient.ru/vuzu/fu/proxodnoi/;9165
fa;38.03.01;Экономика;бакалавриат;Мировая экономика, мировые финансы и международный бизнес (с частичной реализацией на англ. языке);Факультет международных экономических отношений;Русский язык|Математика;Обществознание|Иностранный язык|Информатика|История;0;290;очно;2025;budget;https://tabiturient.ru/vuzu/fu/proxodnoi/;19149
fa;38.03.01;Экономика;бакалавриат;Финансы и анализ данных (с применением ДОТ);Институт открытого образования;Русский язык|Математика;Обществознание|Иностранный язык|Информатика|История;0;;;;paid_only;https://tabiturient.ru/vuzu/fu/proxodnoi/;19150
fa;38.03.01;Экономика;бакалавриат;Экономика и финансы (Обучение с применением ДОТ);Институт открытого образования;Русский язык|Математика;Обществознание|Иностранный язык|Информатика|История;0;292;очно-заочно;2025;budget;https://tabiturient.ru/vuzu/fu/proxodnoi/;9173
fa;38.03.01;Экономика;бакалавриат;Корпоративные финансы;Факультет экономики и бизнеса;Русский язык|Математика;Обществознание|Иностранный язык|Информатика|История;0;275;очно;2025;budget;https://tabiturient.ru/vuzu/fu/proxodnoi/;9176
fa;38.03.01;Экономика;бакалавриат;Бизнес-анализ, налоги и аудит;Факультет налогов, аудита и бизнес-анализа;Русский язык|Математика;Обществознание|Иностранный язык|Информатика|История;0;293;очно;2025;budget;https://tabiturient.ru/vuzu/fu/proxodnoi/;9177
fa;38.03.01;Экономика;бакалавриат;Государственные финансовые технологии;Финансовый факультет;Русский язык|Математика;Обществознание|Иностранный язык|Информатика|История;0;265;очно;2025;budget;https://tabiturient.ru/vuzu/fu/proxodnoi/;2022
fa;38.03.01;Экономика;бакалавриат;Международные финансы / International Finance;Факультет международных экономических отношений;Русский язык|Математика;Обществознание|Иностранный язык|Информатика|История;0;290;очно;2025;budget;https://tabiturient.ru/vuzu/fu/proxodnoi/;2023
fa;38.03.01;Экономика;бакалавриат;Финансовые инструменты и цифровые технологии анализа;Финансовый факультет;Русский язык|Математика;Обществознание|Иностранный язык|Информатика|История;0;277;очно;2025;budget;https://tabiturient.ru/vuzu/fu/proxodnoi/;24554
fa;38.03.02;Менеджмент;бакалавриат;Управление бизнесом / Bachelor of Business Administration (ВВА);"Факультет ""Высшая школа управления""";Русский язык|Математика;Обществознание|Иностранный язык|Информатика|История;0;291;очно;2025;budget;https://tabiturient.ru/vuzu/fu/proxodnoi/;7746
fa;38.03.02;Менеджмент;бакалавриат;Логистика;Факультет экономики и бизнеса;Русский язык|Математика;Обществознание|Иностранный язык|Информатика|История;0;264;очно;2025;budget;https://tabiturient.ru/vuzu/fu/proxodnoi/;7518
fa;38.03.02;Менеджмент;бакалавриат;Маркетинг;"Факультет ""Высшая школа управления""";Русский язык|Математика;Обществознание|Иностранный язык|Информатика|История;0;287;очно;2025;budget;https://tabiturient.ru/vuzu/fu/proxodnoi/;9168
fa;38.03.02;Менеджмент;бакалавриат;Финансовый менеджмент;"Факультет ""Высшая школа управления""";Русский язык|Математика;Обществознание|Иностранный язык|Информатика|История;0;;;;budget;https://tabiturient.ru/vuzu/fu/proxodnoi/;9169
fa;38.03.02;Менеджмент;бакалавриат;Финансовый менеджмент (Обучение с применением ДОТ);Институт открытого образования;Русский язык|Математика;Обществознание|Иностранный язык|Информатика|История;0;270;очно-заочно;2025;budget;https://tabiturient.ru/vuzu/fu/proxodnoi/;9170
fa;38.03.02;Менеджмент;бакалавриат;Маркетинг (Обучение с применением ДОТ);Институт открытого образования;Русский язык|Математика;Обществознание|Иностранный язык|Информатика|История;0;269;очно-заочно;2025;budget;https://tabiturient.ru/vuzu/fu/proxodnoi/;9174
fa;38.03.02;Менеджмент;бакалавриат;Управление бизнесом;"Факультет ""Высшая школа управления""";Русский язык|Математика;Обществознание|Иностранный язык|Информатика|История;0;263;очно-заочно;2025;budget;https://tabiturient.ru/vuzu/fu/proxodnoi/;2030
fa;38.03.03;Управление персоналом;бакалавриат;Без профиля;Факультет социальных наук и массовой коммуникации;Русский язык|Математика;Обществознание|Иностранный язык|Информатика|История;0;259;очно;2025;budget;https://tabiturient.ru/vuzu/fu/proxodnoi/;2031
fa;38.03.04;Государственное и муниципальное управление;бакалавриат;Цифровое государство и экономика;"Факультет ""Высшая школа управления""";Русский язык|Обществознание;Математика|Иностранный язык|История;0;;;;budget;https://tabiturient.ru/vuzu/fu/proxodnoi/;19151
fa;38.03.04;Государственное и муниципальное управление;бакалавриат;Государственное и муниципальное управление (с применением дистанционных образовательных технологий);Институт открытого образования;Русский язык|Обществознание;Математика|Иностранный язык|История;0;266;очно-заочно;2025;budget;https://tabiturient.ru/vuzu/fu/proxodnoi/;19152
fa;38.03.04;Государственное и муниципальное управление;бакалавриат;Государственное и муниципальное управление;"Факультет ""Высшая школа управления""";Русский язык|Обществознание;Математика|Иностранный язык|История;0;254;очно-заочно;2025;budget;https://tabiturient.ru/vuzu/fu/proxodnoi/;2032
fa;38.03.05;Бизнес-информатика;бакалавриат;Цифровые технологии в управлении земельными ресурсами и объектами недвижимости;Факультет информационных технологий и анализа больших данных;Русский язык|Математика;Обществознание|Информатика|История;0;;;;paid_only;https://tabiturient.ru/vuzu/fu/proxodnoi/;22933
fa;38.03.05;Бизнес-информатика;бакалавриат;Цифровая трансформация управления бизнесом;Факультет информационных технологий и анализа больших данных;Русский язык|Математика;Обществознание|Информатика|История;0;296;очно;2025;budget;https://tabiturient.ru/vuzu/fu/proxodnoi/;2033
fa;38.03.06;Торговое дело;бакалавриат;Электронная коммерция;Факультет налогов, аудита и бизнес-анализа;Русский язык|Математика;Обществознание|Иностранный язык|Информатика|История;0;258;очно;2025;budget;https://tabiturient.ru/vuzu/fu/proxodnoi/;22934
fa;39.03.01;Социология;бакалавриат;Экономическая социология;Факультет социальных наук и массовой коммуникации;Русский язык|Обществознание;Математика|Иностранный язык|История;0;245;очно;2025;budget;https://tabiturient.ru/vuzu/fu/proxodnoi/;2034
fa;40.03.01;Юриспруденция;бакалавриат;Юриспруденция;Юридический факультет;Русский язык|Обществознание;Математика|Иностранный язык|Информатика|История;0;198;очно;2025;budget;https://tabiturient.ru/vuzu/fu/proxodnoi/;9646
fa;41.03.04;Политология;бакалавриат;Мировая политика / Global politics;Факультет социальных наук и массовой коммуникации;Русский язык|История;Математика|Обществознание|Иностранный язык|Информатика;0;244;очно;2025;budget;https://tabiturient.ru/vuzu/fu/proxodnoi/;17489
fa;41.03.04;Политология;бакалавриат;Обучение с применением ДОТ;Институт открытого образования;Русский язык|История;Математика|Обществознание|Иностранный язык|Информатика;0;250;очно-заочно;2025;budget;https://tabiturient.ru/vuzu/fu/proxodnoi/;9649
fa;41.03.04;Политология;бакалавриат;Современные политические технологии, экспертиза и GR;Факультет социальных наук и массовой коммуникации;Русский язык|История;Математика|Обществознание|Иностранный язык|Информатика;0;245;очно;2025;budget;https://tabiturient.ru/vuzu/fu/proxodnoi/;2036
fa;42.03.01;Реклама и связи с общественностью;бакалавриат;Связи с общественностью в политике и бизнесе / Public Relations in Politics and Business;Факультет социальных наук и массовой коммуникации;Русский язык|Обществознание;Иностранный язык|Информатика|История;0;275;очно;2025;budget;https://tabiturient.ru/vuzu/fu/proxodnoi/;9647
fa;42.03.01;Реклама и связи с общественностью;бакалавриат;Обучение с применением ДОТ;Институт открытого образования;Русский язык|Обществознание;Иностранный язык|Информатика|История;0;261;очно-заочно;2025;budget;https://tabiturient.ru/vuzu/fu/proxodnoi/;19153
fa;42.03.01;Реклама и связи с общественностью;бакалавриат;Без профиля;Факультет социальных наук и массовой коммуникации;Русский язык|Обществознание;Иностранный язык|Информатика|История;0;278;очно;2025;budget;https://tabiturient.ru/vuzu/fu/proxodnoi/;2037
fa;43.03.02;Туризм;бакалавриат;Туристический бизнес и экономика впечатлений;Факультет экономики и бизнеса;Русский язык|Обществознание;Иностранный язык|История;0;241;очно;2025;budget;https://tabiturient.ru/vuzu/fu/proxodnoi/;2040
fa;43.03.03;Гостиничное дело;бакалавриат;Гостиничный бизнес;Факультет экономики и бизнеса;Русский язык|Обществознание;Иностранный язык|История;0;236;очно;2025;budget;https://tabiturient.ru/vuzu/fu/proxodnoi/;17490
fa;45.03.02;Лингвистика;бакалавриат;Экономическая лингвистика и межкультурная коммуникация (с частичной реализацией на английском языке);Факультет международных экономических отношений;Русский язык|Иностранный язык;Обществознание|История;0;;;;paid_only;https://tabiturient.ru/vuzu/fu/proxodnoi/;16914
fa;47.03.01;Философия;бакалавриат;Этика бизнеса;Факультет социальных наук и массовой коммуникации;Русский язык|Обществознание;Иностранный язык|История;0;243;очно;2025;budget;https://tabiturient.ru/vuzu/fu/proxodnoi/;16915
fa;38.05.01;Экономическая безопасность;специалитет;Экономическая безопасность;Факультет экономики и бизнеса;Русский язык|Математика;Обществознание|Информатика|История;0;;;;paid_only;https://tabiturient.ru/vuzu/fu/proxodnoi/;27177
fa;38.05.02;Таможенное дело;специалитет;Внешняя торговля, таможенное и валютное регулирование (специалитет) (с углубленным изучением иностранных языков);Факультет налогов, аудита и бизнес-анализа;Русский язык|Обществознание;Иностранный язык|Информатика|История;0;277;очно;2025;budget;https://tabiturient.ru/vuzu/fu/proxodnoi/;18802
fa;40.05.01;Правовое обеспечение национальной безопасности;специалитет;Правовое обеспечение национальной безопасности;Юридический факультет;Русский язык|Обществознание;Иностранный язык|Информатика|История;0;;;;paid_only;https://tabiturient.ru/vuzu/fu/proxodnoi/;24380
spbstu;01.03.02;Прикладная математика и информатика;бакалавриат;"Математическое моделирование и искусственный интеллект; Системное программирование; Биоинформатика";Физико-механический факультет;Русский язык|Математика;Информатика|Физика;0;279;очно;2025;budget;https://tabiturient.ru/vuzu/spbstu/proxodnoi/;2688
spbstu;01.03.03;Механика и математическое моделирование;бакалавриат;"Механика и математическое моделирование сред с микроструктурой; Биомеханика и медицинская инженерия; Математическое моделирование процессов нефтегазодобычи";Физико-механический факультет;Русский язык|Математика;Информатика|Физика;0;271;очно;2025;budget;https://tabiturient.ru/vuzu/spbstu/proxodnoi/;2689
spbstu;01.03.05;Статистика;бакалавриат;Без профиля;Институт промышленного менеджмента, экономики и торговли;Русский язык|Математика|Информатика;;0;257;очно;2025;budget;https://tabiturient.ru/vuzu/spbstu/proxodnoi/;17571
spbstu;02.03.01;Математика и компьютерные науки;бакалавриат;Без профиля;Институт компьютерных наук и кибербезопасности;Русский язык|Математика;Информатика|Физика;0;285;очно;2025;budget;https://tabiturient.ru/vuzu/spbstu/proxodnoi/;2690
spbstu;02.03.03;Математическое обеспечение и администрирование информационных систем;бакалавриат;Без профиля;Институт компьютерных наук и кибербезопасности;Русский язык|Математика;Информатика|Физика;0;275;очно;2025;budget;https://tabiturient.ru/vuzu/spbstu/proxodnoi/;2692
spbstu;03.03.01;Прикладные математика и физика;бакалавриат;Математические модели и вычислительные технологии в гидроаэродинамике и теплофизике;Физико-механический факультет;Русский язык|Математика;Информатика|Физика;0;268;очно;2025;budget;https://tabiturient.ru/vuzu/spbstu/proxodnoi/;2693
spbstu;03.03.02;Физика;бакалавриат;"Физика атомного ядра и элементарных частиц; Физика космических и плазменных явлений; Квантовые наноструктуры и материалы";Физико-механический факультет;Русский язык|Математика|Физика;;0;255;очно;2025;budget;https://tabiturient.ru/vuzu/spbstu/proxodnoi/;2694
spbstu;07.03.03;Дизайн архитектурной среды;бакалавриат;Дизайн архитектурной среды (общий профиль);Инженерно-строительный институт;Русский язык|Математика;;1;;;;quota_only;https://tabiturient.ru/vuzu/spbstu/proxodnoi/;17575
spbstu;08.03.01;Строительство;бакалавриат;"Городское строительство и хозяйство; Гидротехническое, энергетическое и арктическое строительство; Автомобильные дороги; Промышленное и гражданское строительство";Инженерно-строительный институт;Русский язык|Математика;Информатика|Физика;0;265;очно;2025;budget;https://tabiturient.ru/vuzu/spbstu/proxodnoi/;2695
spbstu;08.03.01;Строительство;бакалавриат;"Городское строительство и хозяйство; Автомобильные дороги; Мосты и транспортные тоннели; Промышленное и гражданское строительство";Инженерно-строительный институт;Русский язык|Математика;Информатика|Физика;0;;;;paid_only;https://tabiturient.ru/vuzu/spbstu/proxodnoi/;24213
spbstu;09.03.01;Информатика и вычислительная техника;бакалавриат;"Разработка компьютерных систем; Технологии разработки программного обеспечения; Проектирование и разработка цифровых экосистем";Институт компьютерных наук и кибербезопасности;Русский язык|Математика;Информатика|Физика;0;276;очно;2025;budget;https://tabiturient.ru/vuzu/spbstu/proxodnoi/;2697
spbstu;09.03.02;Информационные системы и технологии;бакалавриат;Без профиля;Институт компьютерных наук и кибербезопасности;Русский язык|Математика;Информатика|Физика;0;276;очно;2025;budget;https://tabiturient.ru/vuzu/spbstu/proxodnoi/;2698
spbstu;09.03.03;Прикладная информатика;бакалавриат;Интеллектуальные инфокоммуникационные технологии;Институт компьютерных наук и кибербезопасности;Русский язык|Математика;Информатика|Физика;0;281;очно;2025;budget;https://tabiturient.ru/vuzu/spbstu/proxodnoi/;2699
spbstu;09.03.04;Программная инженерия;бакалавриат;Разработка программного обеспечения (ускоренная онлайн-программа);Институт компьютерных наук и кибербезопасности;Русский язык|Информатика|Физика;;0;;;;paid_only;https://tabiturient.ru/vuzu/spbstu/proxodnoi/;26112
spbstu;09.03.04;Программная инженерия;бакалавриат;Без профиля;Институт компьютерных наук и кибербезопасности;Русский язык|Математика;Информатика|Физика;0;286;очно;2025;budget;https://tabiturient.ru/vuzu/spbstu/proxodnoi/;2700
spbstu;10.03.01;Информационная безопасность;бакалавриат;"Безопасность компьютерных систем; Безопасность компьютерных систем (Интеллектуальная защита от киберугроз); Безопасность компьютерных систем (Технологии искусственного интеллекта в кибербезопасности)";Институт компьютерных наук и кибербезопасности;Русский язык|Математика;Информатика|Физика;0;278;очно;2025;budget;https://tabiturient.ru/vuzu/spbstu/proxodnoi/;2752
spbstu;11.03.01;Радиотехника;бакалавриат;"Космические и наземные радиотехнические системы; Радиофизика и электроника";Институт электроники и телекоммуникаций;Русский язык|Физика;Математика|Информатика;0;241;очно;2025;budget;https://tabiturient.ru/vuzu/spbstu/proxodnoi/;2704
spbstu;11.03.02;Инфокоммуникационные технологии и системы связи;бакалавриат;"Системы мобильной связи; Оптические телекоммуникационные системы; Алгоритмы цифровой обработки в телекоммуникационных системах";Институт электроники и телекоммуникаций;Русский язык|Математика;Информатика|Физика;0;247;очно;2025;budget;https://tabiturient.ru/vuzu/spbstu/proxodnoi/;2705
spbstu;11.03.02;Инфокоммуникационные технологии и системы связи;бакалавриат;Защищенные системы и сети связи;Институт электроники и телекоммуникаций;Русский язык|Математика;Информатика|Физика;0;;;;paid_only;https://tabiturient.ru/vuzu/spbstu/proxodnoi/;24214
spbstu;11.03.04;Электроника и наноэлектроника;бакалавриат;Интегральная электроника и наноэлектроника;Институт электроники и телекоммуникаций;Русский язык|Физика;Математика|Информатика;0;251;очно;2025;budget;https://tabiturient.ru/vuzu/spbstu/proxodnoi/;2706
spbstu;12.03.04;Биотехнические системы и технологии;бакалавриат;"Биомедицинские системы; Биофизические системы; Реабилитационные биотехнические системы";Институт биомедицинских систем и биотехнологий;Русский язык|Математика;Биология|Физика;0;273;очно;2025;budget;https://tabiturient.ru/vuzu/spbstu/proxodnoi/;4101
spbstu;13.03.01;Теплоэнергетика и теплотехника;бакалавриат;Промышленная теплоэнергетика;Институт энергетики;Русский язык|Математика|Физика;;0;264;очно;2025;budget;https://tabiturient.ru/vuzu/spbstu/proxodnoi/;2708
spbstu;13.03.02;Электроэнергетика и электротехника;бакалавриат;"Электроэнергетические системы и сети; Электрические станции; Релейная защита и автоматизация электроэнергетических систем; Электрические и электронные аппараты; Высоковольтные электроэнергетика и электротехника; Электроснабжение; др.";Институт энергетики;Русский язык|Математика|Физика;;0;251;очно;2025;budget;https://tabiturient.ru/vuzu/spbstu/proxodnoi/;2709
spbstu;13.03.02;Электроэнергетика и электротехника;бакалавриат;"Передача и распределение электрической энергии, системы электроснабжения; Релейная защита и автоматизация электроэнергетических систем; Электрические станции; Разработка и эксплуатация электротехнического оборудования";Институт энергетики;Русский язык|Математика;Информатика|Физика;0;;;;paid_only;https://tabiturient.ru/vuzu/spbstu/proxodnoi/;24215
spbstu;13.03.03;Энергетическое машиностроение;бакалавриат;"Двигатели внутреннего сгорания; Гидравлические машины, гидроприводы и гидропневмоавтоматика; Компрессорные и холодильные установки топливно-энергетического комплекса; Турбины и авиационные двигатели";Институт энергетики;Русский язык|Математика|Физика;;0;244;очно;2025;budget;https://tabiturient.ru/vuzu/spbstu/proxodnoi/;2710
spbstu;13.03.03;Энергетическое машиностроение;бакалавриат;Компрессорные, холодильные установки и газотранспортные сети нефтегазовой отрасли;Институт энергетики;Русский язык|Математика|Физика;;0;;;;paid_only;https://tabiturient.ru/vuzu/spbstu/proxodnoi/;24216
spbstu;14.03.01;Ядерная энергетика и теплофизика;бакалавриат;Атомные электростанции и установки;Институт энергетики;Русский язык|Математика|Физика;;0;290;очно;2025;budget;https://tabiturient.ru/vuzu/spbstu/proxodnoi/;2711
spbstu;15.03.01;Машиностроение;бакалавриат;"Машины и технология обработки металлов давлением; Инновационные технологии электрофизических и электрохимических процессов обработки материалов; Интеллектуальная трибология в машиностроении; Технологии виртуального прототипирования в машиностроении";Институт машиностроения, материалов и транспорта;Русский язык|Математика;Информатика|Физика;0;260;очно;2025;budget;https://tabiturient.ru/vuzu/spbstu/proxodnoi/;2713
spbstu;15.03.01;Машиностроение;бакалавриат;Оборудование и технология сварочного производства;Институт машиностроения, материалов и транспорта;Русский язык|Математика;Информатика|Физика;0;;;;paid_only;https://tabiturient.ru/vuzu/spbstu/proxodnoi/;24217
spbstu;15.03.03;Прикладная механика;бакалавриат;"Вычислительная механика и компьютерный инжиниринг; Микромеханика структурных изменений, прочности и пластичности";Физико-механический факультет;Русский язык|Математика;Информатика|Физика;0;254;очно;2025;budget;https://tabiturient.ru/vuzu/spbstu/proxodnoi/;2715
spbstu;15.03.04;Автоматизация технологических процессов и производств;бакалавриат;Автоматизация технологических процессов и производств;Институт машиностроения, материалов и транспорта;Русский язык|Математика;Информатика|Физика;0;;;;paid_only;https://tabiturient.ru/vuzu/spbstu/proxodnoi/;24218
spbstu;15.03.04;Автоматизация технологических процессов и производств;бакалавриат;Автоматизация технологических машин и оборудования;Институт машиностроения, материалов и транспорта;Русский язык|Математика;Информатика|Физика;0;274;очно;2025;budget;https://tabiturient.ru/vuzu/spbstu/proxodnoi/;2716
spbstu;15.03.05;Конструкторско-технологическое обеспечение машиностроительных производств;бакалавриат;Цифровизация машиностроительных производств;Институт машиностроения, материалов и транспорта;Русский язык|Математика;Информатика|Физика;0;;;;paid_only;https://tabiturient.ru/vuzu/spbstu/proxodnoi/;24876
spbstu;15.03.05;Конструкторско-технологическое обеспечение машиностроительных производств;бакалавриат;Технология, оборудование и автоматизация машиностроительных производств;Институт машиностроения, материалов и транспорта;Русский язык|Математика;Информатика|Физика;0;;;;paid_only;https://tabiturient.ru/vuzu/spbstu/proxodnoi/;24219
spbstu;15.03.05;Конструкторско-технологическое обеспечение машиностроительных производств;бакалавриат;"Технология машиностроения; Цифровизация машиностроительных производств; Технология, оборудование и автоматизация машиностроительных производств";Институт машиностроения, материалов и транспорта;Русский язык|Математика;Информатика|Физика;0;245;очно;2025;budget;https://tabiturient.ru/vuzu/spbstu/proxodnoi/;2717
spbstu;15.03.06;Мехатроника и робототехника;бакалавриат;"Проектирование и конструирование мехатронных модулей и механизмов роботов; Автономные роботы";Институт машиностроения, материалов и транспорта;Русский язык|Математика;Информатика|Физика;0;276;очно;2025;budget;https://tabiturient.ru/vuzu/spbstu/proxodnoi/;2718
spbstu;16.03.01;Техническая физика;бакалавриат;"Физическая и биомедицинская электроника; Полупроводниковая фотоника и наноэлектроника; Физика и нанотехнологии смарт-материалов";Институт электроники и телекоммуникаций;Русский язык|Физика;Математика|Информатика;0;247;очно;2025;budget;https://tabiturient.ru/vuzu/spbstu/proxodnoi/;2719
spbstu;18.03.01;Химическая технология;бакалавриат;Без профиля;Институт биомедицинских систем и биотехнологий;Русский язык|Математика|Химия;;0;268;очно;2025;budget;https://tabiturient.ru/vuzu/spbstu/proxodnoi/;17576
spbstu;19.03.01;Биотехнология;бакалавриат;Биотехнология (общий профиль);Институт биомедицинских систем и биотехнологий;Русский язык|Химия;Математика|Биология;0;280;очно;2025;budget;https://tabiturient.ru/vuzu/spbstu/proxodnoi/;2720
spbstu;19.03.04;Технология продукции и организация общественного питания;бакалавриат;Технология продукции и организация общественного питания (общий профиль);Институт биомедицинских систем и биотехнологий;Русский язык|Математика;Биология|Химия;0;238;очно;2025;budget;https://tabiturient.ru/vuzu/spbstu/proxodnoi/;2721
spbstu;20.03.01;Техносферная безопасность;бакалавриат;Техносферная безопасность (общий профиль);Инженерно-строительный институт;Русский язык|Математика;Информатика|Физика;0;244;очно;2025;budget;https://tabiturient.ru/vuzu/spbstu/proxodnoi/;2722
spbstu;22.03.01;Материаловедение и технологии материалов;бакалавриат;Компьютерный инжиниринг в материаловедении;Институт машиностроения, материалов и транспорта;Русский язык|Математика;Химия|Физика;0;243;очно;2025;budget;https://tabiturient.ru/vuzu/spbstu/proxodnoi/;2723
spbstu;22.03.02;Металлургия;бакалавриат;"Металлургия сварочного производства; Металлургия черных и цветных металлов";Институт машиностроения, материалов и транспорта;Русский язык|Математика;Химия|Физика;0;;;;paid_only;https://tabiturient.ru/vuzu/spbstu/proxodnoi/;24220
spbstu;22.03.02;Металлургия;бакалавриат;Цифровые технологии в металлургии;Институт машиностроения, материалов и транспорта;Русский язык|Математика;Химия|Физика;0;227;очно;2025;budget;https://tabiturient.ru/vuzu/spbstu/proxodnoi/;2724
spbstu;23.03.01;Технология транспортных процессов;бакалавриат;Без профиля;Институт машиностроения, материалов и транспорта;Русский язык|Математика;Информатика|Физика;0;240;очно;2025;budget;https://tabiturient.ru/vuzu/spbstu/proxodnoi/;2725
spbstu;27.03.02;Управление качеством;бакалавриат;Информационные технологии в управлении качеством;Институт машиностроения, материалов и транспорта;Русский язык|Математика;Информатика|Физика;0;251;очно;2025;budget;https://tabiturient.ru/vuzu/spbstu/proxodnoi/;2728
spbstu;27.03.04;Управление в технических системах;бакалавриат;"Интеллектуальные системы обработки информации и управления; Искусственный интеллект в технических системах; Цифровые платформы киберфизических систем";Институт компьютерных наук и кибербезопасности;Русский язык|Математика;Информатика|Физика;0;260;очно;2025;budget;https://tabiturient.ru/vuzu/spbstu/proxodnoi/;2730
spbstu;27.03.05;Инноватика;бакалавриат;Управление инновациями (по отраслям и сферам экономики);Институт машиностроения, материалов и транспорта;Русский язык|Математика;Информатика|Физика;0;262;очно;2025;budget;https://tabiturient.ru/vuzu/spbstu/proxodnoi/;2731
spbstu;28.03.01;Нанотехнологии и микросистемная техника;бакалавриат;Технологии материалов и изделий микросистемной техники;Институт машиностроения, материалов и транспорта;Русский язык|Математика;Химия|Физика;0;255;очно;2025;budget;https://tabiturient.ru/vuzu/spbstu/proxodnoi/;2732
spbstu;29.03.04;Технология художественной обработки материалов;бакалавриат;Технология художественной обработки материалов (общий профиль);Институт машиностроения, материалов и транспорта;Русский язык|Математика;Информатика|Физика;0;230;очно;2025;budget;https://tabiturient.ru/vuzu/spbstu/proxodnoi/;2733
spbstu;38.03.01;Экономика;бакалавриат;Мировая экономика и международные экономические отношения;Институт промышленного менеджмента, экономики и торговли;Русский язык|Математика;Обществознание|Иностранный язык;0;;;;paid_only;https://tabiturient.ru/vuzu/spbstu/proxodnoi/;24222
spbstu;38.03.01;Экономика;бакалавриат;"Экономика и управление на предприятии; Финансы и кредит; Мировая экономика: финансовые рынки и институты; Бухгалтерский учет, анализ и аудит; Экономика и управление на предприятиях оборонно-промышленного комплекса";Институт промышленного менеджмента, экономики и торговли;Русский язык|Математика;Обществознание|Иностранный язык;0;;;;paid_only;https://tabiturient.ru/vuzu/spbstu/proxodnoi/;24223
spbstu;38.03.01;Экономика;бакалавриат;"Экономика и управление на предприятии; Финансы и кредит; Мировая экономика: финансовые рынки и институты; Экономика энергетики; Бухгалтерский учет, анализ и аудит; Экономика и управление на предприятиях оборонно-промышленного комплекса и т.д.";Институт промышленного менеджмента, экономики и торговли;Русский язык|Математика;Обществознание|Иностранный язык;0;277;очно;2025;budget;https://tabiturient.ru/vuzu/spbstu/proxodnoi/;2734
spbstu;38.03.01;Экономика;бакалавриат;Экономика цифрового предприятия (международная образовательная программа) / Digital Enterprise (International Educational Program);Институт промышленного менеджмента, экономики и торговли;Русский язык|Математика|Иностранный язык;;0;277;очно;2025;budget;https://tabiturient.ru/vuzu/spbstu/proxodnoi/;9723
spbstu;38.03.02;Менеджмент;бакалавриат;Международный бизнес (международная образовательная программа) / International Business (International Educational Program);Институт промышленного менеджмента, экономики и торговли;Русский язык|Математика|Иностранный язык;;0;;;;quota_only;https://tabiturient.ru/vuzu/spbstu/proxodnoi/;19277
spbstu;38.03.02;Менеджмент;бакалавриат;Управление международной организацией (фирмой);Институт промышленного менеджмента, экономики и торговли;Русский язык|Математика;Обществознание|Иностранный язык;0;;;;paid_only;https://tabiturient.ru/vuzu/spbstu/proxodnoi/;24224
spbstu;38.03.02;Менеджмент;бакалавриат;"Менеджмент в строительстве; Производственный менеджмент (энергетика); Маркетинг; Международная логистика; Управление нефтегазовыми предприятиями; Инновационный промышленный менеджмент и т.д.";Институт промышленного менеджмента, экономики и торговли;Русский язык|Математика;Обществознание|Иностранный язык;0;272;очно;2025;budget;https://tabiturient.ru/vuzu/spbstu/proxodnoi/;2735
spbstu;38.03.04;Государственное и муниципальное управление;бакалавриат;"Организация государственного и муниципального управления; Муниципальное управление и управление городом";Институт промышленного менеджмента, экономики и торговли;Русский язык|Обществознание;Математика|Иностранный язык;0;270;очно;2025;budget;https://tabiturient.ru/vuzu/spbstu/proxodnoi/;2737
spbstu;38.03.05;Бизнес-информатика;бакалавриат;"Архитектура предприятия; Электронный бизнес; Международные цифровые платформы";Институт промышленного менеджмента, экономики и торговли;Русский язык|Математика;Обществознание|Информатика;0;277;очно;2025;budget;https://tabiturient.ru/vuzu/spbstu/proxodnoi/;2738
spbstu;38.03.06;Торговое дело;бакалавриат;"Организация и управление бизнесом в сфере торговли; Маркетинг в коммерческой деятельности; Логистические системы в торговле; Торгово-экономические отношения стран Азиатско-Тихоокеанского региона; Международные торгово-экономические отношения и т.д.";Институт промышленного менеджмента, экономики и торговли;Русский язык|Математика;Обществознание|Иностранный язык;0;267;очно;2025;budget;https://tabiturient.ru/vuzu/spbstu/proxodnoi/;2739
spbstu;38.03.06;Торговое дело;бакалавриат;Международная торговля (международная образовательная программа) / International Trade (International Educational Program);Институт промышленного менеджмента, экономики и торговли;Русский язык|Математика|Иностранный язык;;0;279;очно;2025;budget;https://tabiturient.ru/vuzu/spbstu/proxodnoi/;9724
spbstu;38.03.07;Товароведение;бакалавриат;Товароведение и экспертиза товаров во внутренней и внешней торговле;Институт промышленного менеджмента, экономики и торговли;Русский язык|Математика;Обществознание|Иностранный язык;0;260;очно;2025;budget;https://tabiturient.ru/vuzu/spbstu/proxodnoi/;2740
spbstu;40.03.01;Юриспруденция;бакалавриат;Теория и история государства и права;Гуманитарный институт;Русский язык|Обществознание;Иностранный язык|История;0;;;;quota_only;https://tabiturient.ru/vuzu/spbstu/proxodnoi/;2742
spbstu;41.03.01;Зарубежное регионоведение;бакалавриат;"Региональное международное сотрудничество; Азиатские исследования";Гуманитарный институт;Русский язык|История;Обществознание|Иностранный язык;0;;;;paid_only;https://tabiturient.ru/vuzu/spbstu/proxodnoi/;2744
spbstu;42.03.01;Реклама и связи с общественностью;бакалавриат;"Реклама и связи с общественностью в отрасли (Связи с общественностью); Реклама в международном сотрудничестве";Гуманитарный институт;Русский язык|Обществознание;Иностранный язык|История;0;274;очно;2025;budget;https://tabiturient.ru/vuzu/spbstu/proxodnoi/;2745
spbstu;43.03.01;Сервис;бакалавриат;Сервис в недвижимости;Институт промышленного менеджмента, экономики и торговли;Русский язык|Обществознание;Математика|Иностранный язык;0;262;очно;2025;budget;https://tabiturient.ru/vuzu/spbstu/proxodnoi/;17573
spbstu;43.03.02;Туризм;бакалавриат;"Внутренний и международный туризм; Инжиниринг туристского продукта";Институт промышленного менеджмента, экономики и торговли;Русский язык|Обществознание;Иностранный язык|История;0;249;очно;2025;budget;https://tabiturient.ru/vuzu/spbstu/proxodnoi/;4103
spbstu;43.03.02;Туризм;бакалавриат;"Организация и управление туристской деятельностью; Международный туризм";Институт промышленного менеджмента, экономики и торговли;Русский язык|Обществознание;Иностранный язык|История;0;;;;paid_only;https://tabiturient.ru/vuzu/spbstu/proxodnoi/;24229
spbstu;43.03.03;Гостиничное дело;бакалавриат;"Гостиничная и ресторанная деятельность; Эксплуатация и управление гостиничным объектом";Институт промышленного менеджмента, экономики и торговли;Русский язык|Обществознание;Иностранный язык|История;0;249;очно;2025;budget;https://tabiturient.ru/vuzu/spbstu/proxodnoi/;4102
spbstu;44.03.02;Психолого-педагогическое образование;бакалавриат;Психология профессиональной деятельности;Гуманитарный институт;Русский язык|Обществознание;Математика|Биология;0;255;очно;2025;budget;https://tabiturient.ru/vuzu/spbstu/proxodnoi/;2749
spbstu;45.03.02;Лингвистика;бакалавриат;"Теория и методика преподавания иностранных языков и культур; Перевод и современные технологии в лингвистике; Теория и методика преподавания русского языка как иностранного и т.д.";Гуманитарный институт;Русский язык|Иностранный язык;Обществознание|Литература;0;276;очно;2025;budget;https://tabiturient.ru/vuzu/spbstu/proxodnoi/;2750
spbstu;45.03.04;Интеллектуальные системы в гуманитарной сфере;бакалавриат;Цифровые технологии и иностранные языки;Гуманитарный институт;Русский язык|Математика;Иностранный язык|Информатика;0;274;очно;2025;budget;https://tabiturient.ru/vuzu/spbstu/proxodnoi/;17574
spbstu;54.03.01;Дизайн;бакалавриат;Промышленный дизайн;Инженерно-строительный институт;Русский язык|Литература;;1;;;;paid_only;https://tabiturient.ru/vuzu/spbstu/proxodnoi/;24878
spbstu;54.03.01;Дизайн;бакалавриат;"Промышленный дизайн; Графический дизайн; Информационный дизайн";Инженерно-строительный институт;Русский язык|Литература;;1;300;очно;2025;budget;https://tabiturient.ru/vuzu/spbstu/proxodnoi/;2751
spbstu;06.05.01;Биоинженерия и биоинформатика;специалитет;Без профиля;Институт биомедицинских систем и биотехнологий;Русский язык|Математика;Информатика|Биология;0;;;;paid_only;https://tabiturient.ru/vuzu/spbstu/proxodnoi/;23088
spbstu;08.05.01;Строительство уникальных зданий и сооружений;специалитет;"Строительство высотных и большепролетных зданий и сооружений; Строительство гидротехнических сооружений повышенной ответственности; Строительство автомагистралей, аэродромов и специальных сооружений; Строительство сооружений тепловой и атомной энергетики";Инженерно-строительный институт;Русский язык|Математика;Информатика|Физика;0;284;очно;2025;budget;https://tabiturient.ru/vuzu/spbstu/proxodnoi/;2696
spbstu;10.05.01;Компьютерная безопасность;специалитет;Математические методы защиты информации;Институт компьютерных наук и кибербезопасности;Русский язык|Математика;Информатика|Физика;0;272;очно;2025;budget;https://tabiturient.ru/vuzu/spbstu/proxodnoi/;2701
spbstu;10.05.03;Информационная безопасность автоматизированных систем;специалитет;Анализ безопасности информационных систем;Институт компьютерных наук и кибербезопасности;Русский язык|Математика;Информатика|Физика;0;263;очно;2025;budget;https://tabiturient.ru/vuzu/spbstu/proxodnoi/;2702
spbstu;10.05.04;Информационно-аналитические системы безопасности;специалитет;Автоматизация информационно-аналитической деятельности;Институт компьютерных наук и кибербезопасности;Русский язык|Математика;Информатика|Физика;0;260;очно;2025;budget;https://tabiturient.ru/vuzu/spbstu/proxodnoi/;2703
spbstu;14.05.02;Атомные станции: проектирование, эксплуатация и инжиниринг;специалитет;Проектирование и эксплуатация атомных станций;Институт энергетики;Русский язык|Математика|Физика;;0;280;очно;2025;budget;https://tabiturient.ru/vuzu/spbstu/proxodnoi/;9721
spbstu;23.05.01;Наземные транспортно-технологические средства;специалитет;"Автомобили и тракторы; Подъемно-транспортные, строительные, дорожные средства и оборудование";Институт машиностроения, материалов и транспорта;Русский язык|Математика;Информатика|Физика;0;236;очно;2025;budget;https://tabiturient.ru/vuzu/spbstu/proxodnoi/;19276
spbstu;38.05.01;Экономическая безопасность;специалитет;"Экономико-правовое обеспечение экономической безопасности; Судебная экономическая экспертиза";Институт промышленного менеджмента, экономики и торговли;Русский язык|Математика;Обществознание|Информатика;0;269;очно;2025;budget;https://tabiturient.ru/vuzu/spbstu/proxodnoi/;2741
spbstu;38.05.02;Таможенное дело;специалитет;Экспертиза и консалтинг в таможенном деле;Институт промышленного менеджмента, экономики и торговли;Русский язык|Обществознание;Иностранный язык|Информатика;0;257;очно;2025;budget;https://tabiturient.ru/vuzu/spbstu/proxodnoi/;19278
misis;01.03.04;Прикладная математика;бакалавриат;Робототехника и киберфизические системы;Институт компьютерных наук;Русский язык|Математика;Информатика|Физика;0;283;очно;2025;budget;https://tabiturient.ru/vuzu/misis/proxodnoi/;18013
misis;01.03.04;Прикладная математика;бакалавриат;Алгоритмы и методы наукоемкого программного обеспечения;Институт компьютерных наук;Русский язык|Математика;Информатика|Физика;0;283;очно;2025;budget;https://tabiturient.ru/vuzu/misis/proxodnoi/;9581
misis;01.03.04;Прикладная математика;бакалавриат;Прикладная математика в интеллектуальных системах;Институт компьютерных наук;Русский язык|Математика;Информатика|Физика;0;283;очно;2025;budget;https://tabiturient.ru/vuzu/misis/proxodnoi/;25847
misis;01.03.04;Прикладная математика;бакалавриат;Искусственный интеллект и робототехника;Институт компьютерных наук;Русский язык|Математика;Информатика|Физика;0;283;очно;2025;budget;https://tabiturient.ru/vuzu/misis/proxodnoi/;25848
misis;03.03.02;Физика;бакалавриат;Физика конденсированного состояния;Институт новых материалов;Русский язык|Физика;Математика|Информатика;0;253;очно;2025;budget;https://tabiturient.ru/vuzu/misis/proxodnoi/;634
misis;03.03.02;Физика;бакалавриат;Квантовые технологии;Институт новых материалов;Русский язык|Физика;Математика|Информатика;0;253;очно;2025;budget;https://tabiturient.ru/vuzu/misis/proxodnoi/;18043
misis;09.03.01;Информатика и вычислительная техника;бакалавриат;Интеллектуальный анализ данных в цифровой экономике;Институт компьютерных наук;Русский язык|Математика;Информатика|Физика;0;284;очно;2025;budget;https://tabiturient.ru/vuzu/misis/proxodnoi/;24900
misis;09.03.01;Информатика и вычислительная техника;бакалавриат;Интеллектуальные системы анализа данных;Институт компьютерных наук;Русский язык|Математика;Информатика|Физика;0;284;очно;2025;budget;https://tabiturient.ru/vuzu/misis/proxodnoi/;9561
misis;09.03.01;Информатика и вычислительная техника;бакалавриат;Интернет вещей;Институт компьютерных наук;Русский язык|Математика;Информатика|Физика;0;284;очно;2025;budget;https://tabiturient.ru/vuzu/misis/proxodnoi/;18014
misis;09.03.01;Информатика и вычислительная техника;бакалавриат;Предиктивная аналитика и управление в социально-экономических системах;Институт компьютерных наук;Русский язык|Математика;Информатика|Физика;0;284;очно;2025;budget;https://tabiturient.ru/vuzu/misis/proxodnoi/;18015
misis;09.03.01;Информатика и вычислительная техника;бакалавриат;Системная и программная инженерия;Институт компьютерных наук;Русский язык|Математика;Информатика|Физика;0;284;очно;2025;budget;https://tabiturient.ru/vuzu/misis/proxodnoi/;645
misis;09.03.01;Информатика и вычислительная техника;бакалавриат;Управление цифровыми продуктами;Институт компьютерных наук;Русский язык|Математика;Информатика|Физика;0;284;очно;2025;budget;https://tabiturient.ru/vuzu/misis/proxodnoi/;20116
misis;09.03.02;Информационные системы и технологии;бакалавриат;Программное обеспечение корпоративных информационных систем;Институт компьютерных наук;Русский язык|Математика;Информатика|Физика;0;284;очно;2025;budget;https://tabiturient.ru/vuzu/misis/proxodnoi/;646
misis;09.03.02;Информационные системы и технологии;бакалавриат;Интеллектуальные встраиваемые системы;Институт компьютерных наук;Русский язык|Математика;Информатика|Физика;0;284;очно;2025;budget;https://tabiturient.ru/vuzu/misis/proxodnoi/;20176
misis;09.03.02;Информационные системы и технологии;бакалавриат;Техническое обеспечение интеллектуальных информационных систем;Институт компьютерных наук;Русский язык|Математика;Информатика|Физика;0;284;очно;2025;budget;https://tabiturient.ru/vuzu/misis/proxodnoi/;25849
misis;09.03.02;Информационные системы и технологии;бакалавриат;Технологии разработки и сопровождения интеллектуальных информационных систем;Институт компьютерных наук;Русский язык|Математика;Информатика|Физика;0;284;очно;2025;budget;https://tabiturient.ru/vuzu/misis/proxodnoi/;25850
misis;09.03.03;Прикладная информатика;бакалавриат;BIM-технологии, IT-решения в архитектуре и строительстве и цифровая поддержка жизненного цикла зданий и сооружений;Институт компьютерных наук;Русский язык|Математика;Информатика|Физика;0;284;очно;2025;budget;https://tabiturient.ru/vuzu/misis/proxodnoi/;18017
misis;09.03.03;Прикладная информатика;бакалавриат;Системная аналитика;Институт компьютерных наук;Русский язык|Математика;Информатика|Физика;0;284;очно;2025;budget;https://tabiturient.ru/vuzu/misis/proxodnoi/;18018
misis;09.03.03;Прикладная информатика;бакалавриат;Разработка мобильных и веб-приложений;Институт компьютерных наук;Русский язык|Математика;Информатика|Физика;0;284;очно;2025;budget;https://tabiturient.ru/vuzu/misis/proxodnoi/;644
misis;09.03.03;Прикладная информатика;бакалавриат;Графический дизайн и 3D-дизайн;Институт компьютерных наук;Русский язык|Математика;Информатика|Физика;0;284;очно;2025;budget;https://tabiturient.ru/vuzu/misis/proxodnoi/;647
misis;09.03.03;Прикладная информатика;бакалавриат;Промдизайн и инжиниринг;Институт компьютерных наук;Русский язык|Математика;Информатика|Физика;0;284;очно;2025;budget;https://tabiturient.ru/vuzu/misis/proxodnoi/;20117
misis;11.03.04;Электроника и наноэлектроника;бакалавриат;Материалы и технологии магнитоэлектроники и магноники;Институт новых материалов;Русский язык|Физика;Математика|Информатика|Химия;0;246;очно;2025;budget;https://tabiturient.ru/vuzu/misis/proxodnoi/;24901
misis;11.03.04;Электроника и наноэлектроника;бакалавриат;Полупроводниковые оптоэлектронные приборы на новых материалах;Институт новых материалов;Русский язык|Физика;Математика|Информатика|Химия;0;246;очно;2025;budget;https://tabiturient.ru/vuzu/misis/proxodnoi/;9554
misis;11.03.04;Электроника и наноэлектроника;бакалавриат;Материалы и технологии магнитоэлектроники;Институт новых материалов;Русский язык|Физика;Математика|Информатика|Химия;0;246;очно;2025;budget;https://tabiturient.ru/vuzu/misis/proxodnoi/;635
misis;11.03.04;Электроника и наноэлектроника;бакалавриат;Оптоэлектронные полупроводниковые приборы;Институт новых материалов;Русский язык|Физика;Математика|Информатика|Химия;0;246;очно;2025;budget;https://tabiturient.ru/vuzu/misis/proxodnoi/;18045
misis;13.03.02;Электроэнергетика и электротехника;бакалавриат;Проектирование и эксплуатация объектов электроэнергетики при добыче и переработке полезных ископаемых;Горный институт;Русский язык|Физика;Математика|Информатика|Химия;0;245;очно;2025;budget;https://tabiturient.ru/vuzu/misis/proxodnoi/;24912
misis;13.03.02;Электроэнергетика и электротехника;бакалавриат;Проектирование и эксплуатация объектов электроэнергетики при освоении подземного пространства мегаполисов;Горный институт;Русский язык|Физика;Математика|Информатика|Химия;0;245;очно;2025;budget;https://tabiturient.ru/vuzu/misis/proxodnoi/;24913
misis;13.03.02;Электроэнергетика и электротехника;бакалавриат;Энергоэффективность промышленных предприятий;Горный институт;Русский язык|Физика;Математика|Информатика|Химия;0;245;очно;2025;budget;https://tabiturient.ru/vuzu/misis/proxodnoi/;24914
misis;13.03.02;Электроэнергетика и электротехника;бакалавриат;Проектирование ресурсо- и энергосберегающих электроприводов;Горный институт;Русский язык|Физика;Математика|Информатика|Химия;0;245;очно;2025;budget;https://tabiturient.ru/vuzu/misis/proxodnoi/;24915
misis;13.03.02;Электроэнергетика и электротехника;бакалавриат;Проектирование энергоэффективных систем электроснабжения;Горный институт;Русский язык|Физика;Математика|Информатика|Химия;0;245;очно;2025;budget;https://tabiturient.ru/vuzu/misis/proxodnoi/;24916
misis;13.03.02;Электроэнергетика и электротехника;бакалавриат;Управление энергетическими ресурсами предприятий;Горный институт;Русский язык|Физика;Математика|Информатика|Химия;0;245;очно;2025;budget;https://tabiturient.ru/vuzu/misis/proxodnoi/;628
misis;15.03.02;Технологические машины и оборудование;бакалавриат;Исследование и разработка технологического оборудования;Институт технологий;Русский язык|Математика;Информатика|Химия|Физика;0;250;очно;2025;budget;https://tabiturient.ru/vuzu/misis/proxodnoi/;24908
misis;15.03.02;Технологические машины и оборудование;бакалавриат;Инжиниринг технологического оборудования;Институт технологий;Русский язык|Математика;Информатика|Химия|Физика;0;250;очно;2025;budget;https://tabiturient.ru/vuzu/misis/proxodnoi/;630
misis;15.03.02;Технологические машины и оборудование;бакалавриат;Цифровой инжиниринг оборудования и технологий;Институт технологий;Русский язык|Математика;Информатика|Химия|Физика;0;250;очно;2025;budget;https://tabiturient.ru/vuzu/misis/proxodnoi/;18040
misis;15.03.02;Технологические машины и оборудование;бакалавриат;Инженерный менеджмент оборудования и технологий;Институт технологий;Русский язык|Математика;Информатика|Химия|Физика;0;250;очно;2025;budget;https://tabiturient.ru/vuzu/misis/proxodnoi/;25851
misis;15.03.02;Технологические машины и оборудование;бакалавриат;Технологическое оборудование процессов внедоменного получения металлизованного сырья;Институт технологий;Русский язык|Математика;Информатика|Химия|Физика;0;250;очно;2025;budget;https://tabiturient.ru/vuzu/misis/proxodnoi/;25852
misis;18.03.01;Химическая технология;бакалавриат;Химическая технология;Институт новых материалов;Русский язык|Химия;Математика|Информатика|Физика;0;;;;budget;https://tabiturient.ru/vuzu/misis/proxodnoi/;26440
misis;19.03.01;Биотехнология;бакалавриат;Биоматериаловедение;Институт биоме­ди­цин­ской инженерии;Русский язык|Химия;Математика|Информатика|Биология|Физика;0;288;очно;2025;budget;https://tabiturient.ru/vuzu/misis/proxodnoi/;24910
misis;19.03.01;Биотехнология;бакалавриат;Инженерная биотехнология;Институт биоме­ди­цин­ской инженерии;Русский язык|Химия;Математика|Информатика|Биология|Физика;0;288;очно;2025;budget;https://tabiturient.ru/vuzu/misis/proxodnoi/;25846
misis;22.03.01;Материаловедение и технологии материалов;бакалавриат;Физика и технологии функциональных материалов;Институт новых материалов;Русский язык|Математика;Информатика|Химия|Физика;0;250;очно;2025;budget;https://tabiturient.ru/vuzu/misis/proxodnoi/;24903
misis;22.03.01;Материаловедение и технологии материалов;бакалавриат;Инновационные конструкционные материалы;Институт новых материалов;Русский язык|Математика;Информатика|Химия|Физика;0;250;очно;2025;budget;https://tabiturient.ru/vuzu/misis/proxodnoi/;24904
misis;22.03.01;Материаловедение и технологии материалов;бакалавриат;Материаловедение функциональных материалов наноэлектроники;Институт новых материалов;Русский язык|Математика;Информатика|Химия|Физика;0;250;очно;2025;budget;https://tabiturient.ru/vuzu/misis/proxodnoi/;24906
misis;22.03.01;Материаловедение и технологии материалов;бакалавриат;Физико-химические исследования процессов и материалов;Институт новых материалов;Русский язык|Математика;Информатика|Химия|Физика;0;250;очно;2025;budget;https://tabiturient.ru/vuzu/misis/proxodnoi/;24907
misis;22.03.01;Материаловедение и технологии материалов;бакалавриат;Физико-химия процессов и материалов;Институт новых материалов;Русский язык|Математика;Информатика|Химия|Физика;0;250;очно;2025;budget;https://tabiturient.ru/vuzu/misis/proxodnoi/;9555
misis;22.03.01;Материаловедение и технологии материалов;бакалавриат;Металловедение и термическая обработка металлов;Институт новых материалов;Русский язык|Математика;Информатика|Химия|Физика;0;250;очно;2025;budget;https://tabiturient.ru/vuzu/misis/proxodnoi/;9558
misis;22.03.01;Материаловедение и технологии материалов;бакалавриат;Физическое материаловедение функциональных материалов;Институт новых материалов;Русский язык|Математика;Информатика|Химия|Физика;0;250;очно;2025;budget;https://tabiturient.ru/vuzu/misis/proxodnoi/;9560
misis;22.03.01;Материаловедение и технологии материалов;бакалавриат;Инновационные материалы наноэлектроники;Институт новых материалов;Русский язык|Математика;Информатика|Химия|Физика;0;250;очно;2025;budget;https://tabiturient.ru/vuzu/misis/proxodnoi/;636
misis;22.03.02;Металлургия;бакалавриат;Физическое металловедение;Институт технологий;Русский язык|Математика;Информатика|Химия|Физика;0;228;очно;2025;budget;https://tabiturient.ru/vuzu/misis/proxodnoi/;25856
misis;22.03.02;Металлургия;бакалавриат;Фундаментальные и технологические исследования в производстве цветных, редких и благородных металлов;Институт технологий;Русский язык|Математика;Информатика|Химия|Физика;0;228;очно;2025;budget;https://tabiturient.ru/vuzu/misis/proxodnoi/;25857
misis;22.03.02;Металлургия;бакалавриат;Управление системами безопасности и рисками в металлургии;Институт технологий;Русский язык|Математика;Информатика|Химия|Физика;0;228;очно;2025;budget;https://tabiturient.ru/vuzu/misis/proxodnoi/;25858
misis;22.03.02;Металлургия;бакалавриат;Логистика технологических процессов и производств;Институт технологий;Русский язык|Математика;Информатика|Химия|Физика;0;228;очно;2025;budget;https://tabiturient.ru/vuzu/misis/proxodnoi/;18031
misis;22.03.02;Металлургия;бакалавриат;Технологии прокатных производств;Институт технологий;Русский язык|Математика;Информатика|Химия|Физика;0;228;очно;2025;budget;https://tabiturient.ru/vuzu/misis/proxodnoi/;18032
misis;22.03.02;Металлургия;бакалавриат;Современные литейные процессы, технологии и материалы;Институт технологий;Русский язык|Математика;Информатика|Химия|Физика;0;228;очно;2025;budget;https://tabiturient.ru/vuzu/misis/proxodnoi/;18033
misis;22.03.02;Металлургия;бакалавриат;Термическая обработка, структура и свойства цветных металлов и сплавов;Институт технологий;Русский язык|Математика;Информатика|Химия|Физика;0;228;очно;2025;budget;https://tabiturient.ru/vuzu/misis/proxodnoi/;18034
misis;22.03.02;Металлургия;бакалавриат;Разработка технологий внедоменного получения металлизованного сырья;Институт экономики и управления;Русский язык|Математика;Информатика|Химия|Физика;0;228;очно;2025;budget;https://tabiturient.ru/vuzu/misis/proxodnoi/;18035
misis;22.03.02;Металлургия;бакалавриат;Перспективные функциональные порошковые и аддитивные материалы и покрытия;Институт технологий;Русский язык|Математика;Информатика|Химия|Физика;0;228;очно;2025;budget;https://tabiturient.ru/vuzu/misis/proxodnoi/;18036
misis;22.03.02;Металлургия;бакалавриат;Технологии производства цветных, редких и благородных металлов;Институт технологий;Русский язык|Математика;Информатика|Химия|Физика;0;228;очно;2025;budget;https://tabiturient.ru/vuzu/misis/proxodnoi/;632
misis;22.03.02;Металлургия;бакалавриат;Деформационная обработка металлов и специальных сплавов;Институт технологий;Русский язык|Математика;Информатика|Химия|Физика;0;228;очно;2025;budget;https://tabiturient.ru/vuzu/misis/proxodnoi/;25853
misis;22.03.02;Металлургия;бакалавриат;Перспективные технологии получения и защиты сталей и сплавов;Институт технологий;Русский язык|Математика;Информатика|Химия|Физика;0;228;очно;2025;budget;https://tabiturient.ru/vuzu/misis/proxodnoi/;25854
misis;22.03.02;Металлургия;бакалавриат;Технологические инновации в переработке полезных ископаемых в металлургии;Институт технологий;Русский язык|Математика;Информатика|Химия|Физика;0;228;очно;2025;budget;https://tabiturient.ru/vuzu/misis/proxodnoi/;25855
misis;27.03.03;Системный анализ и управление;бакалавриат;Системный анализ и управление;Институт компьютерных наук;Русский язык|Математика;Информатика|Химия|Физика;0;;;;budget;https://tabiturient.ru/vuzu/misis/proxodnoi/;26441
misis;27.03.05;Инноватика;бакалавриат;Инновации в биоэкономике;Институт экономики и управления;Русский язык|Математика;Информатика|Химия|Физика;0;275;очно;2025;budget;https://tabiturient.ru/vuzu/misis/proxodnoi/;24911
misis;27.03.05;Инноватика;бакалавриат;Data engineering и интеллектуальные производственные системы;Институт экономики и управления;Русский язык|Математика;Информатика|Химия|Физика;0;275;очно;2025;budget;https://tabiturient.ru/vuzu/misis/proxodnoi/;25842
misis;27.03.05;Инноватика;бакалавриат;Цифровые технологии беспилотных систем;Институт экономики и управления;Русский язык|Математика;Информатика|Химия|Физика;0;275;очно;2025;budget;https://tabiturient.ru/vuzu/misis/proxodnoi/;25843
misis;28.03.01;Нанотехнологии и микросистемная техника;бакалавриат;Нанотехнологии, материалы микро- и наносистемной техники;Институт новых материалов;Русский язык|Математика;Информатика|Химия|Физика;0;249;очно;2025;budget;https://tabiturient.ru/vuzu/misis/proxodnoi/;637
misis;28.03.01;Нанотехнологии и микросистемная техника;бакалавриат;Проектирование и технологии сенсоров;Институт новых материалов;Русский язык|Математика;Информатика|Химия|Физика;0;249;очно;2025;budget;https://tabiturient.ru/vuzu/misis/proxodnoi/;18046
misis;28.03.03;Наноматериалы;бакалавриат;Композиционные наноматериалы и функциональные наносистемы;Институт новых материалов;Русский язык|Математика;Информатика|Химия|Физика;0;249;очно;2025;budget;https://tabiturient.ru/vuzu/misis/proxodnoi/;638
misis;28.03.03;Наноматериалы;бакалавриат;Функциональные наносистемы;Институт новых материалов;Русский язык|Математика;Информатика|Химия|Физика;0;249;очно;2025;budget;https://tabiturient.ru/vuzu/misis/proxodnoi/;18047
misis;38.03.01;Экономика;бакалавриат;Маркетинг, продажи и электронная коммерция;Институт экономики и управления;Русский язык|Математика;Обществознание|Иностранный язык|Информатика|История;0;;;;budget;https://tabiturient.ru/vuzu/misis/proxodnoi/;26442
misis;38.03.01;Экономика;бакалавриат;Международные торгово-экономические отношения;Институт экономики и управления;Русский язык|Математика;Обществознание|Иностранный язык|Информатика|История;0;;;;budget;https://tabiturient.ru/vuzu/misis/proxodnoi/;26443
misis;38.03.01;Экономика;бакалавриат;Экономика горно-металлургических предприятий;Институт экономики и управления;Русский язык|Математика;Обществознание|Иностранный язык|Информатика|История;0;270;очно;2025;budget;https://tabiturient.ru/vuzu/misis/proxodnoi/;24909
misis;38.03.01;Экономика;бакалавриат;Цифровая экономика;Институт экономики и управления;Русский язык|Математика;Обществознание|Иностранный язык|Информатика|История;0;270;очно;2025;budget;https://tabiturient.ru/vuzu/misis/proxodnoi/;9566
misis;38.03.01;Экономика;бакалавриат;Бизнес-анализ, аудит и налогообложение;Институт экономики и управления;Русский язык|Математика;Обществознание|Иностранный язык|Информатика|История;0;270;очно;2025;budget;https://tabiturient.ru/vuzu/misis/proxodnoi/;9567
misis;38.03.01;Экономика;бакалавриат;Финансы и кредит;Институт экономики и управления;Русский язык|Математика;Обществознание|Иностранный язык|Информатика|История;0;270;очно;2025;budget;https://tabiturient.ru/vuzu/misis/proxodnoi/;639
misis;38.03.02;Менеджмент;бакалавриат;Управление бизнесом;Институт экономики и управления;Русский язык|Математика;Обществознание|Иностранный язык|Информатика|История;0;270;очно;2025;budget;https://tabiturient.ru/vuzu/misis/proxodnoi/;9571
misis;38.03.02;Менеджмент;бакалавриат;Аналитика данных;Институт экономики и управления;Русский язык|Математика;Обществознание|Иностранный язык|Информатика|История;0;270;очно;2025;budget;https://tabiturient.ru/vuzu/misis/proxodnoi/;18024
misis;38.03.02;Менеджмент;бакалавриат;Управление цепями поставок и логистикой;Институт экономики и управления;Русский язык|Математика;Обществознание|Иностранный язык|Информатика|История;0;270;очно;2025;budget;https://tabiturient.ru/vuzu/misis/proxodnoi/;9582
misis;38.03.02;Менеджмент;бакалавриат;Управление IT-проектами и продуктами;Институт экономики и управления;Русский язык|Математика;Обществознание|Иностранный язык|Информатика|История;0;270;очно;2025;budget;https://tabiturient.ru/vuzu/misis/proxodnoi/;641
misis;38.03.02;Менеджмент;бакалавриат;Экономика и управление в строительстве;Институт экономики и управления;Русский язык|Математика;Обществознание|Иностранный язык|Информатика|История;0;270;очно;2025;budget;https://tabiturient.ru/vuzu/misis/proxodnoi/;25844
misis;38.03.05;Бизнес-информатика;бакалавриат;Бизнес в цифровой экономике;Институт компьютерных наук;Русский язык|Математика;Обществознание|Информатика;0;270;очно;2025;budget;https://tabiturient.ru/vuzu/misis/proxodnoi/;9563
misis;38.03.05;Бизнес-информатика;бакалавриат;Управление IT-проектами;Институт компьютерных наук;Русский язык|Математика;Обществознание|Информатика;0;270;очно;2025;budget;https://tabiturient.ru/vuzu/misis/proxodnoi/;18021
misis;38.03.05;Бизнес-информатика;бакалавриат;Бизнес-аналитика;Институт компьютерных наук;Русский язык|Математика;Обществознание|Информатика;0;270;очно;2025;budget;https://tabiturient.ru/vuzu/misis/proxodnoi/;18022
misis;38.03.05;Бизнес-информатика;бакалавриат;Аналитика в RPA;Институт компьютерных наук;Русский язык|Математика;Обществознание|Информатика;0;270;очно;2025;budget;https://tabiturient.ru/vuzu/misis/proxodnoi/;18023
misis;38.03.05;Бизнес-информатика;бакалавриат;Искусственный интеллект в финансовых технологиях (Финтех);Институт компьютерных наук;Русский язык|Математика;Обществознание|Информатика;0;270;очно;2025;budget;https://tabiturient.ru/vuzu/misis/proxodnoi/;25840
misis;38.03.05;Бизнес-информатика;бакалавриат;Проектирование и внедрение бизнес-решений 1С;Институт компьютерных наук;Русский язык|Математика;Обществознание|Информатика;0;270;очно;2025;budget;https://tabiturient.ru/vuzu/misis/proxodnoi/;25841
misis;45.03.02;Лингвистика;бакалавриат;Медиалингвистика и коммуникация;Институт базового образования;Русский язык|Иностранный язык;Обществознание|История;0;266;очно;2025;budget;https://tabiturient.ru/vuzu/misis/proxodnoi/;20026
misis;45.03.02;Лингвистика;бакалавриат;Индивидуализация в обучении иностранным языкам;Институт базового образования;Русский язык|Иностранный язык;Обществознание|История;0;266;очно;2025;budget;https://tabiturient.ru/vuzu/misis/proxodnoi/;9552
misis;45.03.02;Лингвистика;бакалавриат;Письменный перевод в сфере науки и технологий;Институт базового образования;Русский язык|Иностранный язык;Обществознание|История;0;266;очно;2025;budget;https://tabiturient.ru/vuzu/misis/proxodnoi/;18028
misis;45.03.02;Лингвистика;бакалавриат;Конференц-перевод;Институт базового образования;Русский язык|Иностранный язык;Обществознание|История;0;266;очно;2025;budget;https://tabiturient.ru/vuzu/misis/proxodnoi/;18029
misis;45.03.02;Лингвистика;бакалавриат;Педагогический менеджмент в обучении иностранным языкам;Институт базового образования;Русский язык|Иностранный язык;Обществознание|История;0;266;очно;2025;budget;https://tabiturient.ru/vuzu/misis/proxodnoi/;629
misis;21.05.04;Горное дело;специалитет;Горно-геологические информационные системы;Горный институт;Русский язык|Математика;Информатика|Химия|Физика;0;216;очно;2025;budget;https://tabiturient.ru/vuzu/misis/proxodnoi/;9572
misis;21.05.04;Горное дело;специалитет;Маркшейдерское дело;Горный институт;Русский язык|Математика;Информатика|Химия|Физика;0;216;очно;2025;budget;https://tabiturient.ru/vuzu/misis/proxodnoi/;9573
misis;21.05.04;Горное дело;специалитет;Обогащение полезных ископаемых;Горный институт;Русский язык|Математика;Информатика|Химия|Физика;0;216;очно;2025;budget;https://tabiturient.ru/vuzu/misis/proxodnoi/;9574
misis;21.05.04;Горное дело;специалитет;Подземное строительство;Горный институт;Русский язык|Математика;Информатика|Химия|Физика;0;216;очно;2025;budget;https://tabiturient.ru/vuzu/misis/proxodnoi/;9575
misis;21.05.04;Горное дело;специалитет;Промышленная и экологическая безопасность;Горный институт;Русский язык|Математика;Информатика|Химия|Физика;0;216;очно;2025;budget;https://tabiturient.ru/vuzu/misis/proxodnoi/;9576
misis;21.05.04;Горное дело;специалитет;Электротехнические системы, машины и оборудование горных предприятий;Горный институт;Русский язык|Математика;Информатика|Химия|Физика;0;216;очно;2025;budget;https://tabiturient.ru/vuzu/misis/proxodnoi/;9577
misis;21.05.04;Горное дело;специалитет;Геотехнологии освоения недр;Горный институт;Русский язык|Математика;Информатика|Химия|Физика;0;216;очно;2025;budget;https://tabiturient.ru/vuzu/misis/proxodnoi/;627
rea;01.03.02;Прикладная математика и информатика;бакалавриат;Интеллектуальный анализ данных и поддержка принятия решений;Специальный факультет талантливой молодежи «Форсайт» (высшая школа);Русский язык|Математика;Информатика|Физика;0;296;очно;2025;budget;https://tabiturient.ru/vuzu/reu/proxodnoi/;1309
rea;01.03.05;Статистика;бакалавриат;Аналитика и управление данными;Высшая школа кибертехнологий, математики и статистики;Русский язык|Математика|Информатика;;0;;;;quota_only;https://tabiturient.ru/vuzu/reu/proxodnoi/;18752
rea;02.03.03;Математическое обеспечение и администрирование информационных систем;бакалавриат;"Системное и Интернет-программирование; Технологии машинного обучения и инженерия данных";Высшая школа кибертехнологий, математики и статистики;Русский язык|Математика;Информатика|Физика;0;271;очно;2025;budget;https://tabiturient.ru/vuzu/reu/proxodnoi/;1311
rea;05.03.06;Экология и природопользование;бакалавриат;Экология и экономика природопользования;Высшая инженерная школа «Новые материалы и технологии»;Русский язык|Биология;Математика|Информатика|География|Химия|Физика;0;247;очно;2025;budget;https://tabiturient.ru/vuzu/reu/proxodnoi/;23058
rea;09.03.01;Информатика и вычислительная техника;бакалавриат;Технологии программирования цифровых систем;Высшая школа кибертехнологий, математики и статистики;Русский язык|Математика;Информатика|Физика;0;274;очно;2025;budget;https://tabiturient.ru/vuzu/reu/proxodnoi/;19246
rea;09.03.02;Информационные системы и технологии;бакалавриат;Системы и технологии искусственного интеллекта (подготовка специалистов топ уровня);Высшая школа кибертехнологий, математики и статистики;Русский язык|Математика;Информатика|Физика;0;280;очно;2025;budget;https://tabiturient.ru/vuzu/reu/proxodnoi/;17518
rea;09.03.03;Прикладная информатика;бакалавриат;"Инжиниринг предприятий и информационных систем; Прикладная информатика в экономике";Высшая школа кибертехнологий, математики и статистики;Русский язык|Математика;Информатика|Физика;0;275;очно;2025;budget;https://tabiturient.ru/vuzu/reu/proxodnoi/;1310
rea;09.03.03;Прикладная информатика;бакалавриат;Прикладная информатика в экономике (на базе СПО);Факультет «Плехановская школа бизнеса «Интеграл»;Русский язык|Математика;Информатика|Физика;0;;;;paid_only;https://tabiturient.ru/vuzu/reu/proxodnoi/;17522
rea;10.03.01;Информационная безопасность;бакалавриат;Безопасность автоматизированных систем;Высшая школа кибертехнологий, математики и статистики;Русский язык|Математика;Информатика|Физика;0;265;очно;2025;budget;https://tabiturient.ru/vuzu/reu/proxodnoi/;1312
rea;15.03.02;Технологические машины и оборудование;бакалавриат;"Инженер-экономист; Фудтех инжиниринг";Высшая инженерная школа «Новые материалы и технологии»;Русский язык|Математика;Информатика|Химия|Физика;0;;;;paid_only;https://tabiturient.ru/vuzu/reu/proxodnoi/;1341
rea;19.03.01;Биотехнология;бакалавриат;Биоэкономика пищевых систем;Высшая инженерная школа «Новые материалы и технологии»;Русский язык|Биология;Математика|Информатика|Химия|Физика;0;251;очно;2025;budget;https://tabiturient.ru/vuzu/reu/proxodnoi/;26418
rea;19.03.04;Технология продукции и организация общественного питания;бакалавриат;Технология и организация ресторанного дела (ОЗФОна базе СПО);Высшая инженерная школа «Новые материалы и технологии»;Русский язык|Математика;Биология|Химия|Физика;0;223;очно;2025;budget;https://tabiturient.ru/vuzu/reu/proxodnoi/;1342
rea;27.03.02;Управление качеством;бакалавриат;Техническое регулирование и управление качеством товаров;Высшая инженерная школа «Новые материалы и технологии»;Русский язык|Математика;Информатика|Химия|Физика;0;;;;paid_only;https://tabiturient.ru/vuzu/reu/proxodnoi/;23060
rea;27.03.05;Инноватика;бакалавриат;Инновационная экономика (Инноватика + Экономика);Высшая школа менеджмента;Русский язык|Математика;Информатика|Химия|Физика;0;;;;paid_only;https://tabiturient.ru/vuzu/reu/proxodnoi/;26419
rea;27.03.05;Инноватика;бакалавриат;Бизнес-инноватика;Высшая школа менеджмента;Русский язык|Математика;Информатика|Химия|Физика;0;;;;paid_only;https://tabiturient.ru/vuzu/reu/proxodnoi/;17520
rea;37.03.01;Психология;бакалавриат;Психология управления;Высшая школа социально-гуманитарных наук;Русский язык|Биология;Математика|Обществознание;0;234;очно;2025;budget;https://tabiturient.ru/vuzu/reu/proxodnoi/;1320
rea;38.03.01;Экономика;бакалавриат;"Аналитика международных бизнес-систем (на английском языке); Международный бизнес (на английском языке)";Высшая школа экономики и бизнеса;Русский язык|Математика;Обществознание|Иностранный язык|География|История;0;298;очно;2025;budget;https://tabiturient.ru/vuzu/reu/proxodnoi/;9216
rea;38.03.01;Экономика;бакалавриат;Экономика и управление предпринимательским проектом;Факультет «Плехановская школа бизнеса «Интеграл»;Русский язык|Математика;Обществознание|Иностранный язык|География|История;0;;;;quota_only;https://tabiturient.ru/vuzu/reu/proxodnoi/;24848
rea;38.03.01;Экономика;бакалавриат;Биоэкономика (экономист-инженер) (сетевая образовательная программа совместно с РОСБИОТЕХ);Высшая инженерная школа «Новые материалы и технологии»;Русский язык|Математика;Обществознание|Иностранный язык|География|История;0;276;очно;2025;budget;https://tabiturient.ru/vuzu/reu/proxodnoi/;24849
rea;38.03.01;Экономика;бакалавриат;Международные экономические отношения;Высшая школа экономики и бизнеса;Русский язык|Математика;Обществознание|Иностранный язык|География|История;0;298;очно;2025;budget;https://tabiturient.ru/vuzu/reu/proxodnoi/;1321
rea;38.03.01;Экономика;бакалавриат;"Аналитическая экономика и эконометрика; Бизнес-статистика и аналитика";Высшая школа кибертехнологий, математики и статистики;Русский язык|Математика;Обществознание|Иностранный язык|География|История;0;288;очно;2025;budget;https://tabiturient.ru/vuzu/reu/proxodnoi/;1322
rea;38.03.01;Экономика;бакалавриат;Экономика городского транспорта (экономист-инженер) (сетевая образовательная программа совместно с РУТ (МИИТ);Высшая школа экономики и бизнеса;Русский язык|Математика;Обществознание|Иностранный язык|География|История;0;291;очно;2025;budget;https://tabiturient.ru/vuzu/reu/proxodnoi/;1323
rea;38.03.01;Экономика;бакалавриат;"Финансы и кредит; Корпоративные финансы; Инвестиции и финансовый инжиниринг";Высшая школа финансов;Русский язык|Математика;Обществознание|Иностранный язык|География|История;0;292;очно;2025;budget;https://tabiturient.ru/vuzu/reu/proxodnoi/;1324
rea;38.03.01;Экономика;бакалавриат;"Финансы и кредит; Бухгалтерский учет, анализ и аудит; Государственные и муниципальные финансы";Факультет «Плехановская школа бизнеса «Интеграл»;Русский язык|Математика;Обществознание|Иностранный язык|География|История;0;;;;paid_only;https://tabiturient.ru/vuzu/reu/proxodnoi/;1325
rea;38.03.01;Экономика;бакалавриат;Экономика предприятий и организаций;Высшая инженерная школа «Новые материалы и технологии»;Русский язык|Математика;Обществознание|Иностранный язык|География|История;0;290;очно;2025;budget;https://tabiturient.ru/vuzu/reu/proxodnoi/;19247
rea;38.03.01;Экономика;бакалавриат;Финансовый контроль, анализ и аудит;Высшая школа экономики Москвы;Русский язык|Математика;Обществознание|Иностранный язык|География|История;0;;;;paid_only;https://tabiturient.ru/vuzu/reu/proxodnoi/;26422
rea;38.03.01;Экономика;бакалавриат;Глобальная экономика и международная торговля (сетевая образовательная программа совместно с ВАВТ);Высшая школа экономики и бизнеса;Русский язык|Математика;Обществознание|Иностранный язык|География|История;0;;;;budget;https://tabiturient.ru/vuzu/reu/proxodnoi/;26423
rea;38.03.01;Экономика;бакалавриат;Экономика и управление на предприятиях тяжелой промышленности (экономист инженер) (сетевая образовательная программа совместно с НИТУ МИСиС);Высшая школа менеджмента;Русский язык|Математика;Обществознание|Иностранный язык|География|История;0;;;;paid_only;https://tabiturient.ru/vuzu/reu/proxodnoi/;26424
rea;38.03.01;Экономика;бакалавриат;"Финансовый контроль, анализ и аудит; Необанкинг; Экономика и управление производством в сфере автомобилестроения; Экономика и организация пассажирского транспорта";Высшая школа экономики Москвы;Русский язык|Математика;Обществознание|Иностранный язык|География|История;0;292;очно;2025;budget;https://tabiturient.ru/vuzu/reu/proxodnoi/;26425
rea;38.03.01;Экономика;бакалавриат;Аналитика больших данных в экономике (Экономика + Прикладная математика и информатика);Специальный факультет талантливой молодежи «Форсайт» (высшая школа);Русский язык|Математика;Обществознание|Иностранный язык|География|История;0;293;очно;2025;budget;https://tabiturient.ru/vuzu/reu/proxodnoi/;17521
rea;38.03.01;Экономика;бакалавриат;Экономика и бизнес-планирование;Высшая школа экономики и бизнеса;Русский язык|Математика;Обществознание|Иностранный язык|География|История;0;291;очно;2025;budget;https://tabiturient.ru/vuzu/reu/proxodnoi/;25794
rea;38.03.01;Экономика;бакалавриат;Деньги, банки, финансовые рынки;Высшая школа финансов;Русский язык|Математика;Обществознание|Иностранный язык|География|История;0;;;;paid_only;https://tabiturient.ru/vuzu/reu/proxodnoi/;25797
rea;38.03.01;Экономика;бакалавриат;Корпоративные финансы (на английском языке);Высшая школа финансов;Русский язык|Математика;Обществознание|Иностранный язык|География|История;0;289;очно;2025;budget;https://tabiturient.ru/vuzu/reu/proxodnoi/;9215
rea;38.03.02;Менеджмент;бакалавриат;Менеджмент организации (на английском языке);Высшая школа менеджмента;Русский язык|Математика;Обществознание|Иностранный язык|История;0;278;очно;2025;budget;https://tabiturient.ru/vuzu/reu/proxodnoi/;9217
rea;38.03.02;Менеджмент;бакалавриат;Маркетинг;Высшая школа креативных индустрий;Русский язык|Математика;Обществознание|Иностранный язык|История;0;273;очно;2025;budget;https://tabiturient.ru/vuzu/reu/proxodnoi/;23059
rea;38.03.02;Менеджмент;бакалавриат;Маркетинг (на английском языке);Высшая школа креативных индустрий;Русский язык|Математика;Обществознание|Иностранный язык|История;0;273;очно;2025;budget;https://tabiturient.ru/vuzu/reu/proxodnoi/;23061
rea;38.03.02;Менеджмент;бакалавриат;Предпринимательство и управление бизнесом (на базе СПО);Факультет «Плехановская школа бизнеса «Интеграл»;Русский язык|Математика;Иностранный язык|История;0;;;;paid_only;https://tabiturient.ru/vuzu/reu/proxodnoi/;27424
rea;38.03.02;Менеджмент;бакалавриат;"Менеджмент спорта и активного досуга; Менеджмент высокотехнологичного бизнеса; Бизнес-лидерство и предпринимательское мышление; Менеджмент организации; Менеджмент в индустрии моды";Высшая школа менеджмента;Русский язык|Математика;Обществознание|Иностранный язык|История;0;278;очно;2025;budget;https://tabiturient.ru/vuzu/reu/proxodnoi/;1327
rea;38.03.02;Менеджмент;бакалавриат;Управление проектами;Факультет «Плехановская школа бизнеса «Интеграл»;Русский язык|Математика;Обществознание|Иностранный язык|История;0;;;;paid_only;https://tabiturient.ru/vuzu/reu/proxodnoi/;1328
rea;38.03.02;Менеджмент;бакалавриат;Менеджмент ресторанного бизнеса;Высшая инженерная школа «Новые материалы и технологии»;Русский язык|Математика;Обществознание|Иностранный язык|История;0;258;очно;2025;budget;https://tabiturient.ru/vuzu/reu/proxodnoi/;1330
rea;38.03.02;Менеджмент;бакалавриат;Логистика и управление цепями поставок;Высшая школа экономики и бизнеса;Русский язык|Математика;Обществознание|Иностранный язык|История;0;279;очно;2025;budget;https://tabiturient.ru/vuzu/reu/proxodnoi/;1331
rea;38.03.02;Менеджмент;бакалавриат;"Управление финансами компании; Финансовая аналитика и управление компанией";Высшая школа финансов;Русский язык|Математика;Обществознание|Иностранный язык|История;0;277;очно;2025;budget;https://tabiturient.ru/vuzu/reu/proxodnoi/;1333
rea;38.03.02;Менеджмент;бакалавриат;Управление финансовой безопасностью;Высшая школа экономики Москвы;Русский язык|Математика;Обществознание|Иностранный язык|История;0;;;;paid_only;https://tabiturient.ru/vuzu/reu/proxodnoi/;26421
rea;38.03.02;Менеджмент;бакалавриат;Менеджмент в инновационном и социальном предпринимательстве;"Факультет бизнеса ""КАПИТАНЫ""";Русский язык|Математика;Обществознание|Иностранный язык|История;0;278;очно;2025;budget;https://tabiturient.ru/vuzu/reu/proxodnoi/;1334
rea;38.03.02;Менеджмент;бакалавриат;Управление проектами;Высшая школа экономики и бизнеса;Русский язык|Математика;Обществознание|Иностранный язык|История;0;;;;budget;https://tabiturient.ru/vuzu/reu/proxodnoi/;26427
rea;38.03.02;Менеджмент;бакалавриат;Предпринимательство и управление бизнесом;Высшая школа экономики и бизнеса;Русский язык|Математика;Обществознание|Иностранный язык|История;0;279;очно;2025;budget;https://tabiturient.ru/vuzu/reu/proxodnoi/;25795
rea;38.03.03;Управление персоналом;бакалавриат;Управление персоналом организации;Высшая школа экономики и бизнеса;Русский язык|Математика;Обществознание|Иностранный язык|История;0;285;очно;2025;budget;https://tabiturient.ru/vuzu/reu/proxodnoi/;1337
rea;38.03.04;Государственное и муниципальное управление;бакалавриат;"Цифровое государственное и муниципальное управление; Государственная и муниципальная служба";Высшая школа права;Русский язык|Обществознание;Математика|Иностранный язык|История;0;285;очно;2025;budget;https://tabiturient.ru/vuzu/reu/proxodnoi/;19244
rea;38.03.04;Государственное и муниципальное управление;бакалавриат;Государственное и корпоративное управление;"Факультет бизнеса ""КАПИТАНЫ""";Русский язык|Обществознание;Математика|Иностранный язык|История;0;284;очно;2025;budget;https://tabiturient.ru/vuzu/reu/proxodnoi/;3764
rea;38.03.05;Бизнес-информатика;бакалавриат;"Цифровая трансформация бизнеса; Информационная бизнес-аналитика в цифровой среде";Высшая школа кибертехнологий, математики и статистики;Русский язык|Математика;Обществознание|Информатика|История;0;284;очно;2025;budget;https://tabiturient.ru/vuzu/reu/proxodnoi/;1326
rea;38.03.06;Торговое дело;бакалавриат;"Коммерция; Цифровые технологии в торговле и логистике";Высшая школа экономики и бизнеса;Русский язык|Математика;Обществознание|Иностранный язык|История;0;259;очно;2025;budget;https://tabiturient.ru/vuzu/reu/proxodnoi/;1339
rea;38.03.07;Товароведение;бакалавриат;Экспертиза, оценка и менеджмент товаров;Высшая инженерная школа «Новые материалы и технологии»;Русский язык|Математика;Обществознание|Иностранный язык|История;0;248;очно;2025;budget;https://tabiturient.ru/vuzu/reu/proxodnoi/;1338
rea;39.03.01;Социология;бакалавриат;Социологические исследования;Высшая школа социально-гуманитарных наук;Русский язык|Обществознание;Математика|Иностранный язык|История;0;;;;paid_only;https://tabiturient.ru/vuzu/reu/proxodnoi/;1340
rea;40.03.01;Юриспруденция;бакалавриат;"Гражданско-правовой профиль; Международное право и сравнительное правоведение";Высшая школа права;Русский язык|Обществознание;Математика|Иностранный язык|Информатика|История;0;;;;paid_only;https://tabiturient.ru/vuzu/reu/proxodnoi/;1315
rea;40.03.01;Юриспруденция;бакалавриат;Гражданско-правовой профиль;Факультет «Плехановская школа бизнеса «Интеграл»;Русский язык|Обществознание;Математика|Иностранный язык|Информатика|История;0;;;;paid_only;https://tabiturient.ru/vuzu/reu/proxodnoi/;3376
rea;41.03.04;Политология;бакалавриат;Экспертно-аналитический профиль;Высшая школа социально-гуманитарных наук;Русский язык|История;Обществознание|Иностранный язык|География;0;;;;paid_only;https://tabiturient.ru/vuzu/reu/proxodnoi/;1313
rea;41.03.05;Международные отношения;бакалавриат;Международная торговля и бизнес (Международные отношения + Менеджмент);Высшая школа экономики и бизнеса;Русский язык|История;Обществознание|Иностранный язык|География;0;;;;budget;https://tabiturient.ru/vuzu/reu/proxodnoi/;23062
rea;41.03.05;Международные отношения;бакалавриат;Устойчивое развитие бизнеса (Международные отношения + Экология и природопользование);Высшая школа экономики и бизнеса;Русский язык|История;Обществознание|Иностранный язык|География;0;;;;budget;https://tabiturient.ru/vuzu/reu/proxodnoi/;18816
rea;42.03.01;Реклама и связи с общественностью;бакалавриат;"Реклама и связи с общественностью в коммерческом секторе; Реклама и связи с общественностью в бренд-коммуникациях; Продюсирование в креативных индустриях";Высшая школа креативных индустрий;Русский язык|Обществознание;Иностранный язык|Информатика|Литература|История;0;;;;quota_only;https://tabiturient.ru/vuzu/reu/proxodnoi/;1317
rea;42.03.01;Реклама и связи с общественностью;бакалавриат;Реклама и связи с общественностью в коммерческом секторе;Высшая школа креативных индустрий;Русский язык|Обществознание;Иностранный язык|Информатика|Литература|История;0;;;;paid_only;https://tabiturient.ru/vuzu/reu/proxodnoi/;22514
rea;42.03.02;Журналистика;бакалавриат;"Журналистика новых медиа; Журналистика в системе международных отношений";Институт «Первая Академия медиа»;Русский язык|Литература;;1;199;очно;2025;budget;https://tabiturient.ru/vuzu/reu/proxodnoi/;16932
rea;42.03.02;Журналистика;бакалавриат;Журналистика новых медиа;Институт «Первая Академия медиа»;Русский язык|Литература;;1;;;;paid_only;https://tabiturient.ru/vuzu/reu/proxodnoi/;26420
rea;42.03.05;Медиакоммуникации;бакалавриат;Производство и продвижение медиапроектов;Институт «Первая Академия медиа»;Русский язык|Литература;;1;;;;paid_only;https://tabiturient.ru/vuzu/reu/proxodnoi/;24847
rea;42.03.05;Медиакоммуникации;бакалавриат;"Производство и продвижение медиапроектов; Продюсирование в кино и медиа";Институт «Первая Академия медиа»;Русский язык|Литература;;1;;;;quota_only;https://tabiturient.ru/vuzu/reu/proxodnoi/;16933
rea;43.03.01;Сервис;бакалавриат;Технология и сервис в индустрии питания;Высшая инженерная школа «Новые материалы и технологии»;Русский язык|Обществознание;Математика|Иностранный язык|География|История;0;231;очно;2025;budget;https://tabiturient.ru/vuzu/reu/proxodnoi/;18751
rea;43.03.02;Туризм;бакалавриат;Экономика и управление туристическим предприятием (Туризм+Экономика);Высшая школа менеджмента;Русский язык|Обществознание;Иностранный язык|География|История;0;222;очно;2025;budget;https://tabiturient.ru/vuzu/reu/proxodnoi/;1314
rea;43.03.02;Туризм;бакалавриат;Экономика и управление туристическим предприятием (Туризм+Экономика);Факультет «Плехановская школа бизнеса «Интеграл»;Русский язык|Обществознание;Иностранный язык|География|История;0;;;;paid_only;https://tabiturient.ru/vuzu/reu/proxodnoi/;26417
rea;43.03.03;Гостиничное дело;бакалавриат;"Экономика и управление гостиничным бизнесом; Экономика и управление гостиничным бизнесом (русско-английская программа)";Высшая школа менеджмента;Русский язык|Обществознание;Иностранный язык|География|История;0;247;очно;2025;budget;https://tabiturient.ru/vuzu/reu/proxodnoi/;1316
rea;43.03.03;Гостиничное дело;бакалавриат;Гостиничная деятельность;Факультет «Плехановская школа бизнеса «Интеграл»;Русский язык|Обществознание;Иностранный язык|География|История;0;;;;paid_only;https://tabiturient.ru/vuzu/reu/proxodnoi/;3380
rea;54.03.01;Дизайн;бакалавриат;"Графический дизайн; Интерактивный дизайн и медиа-арт";Высшая школа креативных индустрий;Русский язык|Литература;;1;205;очно;2025;budget;https://tabiturient.ru/vuzu/reu/proxodnoi/;1318
rea;38.05.01;Экономическая безопасность;специалитет;Обеспечение экономической безопасности государства и бизнеса;Высшая школа экономики и бизнеса;Русский язык|Математика;Обществознание|История;0;263;очно;2025;budget;https://tabiturient.ru/vuzu/reu/proxodnoi/;1343
rea;38.05.02;Таможенное дело;специалитет;"Таможенное регулирование и контроль; Таможенная логистика; Таможенная экспертиза и товарный консалтинг";Высшая инженерная школа «Новые материалы и технологии»;Русский язык|Обществознание;Иностранный язык|Информатика|География|История;0;256;очно;2025;budget;https://tabiturient.ru/vuzu/reu/proxodnoi/;18753
rea;38.05.02;Таможенное дело;специалитет;Таможенная логистика;Высшая инженерная школа «Новые материалы и технологии»;Русский язык|Обществознание;Иностранный язык|Информатика|География|История;0;;;;paid_only;https://tabiturient.ru/vuzu/reu/proxodnoi/;3763
rea;40.05.01;Правовое обеспечение национальной безопасности;специалитет;Государственно-правовой профиль;Высшая школа права;Русский язык|Обществознание;Иностранный язык|Информатика|История;0;;;;paid_only;https://tabiturient.ru/vuzu/reu/proxodnoi/;18754
rea;45.05.01;Перевод и переводоведение;специалитет;Прикладная лингвистика;Высшая школа социально-гуманитарных наук;Русский язык|Иностранный язык;Обществознание|Литература|История;0;;;;paid_only;https://tabiturient.ru/vuzu/reu/proxodnoi/;19245
ranepa;01.03.02;Прикладная математика и информатика;бакалавриат;Прикладные цифровые технологии;Институт экономики, математики и информационных технологий;Русский язык|Математика;Информатика|Физика;0;;;;paid_only;https://tabiturient.ru/vuzu/ranepa/proxodnoi/;9652
ranepa;09.03.03;Прикладная информатика;бакалавриат;Цифровые технологии и разработка информационных систем;Институт экономики, математики и информационных технологий;Русский язык|Математика;Информатика|Физика;0;270;очно;2025;budget;https://tabiturient.ru/vuzu/ranepa/proxodnoi/;14
ranepa;09.03.03;Прикладная информатика;бакалавриат;Прикладные системы искусственного интеллекта;Институт экономики, математики и информационных технологий;Русский язык|Математика;Информатика|Физика;0;;;;paid_only;https://tabiturient.ru/vuzu/ranepa/proxodnoi/;16
ranepa;09.03.03;Прикладная информатика;бакалавриат;Системы искусственного интеллекта;Институт экономики, математики и информационных технологий;Русский язык|Математика;Информатика|Физика;0;;;;paid_only;https://tabiturient.ru/vuzu/ranepa/proxodnoi/;17492
ranepa;09.03.03;Прикладная информатика;бакалавриат;Веб-разработка;Институт экономики, математики и информационных технологий;Русский язык|Математика;Информатика|Физика;0;;;;paid_only;https://tabiturient.ru/vuzu/ranepa/proxodnoi/;17493
ranepa;09.03.03;Прикладная информатика;бакалавриат;Цифровые технологии;Институт экономики, математики и информационных технологий;Русский язык|Математика;Информатика|Физика;0;243;очно-заочно;2025;budget;https://tabiturient.ru/vuzu/ranepa/proxodnoi/;9653
ranepa;09.03.03;Прикладная информатика;бакалавриат;Искусственный интеллект и машинное обучение;Институт экономики, математики и информационных технологий;Русский язык|Математика;Информатика|Физика;0;274;очно;2025;budget;https://tabiturient.ru/vuzu/ranepa/proxodnoi/;9654
ranepa;27.03.05;Инноватика;бакалавриат;Инновационный менеджмент;Институт управления;Русский язык|Математика;Информатика|Химия|Физика;0;;;;paid_only;https://tabiturient.ru/vuzu/ranepa/proxodnoi/;7656
ranepa;37.03.01;Психология;бакалавриат;Психология: современная теория и практика;Институт общественных наук;Русский язык|Биология;Математика|Обществознание;0;267;очно;2025;budget;https://tabiturient.ru/vuzu/ranepa/proxodnoi/;7
ranepa;37.03.01;Психология;бакалавриат;Психологическое консультирование и коучинг;Институт общественных наук;Русский язык|Биология;Математика|Обществознание;0;245;очно;2025;budget;https://tabiturient.ru/vuzu/ranepa/proxodnoi/;3767
ranepa;38.03.01;Экономика;бакалавриат;Экономика, финансы и анализ данных;Институт экономики, математики и информационных технологий;Русский язык|Математика;Обществознание|Информатика;0;;;;quota_only;https://tabiturient.ru/vuzu/ranepa/proxodnoi/;2
ranepa;38.03.01;Экономика;бакалавриат;Экономический анализ в современном мире;Институт экономики, математики и информационных технологий;Русский язык|Математика;Обществознание|Иностранный язык|Информатика|История;0;;;;quota_only;https://tabiturient.ru/vuzu/ranepa/proxodnoi/;4
ranepa;38.03.01;Экономика;бакалавриат;Экономика предприятий и организаций;Институт экономики, математики и информационных технологий;Русский язык|Математика;Обществознание|Иностранный язык|Информатика|География|История;0;;;;quota_only;https://tabiturient.ru/vuzu/ranepa/proxodnoi/;5
ranepa;38.03.01;Экономика;бакалавриат;Финансовый контроль и государственный аудит;Институт государственной службы и управления;Русский язык|Математика;Обществознание|Иностранный язык|Информатика|География|История;0;;;;quota_only;https://tabiturient.ru/vuzu/ranepa/proxodnoi/;7756
ranepa;38.03.01;Экономика;бакалавриат;Предпринимательство и управление эффективностью бизнеса;Институт управления;Русский язык|Математика;Обществознание|Иностранный язык|Информатика;0;295;очно;2025;budget;https://tabiturient.ru/vuzu/ranepa/proxodnoi/;7757
ranepa;38.03.01;Экономика;бакалавриат;Региональная экономика;Институт государственной службы и управления;Русский язык|Математика;Обществознание|Иностранный язык|Информатика|География|История;0;;;;paid_only;https://tabiturient.ru/vuzu/ranepa/proxodnoi/;17497
ranepa;38.03.01;Экономика;бакалавриат;Технологии экономики и управления;Институт экономики, математики и информационных технологий;Русский язык|Математика;Обществознание|Информатика;0;;;;paid_only;https://tabiturient.ru/vuzu/ranepa/proxodnoi/;7520
ranepa;38.03.01;Экономика;бакалавриат;Экономика топливно-энергетического комплекса;Институт экономики, математики и информационных технологий;Русский язык|Математика;Обществознание|Иностранный язык|Информатика|История;0;;;;quota_only;https://tabiturient.ru/vuzu/ranepa/proxodnoi/;24716
ranepa;38.03.01;Экономика;бакалавриат;Экономика бизнеса;Институт экономики, математики и информационных технологий;Русский язык|Математика;Обществознание|Иностранный язык|Информатика|География|История;0;273;очно-заочно;2025;budget;https://tabiturient.ru/vuzu/ranepa/proxodnoi/;24717
ranepa;38.03.01;Экономика;бакалавриат;Финансы и кредит;Институт управления;Русский язык|Математика;Обществознание|Иностранный язык|Информатика;0;261;очно-заочно;2025;budget;https://tabiturient.ru/vuzu/ranepa/proxodnoi/;24718
ranepa;38.03.01;Экономика;бакалавриат;Корпоративные финансы: учет, анализ и аудит;Институт управления;Русский язык|Математика;Обществознание|Иностранный язык|Информатика;0;;;;quota_only;https://tabiturient.ru/vuzu/ranepa/proxodnoi/;9657
ranepa;38.03.01;Экономика;бакалавриат;Банки и финансовые рынки;Институт управления;Русский язык|Математика;Обществознание|Иностранный язык|Информатика;0;;;;quota_only;https://tabiturient.ru/vuzu/ranepa/proxodnoi/;22457
ranepa;38.03.02;Менеджмент;бакалавриат;Лидерство и управление в глобальном мире / Global Governance and Leadership;Институт управления;Русский язык|Математика;Обществознание|Иностранный язык;0;;;;quota_only;https://tabiturient.ru/vuzu/ranepa/proxodnoi/;18
ranepa;38.03.02;Менеджмент;бакалавриат;Международный бизнес;Институт управления;Русский язык|Математика;Обществознание|Иностранный язык;0;;;;quota_only;https://tabiturient.ru/vuzu/ranepa/proxodnoi/;22
ranepa;38.03.02;Менеджмент;бакалавриат;Управление проектами;Институт управления;Русский язык|Математика;Обществознание|Иностранный язык|Информатика|История;0;;;;quota_only;https://tabiturient.ru/vuzu/ranepa/proxodnoi/;23
ranepa;38.03.02;Менеджмент;бакалавриат;Финансовый менеджмент и инвестиции;Институт управления;Русский язык|Математика;Обществознание|Иностранный язык|Информатика;0;;;;quota_only;https://tabiturient.ru/vuzu/ranepa/proxodnoi/;9241
ranepa;38.03.02;Менеджмент;бакалавриат;Управление бизнесом;Институт управления;Русский язык|Математика;Обществознание|Иностранный язык|Информатика|История;0;;;;quota_only;https://tabiturient.ru/vuzu/ranepa/proxodnoi/;17470
ranepa;38.03.02;Менеджмент;бакалавриат;Производственный менеджмент;Институт управления;Русский язык|Математика;Обществознание|Иностранный язык|Информатика|История;0;;;;quota_only;https://tabiturient.ru/vuzu/ranepa/proxodnoi/;7749
ranepa;38.03.02;Менеджмент;бакалавриат;Управление производством;Институт управления;Русский язык|Математика;Обществознание|Иностранный язык|Информатика|История;0;259;очно-заочно;2025;budget;https://tabiturient.ru/vuzu/ranepa/proxodnoi/;24719
ranepa;38.03.02;Менеджмент;бакалавриат;Менеджмент спортивной индустрии;Институт управления;Русский язык|Математика;Обществознание|Иностранный язык|Информатика;0;;;;quota_only;https://tabiturient.ru/vuzu/ranepa/proxodnoi/;2456
ranepa;38.03.02;Менеджмент;бакалавриат;Стратегическое управление компанией;Институт управления;Русский язык|Математика;Обществознание|Иностранный язык;0;;;;quota_only;https://tabiturient.ru/vuzu/ranepa/proxodnoi/;3769
ranepa;38.03.02;Менеджмент;бакалавриат;Урбанистика и городские исследования;Институт общественных наук;Русский язык|Математика;Обществознание|Иностранный язык|История;0;275;очно;2025;budget;https://tabiturient.ru/vuzu/ranepa/proxodnoi/;3770
ranepa;38.03.02;Менеджмент;бакалавриат;Маркетинг;Институт управления;Русский язык|Математика;Обществознание|Иностранный язык|Информатика|История;0;;;;quota_only;https://tabiturient.ru/vuzu/ranepa/proxodnoi/;9659
ranepa;38.03.02;Менеджмент;бакалавриат;Спортивный менеджмент;Институт управления;Русский язык|Математика;Обществознание|Иностранный язык|Информатика;0;;;;paid_only;https://tabiturient.ru/vuzu/ranepa/proxodnoi/;9662
ranepa;38.03.02;Менеджмент;бакалавриат;Управление ESG - проектами;Институт государственной службы и управления;Русский язык|Математика;Обществознание|Иностранный язык|Информатика|История;0;282;очно;2025;budget;https://tabiturient.ru/vuzu/ranepa/proxodnoi/;9663
ranepa;38.03.02;Менеджмент;бакалавриат;Менеджмент в индустрии моды;Институт управления;Русский язык|Математика;Обществознание|Иностранный язык;0;;;;quota_only;https://tabiturient.ru/vuzu/ranepa/proxodnoi/;9664
ranepa;38.03.04;Государственное и муниципальное управление;бакалавриат;Внутренняя политика и лидерство;Институт государственной службы и управления;Русский язык|Обществознание;Математика|Иностранный язык|История;0;;;;quota_only;https://tabiturient.ru/vuzu/ranepa/proxodnoi/;9242
ranepa;38.03.04;Государственное и муниципальное управление;бакалавриат;Лидеры регионов. Москва;Институт государственной службы и управления;Русский язык|Обществознание;Математика|Иностранный язык|История;0;;;;quota_only;https://tabiturient.ru/vuzu/ranepa/proxodnoi/;27
ranepa;38.03.04;Государственное и муниципальное управление;бакалавриат;Правовое обеспечение государственного и муниципального управления;Институт государственной службы и управления;Русский язык|История;Математика|Обществознание|Иностранный язык;0;291;очно;2025;budget;https://tabiturient.ru/vuzu/ranepa/proxodnoi/;33
ranepa;38.03.04;Государственное и муниципальное управление;бакалавриат;Управление персоналом государственной службы и организации;Институт государственной службы и управления;Русский язык|Обществознание;Математика|Иностранный язык|История;0;258;очно-заочно;2025;budget;https://tabiturient.ru/vuzu/ranepa/proxodnoi/;24375
ranepa;38.03.04;Государственное и муниципальное управление;бакалавриат;Экономика и государственное управление;Институт государственной службы и управления;Русский язык|Обществознание;Математика|Иностранный язык|История;0;;;;quota_only;https://tabiturient.ru/vuzu/ranepa/proxodnoi/;7519
ranepa;38.03.04;Государственное и муниципальное управление;бакалавриат;Внешняя политика и государственное управление;Институт государственной службы и управления;Русский язык|Обществознание;Математика|Иностранный язык|История;0;;;;quota_only;https://tabiturient.ru/vuzu/ranepa/proxodnoi/;25775
ranepa;38.03.04;Государственное и муниципальное управление;бакалавриат;Эффективное государственное управление;Институт государственной службы и управления;Русский язык|Обществознание;Математика|Иностранный язык|История;0;295;очно;2025;budget;https://tabiturient.ru/vuzu/ranepa/proxodnoi/;25776
ranepa;38.03.04;Государственное и муниципальное управление;бакалавриат;Цифровое государство;Институт государственной службы и управления;Русский язык|Обществознание;Математика|Иностранный язык|История;0;284;очно;2025;budget;https://tabiturient.ru/vuzu/ranepa/proxodnoi/;3772
ranepa;38.03.04;Государственное и муниципальное управление;бакалавриат;Государственное управление и публичная политика в условиях глобальных вызовов «РЕСУРС России»;Дирекция приоритетных образовательных инициатив;Русский язык|Обществознание;Математика|Иностранный язык|История;0;281;очно;2025;budget;https://tabiturient.ru/vuzu/ranepa/proxodnoi/;22461
ranepa;38.03.05;Бизнес-информатика;бакалавриат;Бизнес-информатика;Институт экономики, математики и информационных технологий;Русский язык|Математика;Обществознание|Информатика|История;0;;;;quota_only;https://tabiturient.ru/vuzu/ranepa/proxodnoi/;35
ranepa;38.03.06;Торговое дело;бакалавриат;Цифровой бизнес и логистика;Институт управления;Русский язык|Математика;Обществознание|Иностранный язык|Информатика|История;0;;;;quota_only;https://tabiturient.ru/vuzu/ranepa/proxodnoi/;9239
ranepa;39.03.01;Социология;бакалавриат;Социология: технологии исследования изменений;Институт общественных наук;Русский язык|Обществознание;Математика|Иностранный язык|История;0;282;очно;2025;budget;https://tabiturient.ru/vuzu/ranepa/proxodnoi/;41
ranepa;39.03.01;Социология;бакалавриат;Социология рекламы и медиаисследования;Институт общественных наук;Русский язык|Обществознание;Математика|Иностранный язык|История;0;;;;quota_only;https://tabiturient.ru/vuzu/ranepa/proxodnoi/;26210
ranepa;40.03.01;Юриспруденция;бакалавриат;Международное право и сравнительное правоведение;Институт права и национальной безопасности;Русский язык|Обществознание;Математика|Иностранный язык|Информатика|История;0;;;;paid_only;https://tabiturient.ru/vuzu/ranepa/proxodnoi/;9240
ranepa;40.03.01;Юриспруденция;бакалавриат;"Гражданско-правовой профиль; Государственно-правовой профиль; Информационно-правовой профиль (Правовое обеспечение цифровой экономики)";Институт права и национальной безопасности;Русский язык|Обществознание;Математика|Иностранный язык|Информатика|История;0;;;;quota_only;https://tabiturient.ru/vuzu/ranepa/proxodnoi/;42
ranepa;40.03.01;Юриспруденция;бакалавриат;Гражданско-правовой профиль;Институт права и национальной безопасности;Русский язык|Обществознание;Математика|Иностранный язык|Информатика|История;0;;;;quota_only;https://tabiturient.ru/vuzu/ranepa/proxodnoi/;24376
ranepa;40.03.01;Юриспруденция;бакалавриат;Государственно-правовой профиль;Институт права и национальной безопасности;Русский язык|Обществознание;Математика|Иностранный язык|Информатика|История;0;;;;paid_only;https://tabiturient.ru/vuzu/ranepa/proxodnoi/;26211
ranepa;40.03.01;Юриспруденция;бакалавриат;Юриспруденция: междисциплинарные исследования;Институт права и национальной безопасности;Русский язык|Обществознание;Математика|Иностранный язык|Информатика|История;0;;;;quota_only;https://tabiturient.ru/vuzu/ranepa/proxodnoi/;9666
ranepa;40.03.01;Юриспруденция;бакалавриат;Юриспруденция (с углубленным изучением юридического английского языка и общего права);Институт государственной службы и управления;Русский язык|Обществознание;Математика|Иностранный язык|Информатика|История;0;;;;paid_only;https://tabiturient.ru/vuzu/ranepa/proxodnoi/;19157
ranepa;40.03.01;Юриспруденция;бакалавриат;Международное и интеграционное право (с углубленным изучением иностранного языка (языка региона));Институт права и национальной безопасности;Русский язык|Обществознание;Математика|Иностранный язык|Информатика|История;0;;;;paid_only;https://tabiturient.ru/vuzu/ranepa/proxodnoi/;7664
ranepa;40.03.01;Юриспруденция;бакалавриат;Финансово-правовой профиль (правовое обеспечение финансовых технологий);Институт права и национальной безопасности;Русский язык|Обществознание;Математика|Иностранный язык|Информатика|История;0;;;;quota_only;https://tabiturient.ru/vuzu/ranepa/proxodnoi/;7665
ranepa;41.03.01;Зарубежное регионоведение;бакалавриат;Международное сотрудничество и дипломатия;Институт государственной службы и управления;Русский язык|История;Обществознание|Иностранный язык|География;0;291;очно;2025;budget;https://tabiturient.ru/vuzu/ranepa/proxodnoi/;9669
ranepa;41.03.02;Регионоведение России;бакалавриат;Региональная политика и территориальное развитие;Институт государственной службы и управления;Русский язык|История;Обществознание|География;0;268;очно;2025;budget;https://tabiturient.ru/vuzu/ranepa/proxodnoi/;49
ranepa;41.03.04;Политология;бакалавриат;Политический консалтинг и глобальные изменения;Институт общественных наук;Русский язык|История;Обществознание|Иностранный язык|География;0;280;очно;2025;budget;https://tabiturient.ru/vuzu/ranepa/proxodnoi/;50
ranepa;41.03.05;Международные отношения;бакалавриат;Международные отношения: политика, экономика, бизнес;Институт управления;Русский язык|История;Обществознание|Иностранный язык|География;0;;;;quota_only;https://tabiturient.ru/vuzu/ranepa/proxodnoi/;52
ranepa;41.03.05;Международные отношения;бакалавриат;Международные программы устойчивого развития;Институт государственной службы и управления;Русский язык|История;Обществознание|Иностранный язык|Информатика|География;0;;;;quota_only;https://tabiturient.ru/vuzu/ranepa/proxodnoi/;3792
ranepa;41.03.06;Публичная политика и социальные науки;бакалавриат;Публичная политика: общественные коммуникации и искусственный интеллект;Институт общественных наук;Русский язык|Обществознание;Иностранный язык|География|История;0;278;очно;2025;budget;https://tabiturient.ru/vuzu/ranepa/proxodnoi/;54
ranepa;42.03.01;Реклама и связи с общественностью;бакалавриат;Реклама и связи с общественностью в цифровой среде;Институт общественных наук;Русский язык|Обществознание;Иностранный язык|Информатика|Литература|История;0;;;;paid_only;https://tabiturient.ru/vuzu/ranepa/proxodnoi/;7754
ranepa;42.03.01;Реклама и связи с общественностью;бакалавриат;Реклама и связи с общественностью;Институт общественных наук;Русский язык|Обществознание;Иностранный язык|Информатика|Литература|История;0;;;;paid_only;https://tabiturient.ru/vuzu/ranepa/proxodnoi/;26213
ranepa;42.03.01;Реклама и связи с общественностью;бакалавриат;Стратегические коммуникации;Институт общественных наук;Русский язык|Обществознание;Иностранный язык|Информатика|Литература|История;0;;;;paid_only;https://tabiturient.ru/vuzu/ranepa/proxodnoi/;18866
ranepa;42.03.01;Реклама и связи с общественностью;бакалавриат;Цифровые коммуникации и искусственный интеллект;Институт общественных наук;Русский язык|Обществознание;Иностранный язык|Информатика|Литература|История;0;;;;paid_only;https://tabiturient.ru/vuzu/ranepa/proxodnoi/;22985
ranepa;42.03.02;Журналистика;бакалавриат;Конвергентная журналистика;Институт государственной службы и управления;Русский язык|Литература;;1;;;;quota_only;https://tabiturient.ru/vuzu/ranepa/proxodnoi/;59
ranepa;42.03.02;Журналистика;бакалавриат;Деловая журналистика;Институт государственной службы и управления;Русский язык|Литература;;1;;;;paid_only;https://tabiturient.ru/vuzu/ranepa/proxodnoi/;9672
ranepa;42.03.05;Медиакоммуникации;бакалавриат;Продюсирование и управление медиапроектами;Институт государственной службы и управления;Русский язык|Литература;Обществознание|Иностранный язык|География|История;0;;;;paid_only;https://tabiturient.ru/vuzu/ranepa/proxodnoi/;22454
ranepa;42.03.05;Медиакоммуникации;бакалавриат;Медиаобеспечение государственных интересов: иновещание и новые медиа;Институт государственной службы и управления;Русский язык|Литература;Обществознание|Иностранный язык|География|История;0;;;;paid_only;https://tabiturient.ru/vuzu/ranepa/proxodnoi/;22464
ranepa;43.03.02;Туризм;бакалавриат;Индустрия туризма и развитие территории;Институт отраслевого менеджмента;Русский язык|Обществознание;Иностранный язык|География|История;0;;;;paid_only;https://tabiturient.ru/vuzu/ranepa/proxodnoi/;9863
ranepa;43.03.03;Гостиничное дело;бакалавриат;Гостиничный и ресторанный бизнес;Институт управления;Русский язык|Обществознание;Иностранный язык|История;0;271;очно;2025;budget;https://tabiturient.ru/vuzu/ranepa/proxodnoi/;9931
ranepa;46.03.01;История;бакалавриат;История;Институт общественных наук;Русский язык|История;Обществознание|Иностранный язык;0;267;очно;2025;budget;https://tabiturient.ru/vuzu/ranepa/proxodnoi/;61
ranepa;50.03.01;Искусства и гуманитарные науки;бакалавриат;"""Креативные индустрии и цифровые проекты";Институт общественных наук;Русский язык|История;Обществознание|Иностранный язык|Литература;0;;;;paid_only;https://tabiturient.ru/vuzu/ranepa/proxodnoi/;27408
ranepa;50.03.01;Искусства и гуманитарные науки;бакалавриат;Филология и перевод;Институт общественных наук;Русский язык|Литература;Обществознание|Иностранный язык|История;0;;;;quota_only;https://tabiturient.ru/vuzu/ranepa/proxodnoi/;62
ranepa;37.05.02;Психология служебной деятельности;специалитет;Психология организационного поведения;Институт общественных наук;Русский язык|Биология;Математика|Обществознание;0;243;очно;2025;budget;https://tabiturient.ru/vuzu/ranepa/proxodnoi/;64
ranepa;38.05.01;Экономическая безопасность;специалитет;Экономико-правовое обеспечение экономической безопасности;Институт права и национальной безопасности;Русский язык|Математика;Обществознание|Информатика|История;0;279;очно;2025;budget;https://tabiturient.ru/vuzu/ranepa/proxodnoi/;65
ranepa;38.05.01;Экономическая безопасность;специалитет;Обеспечение экономической безопасности бизнеса;Институт права и национальной безопасности;Русский язык|Математика;Обществознание|Информатика|История;0;281;очно;2025;budget;https://tabiturient.ru/vuzu/ranepa/proxodnoi/;22465
ranepa;38.05.02;Таможенное дело;специалитет;Внешнеэкономическая деятельность;Институт права и национальной безопасности;Русский язык|Обществознание;Иностранный язык|Информатика|География;0;260;очно;2025;budget;https://tabiturient.ru/vuzu/ranepa/proxodnoi/;66
ranepa;38.05.02;Таможенное дело;специалитет;Международная логистика и организация таможенного контроля;Институт права и национальной безопасности;Русский язык|Обществознание;Иностранный язык|Информатика|География;0;272;очно;2025;budget;https://tabiturient.ru/vuzu/ranepa/proxodnoi/;26212
ranepa;40.05.01;Правовое обеспечение национальной безопасности;специалитет;"Уголовно-правовая специализация; Государственно-правовая специализация; Гражданско-правовая специализация; Международно-правовая специализация";Институт права и национальной безопасности;Русский язык|Обществознание;Иностранный язык|Информатика|История;0;;;;paid_only;https://tabiturient.ru/vuzu/ranepa/proxodnoi/;67
ranepa;40.05.01;Правовое обеспечение национальной безопасности;специалитет;Гражданско-правовая специализация;Институт права и национальной безопасности;Русский язык|Обществознание;Иностранный язык|Информатика|История;0;;;;paid_only;https://tabiturient.ru/vuzu/ranepa/proxodnoi/;24714
ranepa;40.05.01;Правовое обеспечение национальной безопасности;специалитет;Уголовно-правовая специализация;Институт права и национальной безопасности;Русский язык|Обществознание;Иностранный язык|Информатика|История;0;;;;paid_only;https://tabiturient.ru/vuzu/ranepa/proxodnoi/;24715
ranepa;40.05.04;Судебная и прокурорская деятельность;специалитет;Прокурорская деятельность;Институт права и национальной безопасности;Русский язык|Обществознание;Информатика|История;0;;;;paid_only;https://tabiturient.ru/vuzu/ranepa/proxodnoi/;24713
ranepa;40.05.04;Судебная и прокурорская деятельность;специалитет;Судебная деятельность;Институт права и национальной безопасности;Русский язык|Обществознание;Информатика|История;0;;;;paid_only;https://tabiturient.ru/vuzu/ranepa/proxodnoi/;7671
urfu;01.03.01;Математика;бакалавриат;Математика;Институт естественных наук и математики;Русский язык|Математика;Информатика|Физика;0;233;очно;2025;budget;https://tabiturient.ru/vuzu/urfu/proxodnoi/;3240
urfu;01.03.03;Механика и математическое моделирование;бакалавриат;Механика и математическое моделирование;Институт естественных наук и математики;Русский язык|Математика;Информатика|Физика;0;258;очно;2025;budget;https://tabiturient.ru/vuzu/urfu/proxodnoi/;3241
urfu;01.03.04;Прикладная математика;бакалавриат;Прикладная математика;Институт естественных наук и математики;Русский язык|Математика;Информатика|Физика;0;247;очно;2025;budget;https://tabiturient.ru/vuzu/urfu/proxodnoi/;3242
urfu;02.03.01;Математика и компьютерные науки;бакалавриат;Математика и компьютерные науки;Институт естественных наук и математики;Русский язык|Математика;Информатика|Физика;0;255;очно;2025;budget;https://tabiturient.ru/vuzu/urfu/proxodnoi/;3243
urfu;02.03.02;Фундаментальная информатика и информационные технологии;бакалавриат;Разработка программных продуктов;Институт естественных наук и математики;Русский язык|Математика;Информатика|Физика;0;280;очно;2025;budget;https://tabiturient.ru/vuzu/urfu/proxodnoi/;3244
urfu;02.03.03;Математическое обеспечение и администрирование информационных систем;бакалавриат;Математическое обеспечение и администрирование информационных систем;Институт естественных наук и математики;Русский язык|Математика;Информатика|Физика;0;247;очно;2025;budget;https://tabiturient.ru/vuzu/urfu/proxodnoi/;3245
urfu;03.03.01;Прикладные математика и физика;бакалавриат;Прикладные математика и физика;Физико-технологический институт;Русский язык|Математика;Информатика|Физика;0;250;очно;2025;budget;https://tabiturient.ru/vuzu/urfu/proxodnoi/;3246
urfu;03.03.02;Физика;бакалавриат;Физика;Институт естественных наук и математики;Русский язык|Физика;Математика|Информатика;0;221;очно;2025;budget;https://tabiturient.ru/vuzu/urfu/proxodnoi/;3247
urfu;04.03.01;Химия;бакалавриат;Химия;Институт естественных наук и математики;Русский язык|Химия;Математика|Информатика|Биология;0;234;очно;2025;budget;https://tabiturient.ru/vuzu/urfu/proxodnoi/;3248
urfu;04.03.02;Химия, физика и механика материалов;бакалавриат;Химическое материаловедение;Институт естественных наук и математики;Русский язык|Химия;Математика|Информатика|Биология|Физика;0;228;очно;2025;budget;https://tabiturient.ru/vuzu/urfu/proxodnoi/;3249
urfu;05.03.04;Гидрометеорология;бакалавриат;Гидрометеорология;Институт естественных наук и математики;Русский язык|География;Математика|Информатика|Биология;0;210;очно;2025;budget;https://tabiturient.ru/vuzu/urfu/proxodnoi/;3250
urfu;05.03.06;Экология и природопользование;бакалавриат;Экология;Институт естественных наук и математики;Русский язык|Биология;Математика|География|Химия;0;225;очно;2025;budget;https://tabiturient.ru/vuzu/urfu/proxodnoi/;3251
urfu;06.03.01;Биология;бакалавриат;Биология;Институт естественных наук и математики;Русский язык|Биология;Математика|Химия;0;235;очно;2025;budget;https://tabiturient.ru/vuzu/urfu/proxodnoi/;3252
urfu;07.03.01;Архитектура;бакалавриат;Архитектура;Институт строительства и архитектуры;Русский язык|Математика;;1;159;очно;2025;budget;https://tabiturient.ru/vuzu/urfu/proxodnoi/;3253
urfu;08.03.01;Строительство;бакалавриат;Строительство зданий, сооружений и развитие территорий (дистанционное образование);Институт технологий открытого образования (дистанционное образование);Русский язык|Математика;Информатика|Физика;0;;;;paid_only;https://tabiturient.ru/vuzu/urfu/proxodnoi/;16918
urfu;08.03.01;Строительство;бакалавриат;Производство и применение строительных материалов, изделий и конструкций;Институт новых материалов и технологий;Русский язык|Математика;Информатика|Физика;0;213;очно;2025;budget;https://tabiturient.ru/vuzu/urfu/proxodnoi/;3255
urfu;08.03.01;Строительство;бакалавриат;Строительство зданий, сооружений и развитие территорий;Институт строительства и архитектуры;Русский язык|Математика;Информатика|Физика;0;234;очно;2025;budget;https://tabiturient.ru/vuzu/urfu/proxodnoi/;9184
urfu;09.03.01;Информатика и вычислительная техника;бакалавриат;Алгоритмы искусственного интеллекта;Институт радиоэлектроники и информационных технологий;Русский язык|Математика;Информатика|Физика;0;257;очно;2025;budget;https://tabiturient.ru/vuzu/urfu/proxodnoi/;3257
urfu;09.03.01;Информатика и вычислительная техника;бакалавриат;Информатика и вычислительная техника;Институт радиоэлектроники и информационных технологий;Русский язык|Математика;Информатика|Физика;0;251;очно;2025;budget;https://tabiturient.ru/vuzu/urfu/proxodnoi/;19193
urfu;09.03.02;Информационные системы и технологии;бакалавриат;Информационные системы и технологии;Институт новых материалов и технологий;Русский язык|Математика;Информатика|Физика;0;243;очно;2025;budget;https://tabiturient.ru/vuzu/urfu/proxodnoi/;7781
urfu;09.03.02;Информационные системы и технологии;бакалавриат;Информационные системы в научно-технических и социально-экономических технологиях;Физико-технологический институт;Русский язык|Математика;Информатика|Физика;0;233;очно;2025;budget;https://tabiturient.ru/vuzu/urfu/proxodnoi/;3260
urfu;09.03.03;Прикладная информатика;бакалавриат;Прикладная информатика (дистанционное образование);Институт технологий открытого образования (дистанционное образование);Русский язык|Математика;Информатика|Физика;0;;;;paid_only;https://tabiturient.ru/vuzu/urfu/proxodnoi/;16919
urfu;09.03.03;Прикладная информатика;бакалавриат;Прикладная информатика;Институт радиоэлектроники и информационных технологий;Русский язык|Математика;Информатика|Физика;0;258;очно;2025;budget;https://tabiturient.ru/vuzu/urfu/proxodnoi/;3261
urfu;09.03.03;Прикладная информатика;бакалавриат;Прикладной искусственный интеллект;Институт радиоэлектроники и информационных технологий;Русский язык|Математика;Информатика|Физика;0;255;очно;2025;budget;https://tabiturient.ru/vuzu/urfu/proxodnoi/;23023
urfu;09.03.04;Программная инженерия;бакалавриат;Архитектура и разработка программных систем;Институт радиоэлектроники и информационных технологий;Русский язык|Математика;Информатика|Физика;0;259;очно;2025;budget;https://tabiturient.ru/vuzu/urfu/proxodnoi/;27413
urfu;09.03.04;Программная инженерия;бакалавриат;Программная инженерия;Институт радиоэлектроники и информационных технологий;Русский язык|Математика;Информатика|Физика;0;272;очно;2025;budget;https://tabiturient.ru/vuzu/urfu/proxodnoi/;3262
urfu;10.03.01;Информационная безопасность;бакалавриат;Безопасность компьютерных систем;Институт радиоэлектроники и информационных технологий;Русский язык|Математика;Информатика|Физика;0;253;очно;2025;budget;https://tabiturient.ru/vuzu/urfu/proxodnoi/;3263
urfu;11.03.01;Радиотехника;бакалавриат;Радиотехника;Институт радиоэлектроники и информационных технологий;Русский язык|Физика;Математика|Информатика;0;202;очно;2025;budget;https://tabiturient.ru/vuzu/urfu/proxodnoi/;3264
urfu;11.03.02;Инфокоммуникационные технологии и системы связи;бакалавриат;Инфокоммуникационные технологии и системы связи;Институт радиоэлектроники и информационных технологий;Русский язык|Математика;Информатика|Физика;0;232;очно;2025;budget;https://tabiturient.ru/vuzu/urfu/proxodnoi/;3265
urfu;11.03.03;Конструирование и технология электронных средств;бакалавриат;Конструирование и технология электронных средств;Институт радиоэлектроники и информационных технологий;Русский язык|Физика;Математика|Информатика;0;204;очно;2025;budget;https://tabiturient.ru/vuzu/urfu/proxodnoi/;3266
urfu;11.03.04;Электроника и наноэлектроника;бакалавриат;Электроника и наноэлектроника;Физико-технологический институт;Русский язык|Физика;Математика|Информатика;0;218;очно;2025;budget;https://tabiturient.ru/vuzu/urfu/proxodnoi/;3267
urfu;12.03.01;Приборостроение;бакалавриат;Инженерия неразрушающего контроля;Физико-технологический институт;Русский язык|Физика;Математика|Информатика;0;210;очно;2025;budget;https://tabiturient.ru/vuzu/urfu/proxodnoi/;3268
urfu;12.03.02;Оптотехника;бакалавриат;Оптические технологии и материалы;Институт новых материалов и технологий;Русский язык|Физика;Математика|Информатика|Химия;0;190;очно;2025;budget;https://tabiturient.ru/vuzu/urfu/proxodnoi/;16920
urfu;12.03.04;Биотехнические системы и технологии;бакалавриат;Биотехнические системы и технологии;Физико-технологический институт;Русский язык|Математика;Информатика|Биология|Физика;0;253;очно;2025;budget;https://tabiturient.ru/vuzu/urfu/proxodnoi/;3270
urfu;12.03.05;Лазерная техника и лазерные технологии;бакалавриат;Лазерные, аддитивные и упрочняющие технологии в машиностроении;Институт новых материалов и технологий;Русский язык|Физика;Математика|Информатика|Химия;0;210;очно;2025;budget;https://tabiturient.ru/vuzu/urfu/proxodnoi/;3271
urfu;13.03.01;Теплоэнергетика и теплотехника;бакалавриат;Теплоэнергетика и теплотехника (дистанционное образование);Институт технологий открытого образования (дистанционное образование);Русский язык|Физика;Математика|Информатика;0;;;;paid_only;https://tabiturient.ru/vuzu/urfu/proxodnoi/;16921
urfu;13.03.01;Теплоэнергетика и теплотехника;бакалавриат;Теплоэнергетика и теплотехника;Уральский энергетический институт;Русский язык|Физика;Математика|Информатика;0;211;очно;2025;budget;https://tabiturient.ru/vuzu/urfu/proxodnoi/;3272
urfu;13.03.02;Электроэнергетика и электротехника;бакалавриат;Электроэнергетика и электротехника (дистанционное образование);Институт технологий открытого образования (дистанционное образование);Русский язык|Физика;Математика|Информатика;0;;;;paid_only;https://tabiturient.ru/vuzu/urfu/proxodnoi/;16922
urfu;13.03.02;Электроэнергетика и электротехника;бакалавриат;Электроэнергетика и электротехника;Уральский энергетический институт;Русский язык|Физика;Математика|Информатика;0;203;очно;2025;budget;https://tabiturient.ru/vuzu/urfu/proxodnoi/;3273
urfu;13.03.02;Электроэнергетика и электротехника;бакалавриат;Газотурбинное и электротехническое оборудование компрессорных станций;Уральский энергетический институт;Русский язык|Физика;Математика|Информатика;0;192;очно;2025;budget;https://tabiturient.ru/vuzu/urfu/proxodnoi/;3274
urfu;13.03.02;Электроэнергетика и электротехника;бакалавриат;Системный инжиниринг и цифровое проектирование;Уральская передовая инженерная школа «Цифровое производство»;Русский язык|Физика;Математика|Информатика;0;244;очно;2025;budget;https://tabiturient.ru/vuzu/urfu/proxodnoi/;19194
urfu;13.03.03;Энергетическое машиностроение;бакалавриат;Газовые, паровые турбины и двигатели внутреннего сгорания;Уральский энергетический институт;Русский язык|Физика;Математика|Информатика;0;194;очно;2025;budget;https://tabiturient.ru/vuzu/urfu/proxodnoi/;3275
urfu;13.03.03;Энергетическое машиностроение;бакалавриат;Газотурбинное и электротехническое оборудование компрессорных станций;Уральский энергетический институт;Русский язык|Физика;Математика|Информатика;0;200;очно;2025;budget;https://tabiturient.ru/vuzu/urfu/proxodnoi/;3276
urfu;13.03.03;Энергетическое машиностроение;бакалавриат;Системный инжиниринг и цифровое проектирование;Уральская передовая инженерная школа «Цифровое производство»;Русский язык|Физика;Математика|Информатика;0;220;очно;2025;budget;https://tabiturient.ru/vuzu/urfu/proxodnoi/;19195
urfu;14.03.02;Ядерные физика и технологии;бакалавриат;Ядерные физика и технологии;Физико-технологический институт;Русский язык|Физика;Математика|Информатика;0;233;очно;2025;budget;https://tabiturient.ru/vuzu/urfu/proxodnoi/;3277
urfu;15.03.01;Машиностроение;бакалавриат;Машиностроение;Институт новых материалов и технологий;Русский язык|Математика;Информатика|Химия|Физика;0;223;очно;2025;budget;https://tabiturient.ru/vuzu/urfu/proxodnoi/;3278
urfu;15.03.01;Машиностроение;бакалавриат;Системный инжиниринг и цифровое проектирование;Уральская передовая инженерная школа «Цифровое производство»;Русский язык|Математика;Информатика|Химия|Физика;0;230;очно;2025;budget;https://tabiturient.ru/vuzu/urfu/proxodnoi/;19196
urfu;15.03.02;Технологические машины и оборудование;бакалавриат;Технологические машины и оборудование (дистанционное образование);Институт технологий открытого образования (дистанционное образование);Русский язык|Математика;Информатика|Химия|Физика;0;;;;paid_only;https://tabiturient.ru/vuzu/urfu/proxodnoi/;16923
urfu;15.03.02;Технологические машины и оборудование;бакалавриат;Технологические машины и оборудование / Bachelor of Mechanical Engineering (реализуется частично на английском языке);Институт новых материалов и технологий;Русский язык|Математика;Информатика|Химия|Физика;0;;;;paid_only;https://tabiturient.ru/vuzu/urfu/proxodnoi/;26444
urfu;15.03.02;Технологические машины и оборудование;бакалавриат;Технологические машины и оборудование;Институт новых материалов и технологий;Русский язык|Математика;Информатика|Химия|Физика;0;212;очно;2025;budget;https://tabiturient.ru/vuzu/urfu/proxodnoi/;3279
urfu;15.03.04;Автоматизация технологических процессов и производств;бакалавриат;Автоматизация технологических процессов и производств (дистанционное образование);Институт технологий открытого образования (дистанционное образование);Русский язык|Математика;Информатика|Химия|Физика;0;;;;paid_only;https://tabiturient.ru/vuzu/urfu/proxodnoi/;16924
urfu;15.03.04;Автоматизация технологических процессов и производств;бакалавриат;Автоматизация технологических процессов и производств;Институт новых материалов и технологий;Русский язык|Математика;Информатика|Химия|Физика;0;273;очно;2025;budget;https://tabiturient.ru/vuzu/urfu/proxodnoi/;3280
urfu;15.03.04;Автоматизация технологических процессов и производств;бакалавриат;Системный инжиниринг и цифровое проектирование;Уральская передовая инженерная школа «Цифровое производство»;Русский язык|Математика;Информатика|Химия|Физика;0;266;очно;2025;budget;https://tabiturient.ru/vuzu/urfu/proxodnoi/;19197
urfu;15.03.05;Конструкторско-технологическое обеспечение машиностроительных производств;бакалавриат;Конструкторско-технологическое обеспечение машиностроительных производств;Институт новых материалов и технологий;Русский язык|Математика;Информатика|Химия|Физика;0;217;очно;2025;budget;https://tabiturient.ru/vuzu/urfu/proxodnoi/;3282
urfu;15.03.05;Конструкторско-технологическое обеспечение машиностроительных производств;бакалавриат;Системный инжиниринг и цифровое проектирование;Уральская передовая инженерная школа «Цифровое производство»;Русский язык|Математика;Информатика|Химия|Физика;0;236;очно;2025;budget;https://tabiturient.ru/vuzu/urfu/proxodnoi/;23025
urfu;15.03.06;Мехатроника и робототехника;бакалавриат;Мехатроника и робототехника;Институт новых материалов и технологий;Русский язык|Математика;Информатика|Химия|Физика;0;262;очно;2025;budget;https://tabiturient.ru/vuzu/urfu/proxodnoi/;3283
urfu;18.03.01;Химическая технология;бакалавриат;Технология высокотемпературных неметаллических конструкционных и функциональных изделий и наноматериалов;Институт новых материалов и технологий;Русский язык|Химия;Математика|Информатика|Физика;0;168;очно;2025;budget;https://tabiturient.ru/vuzu/urfu/proxodnoi/;3284
urfu;18.03.01;Химическая технология;бакалавриат;Химическая технология неорганических, органических веществ, природных энергоносителей и лекарственных препаратов;Химико-технологический институт;Русский язык|Химия;Математика|Информатика|Физика;0;226;очно;2025;budget;https://tabiturient.ru/vuzu/urfu/proxodnoi/;3285
urfu;18.03.01;Химическая технология;бакалавриат;Химическая технология материалов новой техники;Физико-технологический институт;Русский язык|Химия;Математика|Информатика|Физика;0;190;очно;2025;budget;https://tabiturient.ru/vuzu/urfu/proxodnoi/;3286
urfu;18.03.02;Энерго- и ресурсосберегающие процессы в химической технологии, нефтехимии и биотехнологии;бакалавриат;Энерго- и ресурсосберегающие процессы в химической технологии, нефтехимии и биотехнологии;Химико-технологический институт;Русский язык|Химия;Математика|Информатика|Физика;0;199;очно;2025;budget;https://tabiturient.ru/vuzu/urfu/proxodnoi/;3287
urfu;19.03.01;Биотехнология;бакалавриат;Биотехнология;Химико-технологический институт;Русский язык|Биология;Математика|Информатика|Химия|Физика;0;235;очно;2025;budget;https://tabiturient.ru/vuzu/urfu/proxodnoi/;3288
urfu;20.03.01;Техносферная безопасность;бакалавриат;Техносферная безопасность;Институт фундаментального образования;Русский язык|Математика;Информатика|Химия|Физика;0;205;очно;2025;budget;https://tabiturient.ru/vuzu/urfu/proxodnoi/;3289
urfu;21.03.03;Геодезия и дистанционное зондирование;бакалавриат;Геодезия и дистанционное зондирование;Институт естественных наук и математики;Русский язык|Математика;Информатика|География|Физика;0;256;очно;2025;budget;https://tabiturient.ru/vuzu/urfu/proxodnoi/;3290
urfu;22.03.01;Материаловедение и технологии материалов;бакалавриат;Цифровая инженерия перспективных материалов;Институт новых материалов и технологий;Русский язык|Математика;Информатика|Химия|Физика;0;193;очно;2025;budget;https://tabiturient.ru/vuzu/urfu/proxodnoi/;3291
urfu;22.03.02;Металлургия;бакалавриат;Металлургия;Институт новых материалов и технологий;Русский язык|Математика;Информатика|Химия|Физика;0;185;очно;2025;budget;https://tabiturient.ru/vuzu/urfu/proxodnoi/;3292
urfu;23.03.02;Наземные транспортно-технологические комплексы;бакалавриат;Проектирование автомобилей и подъемно-транспортных машин;Институт новых материалов и технологий;Русский язык|Математика;Информатика|Химия|Физика;0;197;очно;2025;budget;https://tabiturient.ru/vuzu/urfu/proxodnoi/;3293
urfu;23.03.02;Наземные транспортно-технологические комплексы;бакалавриат;Системный инжиниринг и цифровое проектирование;Уральская передовая инженерная школа «Цифровое производство»;Русский язык|Математика;Информатика|Химия|Физика;0;219;очно;2025;budget;https://tabiturient.ru/vuzu/urfu/proxodnoi/;19199
urfu;23.03.03;Эксплуатация транспортно-технологических машин и комплексов;бакалавриат;Техническая эксплуатация автомобилей и подъемно-транспортных машин;Институт новых материалов и технологий;Русский язык|Математика;Информатика|Химия|Физика;0;198;очно;2025;budget;https://tabiturient.ru/vuzu/urfu/proxodnoi/;3294
urfu;27.03.01;Стандартизация и метрология;бакалавриат;Метрология информационных и измерительных систем;Институт естественных наук и математики;Русский язык|Математика;Информатика|Физика;0;197;очно;2025;budget;https://tabiturient.ru/vuzu/urfu/proxodnoi/;3295
urfu;27.03.01;Стандартизация и метрология;бакалавриат;Стандартизация и метрология;Институт новых материалов и технологий;Русский язык|Математика;Информатика|Физика;0;194;очно;2025;budget;https://tabiturient.ru/vuzu/urfu/proxodnoi/;3296
urfu;27.03.02;Управление качеством;бакалавриат;Управление качеством;Физико-технологический институт;Русский язык|Математика;Информатика|Физика;0;212;очно;2025;budget;https://tabiturient.ru/vuzu/urfu/proxodnoi/;3298
urfu;27.03.03;Системный анализ и управление;бакалавриат;Системный инжиниринг и цифровое проектирование;Уральская передовая инженерная школа «Цифровое производство»;Русский язык|Математика;Информатика|Физика;0;232;очно;2025;budget;https://tabiturient.ru/vuzu/urfu/proxodnoi/;19200
urfu;27.03.03;Системный анализ и управление;бакалавриат;Системный анализ и управление;Уральская передовая инженерная школа «Цифровое производство»;Русский язык|Математика;Информатика|Физика;0;241;очно;2025;budget;https://tabiturient.ru/vuzu/urfu/proxodnoi/;3299
urfu;27.03.04;Управление в технических системах;бакалавриат;Управление в технических системах;Институт радиоэлектроники и информационных технологий;Русский язык|Математика;Информатика|Физика;0;240;очно;2025;budget;https://tabiturient.ru/vuzu/urfu/proxodnoi/;3300
urfu;27.03.05;Инноватика;бакалавриат;Инноватика и интеллектуальная собственность;Физико-технологический институт;Русский язык|Математика;Информатика|Физика;0;230;очно;2025;budget;https://tabiturient.ru/vuzu/urfu/proxodnoi/;3301
urfu;27.03.05;Инноватика;бакалавриат;Управление исследованиями и разработками;Институт естественных наук и математики;Русский язык|Математика;Информатика|Физика;0;236;очно;2025;budget;https://tabiturient.ru/vuzu/urfu/proxodnoi/;3302
urfu;28.03.02;Наноинженерия;бакалавриат;Наноинженерия;Физико-технологический институт;Русский язык|Математика;Информатика|Физика;0;222;очно;2025;budget;https://tabiturient.ru/vuzu/urfu/proxodnoi/;7523
urfu;29.03.03;Технология полиграфического и упаковочного производства;бакалавриат;Технология полиграфического и упаковочного производства;Институт радиоэлектроники и информационных технологий;Русский язык|Математика;Информатика|Химия|Физика;0;201;очно;2025;budget;https://tabiturient.ru/vuzu/urfu/proxodnoi/;3304
urfu;29.03.04;Технология художественной обработки материалов;бакалавриат;Технология изготовления ювелирных изделий;Институт новых материалов и технологий;Русский язык|Математика;;1;136;очно;2025;budget;https://tabiturient.ru/vuzu/urfu/proxodnoi/;3305
urfu;37.03.01;Психология;бакалавриат;Психология;Уральский гуманитарный институт;Русский язык|Биология;Математика|Обществознание;0;248;очно;2025;budget;https://tabiturient.ru/vuzu/urfu/proxodnoi/;3306
urfu;38.03.01;Экономика;бакалавриат;Прикладная экономика и финансы;Институт экономики и управления;Русский язык|Математика;Обществознание|Иностранный язык|Информатика|География|История;0;291;очно-заочно;2025;budget;https://tabiturient.ru/vuzu/urfu/proxodnoi/;3307
urfu;38.03.01;Экономика;бакалавриат;Мировая экономика и международный бизнес/International Economics and Business (реализуется частично на английском языке);Институт экономики и управления;Русский язык|Математика;Обществознание|Иностранный язык|Информатика|География|История;0;;;;quota_only;https://tabiturient.ru/vuzu/urfu/proxodnoi/;3308
urfu;38.03.02;Менеджмент;бакалавриат;Международный и корпоративный менеджмент;Институт экономики и управления;Русский язык|Математика;Обществознание|Иностранный язык|Информатика|История;0;283;очно;2025;budget;https://tabiturient.ru/vuzu/urfu/proxodnoi/;3309
urfu;38.03.02;Менеджмент;бакалавриат;Промышленный менеджмент и инвестиционно-строительный бизнес;Институт экономики и управления;Русский язык|Математика;Обществознание|Иностранный язык|Информатика|История;0;278;очно;2025;budget;https://tabiturient.ru/vuzu/urfu/proxodnoi/;3310
urfu;38.03.02;Менеджмент;бакалавриат;Менеджмент в энергетике и высокотехнологичных отраслях;Институт экономики и управления;Русский язык|Математика;Обществознание|Иностранный язык|Информатика|История;0;273;очно;2025;budget;https://tabiturient.ru/vuzu/urfu/proxodnoi/;3311
urfu;38.03.03;Управление персоналом;бакалавриат;Управление персоналом (дистанционное образование);Институт технологий открытого образования (дистанционное образование);Русский язык|Математика;Обществознание|Иностранный язык|Информатика|История;0;;;;paid_only;https://tabiturient.ru/vuzu/urfu/proxodnoi/;17711
urfu;38.03.03;Управление персоналом;бакалавриат;Управление персоналом;Уральский гуманитарный институт;Русский язык|Математика;Обществознание|Иностранный язык|Информатика|История;0;269;очно;2025;budget;https://tabiturient.ru/vuzu/urfu/proxodnoi/;3312
urfu;38.03.04;Государственное и муниципальное управление;бакалавриат;Государственное и муниципальное управление;Институт экономики и управления;Русский язык|Обществознание;Математика|Иностранный язык|История;0;269;очно;2025;budget;https://tabiturient.ru/vuzu/urfu/proxodnoi/;3313
urfu;38.03.05;Бизнес-информатика;бакалавриат;Бизнес-информатика;Институт экономики и управления;Русский язык|Математика;Обществознание|Информатика|История;0;281;очно;2025;budget;https://tabiturient.ru/vuzu/urfu/proxodnoi/;3314
urfu;38.03.06;Торговое дело;бакалавриат;Маркетинг и логистика в коммерции;Институт экономики и управления;Русский язык|Математика;Обществознание|Иностранный язык|Информатика|История;0;288;очно;2025;budget;https://tabiturient.ru/vuzu/urfu/proxodnoi/;3315
urfu;39.03.01;Социология;бакалавриат;Социология управления и организаций;Институт экономики и управления;Русский язык|Обществознание;Математика|Иностранный язык|История;0;248;очно;2025;budget;https://tabiturient.ru/vuzu/urfu/proxodnoi/;23022
urfu;39.03.01;Социология;бакалавриат;Социологические исследования в управлении цифровым обществом;Уральский гуманитарный институт;Русский язык|Обществознание;Математика|Иностранный язык|История;0;245;очно;2025;budget;https://tabiturient.ru/vuzu/urfu/proxodnoi/;3316
urfu;39.03.02;Социальная работа;бакалавриат;Социальная политика и социальное развитие;Уральский гуманитарный институт;Русский язык|Обществознание;Литература|История;0;218;очно;2025;budget;https://tabiturient.ru/vuzu/urfu/proxodnoi/;3317
urfu;39.03.03;Организация работы с молодежью;бакалавриат;Организация работы с молодежью;Институт физической культуры, спорта и молодежной политики;Русский язык|Обществознание;Литература|История;0;222;очно;2025;budget;https://tabiturient.ru/vuzu/urfu/proxodnoi/;3318
urfu;40.03.01;Юриспруденция;бакалавриат;Предпринимательское право;Институт экономики и управления;Русский язык|Обществознание;Иностранный язык|Информатика|История;0;;;;paid_only;https://tabiturient.ru/vuzu/urfu/proxodnoi/;17712
urfu;40.03.01;Юриспруденция;бакалавриат;Юриспруденция;Институт экономики и управления;Русский язык|Обществознание;Иностранный язык|Информатика|История;0;;;;paid_only;https://tabiturient.ru/vuzu/urfu/proxodnoi/;24571
urfu;40.03.01;Юриспруденция;бакалавриат;Международное право;Уральский гуманитарный институт;Русский язык|Обществознание;Иностранный язык|Информатика|История;0;;;;paid_only;https://tabiturient.ru/vuzu/urfu/proxodnoi/;24572
urfu;41.03.01;Зарубежное регионоведение;бакалавриат;Страны и регионы мира: политика, экономика и культура;Уральский гуманитарный институт;Русский язык|История;Обществознание|Иностранный язык|География;0;269;очно;2025;budget;https://tabiturient.ru/vuzu/urfu/proxodnoi/;3319
urfu;58.03.01;Востоковедение и африканистика;бакалавриат;Китайский язык и китаистика;Уральский гуманитарный институт;Русский язык|История;Обществознание|Иностранный язык|География;0;259;очно;2025;budget;https://tabiturient.ru/vuzu/urfu/proxodnoi/;19202
urfu;58.03.01;Востоковедение и африканистика;бакалавриат;Востоковедение и африканистика;Уральский гуманитарный институт;Русский язык|История;Обществознание|Иностранный язык|География;0;258;очно;2025;budget;https://tabiturient.ru/vuzu/urfu/proxodnoi/;3320
urfu;41.03.04;Политология;бакалавриат;Технологии управления политическими процессами;Уральский гуманитарный институт;Русский язык|История;Математика|Обществознание|Иностранный язык|Информатика|География;0;249;очно;2025;budget;https://tabiturient.ru/vuzu/urfu/proxodnoi/;3321
urfu;41.03.05;Международные отношения;бакалавриат;Международные отношения и мировая политика;Уральский гуманитарный институт;Русский язык|История;Обществознание|Иностранный язык|География;0;271;очно;2025;budget;https://tabiturient.ru/vuzu/urfu/proxodnoi/;3322
urfu;41.03.06;Публичная политика и социальные науки;бакалавриат;Публичная политика и управление;Институт экономики и управления;Русский язык|Обществознание;Иностранный язык|География|История;0;258;очно;2025;budget;https://tabiturient.ru/vuzu/urfu/proxodnoi/;7522
urfu;42.03.01;Реклама и связи с общественностью;бакалавриат;Коммуникативные технологии в рекламе и связях с общественностью;Уральский гуманитарный институт;Русский язык|Обществознание;Иностранный язык|Информатика|История;0;288;очно;2025;budget;https://tabiturient.ru/vuzu/urfu/proxodnoi/;7780
urfu;42.03.01;Реклама и связи с общественностью;бакалавриат;Реклама и связи с общественностью;Институт экономики и управления;Русский язык|Обществознание;Иностранный язык|Информатика|История;0;250;заочно;2025;budget;https://tabiturient.ru/vuzu/urfu/proxodnoi/;3324
urfu;42.03.02;Журналистика;бакалавриат;Журналистика;Уральский гуманитарный институт;Русский язык|Литература;;1;193;очно;2025;budget;https://tabiturient.ru/vuzu/urfu/proxodnoi/;3325
urfu;42.03.03;Издательское дело;бакалавриат;Печатные, электронные и интернет - издания;Уральский гуманитарный институт;Русский язык|Обществознание;Иностранный язык|Информатика|Литература|История;0;;;;quota_only;https://tabiturient.ru/vuzu/urfu/proxodnoi/;3326
urfu;42.03.04;Телевидение;бакалавриат;Телевидение и новые медиа;Уральский гуманитарный институт;Русский язык|Литература;;1;193;очно;2025;budget;https://tabiturient.ru/vuzu/urfu/proxodnoi/;9687
urfu;42.03.04;Телевидение;бакалавриат;Кино и цифровой видеоконтент;Уральский гуманитарный институт;Русский язык|Литература;;1;195;очно;2025;budget;https://tabiturient.ru/vuzu/urfu/proxodnoi/;23024
urfu;42.03.05;Медиакоммуникации;бакалавриат;Медиакоммуникации и мультимедийные технологии;Уральский гуманитарный институт;Русский язык|Литература;;1;134;очно;2025;budget;https://tabiturient.ru/vuzu/urfu/proxodnoi/;3327
urfu;43.03.01;Сервис;бакалавриат;Сервис в индустрии спорта и рекреации;Институт физической культуры, спорта и молодежной политики;Русский язык|Обществознание;Математика|Иностранный язык|География|История;0;237;очно;2025;budget;https://tabiturient.ru/vuzu/urfu/proxodnoi/;3328
urfu;43.03.01;Сервис;бакалавриат;Сервис;Уральский гуманитарный институт;Русский язык|Обществознание;Математика|Иностранный язык|География|История;0;242;очно;2025;budget;https://tabiturient.ru/vuzu/urfu/proxodnoi/;3329
urfu;43.03.02;Туризм;бакалавриат;Управление процессами на предприятиях туризма и гостеприимства;Уральский гуманитарный институт;Русский язык|История;Обществознание|Иностранный язык|География;0;231;очно;2025;budget;https://tabiturient.ru/vuzu/urfu/proxodnoi/;3330
urfu;43.03.03;Гостиничное дело;бакалавриат;Гостиничное дело;Институт физической культуры, спорта и молодежной политики;Русский язык|Обществознание;Иностранный язык|География|История;0;229;очно;2025;budget;https://tabiturient.ru/vuzu/urfu/proxodnoi/;3331
urfu;44.03.01;Педагогическое образование;бакалавриат;Русский язык как иностранный: теория и методика обучения;Уральский гуманитарный институт;Русский язык|Обществознание;Иностранный язык|Литература|История;0;209;очно;2025;budget;https://tabiturient.ru/vuzu/urfu/proxodnoi/;19201
urfu;44.03.01;Педагогическое образование;бакалавриат;Образовательные технологии и проектирование: история и филология;Уральский гуманитарный институт;Русский язык|Обществознание;Иностранный язык|Литература|История;0;190;очно;2025;budget;https://tabiturient.ru/vuzu/urfu/proxodnoi/;17713
urfu;44.03.01;Педагогическое образование;бакалавриат;Методика преподавания иностранных языков;Уральский гуманитарный институт;Русский язык|Обществознание;Иностранный язык|Литература|История;0;235;очно;2025;budget;https://tabiturient.ru/vuzu/urfu/proxodnoi/;9688
urfu;45.03.01;Филология;бакалавриат;Филология;Уральский гуманитарный институт;Русский язык|Литература;Обществознание|Иностранный язык|История;0;262;очно;2025;budget;https://tabiturient.ru/vuzu/urfu/proxodnoi/;3332
urfu;45.03.01;Филология;бакалавриат;Современные иностранные языки и литература;Уральский гуманитарный институт;Русский язык|Иностранный язык;Обществознание|Литература|История;0;271;очно;2025;budget;https://tabiturient.ru/vuzu/urfu/proxodnoi/;3333
urfu;45.03.01;Филология;бакалавриат;Русский язык и литература для иностранных учащихся;Уральский гуманитарный институт;Русский язык|Иностранный язык;Обществознание|Литература|История;0;;;;paid_only;https://tabiturient.ru/vuzu/urfu/proxodnoi/;16928
urfu;45.03.02;Лингвистика;бакалавриат;Перевод и межкультурная коммуникация;Уральский гуманитарный институт;Русский язык|Иностранный язык;Обществознание|Литература|История;0;277;очно;2025;budget;https://tabiturient.ru/vuzu/urfu/proxodnoi/;3335
urfu;45.03.02;Лингвистика;бакалавриат;Лингвистика в сфере деловых и профессиональных коммуникаций и информационных технологий;Уральский гуманитарный институт;Русский язык|Иностранный язык;Обществознание|Литература|История;0;299;очно;2025;budget;https://tabiturient.ru/vuzu/urfu/proxodnoi/;3336
urfu;45.03.02;Лингвистика;бакалавриат;Перевод в цифровой среде;Уральский гуманитарный институт;Русский язык|Иностранный язык;Обществознание|Литература|История;0;277;очно;2025;budget;https://tabiturient.ru/vuzu/urfu/proxodnoi/;3337
urfu;45.03.03;Фундаментальная и прикладная лингвистика;бакалавриат;Фундаментальная и прикладная лингвистика;Уральский гуманитарный институт;Русский язык|Иностранный язык;Математика|Обществознание|Информатика|Литература;0;285;очно;2025;budget;https://tabiturient.ru/vuzu/urfu/proxodnoi/;3338
urfu;45.03.04;Интеллектуальные системы в гуманитарной сфере;бакалавриат;Интеллектуальные системы в гуманитарной сфере;Уральский гуманитарный институт;Русский язык|Математика;Обществознание|Иностранный язык|Информатика|Литература|История;0;270;очно;2025;budget;https://tabiturient.ru/vuzu/urfu/proxodnoi/;3339
urfu;46.03.01;История;бакалавриат;История;Уральский гуманитарный институт;Русский язык|История;Обществознание|Иностранный язык|География;0;238;очно;2025;budget;https://tabiturient.ru/vuzu/urfu/proxodnoi/;3340
urfu;46.03.02;Документоведение и архивоведение;бакалавриат;Информационное и документационное обеспечение управления;Уральский гуманитарный институт;Русский язык|История;Обществознание|Иностранный язык|География;0;216;очно;2025;budget;https://tabiturient.ru/vuzu/urfu/proxodnoi/;3341
urfu;46.03.03;Антропология и этнология;бакалавриат;Археология и этнология;Уральский гуманитарный институт;Русский язык|История;Обществознание|Иностранный язык|География;0;217;очно;2025;budget;https://tabiturient.ru/vuzu/urfu/proxodnoi/;3342
urfu;47.03.01;Философия;бакалавриат;Философия;Уральский гуманитарный институт;Русский язык|Обществознание;Иностранный язык|Литература|История;0;226;очно;2025;budget;https://tabiturient.ru/vuzu/urfu/proxodnoi/;3343
urfu;47.03.02;Прикладная этика;бакалавриат;Прикладная этика в бизнесе и промышленности / Applied ethics for business and industry (реализуется частично на английском языке);Уральский гуманитарный институт;Русский язык|Обществознание;Иностранный язык|Информатика|История;0;246;очно;2025;budget;https://tabiturient.ru/vuzu/urfu/proxodnoi/;3344
urfu;47.03.03;Религиоведение;бакалавриат;Религиоведение;Уральский гуманитарный институт;Русский язык|История;Обществознание|Иностранный язык|География|Литература;0;205;очно;2025;budget;https://tabiturient.ru/vuzu/urfu/proxodnoi/;3345
urfu;49.03.01;Физическая культура;бакалавриат;Физическая культура;Институт физической культуры, спорта и молодежной политики;Русский язык|Биология;;1;148;очно;2025;budget;https://tabiturient.ru/vuzu/urfu/proxodnoi/;3346
urfu;49.03.02;Физическая культура для лиц с отклонениями в состоянии здоровья (адаптивная физическая культура);бакалавриат;Без профиля;Институт физической культуры, спорта и молодежной политики;Русский язык|Биология;;1;145;очно;2025;budget;https://tabiturient.ru/vuzu/urfu/proxodnoi/;4011
urfu;50.03.03;История искусств;бакалавриат;История искусств;Уральский гуманитарный институт;Русский язык|История;;1;169;заочно;2025;budget;https://tabiturient.ru/vuzu/urfu/proxodnoi/;3347
urfu;51.03.01;Культурология;бакалавриат;Культурология;Уральский гуманитарный институт;Русский язык|Обществознание;Иностранный язык|История;0;239;очно;2025;budget;https://tabiturient.ru/vuzu/urfu/proxodnoi/;3348
urfu;51.03.03;Социально-культурная деятельность;бакалавриат;Социально-культурная деятельность;Уральский гуманитарный институт;Русский язык|Обществознание;Литература|История;0;234;очно;2025;budget;https://tabiturient.ru/vuzu/urfu/proxodnoi/;3349
urfu;54.03.01;Дизайн;бакалавриат;Дизайн;Уральский гуманитарный институт;Русский язык|История;;1;162;очно;2025;budget;https://tabiturient.ru/vuzu/urfu/proxodnoi/;3350
urfu;03.05.01;Астрономия;специалитет;Астрономия;Институт естественных наук и математики;Русский язык|Физика;Математика|Информатика;0;238;очно;2025;budget;https://tabiturient.ru/vuzu/urfu/proxodnoi/;3351
urfu;04.05.01;Фундаментальная и прикладная химия;специалитет;Фундаментальная и прикладная химия;Институт естественных наук и математики;Русский язык|Химия;Математика|Информатика|Биология;0;259;очно;2025;budget;https://tabiturient.ru/vuzu/urfu/proxodnoi/;3352
urfu;08.05.01;Строительство уникальных зданий и сооружений;специалитет;Строительство уникальных зданий и сооружений;Институт строительства и архитектуры;Русский язык|Математика;Информатика|Физика;0;260;очно;2025;budget;https://tabiturient.ru/vuzu/urfu/proxodnoi/;3353
urfu;10.05.01;Компьютерная безопасность;специалитет;Математические методы защиты информации;Институт естественных наук и математики;Русский язык|Математика;Информатика|Физика;0;243;очно;2025;budget;https://tabiturient.ru/vuzu/urfu/proxodnoi/;3354
urfu;10.05.02;Информационная безопасность телекоммуникационных систем;специалитет;Информационная безопасность телекоммуникационных систем;Институт радиоэлектроники и информационных технологий;Русский язык|Математика;Информатика|Физика;0;234;очно;2025;budget;https://tabiturient.ru/vuzu/urfu/proxodnoi/;3355
urfu;10.05.04;Информационно-аналитические системы безопасности;специалитет;Информационно-аналитические системы безопасности;Институт радиоэлектроники и информационных технологий;Русский язык|Математика;Информатика|Физика;0;240;очно;2025;budget;https://tabiturient.ru/vuzu/urfu/proxodnoi/;3356
urfu;11.05.01;Радиоэлектронные системы и комплексы;специалитет;Радиоэлектронные системы и комплексы;Институт радиоэлектроники и информационных технологий;Русский язык|Физика;Математика|Информатика|Химия;0;184;очно;2025;budget;https://tabiturient.ru/vuzu/urfu/proxodnoi/;3357
urfu;14.05.01;Ядерные реакторы и материалы;специалитет;Ядерные реакторы и материалы;Физико-технологический институт;Русский язык|Физика;Математика|Информатика;0;245;очно;2025;budget;https://tabiturient.ru/vuzu/urfu/proxodnoi/;3358
urfu;14.05.02;Атомные станции: проектирование, эксплуатация и инжиниринг;специалитет;Проектирование и эксплуатация атомных станций;Уральский энергетический институт;Русский язык|Физика;Математика|Информатика;0;266;очно;2025;budget;https://tabiturient.ru/vuzu/urfu/proxodnoi/;3359
urfu;15.05.01;Проектирование технологических машин и комплексов;специалитет;Проектирование технологических машин и комплексов;Институт новых материалов и технологий;Русский язык|Математика;Информатика|Химия|Физика;0;212;очно;2025;budget;https://tabiturient.ru/vuzu/urfu/proxodnoi/;3362
urfu;18.05.02;Химическая технология материалов современной энергетики;специалитет;Химическая технология материалов современной энергетики;Физико-технологический институт;Русский язык|Химия;Математика|Информатика|Физика;0;192;очно;2025;budget;https://tabiturient.ru/vuzu/urfu/proxodnoi/;3363
urfu;23.05.02;Транспортные средства специального назначения;специалитет;Транспортные средства специального назначения;Институт новых материалов и технологий;Русский язык|Математика;Информатика|Химия|Физика;0;180;очно;2025;budget;https://tabiturient.ru/vuzu/urfu/proxodnoi/;3365
urfu;27.05.01;Специальные организационно-технические системы;специалитет;Цифровизация систем стандартизации технологических процессов и производств машиностроения;Институт новых материалов и технологий;Русский язык|Математика;Информатика|Химия|Физика;0;210;очно;2025;budget;https://tabiturient.ru/vuzu/urfu/proxodnoi/;23021
urfu;30.05.01;Медицинская биохимия;специалитет;Медицинская биохимия;Институт естественных наук и математики;Русский язык|Химия;Математика|Информатика|Биология;0;258;очно;2025;budget;https://tabiturient.ru/vuzu/urfu/proxodnoi/;7776
urfu;30.05.02;Медицинская биофизика;специалитет;Медицинская биофизика;Институт естественных наук и математики;Русский язык|Биология;Математика|Информатика|Химия|Физика;0;254;очно;2025;budget;https://tabiturient.ru/vuzu/urfu/proxodnoi/;7777
urfu;30.05.03;Медицинская кибернетика;специалитет;Цифровая медицина и биоинформатика;Институт естественных наук и математики;Русский язык|Математика;Информатика|Биология|Физика;0;248;очно;2025;budget;https://tabiturient.ru/vuzu/urfu/proxodnoi/;7778
urfu;33.05.01;Фармация;специалитет;Без профиля;Химико-технологический институт;Русский язык|Биология|Химия;;0;208;очно;2025;budget;https://tabiturient.ru/vuzu/urfu/proxodnoi/;19204
urfu;37.05.01;Клиническая психология;специалитет;Клиническая психология;Уральский гуманитарный институт;Русский язык|Биология;Математика|Обществознание;0;259;очно;2025;budget;https://tabiturient.ru/vuzu/urfu/proxodnoi/;3368
urfu;37.05.02;Психология служебной деятельности;специалитет;Психология служебной деятельности;Уральский гуманитарный институт;Русский язык|Биология;Математика|Обществознание;0;237;очно;2025;budget;https://tabiturient.ru/vuzu/urfu/proxodnoi/;9691
urfu;38.05.01;Экономическая безопасность;специалитет;Экономико-правовое обеспечение экономической безопасности;Институт экономики и управления;Русский язык|Математика;Обществознание|Информатика|История;0;;;;quota_only;https://tabiturient.ru/vuzu/urfu/proxodnoi/;3369
urfu;38.05.01;Экономическая безопасность;специалитет;Финансово-экономическая безопасность;Институт экономики и управления;Русский язык|Математика;Обществознание|Информатика|История;0;274;очно;2025;budget;https://tabiturient.ru/vuzu/urfu/proxodnoi/;18394
urfu;38.05.02;Таможенное дело;специалитет;Таможенное дело;Институт экономики и управления;Русский язык|Обществознание;Иностранный язык|Информатика|География|История;0;258;очно;2025;budget;https://tabiturient.ru/vuzu/urfu/proxodnoi/;3370
urfu;40.05.01;Правовое обеспечение национальной безопасности;специалитет;Правовое обеспечение национальной безопасности;Институт экономики и управления;Русский язык|Обществознание;Иностранный язык|Информатика|История;0;;;;paid_only;https://tabiturient.ru/vuzu/urfu/proxodnoi/;7779
urfu;40.05.03;Судебная экспертиза;специалитет;Речеведческая экспертиза;Уральский гуманитарный институт;Русский язык|Обществознание;Информатика|История;0;;;;paid_only;https://tabiturient.ru/vuzu/urfu/proxodnoi/;24573
urfu;45.05.01;Перевод и переводоведение;специалитет;Лингвистическое обеспечение межгосударственных отношений;Уральский гуманитарный институт;Русский язык|Иностранный язык;Обществознание|Литература|История;0;;;;quota_only;https://tabiturient.ru/vuzu/urfu/proxodnoi/;9693
urfu;14.05.04;Электроника и автоматика физических установок;специалитет;Электроника и автоматика физических установок;Физико-технологический институт;Русский язык|Физика;Математика|Информатика;0;223;очно;2025;budget;https://tabiturient.ru/vuzu/urfu/proxodnoi/;3361
urfu;03.05.02;Фундаментальная и прикладная физика;специалитет;Фундаментальная и прикладная физика;Институт естественных наук и математики;Русский язык|Физика;Математика|Информатика;0;240;очно;2025;budget;https://tabiturient.ru/vuzu/urfu/proxodnoi/;9690
urfu;49.03.04;Спорт;бакалавриат;Спортивная подготовка в игровых видах спорта;Институт физической культуры, спорта и молодежной политики;Русский язык|Биология;;1;173;очно;2025;budget;https://tabiturient.ru/vuzu/urfu/proxodnoi/;18395
rudn;01.03.01;Математика;бакалавриат;Без профиля;Факультет физико-математических и естественных наук;Русский язык|Математика;Информатика|Физика;0;257;очно;2025;budget;https://tabiturient.ru/vuzu/rudn/proxodnoi/;1820
rudn;01.03.02;Прикладная математика и информатика;бакалавриат;Математические методы механики космического полета и анализа геоинформационных данных;Инженерная академия;Русский язык|Математика;Информатика|Физика;0;251;очно;2025;budget;https://tabiturient.ru/vuzu/rudn/proxodnoi/;1810
rudn;01.03.02;Прикладная математика и информатика;бакалавриат;Прикладная математика и программирование;Факультет физико-математических и естественных наук;Русский язык|Математика;Информатика|Физика;0;264;очно;2025;budget;https://tabiturient.ru/vuzu/rudn/proxodnoi/;1821
rudn;02.03.01;Математика и компьютерные науки;бакалавриат;Без профиля;Факультет физико-математических и естественных наук;Русский язык|Математика;Информатика|Физика;0;258;очно;2025;budget;https://tabiturient.ru/vuzu/rudn/proxodnoi/;1819
rudn;02.03.02;Фундаментальная информатика и информационные технологии;бакалавриат;Искусственный интеллект: разработка и обучение интеллектуальных систем;Факультет искусственного интеллекта;Русский язык|Математика;Информатика|Физика;0;277;очно;2025;budget;https://tabiturient.ru/vuzu/rudn/proxodnoi/;23054
rudn;02.03.02;Фундаментальная информатика и информационные технологии;бакалавриат;Без профиля;Факультет физико-математических и естественных наук;Русский язык|Математика;Информатика|Физика;0;258;очно;2025;budget;https://tabiturient.ru/vuzu/rudn/proxodnoi/;1818
rudn;03.03.02;Физика;бакалавриат;Без профиля;Факультет физико-математических и естественных наук;Русский язык|Физика;Математика|Информатика|Химия;0;260;очно;2025;budget;https://tabiturient.ru/vuzu/rudn/proxodnoi/;1823
rudn;04.03.01;Химия;бакалавриат;Без профиля;Факультет физико-математических и естественных наук;Русский язык|Химия;Математика|Информатика|Биология|Физика;0;273;очно;2025;budget;https://tabiturient.ru/vuzu/rudn/proxodnoi/;1824
rudn;05.03.06;Экология и природопользование;бакалавриат;Экология и устойчивое развитие;Институт экологии;Русский язык|География;Математика|Информатика|Биология|Химия|Физика;0;209;очно;2025;budget;https://tabiturient.ru/vuzu/rudn/proxodnoi/;1825
rudn;05.03.06;Экология и природопользование;бакалавриат;Управление природными ресурсами;Институт экологии;Русский язык|Биология;Математика|Информатика|География|Химия|Физика;0;252;очно;2025;budget;https://tabiturient.ru/vuzu/rudn/proxodnoi/;16931
rudn;06.03.01;Биология;бакалавриат;Биомедицина;Медицинский институт;Русский язык|Биология|Химия;;0;;;;quota_only;https://tabiturient.ru/vuzu/rudn/proxodnoi/;16929
rudn;07.03.01;Архитектура;бакалавриат;Дизайн промышленных и социальных объектов;Инженерная академия;Русский язык|Математика;;1;371;очно;2025;budget;https://tabiturient.ru/vuzu/rudn/proxodnoi/;1801
rudn;07.03.02;Реконструкция и реставрация архитектурного наследия;бакалавриат;Без профиля;Инженерная академия;Русский язык|Математика;;1;337;очно;2025;budget;https://tabiturient.ru/vuzu/rudn/proxodnoi/;18813
rudn;07.03.03;Дизайн архитектурной среды;бакалавриат;Дизайн промышленных и социальных объектов;Инженерная академия;Русский язык|Математика;;1;342;очно;2025;budget;https://tabiturient.ru/vuzu/rudn/proxodnoi/;1804
rudn;07.03.04;Градостроительство;бакалавриат;Архитектурно-градостроительное проектирование;Инженерная академия;Русский язык|Математика;;1;;;;paid_only;https://tabiturient.ru/vuzu/rudn/proxodnoi/;26241
rudn;08.03.01;Строительство;бакалавриат;Без профиля;Инженерная академия;Русский язык|Математика;Информатика|Химия|Физика;0;254;очно;2025;budget;https://tabiturient.ru/vuzu/rudn/proxodnoi/;1808
rudn;09.03.03;Прикладная информатика;бакалавриат;Без профиля;Факультет физико-математических и естественных наук;Русский язык|Математика;Информатика|Физика;0;265;очно;2025;budget;https://tabiturient.ru/vuzu/rudn/proxodnoi/;1822
rudn;09.03.03;Прикладная информатика;бакалавриат;Искусственный интеллект: разработка и обучение интеллектуальных систем;Факультет искусственного интеллекта;Русский язык|Математика;Информатика|Физика;0;281;очно;2025;budget;https://tabiturient.ru/vuzu/rudn/proxodnoi/;24399
rudn;10.03.01;Информационная безопасность;бакалавриат;Организация и технологии защиты информации (по отрасли или в сфере профессиональной деятельности);Факультет искусственного интеллекта;Русский язык|Математика;Информатика|Физика;0;263;очно;2025;budget;https://tabiturient.ru/vuzu/rudn/proxodnoi/;26238
rudn;13.03.03;Энергетическое машиностроение;бакалавриат;Комбинированные энергетические установки и альтернативная энергетика;Инженерная академия;Русский язык|Физика;Математика|Информатика|Химия;0;229;очно;2025;budget;https://tabiturient.ru/vuzu/rudn/proxodnoi/;1803
rudn;15.03.05;Конструкторско-технологическое обеспечение машиностроительных производств;бакалавриат;Системная инженерия машиностроительных производств;Инженерная академия;Русский язык|Математика;Информатика|Химия|Физика;0;231;очно;2025;budget;https://tabiturient.ru/vuzu/rudn/proxodnoi/;1806
rudn;18.03.02;Энерго- и ресурсосберегающие процессы в химической технологии, нефтехимии и биотехнологии;бакалавриат;Без профиля;Институт экологии;Русский язык|Химия;Математика|Информатика|Физика;0;229;очно;2025;budget;https://tabiturient.ru/vuzu/rudn/proxodnoi/;1826
rudn;21.03.01;Нефтегазовое дело;бакалавриат;Разработка нефтяных и газовых месторождений, транспортировка, хранение и переработка нефти и газа;Инженерная академия;Русский язык|Математика;Информатика|География|Химия|Физика;0;250;очно;2025;budget;https://tabiturient.ru/vuzu/rudn/proxodnoi/;1812
rudn;21.03.02;Землеустройство и кадастры;бакалавриат;Без профиля;Аграрно-технологический институт;Русский язык|Математика;Информатика|География|Химия|Физика;0;231;очно;2025;budget;https://tabiturient.ru/vuzu/rudn/proxodnoi/;1829
rudn;23.03.03;Эксплуатация транспортно-технологических машин и комплексов;бакалавриат;Эксплуатация автомобилей и электромобилей;Инженерная академия;Русский язык|Математика;Информатика|Химия|Физика;0;221;очно;2025;budget;https://tabiturient.ru/vuzu/rudn/proxodnoi/;1811
rudn;27.03.01;Стандартизация и метрология;бакалавриат;Без профиля;Аграрно-технологический институт;Русский язык|Математика;Информатика|Химия|Физика;0;227;очно;2025;budget;https://tabiturient.ru/vuzu/rudn/proxodnoi/;1831
rudn;27.03.04;Управление в технических системах;бакалавриат;Data Engineering, интеллектуальные системы и кибербезопасность;Инженерная академия;Русский язык|Математика;Информатика|Химия|Физика;0;258;очно;2025;budget;https://tabiturient.ru/vuzu/rudn/proxodnoi/;1809
rudn;27.03.05;Инноватика;бакалавриат;Управление инновациями в отраслях промышленности;Инженерная академия;Русский язык|Математика;Информатика|Химия|Физика;0;262;очно;2025;budget;https://tabiturient.ru/vuzu/rudn/proxodnoi/;19243
rudn;28.03.02;Наноинженерия;бакалавриат;Нанотехнологии и наноматериалы в приборостроении;Инженерная академия;Русский язык|Математика;Химия|Физика;0;242;очно;2025;budget;https://tabiturient.ru/vuzu/rudn/proxodnoi/;1805
rudn;34.03.01;Сестринское дело;бакалавриат;Без профиля;Медицинский институт;Русский язык|Биология|Химия;;0;230;очно;2025;budget;https://tabiturient.ru/vuzu/rudn/proxodnoi/;1816
rudn;35.03.04;Агрономия;бакалавриат;Биотехнология растений;Аграрно-технологический институт;Русский язык|Биология;Математика|Информатика|География|Химия|Физика;0;237;очно;2025;budget;https://tabiturient.ru/vuzu/rudn/proxodnoi/;24400
rudn;35.03.10;Ландшафтная архитектура;бакалавриат;Без профиля;Аграрно-технологический институт;Русский язык|Математика;Информатика|Биология|География|Химия|Физика;0;261;очно;2025;budget;https://tabiturient.ru/vuzu/rudn/proxodnoi/;1830
rudn;36.03.01;Ветеринарно-санитарная экспертиза;бакалавриат;Без профиля;Аграрно-технологический институт;Русский язык|Биология;Математика|Химия;0;230;очно;2025;budget;https://tabiturient.ru/vuzu/rudn/proxodnoi/;1832
rudn;37.03.01;Психология;бакалавриат;Без профиля;Филологический факультет;Русский язык|Биология;Математика|Обществознание;0;263;очно;2025;budget;https://tabiturient.ru/vuzu/rudn/proxodnoi/;1836
rudn;38.03.01;Экономика;бакалавриат;Мировая экономика и международная экономическая безопасность;Институт мировой экономики и бизнеса;Русский язык|Математика;Обществознание|Иностранный язык|Информатика|География|История;0;;;;quota_only;https://tabiturient.ru/vuzu/rudn/proxodnoi/;1840
rudn;38.03.01;Экономика;бакалавриат;"Международные экономические отношения и внешнеэкономическая деятельность; Проектный анализ и моделирование в экономике; Финансы и кредит; Экономика города; Экономика предприятия и предпринимательство";Экономический факультет;Русский язык|Математика;Обществознание|Иностранный язык|Информатика|География|История;0;;;;quota_only;https://tabiturient.ru/vuzu/rudn/proxodnoi/;1845
rudn;38.03.01;Экономика;бакалавриат;Бизнес-консалтинг, цифровой учет и аудит;Институт мировой экономики и бизнеса;Русский язык|Математика;Обществознание|Иностранный язык|Информатика|География|История;0;;;;quota_only;https://tabiturient.ru/vuzu/rudn/proxodnoi/;18791
rudn;38.03.01;Экономика;бакалавриат;"Экономика предприятия и предпринимательство; Финансы и кредит";Экономический факультет;Русский язык|Математика;Обществознание|Иностранный язык|Информатика|География|История;0;;;;paid_only;https://tabiturient.ru/vuzu/rudn/proxodnoi/;18792
rudn;38.03.01;Экономика;бакалавриат;Аналитика данных в экономике и бизнесе;Институт мировой экономики и бизнеса;Русский язык|Математика;Обществознание|Иностранный язык|Информатика|География|История;0;;;;quota_only;https://tabiturient.ru/vuzu/rudn/proxodnoi/;26237
rudn;38.03.02;Менеджмент;бакалавриат;Цифровой дизайн и веб-разработка;Высшая школа управления;Русский язык|Математика;Обществознание|Иностранный язык|Информатика|История;0;;;;quota_only;https://tabiturient.ru/vuzu/rudn/proxodnoi/;23056
rudn;38.03.02;Менеджмент;бакалавриат;Международный менеджмент;Институт мировой экономики и бизнеса;Русский язык|Математика;Обществознание|Иностранный язык|Информатика|История;0;;;;quota_only;https://tabiturient.ru/vuzu/rudn/proxodnoi/;1841
rudn;38.03.02;Менеджмент;бакалавриат;Управление предприятиями;Высшая школа управления;Русский язык|Математика;Обществознание|Иностранный язык|Информатика|История;0;;;;quota_only;https://tabiturient.ru/vuzu/rudn/proxodnoi/;1842
rudn;38.03.02;Менеджмент;бакалавриат;"Управление человеческими ресурсами; Маркетинг; Управление бизнесом";Экономический факультет;Русский язык|Математика;Обществознание|Иностранный язык|Информатика|География|История;0;;;;quota_only;https://tabiturient.ru/vuzu/rudn/proxodnoi/;18787
rudn;38.03.02;Менеджмент;бакалавриат;"Управление бизнесом; Маркетинг";Экономический факультет;Русский язык|Математика;Обществознание|Иностранный язык|Информатика|География|История;0;;;;paid_only;https://tabiturient.ru/vuzu/rudn/proxodnoi/;26244
rudn;38.03.02;Менеджмент;бакалавриат;Интеллектуальные технологии в логистике и цепях поставок;Высшая школа управления;Русский язык|Математика;Обществознание|Иностранный язык|Информатика|История;0;;;;paid_only;https://tabiturient.ru/vuzu/rudn/proxodnoi/;26245
rudn;38.03.04;Государственное и муниципальное управление;бакалавриат;Без профиля;Факультет гуманитарных и социальных наук;Русский язык|Обществознание;Математика|Иностранный язык|История;0;;;;quota_only;https://tabiturient.ru/vuzu/rudn/proxodnoi/;1798
rudn;38.03.05;Бизнес-информатика;бакалавриат;Разработка прикладных решений для бизнеса;Высшая школа управления;Русский язык|Математика;Обществознание|Информатика|История;0;287;очно;2025;budget;https://tabiturient.ru/vuzu/rudn/proxodnoi/;24844
rudn;38.03.05;Бизнес-информатика;бакалавриат;"Бизнес-информатика; Кибербезопасность в экономике";Факультет физико-математических и естественных наук;Русский язык|Математика;Обществознание|Информатика|История;0;304;очно;2025;budget;https://tabiturient.ru/vuzu/rudn/proxodnoi/;1817
rudn;39.03.01;Социология;бакалавриат;Без профиля;Факультет гуманитарных и социальных наук;Русский язык|Обществознание;Математика|Иностранный язык|История;0;278;очно;2025;budget;https://tabiturient.ru/vuzu/rudn/proxodnoi/;1797
rudn;40.03.01;Юриспруденция;бакалавриат;Бакалавр права и политики;Юридический институт;Русский язык|Обществознание;Иностранный язык|Информатика|История;0;296;очно;2025;budget;https://tabiturient.ru/vuzu/rudn/proxodnoi/;23055
rudn;40.03.01;Юриспруденция;бакалавриат;Юриспруденция;Юридический институт;Русский язык|Обществознание;Иностранный язык|Информатика|История;0;310;очно;2025;budget;https://tabiturient.ru/vuzu/rudn/proxodnoi/;1849
rudn;40.03.01;Юриспруденция;бакалавриат;Бакалавр права;Юридический институт;Русский язык|Обществознание;Иностранный язык|Информатика|История;0;;;;paid_only;https://tabiturient.ru/vuzu/rudn/proxodnoi/;18812
rudn;40.03.01;Юриспруденция;бакалавриат;Международное право;Юридический институт;Русский язык|Обществознание;Иностранный язык|Информатика|История;0;;;;paid_only;https://tabiturient.ru/vuzu/rudn/proxodnoi/;4057
rudn;41.03.01;Зарубежное регионоведение;бакалавриат;"Китай; Арабский Восток";Факультет гуманитарных и социальных наук;Русский язык|История;Обществознание|Иностранный язык|География;0;;;;quota_only;https://tabiturient.ru/vuzu/rudn/proxodnoi/;1800
rudn;41.03.01;Зарубежное регионоведение;бакалавриат;Ибероамерика;Экономический факультет;Русский язык|История;Обществознание|Иностранный язык|География;0;287;очно;2025;budget;https://tabiturient.ru/vuzu/rudn/proxodnoi/;1844
rudn;41.03.01;Зарубежное регионоведение;бакалавриат;Зарубежное регионоведение: Евро-Азиатский и Средиземноморский регионы;Институт иностранных языков;Русский язык|История;Обществознание|Иностранный язык|География;0;;;;quota_only;https://tabiturient.ru/vuzu/rudn/proxodnoi/;1852
rudn;58.03.01;Востоковедение и африканистика;бакалавриат;Востоковедение: языки и культуры;Филологический факультет;Русский язык|История;Обществознание|Иностранный язык|География;0;;;;paid_only;https://tabiturient.ru/vuzu/rudn/proxodnoi/;24402
rudn;41.03.04;Политология;бакалавриат;Без профиля;Факультет гуманитарных и социальных наук;Русский язык|История;Обществознание|Иностранный язык|География;0;;;;quota_only;https://tabiturient.ru/vuzu/rudn/proxodnoi/;1796
rudn;41.03.04;Политология;бакалавриат;Бакалавр права и политики;Юридический институт;Русский язык|История;Обществознание|Иностранный язык|География;0;284;очно;2025;budget;https://tabiturient.ru/vuzu/rudn/proxodnoi/;26239
rudn;41.03.05;Международные отношения;бакалавриат;Без профиля;Факультет гуманитарных и социальных наук;Русский язык|История;Математика|Обществознание|Иностранный язык|Информатика|География;0;300;очно;2025;budget;https://tabiturient.ru/vuzu/rudn/proxodnoi/;1794
rudn;42.03.01;Реклама и связи с общественностью;бакалавриат;Реклама и связи с общественностью;Филологический факультет;Русский язык|Обществознание;Иностранный язык|Информатика|Литература|История;0;;;;quota_only;https://tabiturient.ru/vuzu/rudn/proxodnoi/;1838
rudn;42.03.01;Реклама и связи с общественностью;бакалавриат;"Реклама; Связи с общественностью; Цифровые маркетинговые коммуникации";Институт мировой экономики и бизнеса;Русский язык|Обществознание;Иностранный язык|Информатика|Литература|История;0;302;очно;2025;budget;https://tabiturient.ru/vuzu/rudn/proxodnoi/;1839
rudn;42.03.01;Реклама и связи с общественностью;бакалавриат;Реклама;Экономический факультет;Русский язык|Обществознание;Иностранный язык|Информатика|Литература|История;0;;;;paid_only;https://tabiturient.ru/vuzu/rudn/proxodnoi/;18789
rudn;42.03.02;Журналистика;бакалавриат;Без профиля;Филологический факультет;Русский язык|Литература;;1;386;очно;2025;budget;https://tabiturient.ru/vuzu/rudn/proxodnoi/;1834
rudn;42.03.04;Телевидение;бакалавриат;Без профиля;Филологический факультет;Русский язык|Литература;;1;375;очно;2025;budget;https://tabiturient.ru/vuzu/rudn/proxodnoi/;1833
rudn;43.03.02;Туризм;бакалавриат;Международный туризм;Высшая школа управления;Русский язык|Обществознание;Иностранный язык|География|История;0;;;;quota_only;https://tabiturient.ru/vuzu/rudn/proxodnoi/;1790
rudn;43.03.03;Гостиничное дело;бакалавриат;"Международный гостиничный бизнес; Международный ресторанный бизнес";Высшая школа управления;Русский язык|Обществознание;Иностранный язык|География|История;0;;;;quota_only;https://tabiturient.ru/vuzu/rudn/proxodnoi/;1792
rudn;43.03.03;Гостиничное дело;бакалавриат;Международный гостиничный бизнес;Высшая школа управления;Русский язык|Обществознание;Иностранный язык|География|История;0;;;;paid_only;https://tabiturient.ru/vuzu/rudn/proxodnoi/;23057
rudn;44.03.02;Психолого-педагогическое образование;бакалавриат;Психология образования;Институт иностранных языков;Русский язык|Биология;Математика|Обществознание;0;242;очно;2025;budget;https://tabiturient.ru/vuzu/rudn/proxodnoi/;1851
rudn;44.03.03;Специальное (дефектологическое) образование;бакалавриат;"Логопедия и инклюзивное образование;";Учебно-научный институт сравнительной образовательной политики;Русский язык|Обществознание|Биология;;0;230;заочно;2025;budget;https://tabiturient.ru/vuzu/rudn/proxodnoi/;26240
rudn;45.03.01;Филология;бакалавриат;Без профиля;Филологический факультет;Русский язык|Литература;Обществознание|Иностранный язык|История;0;308;очно;2025;budget;https://tabiturient.ru/vuzu/rudn/proxodnoi/;1837
rudn;45.03.01;Филология;бакалавриат;Прикладная цифровая филология;Институт русского языка;Русский язык|Литература;Обществознание|Иностранный язык|История;0;300;очно;2025;budget;https://tabiturient.ru/vuzu/rudn/proxodnoi/;18790
rudn;45.03.02;Лингвистика;бакалавриат;"Русский язык; Иностранные языки";Филологический факультет;Русский язык|Иностранный язык;Обществознание|Литература|История;0;;;;quota_only;https://tabiturient.ru/vuzu/rudn/proxodnoi/;1835
rudn;45.03.02;Лингвистика;бакалавриат;"Перевод и переводоведение; Теория и методика преподавания иностранных языков и культур";Институт иностранных языков;Русский язык|Иностранный язык;Обществознание|Литература|История;0;;;;quota_only;https://tabiturient.ru/vuzu/rudn/proxodnoi/;1850
rudn;45.03.04;Интеллектуальные системы в гуманитарной сфере;бакалавриат;Кибертехнологии и анализ данных в гуманитарной сфере;Институт русского языка;Русский язык|Математика;Обществознание|Иностранный язык|Информатика;0;;;;quota_only;https://tabiturient.ru/vuzu/rudn/proxodnoi/;24404
rudn;46.03.01;История;бакалавриат;Без профиля;Факультет гуманитарных и социальных наук;Русский язык|История;Обществознание|Иностранный язык|Информатика|География|Литература;0;265;очно;2025;budget;https://tabiturient.ru/vuzu/rudn/proxodnoi/;1793
rudn;47.03.01;Философия;бакалавриат;Без профиля;Факультет гуманитарных и социальных наук;Русский язык|Обществознание;Иностранный язык|Литература|История;0;267;очно;2025;budget;https://tabiturient.ru/vuzu/rudn/proxodnoi/;1799
rudn;47.03.03;Религиоведение;бакалавриат;Без профиля;Факультет гуманитарных и социальных наук;Русский язык|История;Обществознание|Иностранный язык|География|Литература;0;254;очно;2025;budget;https://tabiturient.ru/vuzu/rudn/proxodnoi/;24403
rudn;50.03.01;Искусства и гуманитарные науки;бакалавриат;Без профиля;Факультет гуманитарных и социальных наук;Русский язык|История;Обществознание|Иностранный язык|Литература;0;273;очно;2025;budget;https://tabiturient.ru/vuzu/rudn/proxodnoi/;1795
rudn;54.03.01;Дизайн;бакалавриат;Промышленный дизайн;Инженерная академия;Русский язык|Литература;;1;;;;paid_only;https://tabiturient.ru/vuzu/rudn/proxodnoi/;26242
rudn;06.05.01;Биоинженерия и биоинформатика;специалитет;Без профиля;Аграрно-технологический институт;Русский язык|Математика;Информатика|Биология|Химия|Физика;0;;;;paid_only;https://tabiturient.ru/vuzu/rudn/proxodnoi/;24398
rudn;21.05.02;Прикладная геология;специалитет;"Геологическая съемка, поиски и разведка месторождений твердых полезных ископаемых; Геология нефти и газа";Инженерная академия;Русский язык|Математика;Информатика|География|Химия|Физика;0;223;очно;2025;budget;https://tabiturient.ru/vuzu/rudn/proxodnoi/;1802
rudn;21.05.04;Горное дело;специалитет;Маркшейдерское дело;Инженерная академия;Русский язык|Математика;Информатика|География|Химия|Физика;0;227;очно;2025;budget;https://tabiturient.ru/vuzu/rudn/proxodnoi/;1807
rudn;31.05.01;Лечебное дело;специалитет;Без профиля;Медицинский институт;Русский язык|Биология|Химия;;0;296;очно;2025;budget;https://tabiturient.ru/vuzu/rudn/proxodnoi/;1813
rudn;31.05.03;Стоматология;специалитет;Без профиля;Медицинский институт;Русский язык|Биология|Химия;;0;;;;quota_only;https://tabiturient.ru/vuzu/rudn/proxodnoi/;1814
rudn;33.05.01;Фармация;специалитет;Без профиля;Медицинский институт;Русский язык|Биология|Химия;;0;262;очно;2025;budget;https://tabiturient.ru/vuzu/rudn/proxodnoi/;1815
rudn;36.05.01;Ветеринария;специалитет;Без профиля;Аграрно-технологический институт;Русский язык|Биология;Математика|Химия;0;275;очно;2025;budget;https://tabiturient.ru/vuzu/rudn/proxodnoi/;1828
rudn;37.05.01;Клиническая психология;специалитет;Психология здоровья;Филологический факультет;Русский язык|Биология;Математика|Обществознание|Химия;0;;;;quota_only;https://tabiturient.ru/vuzu/rudn/proxodnoi/;24401
rudn;38.05.01;Экономическая безопасность;специалитет;Экономико-правовое обеспечение экономической безопасности;Экономический факультет;Русский язык|Математика;Обществознание|Информатика|История;0;;;;quota_only;https://tabiturient.ru/vuzu/rudn/proxodnoi/;24841
rudn;38.05.02;Таможенное дело;специалитет;"ВЭД в условиях цифровизации экономики; Таможенный контроль";Институт внешнеэкономической безопасности и таможенного дела;Русский язык|Обществознание;Иностранный язык|Информатика|География|История;0;;;;quota_only;https://tabiturient.ru/vuzu/rudn/proxodnoi/;17805
rudn;52.05.04;Литературное творчество;специалитет;Сценарист кино и телевидения;Филологический факультет;Русский язык|Литература;;1;;;;paid_only;https://tabiturient.ru/vuzu/rudn/proxodnoi/;26243
msal;40.03.01;Юриспруденция;бакалавриат;Частное право;Институт правового консалтинга;Русский язык|Обществознание;Иностранный язык|Информатика|История;0;;;;paid_only;https://tabiturient.ru/vuzu/mgua/proxodnoi/;27405
msal;40.03.01;Юриспруденция;бакалавриат;Публичное право;Институт правового консалтинга;Русский язык|Обществознание;Иностранный язык|Информатика|История;0;;;;paid_only;https://tabiturient.ru/vuzu/mgua/proxodnoi/;27406
msal;40.03.01;Юриспруденция;бакалавриат;International Business Law (на английском языке);Международно-правовой институт;Русский язык|Обществознание|Иностранный язык;;0;;;;paid_only;https://tabiturient.ru/vuzu/mgua/proxodnoi/;27178
msal;40.03.01;Юриспруденция;бакалавриат;Международное право;Международно-правовой институт;Русский язык|Обществознание;Иностранный язык|Информатика|История;0;279;очно;2025;budget;https://tabiturient.ru/vuzu/mgua/proxodnoi/;8043
msal;40.03.01;Юриспруденция;бакалавриат;Инновационная юриспруденция;Высшая школа права;Русский язык|Обществознание;Иностранный язык|Информатика;0;294;очно;2025;budget;https://tabiturient.ru/vuzu/mgua/proxodnoi/;7805
msal;40.03.01;Юриспруденция;бакалавриат;Бизнес-право;Институт бизнес-права;Русский язык|Обществознание;Иностранный язык|Информатика|История;0;279;очно;2025;budget;https://tabiturient.ru/vuzu/mgua/proxodnoi/;464
msal;40.03.01;Юриспруденция;бакалавриат;Правовой консалтинг;Институт правового консалтинга;Русский язык|Обществознание;Иностранный язык|Информатика|История;0;279;очно;2025;budget;https://tabiturient.ru/vuzu/mgua/proxodnoi/;469
msal;40.03.01;Юриспруденция;бакалавриат;Частное право;Институт частного права;Русский язык|Обществознание;Иностранный язык|Информатика|История;0;279;очно;2025;budget;https://tabiturient.ru/vuzu/mgua/proxodnoi/;470
msal;40.03.01;Юриспруденция;бакалавриат;Публичное право;Институт публичного права и управления;Русский язык|Обществознание;Иностранный язык|Информатика|История;0;279;очно;2025;budget;https://tabiturient.ru/vuzu/mgua/proxodnoi/;476
msal;40.05.01;Правовое обеспечение национальной безопасности;специалитет;Государственно-правовая специализация;Институт публичного права и управления;Русский язык|Обществознание;Иностранный язык|Информатика|История;0;273;очно;2025;budget;https://tabiturient.ru/vuzu/mgua/proxodnoi/;472
msal;40.05.03;Судебная экспертиза;специалитет;"Экономические экспертизы; Речеведческие экспертизы";Институт судебных экспертиз;Русский язык|Обществознание;Информатика|История;0;288;очно;2025;budget;https://tabiturient.ru/vuzu/mgua/proxodnoi/;471
msal;40.05.04;Судебная и прокурорская деятельность;специалитет;Прокурорская деятельность;Институт прокуратуры;Русский язык|Обществознание;Информатика|История;0;249;заочно;2025;budget;https://tabiturient.ru/vuzu/mgua/proxodnoi/;479
muctr;04.03.01;Химия;бакалавриат;Без профиля;Институт химии и проблем устойчивого развития;Русский язык|Химия;Математика|Физика;0;275;очно;2025;budget;https://tabiturient.ru/vuzu/muctr/proxodnoi/;7842
muctr;05.03.06;Экология и природопользование;бакалавриат;Современные технологии природопользования для устойчивого развития;Институт химии и проблем устойчивого развития;Русский язык|Биология;Математика|Информатика|География|Химия;0;204;очно;2025;budget;https://tabiturient.ru/vuzu/muctr/proxodnoi/;2785
muctr;09.03.01;Информатика и вычислительная техника;бакалавриат;Информатика и вычислительная техника;Факультет цифровых технологий и химического инжиниринга;Русский язык|Математика;Информатика|Физика;0;221;очно;2025;budget;https://tabiturient.ru/vuzu/muctr/proxodnoi/;2766
muctr;09.03.02;Информационные системы и технологии;бакалавриат;Искусственный интеллект;Факультет цифровых технологий и химического инжиниринга;Русский язык|Математика;Информатика|Физика;0;217;очно;2025;budget;https://tabiturient.ru/vuzu/muctr/proxodnoi/;22611
muctr;09.03.02;Информационные системы и технологии;бакалавриат;Информационные системы и технологии;Факультет цифровых технологий и химического инжиниринга;Русский язык|Математика;Информатика|Физика;0;217;очно;2025;budget;https://tabiturient.ru/vuzu/muctr/proxodnoi/;2767
muctr;09.03.04;Программная инженерия;бакалавриат;Информационно-аналитические и управляющие системы;Факультет нефтегазохимии и полимерных материалов;Русский язык|Математика;Информатика|Физика;0;215;очно;2025;budget;https://tabiturient.ru/vuzu/muctr/proxodnoi/;24580
muctr;15.03.02;Технологические машины и оборудование;бакалавриат;Химическое машиностроение;Факультет нефтегазохимии и полимерных материалов;Русский язык|Математика;Химия|Физика;0;;;;budget;https://tabiturient.ru/vuzu/muctr/proxodnoi/;7841
muctr;15.03.02;Технологические машины и оборудование;бакалавриат;Технологические машины и оборудование производства высокотемпературных функциональных материалов;Факультет технологии неорганических веществ и высокотемпературных материалов;Русский язык|Математика;Химия|Физика;0;;;;budget;https://tabiturient.ru/vuzu/muctr/proxodnoi/;2753
muctr;15.03.04;Автоматизация технологических процессов и производств;бакалавриат;Автоматизированные робототехнические системы контроля, диагностики и мониторинга в промышленности;Факультет нефтегазохимии и полимерных материалов;Русский язык|Математика;Информатика|Химия|Физика;0;;;;paid_only;https://tabiturient.ru/vuzu/muctr/proxodnoi/;23011
muctr;18.03.01;Химическая технология;бакалавриат;Химическая технология биоматериалов;Институт химии и проблем устойчивого развития;Русский язык|Химия;Математика|Физика;0;228;очно;2025;budget;https://tabiturient.ru/vuzu/muctr/proxodnoi/;7843
muctr;18.03.01;Химическая технология;бакалавриат;Технология химико-фармацевтических и косметических средств;Факультет химико-фармацевтических технологий и биомедицинских препаратов;Русский язык|Химия;Математика|Физика;0;;;;paid_only;https://tabiturient.ru/vuzu/muctr/proxodnoi/;27312
muctr;18.03.01;Химическая технология;бакалавриат;Технология переработки пластмасс;Факультет нефтегазохимии и полимерных материалов;Русский язык|Химия;Математика|Физика;0;;;;paid_only;https://tabiturient.ru/vuzu/muctr/proxodnoi/;27313
muctr;18.03.01;Химическая технология;бакалавриат;Электрохимическая технология материалов и химических продуктов;Факультет технологии неорганических веществ и высокотемпературных материалов;Русский язык|Химия;Математика|Физика;0;228;очно;2025;budget;https://tabiturient.ru/vuzu/muctr/proxodnoi/;25778
muctr;18.03.01;Химическая технология;бакалавриат;Химическая технология материалов электроники;Факультет технологии неорганических веществ и высокотемпературных материалов;Русский язык|Химия;Математика|Физика;0;228;очно;2025;budget;https://tabiturient.ru/vuzu/muctr/proxodnoi/;25779
muctr;18.03.01;Химическая технология;бакалавриат;Химическая технология тугоплавких неметаллических и силикатных материалов;Факультет технологии неорганических веществ и высокотемпературных материалов;Русский язык|Химия;Математика|Физика;0;228;очно;2025;budget;https://tabiturient.ru/vuzu/muctr/proxodnoi/;25780
muctr;18.03.01;Химическая технология;бакалавриат;Технология неорганических веществ;Факультет технологии неорганических веществ и высокотемпературных материалов;Русский язык|Химия;Математика|Физика;0;228;очно;2025;budget;https://tabiturient.ru/vuzu/muctr/proxodnoi/;2754
muctr;18.03.01;Химическая технология;бакалавриат;Технология органических веществ, химико-фармацевтических препаратов и косметических средств;Факультет химико-фармацевтических технологий и биомедицинских препаратов;Русский язык|Химия;Математика|Физика;0;228;очно;2025;budget;https://tabiturient.ru/vuzu/muctr/proxodnoi/;2757
muctr;18.03.01;Химическая технология;бакалавриат;"Системный химический инжиниринг и химическое машиностроение; Технология нефтегазохимии, промышленного органического синтеза, полимерных и функциональных материалов";Факультет нефтегазохимии и полимерных материалов;Русский язык|Химия;Математика|Физика;0;228;очно;2025;budget;https://tabiturient.ru/vuzu/muctr/proxodnoi/;2758
muctr;18.03.01;Химическая технология;бакалавриат;Технология защиты от коррозии;Факультет цифровых технологий и химического инжиниринга;Русский язык|Химия;Математика|Физика;0;228;очно;2025;budget;https://tabiturient.ru/vuzu/muctr/proxodnoi/;20174
muctr;18.03.01;Химическая технология;бакалавриат;Мембранная технология;Факультет биотехнологии и промышленной экологии;Русский язык|Химия;Математика|Физика;0;228;очно;2025;budget;https://tabiturient.ru/vuzu/muctr/proxodnoi/;20175
muctr;18.03.02;Энерго- и ресурсосберегающие процессы в химической технологии, нефтехимии и биотехнологии;бакалавриат;Основные процессы химических производств и химическая кибернетика;Факультет цифровых технологий и химического инжиниринга;Русский язык|Химия;Математика|Физика;0;203;очно;2025;budget;https://tabiturient.ru/vuzu/muctr/proxodnoi/;25781
muctr;18.03.02;Энерго- и ресурсосберегающие процессы в химической технологии, нефтехимии и биотехнологии;бакалавриат;Рациональное использование сырьевых и энергетических ресурсов;Факультет цифровых технологий и химического инжиниринга;Русский язык|Химия;Математика|Физика;0;203;очно;2025;budget;https://tabiturient.ru/vuzu/muctr/proxodnoi/;25782
muctr;18.03.02;Энерго- и ресурсосберегающие процессы в химической технологии, нефтехимии и биотехнологии;бакалавриат;Энергоресурсосберегающие химические производства;Факультет цифровых технологий и химического инжиниринга;Русский язык|Химия;Математика|Физика;0;203;очно;2025;budget;https://tabiturient.ru/vuzu/muctr/proxodnoi/;2771
muctr;18.03.02;Энерго- и ресурсосберегающие процессы в химической технологии, нефтехимии и биотехнологии;бакалавриат;Охрана окружающей среды и рациональное использование природных ресурсов;Факультет биотехнологии и промышленной экологии;Русский язык|Химия;Математика|Физика;0;203;очно;2025;budget;https://tabiturient.ru/vuzu/muctr/proxodnoi/;2773
muctr;19.03.01;Биотехнология;бакалавриат;Биотехнология;Факультет биотехнологии и промышленной экологии;Русский язык|Химия;Математика|Биология;0;257;очно;2025;budget;https://tabiturient.ru/vuzu/muctr/proxodnoi/;2772
muctr;20.03.01;Техносферная безопасность;бакалавриат;Безопасность технологических процессов и производств;Инженерный химико-технологический факультет;Русский язык|Математика;Химия|Физика;0;193;очно;2025;budget;https://tabiturient.ru/vuzu/muctr/proxodnoi/;2764
muctr;22.03.01;Материаловедение и технологии материалов;бакалавриат;Электрохимия в материаловедении;Факультет цифровых технологий и химического инжиниринга;Русский язык|Математика;Химия|Физика;0;189;очно;2025;budget;https://tabiturient.ru/vuzu/muctr/proxodnoi/;18546
muctr;22.03.01;Материаловедение и технологии материалов;бакалавриат;Материаловедение и технологии наноматериалов и наносистем;Институт материалов современной энергетики и нанотехнологии;Русский язык|Математика;Химия|Физика;0;189;очно;2025;budget;https://tabiturient.ru/vuzu/muctr/proxodnoi/;2760
muctr;22.03.01;Материаловедение и технологии материалов;бакалавриат;Материаловедение для фотоники и электроники;Факультет технологии неорганических веществ и высокотемпературных материалов;Русский язык|Математика;Химия|Физика;0;189;очно;2025;budget;https://tabiturient.ru/vuzu/muctr/proxodnoi/;2770
muctr;27.03.01;Стандартизация и метрология;бакалавриат;Стандартизация и сертификация;Факультет цифровых технологий и химического инжиниринга;Русский язык|Математика;Информатика|Химия|Физика;0;;;;paid_only;https://tabiturient.ru/vuzu/muctr/proxodnoi/;2769
muctr;27.03.05;Инноватика;бакалавриат;Инноватика наукоемких энергресурсосберегающих производств нефтегазохимического комплекса;Факультет цифровых технологий и химического инжиниринга;Русский язык|Математика;Информатика|Химия|Физика;0;212;очно;2025;budget;https://tabiturient.ru/vuzu/muctr/proxodnoi/;17709
muctr;28.03.02;Наноинженерия;бакалавриат;Биомедицинские и фармацевтические нанотехнологии;Факультет цифровых технологий и химического инжиниринга;Русский язык|Математика;Химия|Физика;0;221;очно;2025;budget;https://tabiturient.ru/vuzu/muctr/proxodnoi/;25787
muctr;28.03.02;Наноинженерия;бакалавриат;Наноинженерия для химии, фармацевтики и биотехнологии;Факультет цифровых технологий и химического инжиниринга;Русский язык|Математика;Химия|Физика;0;221;очно;2025;budget;https://tabiturient.ru/vuzu/muctr/proxodnoi/;2765
muctr;28.03.03;Наноматериалы;бакалавриат;Химическая технология наноматериалов;Институт материалов современной энергетики и нанотехнологии;Русский язык|Математика;Химия|Физика;0;221;очно;2025;budget;https://tabiturient.ru/vuzu/muctr/proxodnoi/;2762
muctr;29.03.04;Технология художественной обработки материалов;бакалавриат;Технология художественной обработки материалов;Факультет технологии неорганических веществ и высокотемпературных материалов;Русский язык|Математика;Химия|Физика;0;201;очно;2025;budget;https://tabiturient.ru/vuzu/muctr/proxodnoi/;2755
muctr;38.03.01;Экономика;бакалавриат;Экономика предприятий и организаций;Факультет управления и гуманитарных наук;Русский язык|Математика;Обществознание|Информатика|История;0;;;;paid_only;https://tabiturient.ru/vuzu/muctr/proxodnoi/;25774
muctr;38.03.02;Менеджмент;бакалавриат;Менеджмент организации;Факультет управления и гуманитарных наук;Русский язык|Математика;Обществознание|Информатика|История;0;;;;paid_only;https://tabiturient.ru/vuzu/muctr/proxodnoi/;2776
muctr;04.05.01;Фундаментальная и прикладная химия;специалитет;Современные методы синтеза и исследования;Высший химический колледж Российской академии наук;Русский язык|Химия;Математика|Биология|Физика;0;277;очно;2025;budget;https://tabiturient.ru/vuzu/muctr/proxodnoi/;9636
muctr;04.05.01;Фундаментальная и прикладная химия;специалитет;Теоретическая и экспериментальная химия;Факультет естественных наук;Русский язык|Химия;Математика|Биология|Физика;0;;;;budget;https://tabiturient.ru/vuzu/muctr/proxodnoi/;27311
muctr;04.05.01;Фундаментальная и прикладная химия;специалитет;Медицинская химия;Факультет химико-фармацевтических технологий и биомедицинских препаратов;Русский язык|Химия;Математика|Биология|Физика;0;277;очно;2025;budget;https://tabiturient.ru/vuzu/muctr/proxodnoi/;2756
muctr;15.05.01;Проектирование технологических машин и комплексов;специалитет;Проектирование технологических комплексов химических и нефтехимических производств;Факультет нефтегазохимии и полимерных материалов;Русский язык|Математика;Химия|Физика;0;184;очно;2025;budget;https://tabiturient.ru/vuzu/muctr/proxodnoi/;23012
muctr;18.05.01;Химическая технология энергонасыщенных материалов и изделий;специалитет;Химическая технология полимерных композиций, порохов и твердых ракетных топлив;Инженерный химико-технологический факультет;Русский язык|Химия;Математика|Физика;0;200;очно;2025;budget;https://tabiturient.ru/vuzu/muctr/proxodnoi/;25783
muctr;18.05.01;Химическая технология энергонасыщенных материалов и изделий;специалитет;Технология пиротехнических средств;Инженерный химико-технологический факультет;Русский язык|Химия;Математика|Физика;0;200;очно;2025;budget;https://tabiturient.ru/vuzu/muctr/proxodnoi/;25784
muctr;18.05.01;Химическая технология энергонасыщенных материалов и изделий;специалитет;Химическая технология органических соединений азота;Инженерный химико-технологический факультет;Русский язык|Химия;Математика|Физика;0;200;очно;2025;budget;https://tabiturient.ru/vuzu/muctr/proxodnoi/;2763
muctr;18.05.02;Химическая технология материалов современной энергетики;специалитет;Химическая технология разделения и применение изотопов;Институт материалов современной энергетики и нанотехнологии;Русский язык|Химия;Математика|Информатика|Физика;0;188;очно;2025;budget;https://tabiturient.ru/vuzu/muctr/proxodnoi/;25785
muctr;18.05.02;Химическая технология материалов современной энергетики;специалитет;Химическая технология материалов ядерного топливного цикла;Институт материалов современной энергетики и нанотехнологии;Русский язык|Химия;Математика|Информатика|Физика;0;188;очно;2025;budget;https://tabiturient.ru/vuzu/muctr/proxodnoi/;25786
muctr;18.05.02;Химическая технология материалов современной энергетики;специалитет;Химическая технология теплоносителей и радиоэкология ядерных энергетических установок;Институт материалов современной энергетики и нанотехнологии;Русский язык|Химия;Математика|Информатика|Физика;0;199;очно;2025;budget;https://tabiturient.ru/vuzu/muctr/proxodnoi/;2761
mirea;01.03.02;Прикладная математика и информатика;бакалавриат;Системное программирование и компьютерные технологии;Институт искусственного интеллекта;Русский язык|Математика|Информатика;;0;273;очно;2025;budget;https://tabiturient.ru/vuzu/mirea/proxodnoi/;22901
mirea;01.03.02;Прикладная математика и информатика;бакалавриат;Математическое моделирование и вычислительная математика;Институт искусственного интеллекта;Русский язык|Математика|Информатика;;0;263;очно;2025;budget;https://tabiturient.ru/vuzu/mirea/proxodnoi/;1015
mirea;01.03.04;Прикладная математика;бакалавриат;Анализ данных;Институт информационных технологий;Русский язык|Математика|Информатика;;0;265;очно;2025;budget;https://tabiturient.ru/vuzu/mirea/proxodnoi/;1029
mirea;01.03.05;Статистика;бакалавриат;Бизнес-аналитика;Институт технологий управления;Русский язык|Математика|Информатика;;0;259;очно;2025;budget;https://tabiturient.ru/vuzu/mirea/proxodnoi/;4093
mirea;02.03.02;Фундаментальная информатика и информационные технологии;бакалавриат;Искусственный интеллект и машинное обучение;Институт кибербезопасности и цифровых технологий;Русский язык|Математика|Информатика;;0;284;очно;2025;budget;https://tabiturient.ru/vuzu/mirea/proxodnoi/;7775
mirea;03.03.02;Физика;бакалавриат;Медицинская физика;Институт искусственного интеллекта;Русский язык|Физика;Математика|Информатика;0;223;очно;2025;budget;https://tabiturient.ru/vuzu/mirea/proxodnoi/;19271
mirea;04.03.01;Химия;бакалавриат;Медицинская и фармацевтическая химия;Институт тонких химических технологий им. М.В. Ломоносова;Русский язык|Химия;Математика|Биология|Физика;0;263;очно;2025;budget;https://tabiturient.ru/vuzu/mirea/proxodnoi/;1030
mirea;04.03.01;Химия;бакалавриат;Фундаментальная и прикладная химия;Институт тонких химических технологий им. М.В. Ломоносова;Русский язык|Химия;Математика|Биология|Физика;0;255;очно;2025;budget;https://tabiturient.ru/vuzu/mirea/proxodnoi/;22918
mirea;04.03.01;Химия;бакалавриат;Химия гибридных полимерных систем;Институт тонких химических технологий им. М.В. Ломоносова;Русский язык|Химия;Математика|Биология|Физика;0;237;очно;2025;budget;https://tabiturient.ru/vuzu/mirea/proxodnoi/;22919
mirea;05.03.03;Картография и геоинформатика;бакалавриат;Геоинформационные системы и комплексы;Институт радиоэлектроники и информатики;Русский язык|Математика;Информатика|География|Физика;0;227;очно;2025;budget;https://tabiturient.ru/vuzu/mirea/proxodnoi/;17570
mirea;09.03.01;Информатика и вычислительная техника;бакалавриат;Киберфизические системы;Институт искусственного интеллекта;Русский язык|Математика;Информатика|Физика;0;244;очно;2025;budget;https://tabiturient.ru/vuzu/mirea/proxodnoi/;9550
mirea;09.03.01;Информатика и вычислительная техника;бакалавриат;Аппаратное программирование встраиваемых систем;Институт радиоэлектроники и информатики;Русский язык|Математика;Информатика|Физика;0;245;очно;2025;budget;https://tabiturient.ru/vuzu/mirea/proxodnoi/;24660
mirea;09.03.01;Информатика и вычислительная техника;бакалавриат;Цифровые комплексы, системы и сети;Институт информационных технологий;Русский язык|Математика|Информатика;;0;245;очно;2025;budget;https://tabiturient.ru/vuzu/mirea/proxodnoi/;22892
mirea;09.03.01;Информатика и вычислительная техника;бакалавриат;Интеллектуальные системы управления и обработки информации;Институт искусственного интеллекта;Русский язык|Математика;Информатика|Физика;0;259;очно;2025;budget;https://tabiturient.ru/vuzu/mirea/proxodnoi/;22904
mirea;09.03.01;Информатика и вычислительная техника;бакалавриат;Промышленная информатика;Институт искусственного интеллекта;Русский язык|Математика;Информатика|Физика;0;251;очно;2025;budget;https://tabiturient.ru/vuzu/mirea/proxodnoi/;22905
mirea;09.03.01;Информатика и вычислительная техника;бакалавриат;Технологии и системы искусственного интеллекта в здравоохранении;Институт искусственного интеллекта;Русский язык|Математика;Информатика|Физика;0;246;очно;2025;budget;https://tabiturient.ru/vuzu/mirea/proxodnoi/;22906
mirea;09.03.01;Информатика и вычислительная техника;бакалавриат;Квантовые коммуникации и вычисления;Институт информационных технологий;Русский язык|Математика;Информатика|Физика;0;;;;budget;https://tabiturient.ru/vuzu/mirea/proxodnoi/;26080
mirea;09.03.01;Информатика и вычислительная техника;бакалавриат;Умные сервисы высокотехнологичных производств;Передовая инженерная школа;Русский язык|Математика;Информатика|Физика;0;;;;budget;https://tabiturient.ru/vuzu/mirea/proxodnoi/;26083
mirea;09.03.01;Информатика и вычислительная техника;бакалавриат;Инфраструктура информационных технологий;Институт информационных технологий;Русский язык|Математика|Информатика;;0;248;очно;2025;budget;https://tabiturient.ru/vuzu/mirea/proxodnoi/;1016
mirea;09.03.02;Информационные системы и технологии;бакалавриат;Компьютерный дизайн;Институт перспективных технологий и индустриального программирования;Русский язык|Математика|Информатика;;0;252;очно;2025;budget;https://tabiturient.ru/vuzu/mirea/proxodnoi/;9551
mirea;09.03.02;Информационные системы и технологии;бакалавриат;Технологии разработки платформенных бизнес-приложений;Институт перспективных технологий и индустриального программирования;Русский язык|Математика|Информатика;;0;251;очно;2025;budget;https://tabiturient.ru/vuzu/mirea/proxodnoi/;24658
mirea;09.03.02;Информационные системы и технологии;бакалавриат;Технологии искусственного интеллекта и анализ данных;Институт кибербезопасности и цифровых технологий;Русский язык|Математика|Информатика;;0;270;очно;2025;budget;https://tabiturient.ru/vuzu/mirea/proxodnoi/;22907
mirea;09.03.02;Информационные системы и технологии;бакалавриат;Технологии разработки программного обеспечения полного цикла;Институт кибербезопасности и цифровых технологий;Русский язык|Математика|Информатика;;0;271;очно;2025;budget;https://tabiturient.ru/vuzu/mirea/proxodnoi/;22908
mirea;09.03.02;Информационные системы и технологии;бакалавриат;Безопасность программных решений;Институт кибербезопасности и цифровых технологий;Русский язык|Математика|Информатика;;0;261;очно;2025;budget;https://tabiturient.ru/vuzu/mirea/proxodnoi/;22909
mirea;09.03.02;Информационные системы и технологии;бакалавриат;Технологии виртуальных пространств;Институт кибербезопасности и цифровых технологий;Русский язык|Математика|Информатика;;0;246;очно;2025;budget;https://tabiturient.ru/vuzu/mirea/proxodnoi/;22910
mirea;09.03.02;Информационные системы и технологии;бакалавриат;Фуллстек разработка;Институт перспективных технологий и индустриального программирования;Русский язык|Математика|Информатика;;0;268;очно;2025;budget;https://tabiturient.ru/vuzu/mirea/proxodnoi/;17569
mirea;09.03.02;Информационные системы и технологии;бакалавриат;Квантовое программирование;Институт перспективных технологий и индустриального программирования;Русский язык|Математика;Информатика|Физика;0;;;;budget;https://tabiturient.ru/vuzu/mirea/proxodnoi/;26081
mirea;09.03.02;Информационные системы и технологии;бакалавриат;Разработка кроссплатформенных бизнес-приложений;Институт кибербезопасности и цифровых технологий;Русский язык|Математика|Информатика;;0;264;очно;2025;budget;https://tabiturient.ru/vuzu/mirea/proxodnoi/;1017
mirea;09.03.03;Прикладная информатика;бакалавриат;Управление данными;Институт информационных технологий;Русский язык|Математика|Информатика;;0;260;очно;2025;budget;https://tabiturient.ru/vuzu/mirea/proxodnoi/;22893
mirea;09.03.03;Прикладная информатика;бакалавриат;Цифровая трансформация;Институт информационных технологий;Русский язык|Математика|Информатика;;0;244;очно;2025;budget;https://tabiturient.ru/vuzu/mirea/proxodnoi/;22894
mirea;09.03.03;Прикладная информатика;бакалавриат;Информатизация организаций;Институт информационных технологий;Русский язык|Математика|Информатика;;0;250;очно;2025;budget;https://tabiturient.ru/vuzu/mirea/proxodnoi/;1018
mirea;09.03.04;Программная инженерия;бакалавриат;Разработка и дизайн компьютерных игр и мультимедийных приложений;Институт информационных технологий;Русский язык|Математика|Информатика;;0;271;очно;2025;budget;https://tabiturient.ru/vuzu/mirea/proxodnoi/;22895
mirea;09.03.04;Программная инженерия;бакалавриат;Разработка программных продуктов и проектирование информационных систем;Институт информационных технологий;Русский язык|Математика|Информатика;;0;288;очно;2025;budget;https://tabiturient.ru/vuzu/mirea/proxodnoi/;22896
mirea;09.03.04;Программная инженерия;бакалавриат;Системная и программная инженерия;Институт информационных технологий;Русский язык|Математика|Информатика;;0;285;очно;2025;budget;https://tabiturient.ru/vuzu/mirea/proxodnoi/;22897
mirea;09.03.04;Программная инженерия;бакалавриат;Проектирование и разработка сред и приложений дополненной и виртуальной реальностей;Институт информационных технологий;Русский язык|Математика|Информатика;;0;256;очно;2025;budget;https://tabiturient.ru/vuzu/mirea/proxodnoi/;22898
mirea;09.03.04;Программная инженерия;бакалавриат;Интеллектуальные системы поддержки принятия решений;Институт информационных технологий;Русский язык|Математика|Информатика;;0;263;очно;2025;budget;https://tabiturient.ru/vuzu/mirea/proxodnoi/;22899
mirea;09.03.04;Программная инженерия;бакалавриат;Информационные технологии в атомной отрасли;Институт информационных технологий;Русский язык|Математика|Информатика;;0;260;очно;2025;budget;https://tabiturient.ru/vuzu/mirea/proxodnoi/;22900
mirea;09.03.04;Программная инженерия;бакалавриат;Информационные системы управления ресурсами предприятия;Институт информационных технологий;Русский язык|Математика|Информатика;;0;246;очно;2025;budget;https://tabiturient.ru/vuzu/mirea/proxodnoi/;1019
mirea;10.03.01;Информационная безопасность;бакалавриат;Организация и технологии защиты информации (в сфере связи, информационных и коммуникационных технологий);Институт кибербезопасности и цифровых технологий;Русский язык|Математика|Информатика;;0;250;очно;2025;budget;https://tabiturient.ru/vuzu/mirea/proxodnoi/;22911
mirea;10.03.01;Информационная безопасность;бакалавриат;Безопасность автоматизированных систем (в сфере связи, информационных и коммуникационных технологий);Институт кибербезопасности и цифровых технологий;Русский язык|Математика|Информатика;;0;246;очно;2025;budget;https://tabiturient.ru/vuzu/mirea/proxodnoi/;1020
mirea;11.03.01;Радиотехника;бакалавриат;Радиоинформатика, мониторинг и телеметрия;Институт радиоэлектроники и информатики;Русский язык|Физика;Математика|Информатика;0;219;очно;2025;budget;https://tabiturient.ru/vuzu/mirea/proxodnoi/;1055
mirea;11.03.01;Радиотехника;бакалавриат;Радиоинженерия программно-аппаратных комплексов;Институт радиоэлектроники и информатики;Русский язык|Физика;Математика|Информатика;0;;;;paid_only;https://tabiturient.ru/vuzu/mirea/proxodnoi/;27099
mirea;11.03.02;Инфокоммуникационные технологии и системы связи;бакалавриат;Аудиовизуальные системы и технологии медиасвязи;Институт радиоэлектроники и информатики;Русский язык|Математика;Информатика|Физика;0;225;очно;2025;budget;https://tabiturient.ru/vuzu/mirea/proxodnoi/;1034
mirea;11.03.02;Инфокоммуникационные технологии и системы связи;бакалавриат;Инфокоммуникационные системы и сети;Институт радиоэлектроники и информатики;Русский язык|Математика;Информатика|Физика;0;225;очно;2025;budget;https://tabiturient.ru/vuzu/mirea/proxodnoi/;22915
mirea;11.03.03;Конструирование и технология электронных средств;бакалавриат;Цифровое проектирование радиоэлектронных средств;Институт радиоэлектроники и информатики;Русский язык|Физика;Математика|Информатика;0;217;очно;2025;budget;https://tabiturient.ru/vuzu/mirea/proxodnoi/;1035
mirea;11.03.03;Конструирование и технология электронных средств;бакалавриат;Проектирование и технология СВЧ устройств;Передовая инженерная школа;Русский язык|Физика;Математика|Информатика;0;;;;budget;https://tabiturient.ru/vuzu/mirea/proxodnoi/;26084
mirea;11.03.04;Электроника и наноэлектроника;бакалавриат;Наноэлектроника;Институт перспективных технологий и индустриального программирования;Русский язык|Физика;Математика|Информатика;0;239;очно;2025;budget;https://tabiturient.ru/vuzu/mirea/proxodnoi/;1036
mirea;12.03.01;Приборостроение;бакалавриат;Интеллектуальные системы безопасности и аналитическое приборостроение;Институт кибербезопасности и цифровых технологий;Русский язык|Физика;Математика|Информатика;0;228;очно;2025;budget;https://tabiturient.ru/vuzu/mirea/proxodnoi/;1105
mirea;12.03.04;Биотехнические системы и технологии;бакалавриат;Интеллектуальные системы обработки медико-биологической информации;Институт искусственного интеллекта;Русский язык|Математика;Информатика|Физика;0;235;очно;2025;budget;https://tabiturient.ru/vuzu/mirea/proxodnoi/;1023
mirea;12.03.05;Лазерная техника и лазерные технологии;бакалавриат;Лазерная инженерия;Институт перспективных технологий и индустриального программирования;Русский язык|Физика;Математика|Информатика;0;206;очно;2025;budget;https://tabiturient.ru/vuzu/mirea/proxodnoi/;1107
mirea;15.03.01;Машиностроение;бакалавриат;Цифровые и аддитивные технологии в машиностроении;Институт перспективных технологий и индустриального программирования;Русский язык|Математика;Информатика|Физика;0;229;очно;2025;budget;https://tabiturient.ru/vuzu/mirea/proxodnoi/;1109
mirea;15.03.04;Автоматизация технологических процессов и производств;бакалавриат;Цифровое производство;Институт искусственного интеллекта;Русский язык|Математика;Информатика|Физика;0;244;очно;2025;budget;https://tabiturient.ru/vuzu/mirea/proxodnoi/;1037
mirea;15.03.06;Мехатроника и робототехника;бакалавриат;Автономные роботы;Институт искусственного интеллекта;Русский язык|Математика;Информатика|Физика;0;236;очно;2025;budget;https://tabiturient.ru/vuzu/mirea/proxodnoi/;1024
mirea;15.03.06;Мехатроника и робототехника;бакалавриат;Роботизированные мультироторные беспилотные авиационные системы;Институт искусственного интеллекта;Русский язык|Математика;Информатика|Физика;0;225;очно;2025;budget;https://tabiturient.ru/vuzu/mirea/proxodnoi/;22902
mirea;18.03.01;Химическая технология;бакалавриат;Химическая технология природных и синтетических полимерных материалов;Институт тонких химических технологий им. М.В. Ломоносова;Русский язык|Химия;Математика|Физика;0;184;очно;2025;budget;https://tabiturient.ru/vuzu/mirea/proxodnoi/;1110
mirea;18.03.01;Химическая технология;бакалавриат;Химическая технология органических веществ;Институт тонких химических технологий им. М.В. Ломоносова;Русский язык|Химия;Математика|Физика;0;223;очно;2025;budget;https://tabiturient.ru/vuzu/mirea/proxodnoi/;22920
mirea;18.03.01;Химическая технология;бакалавриат;Химическая технология природных энергоносителей и углеродных материалов;Институт тонких химических технологий им. М.В. Ломоносова;Русский язык|Химия;Математика|Физика;0;193;очно;2025;budget;https://tabiturient.ru/vuzu/mirea/proxodnoi/;22921
mirea;18.03.01;Химическая технология;бакалавриат;Химическая технология синтетических биологически активных веществ и химико-фармацевтических препаратов;Институт тонких химических технологий им. М.В. Ломоносова;Русский язык|Химия;Математика|Физика;0;243;очно;2025;budget;https://tabiturient.ru/vuzu/mirea/proxodnoi/;22922
mirea;18.03.01;Химическая технология;бакалавриат;Химическая технология редких и благородных металлов;Институт тонких химических технологий им. М.В. Ломоносова;Русский язык|Химия;Математика|Физика;0;188;очно;2025;budget;https://tabiturient.ru/vuzu/mirea/proxodnoi/;22923
mirea;18.03.01;Химическая технология;бакалавриат;Химия и технология функциональных полимеров;Институт тонких химических технологий им. М.В. Ломоносова;Русский язык|Химия;Математика|Физика;0;190;очно;2025;budget;https://tabiturient.ru/vuzu/mirea/proxodnoi/;22924
mirea;18.03.01;Химическая технология;бакалавриат;Цифровая химическая технология;Институт тонких химических технологий им. М.В. Ломоносова;Русский язык|Химия;Математика|Информатика|Физика;0;198;очно;2025;budget;https://tabiturient.ru/vuzu/mirea/proxodnoi/;22925
mirea;19.03.01;Биотехнология;бакалавриат;Биотехнология;Институт тонких химических технологий им. М.В. Ломоносова;Русский язык|Химия;Математика|Биология;0;234;очно;2025;budget;https://tabiturient.ru/vuzu/mirea/proxodnoi/;1025
mirea;20.03.01;Техносферная безопасность;бакалавриат;Инженерная защита окружающей среды;Институт тонких химических технологий им. М.В. Ломоносова;Русский язык|Математика;Химия|Физика;0;195;очно;2025;budget;https://tabiturient.ru/vuzu/mirea/proxodnoi/;1038
mirea;22.03.01;Материаловедение и технологии материалов;бакалавриат;Современные и перспективные материалы;Институт перспективных технологий и индустриального программирования;Русский язык|Математика;Информатика|Химия|Физика;0;208;очно;2025;budget;https://tabiturient.ru/vuzu/mirea/proxodnoi/;1111
mirea;27.03.01;Стандартизация и метрология;бакалавриат;Цифровые измерительные технологии;Институт перспективных технологий и индустриального программирования;Русский язык|Математика;Информатика|Физика;0;214;очно;2025;budget;https://tabiturient.ru/vuzu/mirea/proxodnoi/;1115
mirea;27.03.02;Управление качеством;бакалавриат;Без профиля;Институт перспективных технологий и индустриального программирования;Русский язык|Математика;Информатика|Физика;0;197;очно;2025;budget;https://tabiturient.ru/vuzu/mirea/proxodnoi/;24659
mirea;27.03.03;Системный анализ и управление;бакалавриат;Инженерия автоматизированных систем;Институт искусственного интеллекта;Русский язык|Математика;Информатика|Физика;0;232;очно;2025;budget;https://tabiturient.ru/vuzu/mirea/proxodnoi/;1117
mirea;27.03.05;Инноватика;бакалавриат;Менеджмент в сфере систем вооружений;Институт технологий управления;Русский язык|Математика;Информатика|Физика;0;230;очно;2025;budget;https://tabiturient.ru/vuzu/mirea/proxodnoi/;1118
mirea;27.03.05;Инноватика;бакалавриат;Инновационные технологии беспилотных систем;Институт перспективных технологий и индустриального программирования;Русский язык|Математика;Информатика|Физика;0;223;очно;2025;budget;https://tabiturient.ru/vuzu/mirea/proxodnoi/;22914
mirea;27.03.05;Инноватика;бакалавриат;Технологическое предпринимательство;Институт технологий управления;Русский язык|Математика;Информатика|Химия|Физика;0;245;очно;2025;budget;https://tabiturient.ru/vuzu/mirea/proxodnoi/;22916
mirea;27.03.05;Инноватика;бакалавриат;Управление инновационными проектами цифрового развития;Институт технологий управления;Русский язык|Математика;Информатика|Физика;0;;;;paid_only;https://tabiturient.ru/vuzu/mirea/proxodnoi/;27100
mirea;28.03.01;Нанотехнологии и микросистемная техника;бакалавриат;Физика и технологии наносистем;Институт перспективных технологий и индустриального программирования;Русский язык|Математика;Информатика|Химия|Физика;0;214;очно;2025;budget;https://tabiturient.ru/vuzu/mirea/proxodnoi/;1026
mirea;29.03.04;Технология художественной обработки материалов;бакалавриат;Технология художественной обработки материалов;Институт перспективных технологий и индустриального программирования;Русский язык|Математика;;1;117;очно;2025;budget;https://tabiturient.ru/vuzu/mirea/proxodnoi/;1040
mirea;38.03.01;Экономика;бакалавриат;Финансовая разведка;Институт технологий управления;Русский язык|Математика;Обществознание|Иностранный язык|Информатика|География|История;0;;;;paid_only;https://tabiturient.ru/vuzu/mirea/proxodnoi/;24661
mirea;38.03.01;Экономика;бакалавриат;Экономика бизнеса;Институт технологий управления;Русский язык|Математика;Обществознание|Иностранный язык|Информатика|География|История;0;;;;paid_only;https://tabiturient.ru/vuzu/mirea/proxodnoi/;1119
mirea;38.03.02;Менеджмент;бакалавриат;Управление бизнес-процессами;Институт технологий управления;Русский язык|Математика;Обществознание|Иностранный язык|Информатика|История;0;;;;paid_only;https://tabiturient.ru/vuzu/mirea/proxodnoi/;1121
mirea;38.03.03;Управление персоналом;бакалавриат;Управление персоналом организации;Институт технологий управления;Русский язык|Математика;Обществознание|Иностранный язык|Информатика|История;0;232;очно;2025;budget;https://tabiturient.ru/vuzu/mirea/proxodnoi/;1041
mirea;38.03.04;Государственное и муниципальное управление;бакалавриат;Организационно-управленческая деятельность в государственной и муниципальной службе;Институт технологий управления;Русский язык|Обществознание;Математика|Иностранный язык|История;0;;;;paid_only;https://tabiturient.ru/vuzu/mirea/proxodnoi/;1123
mirea;38.03.05;Бизнес-информатика;бакалавриат;Прикладные ИТ-решения для бизнеса;Институт технологий управления;Русский язык|Математика;Обществознание|Информатика|История;0;;;;paid_only;https://tabiturient.ru/vuzu/mirea/proxodnoi/;1042
mirea;38.03.05;Бизнес-информатика;бакалавриат;Информационные технологии в государственном управлении;Институт технологий управления;Русский язык|Математика;Обществознание|Информатика|История;0;;;;paid_only;https://tabiturient.ru/vuzu/mirea/proxodnoi/;24364
mirea;40.03.01;Юриспруденция;бакалавриат;Юриспруденция;Институт технологий управления;Русский язык|Обществознание;Математика|Иностранный язык|История;0;;;;paid_only;https://tabiturient.ru/vuzu/mirea/proxodnoi/;1047
mirea;46.03.02;Документоведение и архивоведение;бакалавриат;Современные технологии управления документацией;Институт технологий управления;Русский язык|История;Обществознание|Иностранный язык|Информатика|География|Литература;0;232;очно;2025;budget;https://tabiturient.ru/vuzu/mirea/proxodnoi/;1053
mirea;54.03.01;Дизайн;бакалавриат;Дизайн сред смешанной реальности;Институт перспективных технологий и индустриального программирования;Русский язык|Литература;;1;131;очно;2025;budget;https://tabiturient.ru/vuzu/mirea/proxodnoi/;1126
mirea;04.05.01;Фундаментальная и прикладная химия;специалитет;Зеленая химия и катализ;Институт тонких химических технологий им. М.В. Ломоносова;Русский язык|Химия;Математика|Биология|Физика;0;;;;budget;https://tabiturient.ru/vuzu/mirea/proxodnoi/;27098
mirea;06.05.01;Биоинженерия и биоинформатика;специалитет;Биоинженерия и биоинформатика;Институт тонких химических технологий им. М.В. Ломоносова;Русский язык|Биология;Математика|Информатика|Физика;0;;;;budget;https://tabiturient.ru/vuzu/mirea/proxodnoi/;26082
mirea;10.05.01;Компьютерная безопасность;специалитет;Разработка защищенного программного обеспечения;Институт искусственного интеллекта;Русский язык|Математика;Информатика|Физика;0;280;очно;2025;budget;https://tabiturient.ru/vuzu/mirea/proxodnoi/;22903
mirea;10.05.01;Компьютерная безопасность;специалитет;Анализ безопасности компьютерных систем;Институт искусственного интеллекта;Русский язык|Математика;Информатика|Физика;0;260;очно;2025;budget;https://tabiturient.ru/vuzu/mirea/proxodnoi/;1021
mirea;10.05.02;Информационная безопасность телекоммуникационных систем;специалитет;Разработка защищенных телекоммуникационных систем;Институт искусственного интеллекта;Русский язык|Математика;Информатика|Физика;0;255;очно;2025;budget;https://tabiturient.ru/vuzu/mirea/proxodnoi/;1031
mirea;10.05.03;Информационная безопасность автоматизированных систем;специалитет;Разработка автоматизированных систем в защищённом исполнении;Институт кибербезопасности и цифровых технологий;Русский язык|Математика|Информатика;;0;245;очно;2025;budget;https://tabiturient.ru/vuzu/mirea/proxodnoi/;1032
mirea;10.05.04;Информационно-аналитические системы безопасности;специалитет;Технологии информационно-аналитического мониторинга;Институт кибербезопасности и цифровых технологий;Русский язык|Математика|Информатика;;0;240;очно;2025;budget;https://tabiturient.ru/vuzu/mirea/proxodnoi/;1033
mirea;10.05.05;Безопасность информационных технологий в правоохранительной сфере;специалитет;Компьютерная экспертиза;Институт кибербезопасности и цифровых технологий;Русский язык|Математика|Информатика;;0;238;очно;2025;budget;https://tabiturient.ru/vuzu/mirea/proxodnoi/;1022
mirea;11.05.01;Радиоэлектронные системы и комплексы;специалитет;Радиоэлектронные комплексы локации, навигации и связи;Институт радиоэлектроники и информатики;Русский язык|Физика;Математика|Информатика;0;217;очно;2025;budget;https://tabiturient.ru/vuzu/mirea/proxodnoi/;1061
mirea;12.05.01;Электронные и оптико-электронные приборы и системы специального назначения;специалитет;Оптико-электронные информационно-измерительные приборы и системы;Институт перспективных технологий и индустриального программирования;Русский язык|Физика;Математика|Информатика;0;195;очно;2025;budget;https://tabiturient.ru/vuzu/mirea/proxodnoi/;1108
mirea;18.05.02;Химическая технология материалов современной энергетики;специалитет;Химическая технология редких и редкоземельных металлов;Институт тонких химических технологий им. М.В. Ломоносова;Русский язык|Химия;Математика|Физика;0;164;очно;2025;budget;https://tabiturient.ru/vuzu/mirea/proxodnoi/;24662
mirea;24.05.06;Системы управления летательными аппаратами;специалитет;Системы управления беспилотными летательными аппаратами;Институт искусственного интеллекта;Русский язык|Математика;Информатика|Физика;0;;;;paid_only;https://tabiturient.ru/vuzu/mirea/proxodnoi/;27097
mirea;38.05.01;Экономическая безопасность;специалитет;Финансовая безопасность цифровой экономики;Институт кибербезопасности и цифровых технологий;Русский язык|Математика;Обществознание|Информатика|История;0;;;;paid_only;https://tabiturient.ru/vuzu/mirea/proxodnoi/;1027
mirea;38.05.01;Экономическая безопасность;специалитет;Экономическая безопасность государства и бизнеса;Институт кибербезопасности и цифровых технологий;Русский язык|Математика;Обществознание|Информатика|История;0;;;;paid_only;https://tabiturient.ru/vuzu/mirea/proxodnoi/;22912
mirea;40.05.01;Правовое обеспечение национальной безопасности;специалитет;Гражданско-правовая;Институт кибербезопасности и цифровых технологий;Русский язык|Обществознание;Иностранный язык|Информатика|История;0;240;очно;2025;budget;https://tabiturient.ru/vuzu/mirea/proxodnoi/;1028
mirea;40.05.01;Правовое обеспечение национальной безопасности;специалитет;Уголовно-правовая;Институт кибербезопасности и цифровых технологий;Русский язык|Обществознание;Иностранный язык|Информатика|История;0;;;;paid_only;https://tabiturient.ru/vuzu/mirea/proxodnoi/;22913
tpu;01.03.02;Прикладная математика и информатика;бакалавриат;Прикладная математика в инженерии;Инженерная школа ядерных технологий;Русский язык|Математика;Информатика|Физика;0;236;очно;2025;budget;https://tabiturient.ru/vuzu/tpu/proxodnoi/;3382
tpu;03.03.02;Физика;бакалавриат;Физика конденсированного состояния;Инженерная школа ядерных технологий;Русский язык|Физика;Математика|Информатика|Химия;0;217;очно;2025;budget;https://tabiturient.ru/vuzu/tpu/proxodnoi/;4608
tpu;05.03.06;Экология и природопользование;бакалавриат;Экологический инжиниринг в минерально-сырьевом комплексе;Инженерная школа природных ресурсов;Русский язык|Математика;Информатика|Биология|География|Химия|Физика;0;202;очно;2025;budget;https://tabiturient.ru/vuzu/tpu/proxodnoi/;3383
tpu;09.03.01;Информатика и вычислительная техника;бакалавриат;Программирование вычислительных систем. Интеллектуальные системы и технологии;Инженерная школа информационных технологий и робототехники;Русский язык|Математика;Информатика|Физика;0;239;очно;2025;budget;https://tabiturient.ru/vuzu/tpu/proxodnoi/;3384
tpu;09.03.02;Информационные системы и технологии;бакалавриат;Информационные технологии и интеллектуальный анализ данных;Инженерная школа информационных технологий и робототехники;Русский язык|Математика;Информатика|Физика;0;234;очно;2025;budget;https://tabiturient.ru/vuzu/tpu/proxodnoi/;10060
tpu;09.03.03;Прикладная информатика;бакалавриат;Цифровой дизайн и виртуальная реальность;Инженерная школа информационных технологий и робототехники;Русский язык|Математика;Информатика|Физика;0;234;очно;2025;budget;https://tabiturient.ru/vuzu/tpu/proxodnoi/;22561
tpu;09.03.04;Программная инженерия;бакалавриат;Промышленная разработка программного обеспечения;Инженерная школа информационных технологий и робототехники;Русский язык|Математика;Информатика|Физика;0;251;очно;2025;budget;https://tabiturient.ru/vuzu/tpu/proxodnoi/;3387
tpu;11.03.04;Электроника и наноэлектроника;бакалавриат;Прикладная электроника;Инженерная школа неразрушающего контроля и безопасности;Русский язык|Физика;Математика|Информатика;0;210;очно;2025;budget;https://tabiturient.ru/vuzu/tpu/proxodnoi/;3389
tpu;12.03.01;Приборостроение;бакалавриат;Интеллектуальные системы неразрушающего контроля;Инженерная школа неразрушающего контроля и безопасности;Русский язык|Физика;Математика|Информатика|Химия;0;197;очно;2025;budget;https://tabiturient.ru/vuzu/tpu/proxodnoi/;3390
tpu;12.03.02;Оптотехника;бакалавриат;Оптико-электронные приборы и системы;Инженерная школа новых производственных технологий;Русский язык|Физика;Математика|Информатика|Химия;0;198;очно;2025;budget;https://tabiturient.ru/vuzu/tpu/proxodnoi/;3391
tpu;12.03.04;Биотехнические системы и технологии;бакалавриат;Биомедицинская инженерия;Инженерная школа неразрушающего контроля и безопасности;Русский язык|Математика;Информатика|Биология|Химия|Физика;0;247;очно;2025;budget;https://tabiturient.ru/vuzu/tpu/proxodnoi/;3392
tpu;13.03.01;Теплоэнергетика и теплотехника;бакалавриат;Проектирование, эксплуатация и инжиниринг объектов атомной и тепловой энергетики;Инженерная школа энергетики;Русский язык|Физика;Математика|Информатика|Химия;0;212;очно;2025;budget;https://tabiturient.ru/vuzu/tpu/proxodnoi/;3393
tpu;13.03.02;Электроэнергетика и электротехника;бакалавриат;Управление объектами электроэнергетических систем. Мехатронные преобразователи транспортных систем и высокотехнологических производств;Инженерная школа энергетики;Русский язык|Физика;Математика|Информатика|Химия;0;202;очно;2025;budget;https://tabiturient.ru/vuzu/tpu/proxodnoi/;3395
tpu;14.03.02;Ядерные физика и технологии;бакалавриат;Ядерные физика и технологии;Инженерная школа ядерных технологий;Русский язык|Физика;Математика|Информатика|Химия;0;250;очно;2025;budget;https://tabiturient.ru/vuzu/tpu/proxodnoi/;3399
tpu;14.03.02;Ядерные физика и технологии;бакалавриат;Nuclear Science and Technology / Ядерные реакторы и энергетические установки;Инженерная школа ядерных технологий;Русский язык|Физика;Математика|Информатика|Химия;0;;;;paid_only;https://tabiturient.ru/vuzu/tpu/proxodnoi/;25174
tpu;15.03.01;Машиностроение;бакалавриат;Оборудование и высокоэффективные технологии в автоматизированном машиностроительном производстве;Инженерная школа новых производственных технологий;Русский язык|Математика;Информатика|Химия|Физика;0;211;очно;2025;budget;https://tabiturient.ru/vuzu/tpu/proxodnoi/;3402
tpu;15.03.02;Технологические машины и оборудование;бакалавриат;Машины и оборудование нефтегазового комплекса;Инженерная школа природных ресурсов;Русский язык|Математика;Информатика|Физика;0;218;очно;2025;budget;https://tabiturient.ru/vuzu/tpu/proxodnoi/;10061
tpu;15.03.04;Автоматизация технологических процессов и производств;бакалавриат;Автоматизация технологических процессов и производств;Инженерная школа информационных технологий и робототехники;Русский язык|Математика;Информатика|Химия|Физика;0;224;очно;2025;budget;https://tabiturient.ru/vuzu/tpu/proxodnoi/;3407
tpu;15.03.06;Мехатроника и робототехника;бакалавриат;Мехатроника и робототехника;Инженерная школа информационных технологий и робототехники;Русский язык|Математика;Информатика|Химия|Физика;0;234;очно;2025;budget;https://tabiturient.ru/vuzu/tpu/proxodnoi/;3409
tpu;18.03.01;Химическая технология;бакалавриат;Аналитический контроль в химической промышленности. Химический инжиниринг. Технология нефтегазопереработки и нефтегазохимии;Инженерная школа природных ресурсов;Русский язык|Химия;Математика|Информатика|Физика;0;207;очно;2025;budget;https://tabiturient.ru/vuzu/tpu/proxodnoi/;3410
tpu;19.03.01;Биотехнология;бакалавриат;Фармацевтическая биотехнология;Инженерная школа новых производственных технологий;Русский язык|Химия;Математика|Информатика|Биология|Физика;0;248;очно;2025;budget;https://tabiturient.ru/vuzu/tpu/proxodnoi/;3414
tpu;20.03.01;Техносферная безопасность;бакалавриат;Безопасность производственных процессов в нефтегазовом комплексе. Безопасность природно-техносферных систем;Инженерная школа неразрушающего контроля и безопасности;Русский язык|Математика;Информатика|Химия|Физика;0;187;очно;2025;budget;https://tabiturient.ru/vuzu/tpu/proxodnoi/;3415
tpu;21.03.01;Нефтегазовое дело;бакалавриат;Эксплуатация и обслуживание объектов транспорта и хранения нефти, газа и продуктов переработки. Разработка и эксплуатация нефтяных и газовых месторождений. Бурение нефтяных и газовых скважин;Инженерная школа природных ресурсов;Русский язык|Математика;Информатика|Физика;0;241;очно;2025;budget;https://tabiturient.ru/vuzu/tpu/proxodnoi/;3418
tpu;21.03.02;Землеустройство и кадастры;бакалавриат;Кадастровая деятельность;Инженерная школа природных ресурсов;Русский язык|Математика;Информатика|География|Химия|Физика;0;208;очно;2025;budget;https://tabiturient.ru/vuzu/tpu/proxodnoi/;3419
tpu;22.03.01;Материаловедение и технологии материалов;бакалавриат;Инженерия материалов и технологий;Инженерная школа новых производственных технологий;Русский язык|Математика;Информатика|Химия|Физика;0;202;очно;2025;budget;https://tabiturient.ru/vuzu/tpu/proxodnoi/;3425
tpu;27.03.02;Управление качеством;бакалавриат;Управление качеством и бережливое производство;Инженерная школа неразрушающего контроля и безопасности;Русский язык|Математика;Информатика|Химия|Физика;0;215;очно;2025;budget;https://tabiturient.ru/vuzu/tpu/proxodnoi/;10063
tpu;27.03.05;Инноватика;бакалавриат;Управление инновациями и технологическими проектами;Бизнес-школа;Русский язык|Математика;Информатика|Химия|Физика;0;229;очно;2025;budget;https://tabiturient.ru/vuzu/tpu/proxodnoi/;3427
tpu;38.03.01;Экономика;бакалавриат;Экономика, основанная на данных;Бизнес-школа;Русский язык|Математика;Обществознание|Иностранный язык|Информатика|История;0;251;очно;2025;budget;https://tabiturient.ru/vuzu/tpu/proxodnoi/;10065
tpu;38.03.02;Менеджмент;бакалавриат;Производственный менеджмент;Бизнес-школа;Русский язык|Математика;Обществознание|Иностранный язык|Информатика|История;0;241;очно;2025;budget;https://tabiturient.ru/vuzu/tpu/proxodnoi/;7999
tpu;43.03.02;Туризм;бакалавриат;Городской и промышленный туризм;Школа общественных наук;Русский язык|Обществознание;Иностранный язык|География|История;0;220;очно;2025;budget;https://tabiturient.ru/vuzu/tpu/proxodnoi/;25177
tpu;14.05.02;Атомные станции: проектирование, эксплуатация и инжиниринг;специалитет;Проектирование и эксплуатация атомных станций;Инженерная школа энергетики;Русский язык|Физика;Математика|Информатика|Химия;0;267;очно;2025;budget;https://tabiturient.ru/vuzu/tpu/proxodnoi/;3400
tpu;18.05.02;Химическая технология материалов современной энергетики;специалитет;Химическая технология материалов ядерного топливного цикла;Инженерная школа ядерных технологий;Русский язык|Химия;Математика|Информатика|Физика;0;219;очно;2025;budget;https://tabiturient.ru/vuzu/tpu/proxodnoi/;3413
tpu;21.05.02;Прикладная геология;специалитет;Геологическая съемка, поиски и разведка месторождений твердых полезных ископаемых. Геология нефти и газа. Поиски и разведка подземных вод и инженерно-геологические изыскания;Инженерная школа природных ресурсов;Русский язык|Математика;Информатика|География|Химия|Физика;0;221;очно;2025;budget;https://tabiturient.ru/vuzu/tpu/proxodnoi/;3420
tpu;21.05.03;Технология геологической разведки;специалитет;Геофизические методы исследования скважин;Инженерная школа природных ресурсов;Русский язык|Математика;Информатика|География|Химия|Физика;0;208;очно;2025;budget;https://tabiturient.ru/vuzu/tpu/proxodnoi/;3422
tpu;45.05.01;Перевод и переводоведение;специалитет;Технический перевод;Школа общественных наук;Русский язык|Иностранный язык;Обществознание|Информатика|История;0;277;очно;2025;budget;https://tabiturient.ru/vuzu/tpu/proxodnoi/;24201
tpu;14.05.04;Электроника и автоматика физических установок;специалитет;Автоматизация и цифровизация высокотехнологичных производств;Инженерная школа ядерных технологий;Русский язык|Физика;Математика|Информатика|Химия;0;226;очно;2025;budget;https://tabiturient.ru/vuzu/tpu/proxodnoi/;3401
tsu;01.03.01;Математика;бакалавриат;Современная математика и математическое моделирование;Механико-математический факультет;Русский язык|Математика;Информатика|Физика;0;188;очно;2025;budget;https://tabiturient.ru/vuzu/tgu/proxodnoi/;2581
tsu;01.03.02;Прикладная математика и информатика;бакалавриат;Прикладная математика искусственного интеллекта;Институт прикладной математики и компьютерных наук;Русский язык|Математика|Информатика;;0;;;;budget;https://tabiturient.ru/vuzu/tgu/proxodnoi/;26116
tsu;01.03.02;Прикладная математика и информатика;бакалавриат;Прикладная математика и инженерия цифровых проектов;Институт прикладной математики и компьютерных наук;Русский язык|Математика|Информатика;;0;205;очно;2025;budget;https://tabiturient.ru/vuzu/tgu/proxodnoi/;17212
tsu;01.03.02;Прикладная математика и информатика;бакалавриат;Математическое моделирование и информационные системы;Институт прикладной математики и компьютерных наук;Русский язык|Математика|Информатика;;0;199;очно;2025;budget;https://tabiturient.ru/vuzu/tgu/proxodnoi/;17836
tsu;01.03.03;Механика и математическое моделирование;бакалавриат;Теоретическая, вычислительная и экспериментальная механика;Механико-математический факультет;Русский язык|Математика;Информатика|Физика;0;132;очно;2025;budget;https://tabiturient.ru/vuzu/tgu/proxodnoi/;2582
tsu;02.03.01;Математика и компьютерные науки;бакалавриат;Вычислительная математика и компьютерное моделирование;Механико-математический факультет;Русский язык|Математика;Информатика|Физика;0;172;очно;2025;budget;https://tabiturient.ru/vuzu/tgu/proxodnoi/;2584
tsu;02.03.02;Фундаментальная информатика и информационные технологии;бакалавриат;Искусственный интеллект и разработка программных продуктов;Институт прикладной математики и компьютерных наук;Русский язык|Математика|Информатика;;0;226;очно;2025;budget;https://tabiturient.ru/vuzu/tgu/proxodnoi/;2585
tsu;02.03.03;Математическое обеспечение и администрирование информационных систем;бакалавриат;DevOps – инженерия в администрировании инфраструктуры ИТ-разработки;Институт прикладной математики и компьютерных наук;Русский язык|Математика;Информатика|Физика;0;218;очно;2025;budget;https://tabiturient.ru/vuzu/tgu/proxodnoi/;2587
tsu;03.03.02;Физика;бакалавриат;Медицинская и биологическая физика;Физический факультет;Русский язык|Физика;Математика|Информатика|Химия;0;179;очно;2025;budget;https://tabiturient.ru/vuzu/tgu/proxodnoi/;24593
tsu;03.03.02;Физика;бакалавриат;Фундаментальная и прикладная физика;Физический факультет;Русский язык|Физика;Математика|Информатика|Химия;0;173;очно;2025;budget;https://tabiturient.ru/vuzu/tgu/proxodnoi/;2589
tsu;03.03.03;Радиофизика;бакалавриат;Интеллектуальные системы управления и связи;Радиофизический факультет;Русский язык|Физика;Математика|Информатика|Химия;0;;;;budget;https://tabiturient.ru/vuzu/tgu/proxodnoi/;26117
tsu;04.03.01;Химия;бакалавриат;Реализуется на базе НОЦ Передовая инженерная школа «Агробиотек»;Химический факультет;Русский язык|Химия;Математика|Информатика|Биология|Физика;0;199;очно;2025;budget;https://tabiturient.ru/vuzu/tgu/proxodnoi/;2590
tsu;05.03.01;Геология;бакалавриат;Без профиля;Геолого-географический факультет;Русский язык|Математика;Информатика|География|Химия|Физика;0;186;очно;2025;budget;https://tabiturient.ru/vuzu/tgu/proxodnoi/;2591
tsu;05.03.02;География;бакалавриат;География и геоинформационные технологии;Геолого-географический факультет;Русский язык|География;Математика|Информатика|Биология|Физика;0;141;очно;2025;budget;https://tabiturient.ru/vuzu/tgu/proxodnoi/;2593
tsu;05.03.02;География;бакалавриат;Рекреационная география и туризм;Геолого-географический факультет;Русский язык|География;Математика|Информатика|Биология|Физика;0;144;очно;2025;budget;https://tabiturient.ru/vuzu/tgu/proxodnoi/;24164
tsu;05.03.04;Гидрометеорология;бакалавриат;Инженерная гидрометеорология и климатические риски;Геолого-географический факультет;Русский язык|География;Математика|Информатика|Биология|Физика;0;144;очно;2025;budget;https://tabiturient.ru/vuzu/tgu/proxodnoi/;2592
tsu;05.03.06;Экология и природопользование;бакалавриат;Рациональное природопользование и экологическая безопасность;Геолого-географический факультет;Русский язык|География;Математика|Информатика|Биология|Химия|Физика;0;;;;budget;https://tabiturient.ru/vuzu/tgu/proxodnoi/;26118
tsu;05.03.06;Экология и природопользование;бакалавриат;Экология (Ecology);Биологический институт;Русский язык|География;Математика|Информатика|Биология|Химия|Физика;0;142;очно;2025;budget;https://tabiturient.ru/vuzu/tgu/proxodnoi/;7585
tsu;06.03.01;Биология;бакалавриат;Биотехнология и биоинформатика;НОЦ ПИШ «Агробиотек»;Русский язык|Биология;Математика|Информатика|Химия|Физика;0;;;;budget;https://tabiturient.ru/vuzu/tgu/proxodnoi/;26119
tsu;06.03.01;Биология;бакалавриат;Без профиля;Биологический институт;Русский язык|Биология;Математика|Информатика|Химия|Физика;0;194;очно;2025;budget;https://tabiturient.ru/vuzu/tgu/proxodnoi/;2595
tsu;06.03.02;Почвоведение;бакалавриат;Управление земельными ресурсами;Биологический институт;Русский язык|Биология;Математика|Информатика|География|Химия|Физика;0;124;очно;2025;budget;https://tabiturient.ru/vuzu/tgu/proxodnoi/;2596
tsu;09.03.02;Информационные системы и технологии;бакалавриат;Цифровая физика: моделирование и анализ данных физики высоких энергий;Физический факультет;Русский язык|Математика;Информатика|Физика;0;185;очно;2025;budget;https://tabiturient.ru/vuzu/tgu/proxodnoi/;24594
tsu;09.03.02;Информационные системы и технологии;бакалавриат;Компьютерное моделирование в космических и геоинформационных системах;Физический факультет;Русский язык|Математика;Информатика|Физика;0;121;очно;2025;budget;https://tabiturient.ru/vuzu/tgu/proxodnoi/;2597
tsu;09.03.02;Информационные системы и технологии;бакалавриат;Программное и аппаратное обеспечение беспилотных авиационных систем;Факультет инновационных технологий;Русский язык|Математика;Информатика|Физика;0;183;очно;2025;budget;https://tabiturient.ru/vuzu/tgu/proxodnoi/;24167
tsu;09.03.04;Программная инженерия;бакалавриат;Программная инженерия и компьютерные науки;Институт прикладной математики и компьютерных наук;Русский язык|Математика|Информатика;;0;;;;budget;https://tabiturient.ru/vuzu/tgu/proxodnoi/;26120
tsu;09.03.04;Программная инженерия;бакалавриат;Software Engineering – на английском языке;НОЦ «Высшая ИТ-школа (HITs)»;Русский язык|Математика|Информатика;;0;;;;paid_only;https://tabiturient.ru/vuzu/tgu/proxodnoi/;9232
tsu;09.03.04;Программная инженерия;бакалавриат;Без профиля;НОЦ «Высшая ИТ-школа (HITs)»;Русский язык|Математика|Информатика;;0;250;очно;2025;budget;https://tabiturient.ru/vuzu/tgu/proxodnoi/;2599
tsu;10.03.01;Информационная безопасность;бакалавриат;Безопасность компьютерных систем (Не аккредитована);Институт прикладной математики и компьютерных наук;Русский язык|Математика|Информатика;;0;;;;budget;https://tabiturient.ru/vuzu/tgu/proxodnoi/;26121
tsu;12.03.02;Оптотехника;бакалавриат;Лазерные и оптико-электронные информационные комплексы;Радиофизический факультет;Русский язык|Физика;Математика|Информатика|Химия;0;152;очно;2025;budget;https://tabiturient.ru/vuzu/tgu/proxodnoi/;2600
tsu;12.03.05;Лазерная техника и лазерные технологии;бакалавриат;Инженерия лазерных и квантовых информационных систем;Радиофизический факультет;Русский язык|Физика;Математика|Информатика|Химия;0;169;очно;2025;budget;https://tabiturient.ru/vuzu/tgu/proxodnoi/;2602
tsu;15.03.03;Прикладная механика;бакалавриат;Materials Engineering (на английском языке);Физико-технический факультет;Русский язык|Математика;;0;;;;paid_only;https://tabiturient.ru/vuzu/tgu/proxodnoi/;26122
tsu;15.03.03;Прикладная механика;бакалавриат;Компьютерный инжиниринг конструкций, биомеханических систем и материалов;Физико-технический факультет;Русский язык|Математика;Информатика|Химия|Физика;0;135;очно;2025;budget;https://tabiturient.ru/vuzu/tgu/proxodnoi/;2603
tsu;15.03.06;Мехатроника и робототехника;бакалавриат;Промышленная и специальная робототехника;Физико-технический факультет;Русский язык|Математика;Информатика|Химия|Физика;0;157;очно;2025;budget;https://tabiturient.ru/vuzu/tgu/proxodnoi/;2604
tsu;16.03.01;Техническая физика;бакалавриат;Искусственный интеллект в инженерной физике;Физико-технический факультет;Русский язык|Математика|Физика;;0;185;очно;2025;budget;https://tabiturient.ru/vuzu/tgu/proxodnoi/;24595
tsu;16.03.01;Техническая физика;бакалавриат;Компьютерное моделирование в инженерной теплофизике и аэрогидродинимике;Физико-технический факультет;Русский язык|Математика|Физика;;0;170;очно;2025;budget;https://tabiturient.ru/vuzu/tgu/proxodnoi/;2605
tsu;19.03.01;Биотехнология;бакалавриат;Молекулярная инженерия;САЕ Институт «Умные материалы и технологии»;Русский язык|Химия;Математика|Информатика|Биология|Физика;0;;;;budget;https://tabiturient.ru/vuzu/tgu/proxodnoi/;26123
tsu;24.03.03;Баллистика и гидроаэродинамика;бакалавриат;Баллистика и гидроаэродинамика;Физико-технический факультет;Русский язык|Математика;Информатика|Химия|Физика;0;;;;budget;https://tabiturient.ru/vuzu/tgu/proxodnoi/;26124
tsu;24.03.03;Баллистика и гидроаэродинамика;бакалавриат;Технологии проектирования и управления беспилотными авиационными системами;Физико-технический факультет;Русский язык|Математика;Информатика|Химия|Физика;0;140;очно;2025;budget;https://tabiturient.ru/vuzu/tgu/proxodnoi/;2606
tsu;27.03.02;Управление качеством;бакалавриат;Управление качеством бизнес-процессов;Факультет инновационных технологий;Русский язык|Математика;Информатика|Физика;0;190;очно;2025;budget;https://tabiturient.ru/vuzu/tgu/proxodnoi/;2607
tsu;27.03.05;Инноватика;бакалавриат;Беспилотный мир: технологии и управление проектами;Факультет инновационных технологий;Русский язык|Математика;Информатика|Химия|Физика;0;181;очно;2025;budget;https://tabiturient.ru/vuzu/tgu/proxodnoi/;24596
tsu;27.03.05;Инноватика;бакалавриат;Управление инновациями в наукоёмких технологиях;Факультет инновационных технологий;Русский язык|Математика;Информатика|Химия|Физика;0;174;очно;2025;budget;https://tabiturient.ru/vuzu/tgu/proxodnoi/;2608
tsu;27.03.05;Инноватика;бакалавриат;"Инноватика (Tomsk International Science Program) – на англ. языке; Молекулярная инженерия (Molecular Engineering) - Реализуется совместно с Пекинским университетом химической технологии";САЕ Институт «Умные материалы и технологии»;Русский язык|Математика;Информатика|Химия|Физика;0;;;;paid_only;https://tabiturient.ru/vuzu/tgu/proxodnoi/;24168
tsu;35.03.01;Лесное дело;бакалавриат;Лесное и лесопарковое хозяйство;Биологический институт;Русский язык|Биология;Математика|Информатика|География|Химия|Физика;0;145;очно;2025;budget;https://tabiturient.ru/vuzu/tgu/proxodnoi/;2609
tsu;35.03.04;Агрономия;бакалавриат;Агробиология;НОЦ ПИШ «Агробиотек»;Русский язык|Биология;Математика|Информатика|География|Химия|Физика;0;184;очно;2025;budget;https://tabiturient.ru/vuzu/tgu/proxodnoi/;24166
tsu;35.03.06;Агроинженерия;бакалавриат;Технические системы и цифровые технологии;НОЦ ПИШ «Агробиотек»;Русский язык|Математика;Информатика|Биология|География|Химия|Физика;0;;;;budget;https://tabiturient.ru/vuzu/tgu/proxodnoi/;24597
tsu;35.03.07;Технология производства и переработки сельскохозяйственной продукции;бакалавриат;Организация производства и переработки сельхозпродукции;НОЦ ПИШ «Агробиотек»;Русский язык|Биология;Математика|Информатика|География|Химия|Физика;0;155;очно;2025;budget;https://tabiturient.ru/vuzu/tgu/proxodnoi/;24598
tsu;35.03.10;Ландшафтная архитектура;бакалавриат;Садово-парковое и ландшафтное строительство;Биологический институт;Русский язык|Биология;Математика|Информатика|География|Химия|Физика;0;199;очно;2025;budget;https://tabiturient.ru/vuzu/tgu/proxodnoi/;2610
tsu;36.03.02;Зоотехния;бакалавриат;Зооинжиниринг и биотехнологии в животноводстве;НОЦ ПИШ «Агробиотек»;Русский язык|Биология;Математика|Химия;0;;;;budget;https://tabiturient.ru/vuzu/tgu/proxodnoi/;24600
tsu;37.03.01;Психология;бакалавриат;Психология человеческого потенциала;Факультет психологии;Русский язык|Биология;Математика|Обществознание;0;235;очно;2025;budget;https://tabiturient.ru/vuzu/tgu/proxodnoi/;2612
tsu;38.03.01;Экономика;бакалавриат;"Финансовая экономика; Бизнес-аналитика";Институт экономики и менеджмента;Русский язык|Математика;Обществознание|Иностранный язык|Информатика|География|История;0;235;очно;2025;budget;https://tabiturient.ru/vuzu/tgu/proxodnoi/;2615
tsu;38.03.02;Менеджмент;бакалавриат;"Менеджмент; Предпринимательство и управление проектами";Институт экономики и менеджмента;Русский язык|Математика;Обществознание|Иностранный язык|Информатика|История;0;231;очно;2025;budget;https://tabiturient.ru/vuzu/tgu/proxodnoi/;2613
tsu;39.03.01;Социология;бакалавриат;Без профиля;Философский факультет;Русский язык|Обществознание;Математика|Иностранный язык|История;0;226;очно;2025;budget;https://tabiturient.ru/vuzu/tgu/proxodnoi/;2617
tsu;39.03.02;Социальная работа;бакалавриат;Аналитика и проектирование в социальной сфере;Философский факультет;Русский язык|Обществознание;Литература|История;0;193;очно;2025;budget;https://tabiturient.ru/vuzu/tgu/proxodnoi/;2618
tsu;39.03.03;Организация работы с молодежью;бакалавриат;Региональная молодежная элита;Центр сопровождения образовательных инициативных проектов;Русский язык|Обществознание;Литература|История;0;;;;budget;https://tabiturient.ru/vuzu/tgu/proxodnoi/;26125
tsu;39.03.03;Организация работы с молодежью;бакалавриат;Молодежная политика: глобальные вызовы, исследования и стратегии развития;Факультет психологии;Русский язык|Обществознание;Литература|История;0;220;очно;2025;budget;https://tabiturient.ru/vuzu/tgu/proxodnoi/;2616
tsu;40.03.01;Юриспруденция;бакалавриат;Без профиля;Юридический институт;Русский язык|Обществознание|История;;0;242;очно;2025;budget;https://tabiturient.ru/vuzu/tgu/proxodnoi/;2619
tsu;40.03.01;Юриспруденция;бакалавриат;Цифровой юрист;Юридический институт;Русский язык|Обществознание;Иностранный язык|Информатика|История;0;265;очно;2025;budget;https://tabiturient.ru/vuzu/tgu/proxodnoi/;20045
tsu;41.03.01;Зарубежное регионоведение;бакалавриат;Востоковедение;Факультет исторических и политических наук;Русский язык|История;Обществознание|Иностранный язык|География;0;258;очно;2025;budget;https://tabiturient.ru/vuzu/tgu/proxodnoi/;2623
tsu;41.03.02;Регионоведение России;бакалавриат;Управление территорией: проекты регионального развития;Факультет исторических и политических наук;Русский язык|История;Обществознание|География;0;223;очно;2025;budget;https://tabiturient.ru/vuzu/tgu/proxodnoi/;2622
tsu;41.03.02;Регионоведение России;бакалавриат;Сотрудничество с российскими регионами: потенциал и коммуникативные практики (для иностранных граждан);Факультет исторических и политических наук;Русский язык|История;Обществознание|География;0;;;;paid_only;https://tabiturient.ru/vuzu/tgu/proxodnoi/;4512
tsu;41.03.04;Политология;бакалавриат;Политология;Факультет исторических и политических наук;Русский язык|История;Математика|Обществознание|Иностранный язык|Информатика|География;0;237;очно;2025;budget;https://tabiturient.ru/vuzu/tgu/proxodnoi/;2620
tsu;41.03.05;Международные отношения;бакалавриат;Международные отношения и внешнеэкономическая деятельность;Факультет исторических и политических наук;Русский язык|История;Математика|Обществознание|Иностранный язык|Информатика|География;0;;;;quota_only;https://tabiturient.ru/vuzu/tgu/proxodnoi/;2621
tsu;41.03.05;Международные отношения;бакалавриат;Международные отношения;Факультет исторических и политических наук;Русский язык|История;;0;;;;paid_only;https://tabiturient.ru/vuzu/tgu/proxodnoi/;17839
tsu;42.03.01;Реклама и связи с общественностью;бакалавриат;Реклама и связи с общественностью: цифровые и сетевые коммуникации;Факультет психологии;Русский язык|Обществознание;Иностранный язык|Информатика|Литература|История;0;270;очно;2025;budget;https://tabiturient.ru/vuzu/tgu/proxodnoi/;2624
tsu;42.03.02;Журналистика;бакалавриат;Журналистика и новые медиа;Факультет журналистики;Русский язык|Литература;;1;171;очно;2025;budget;https://tabiturient.ru/vuzu/tgu/proxodnoi/;2626
tsu;42.03.03;Издательское дело;бакалавриат;Издательские технологии в медиаиндустрии;Филологический факультет;Русский язык|Обществознание;Иностранный язык|Литература|История;0;231;очно;2025;budget;https://tabiturient.ru/vuzu/tgu/proxodnoi/;2625
tsu;43.03.03;Гостиничное дело;бакалавриат;Организация и управление гостиничным бизнесом;Факультет исторических и политических наук;Русский язык|Обществознание;Иностранный язык|География|История;0;;;;budget;https://tabiturient.ru/vuzu/tgu/proxodnoi/;26126
tsu;44.03.01;Педагогическое образование;бакалавриат;Изобразительное искусство (Visual Arts);Институт искусств и культуры;Русский язык|Литература;;1;137;очно;2025;budget;https://tabiturient.ru/vuzu/tgu/proxodnoi/;2627
tsu;44.03.01;Педагогическое образование;бакалавриат;Музыкальное искусство;Институт искусств и культуры;Русский язык|Литература;;1;151;очно;2025;budget;https://tabiturient.ru/vuzu/tgu/proxodnoi/;4513
tsu;44.03.01;Педагогическое образование;бакалавриат;Русский язык как иностранный: теория и методика преподавания;Филологический факультет;Русский язык|Обществознание;Иностранный язык|Литература|История;0;202;очно;2025;budget;https://tabiturient.ru/vuzu/tgu/proxodnoi/;17842
tsu;44.03.01;Педагогическое образование;бакалавриат;Образование в новой социокультурной и цифровой реальности;Институт образования;Русский язык|Обществознание;Математика|Иностранный язык|Биология|География|Химия;0;215;очно;2025;budget;https://tabiturient.ru/vuzu/tgu/proxodnoi/;17843
tsu;45.03.01;Филология;бакалавриат;Отечественная филология (русский язык и литература);Филологический факультет;Русский язык|Литература;Обществознание|Иностранный язык|История;0;226;очно;2025;budget;https://tabiturient.ru/vuzu/tgu/proxodnoi/;2628
tsu;45.03.01;Филология;бакалавриат;Профессионально-деловая коммуникация на иностранных языках (английский и немецкий языки);Филологический факультет;Русский язык|Иностранный язык;Обществознание|Литература|История;0;241;очно;2025;budget;https://tabiturient.ru/vuzu/tgu/proxodnoi/;17840
tsu;45.03.01;Филология;бакалавриат;Русский язык;Филологический факультет;Русский язык|Литература;Иностранный язык|История;0;;;;paid_only;https://tabiturient.ru/vuzu/tgu/proxodnoi/;17841
tsu;45.03.02;Лингвистика;бакалавриат;"Теория и методика преподавания иностранных языков и культур; Перевод и переводоведение";Факультет иностранных языков;Русский язык|Иностранный язык;Обществознание|Литература|История;0;257;очно;2025;budget;https://tabiturient.ru/vuzu/tgu/proxodnoi/;2630
tsu;45.03.02;Лингвистика;бакалавриат;Культурное, языковое и социальное разнообразие. Профессиональные модули: на английском языке;Факультет иностранных языков;Русский язык|Иностранный язык;Обществознание|Литература|История;0;;;;paid_only;https://tabiturient.ru/vuzu/tgu/proxodnoi/;16970
tsu;45.03.02;Лингвистика;бакалавриат;Проектирование, управление и межкультурное взаимодействие в сфере перевода;Факультет иностранных языков;Русский язык|Иностранный язык;Обществознание|Литература|История;0;;;;paid_only;https://tabiturient.ru/vuzu/tgu/proxodnoi/;16971
tsu;45.03.03;Фундаментальная и прикладная лингвистика;бакалавриат;Без профиля;Филологический факультет;Русский язык|Иностранный язык;Математика|Информатика;0;234;очно;2025;budget;https://tabiturient.ru/vuzu/tgu/proxodnoi/;2629
tsu;46.03.01;История;бакалавриат;Полевая археология: современные методы и технологии;Факультет исторических и политических наук;Русский язык|История;Обществознание|Иностранный язык|Информатика|География|Литература;0;195;очно;2025;budget;https://tabiturient.ru/vuzu/tgu/proxodnoi/;24601
tsu;46.03.01;История;бакалавриат;Без профиля;Факультет исторических и политических наук;Русский язык|История;Обществознание|Иностранный язык|Информатика|География|Литература;0;221;очно;2025;budget;https://tabiturient.ru/vuzu/tgu/proxodnoi/;2631
tsu;46.03.02;Документоведение и архивоведение;бакалавриат;Документационное обеспечение управления организацией;Факультет исторических и политических наук;Русский язык|История;Обществознание|Иностранный язык|Информатика|География|Литература;0;205;очно;2025;budget;https://tabiturient.ru/vuzu/tgu/proxodnoi/;2633
tsu;46.03.03;Антропология и этнология;бакалавриат;Теория и практика антропологических исследований;Факультет исторических и политических наук;Русский язык|История;Обществознание|Иностранный язык|География;0;189;очно;2025;budget;https://tabiturient.ru/vuzu/tgu/proxodnoi/;2632
tsu;47.03.01;Философия;бакалавриат;Без профиля;Философский факультет;Русский язык|Обществознание;Иностранный язык|Литература|История;0;199;очно;2025;budget;https://tabiturient.ru/vuzu/tgu/proxodnoi/;2634
tsu;49.03.01;Физическая культура;бакалавриат;Технологии спортивной подготовки;Факультет физической культуры;Русский язык|Биология;;1;123;очно;2025;budget;https://tabiturient.ru/vuzu/tgu/proxodnoi/;2635
tsu;49.03.03;Рекреация и спортивно-оздоровительный туризм;бакалавриат;Разработка и управление программами в рекреации и туризме;Факультет физической культуры;Русский язык|Биология;;1;118;очно;2025;budget;https://tabiturient.ru/vuzu/tgu/proxodnoi/;2636
tsu;51.03.01;Культурология;бакалавриат;Культура России в современном мире: культурные исследования и творческие индустрии;Институт искусств и культуры;Русский язык|Обществознание;Иностранный язык|Литература|История;0;203;очно;2025;budget;https://tabiturient.ru/vuzu/tgu/proxodnoi/;2637
tsu;51.03.04;Музеология и охрана объектов культурного и природного наследия;бакалавриат;Без профиля;Институт искусств и культуры;Русский язык|История;Обществознание|Иностранный язык|География|Литература;0;186;очно;2025;budget;https://tabiturient.ru/vuzu/tgu/proxodnoi/;2639
tsu;54.03.01;Дизайн;бакалавриат;Графический дизайн;Институт искусств и культуры;Русский язык|Литература;;1;164;очно;2025;budget;https://tabiturient.ru/vuzu/tgu/proxodnoi/;2640
tsu;04.05.01;Фундаментальная и прикладная химия;специалитет;Без профиля;Химический факультет;Русский язык|Химия;Математика|Информатика|Биология|Физика;0;210;очно;2025;budget;https://tabiturient.ru/vuzu/tgu/proxodnoi/;2641
tsu;10.05.01;Компьютерная безопасность;специалитет;Анализ безопасности компьютерных систем;Институт прикладной математики и компьютерных наук;Русский язык|Математика|Информатика;;0;228;очно;2025;budget;https://tabiturient.ru/vuzu/tgu/proxodnoi/;2642
tsu;11.05.01;Радиоэлектронные системы и комплексы;специалитет;Интеллектуальные электронные системы и комплексы;Радиофизический факультет;Русский язык|Физика;Математика|Информатика|Химия;0;;;;paid_only;https://tabiturient.ru/vuzu/tgu/proxodnoi/;2643
tsu;11.05.01;Радиоэлектронные системы и комплексы;специалитет;Программное обеспечение микропроцессорных систем;Радиофизический факультет;Русский язык|Физика;Математика|Информатика|Химия;0;144;очно;2025;budget;https://tabiturient.ru/vuzu/tgu/proxodnoi/;24163
tsu;36.05.01;Ветеринария;специалитет;Без профиля;НОЦ ПИШ «Агробиотек»;Русский язык|Биология;Математика|Химия;0;210;очно;2025;budget;https://tabiturient.ru/vuzu/tgu/proxodnoi/;24599
tsu;37.05.01;Клиническая психология;специалитет;Психологическое обеспечение в чрезвычайных и экстремальных ситуациях;Факультет психологии;Русский язык|Биология;Математика|Обществознание|Химия;0;241;очно;2025;budget;https://tabiturient.ru/vuzu/tgu/proxodnoi/;2645
tsu;38.05.01;Экономическая безопасность;специалитет;Без профиля;Институт экономики и менеджмента;Русский язык|Математика;Обществознание|Информатика|История;0;236;очно;2025;budget;https://tabiturient.ru/vuzu/tgu/proxodnoi/;2646
tsu;40.05.01;Правовое обеспечение национальной безопасности;специалитет;Уголовно-правовая;Юридический институт;Русский язык|Обществознание|История;;0;229;очно;2025;budget;https://tabiturient.ru/vuzu/tgu/proxodnoi/;4511
tsu;45.05.01;Перевод и переводоведение;специалитет;Лингвистическое обеспечение межгосударственных отношений;Факультет иностранных языков;Русский язык|Иностранный язык;Обществознание|Информатика|История;0;249;очно;2025;budget;https://tabiturient.ru/vuzu/tgu/proxodnoi/;7984
tsu;45.05.01;Перевод и переводоведение;специалитет;Моделирование перевода (ФИЯ / НОЦ);Факультет иностранных языков;Русский язык|Иностранный язык;Обществознание|Информатика|История;0;236;очно;2025;budget;https://tabiturient.ru/vuzu/tgu/proxodnoi/;24169
tsu;45.05.01;Перевод и переводоведение;специалитет;Лингвистическое обеспечение военной деятельности - Целевые места Минобороны;Военный учебный центр;Русский язык|Иностранный язык;Обществознание|Информатика|История;0;;;;paid_only;https://tabiturient.ru/vuzu/tgu/proxodnoi/;27109
tsu;52.05.04;Литературное творчество;специалитет;Литературный работник;Филологический факультет;Русский язык|Литература;;1;136;очно;2025;budget;https://tabiturient.ru/vuzu/tgu/proxodnoi/;2648
tsu;53.05.01;Искусство концертного исполнительства;специалитет;Фортепиано;Институт искусств и культуры;Русский язык|Литература;;1;;;;paid_only;https://tabiturient.ru/vuzu/tgu/proxodnoi/;2650
tsu;53.05.02;Художественное руководство оперно-симфоническим оркестром и академическим хором;специалитет;Художественное руководство академическим хором;Институт искусств и культуры;Русский язык|Литература;;1;;;;paid_only;https://tabiturient.ru/vuzu/tgu/proxodnoi/;2649
tsu;53.05.04;Музыкально-театральное искусство;специалитет;Искусство оперного пения;Институт искусств и культуры;Русский язык|Литература;;1;136;очно;2025;budget;https://tabiturient.ru/vuzu/tgu/proxodnoi/;2651
tsu;54.05.03;Графика;специалитет;Художественная графика (оформление печатной продукции);Институт искусств и культуры;Русский язык|Литература;;1;161;очно;2025;budget;https://tabiturient.ru/vuzu/tgu/proxodnoi/;2652
rsmu;30.05.01;Медицинская биохимия;специалитет;Без профиля;Медико-биологический факультет;Русский язык|Химия;Математика|Биология;0;273;очно;2025;budget;https://tabiturient.ru/vuzu/rnimu/proxodnoi/;1777
rsmu;30.05.02;Медицинская биофизика;специалитет;Без профиля;Медико-биологический факультет;Русский язык|Физика;Математика|Биология;0;256;очно;2025;budget;https://tabiturient.ru/vuzu/rnimu/proxodnoi/;1778
rsmu;30.05.03;Медицинская кибернетика;специалитет;Биоинформатика;Медико-биологический факультет;Русский язык|Математика;Информатика|Биология;0;270;очно;2025;budget;https://tabiturient.ru/vuzu/rnimu/proxodnoi/;17508
rsmu;30.05.03;Медицинская кибернетика;специалитет;Медицинская информатика;Медико-биологический факультет;Русский язык|Математика|Биология;;0;251;очно;2025;budget;https://tabiturient.ru/vuzu/rnimu/proxodnoi/;1779
rsmu;31.05.01;Лечебное дело;специалитет;Фундаментальная медицина;Медико-биологический факультет;Русский язык|Биология|Химия;;0;263;очно;2025;budget;https://tabiturient.ru/vuzu/rnimu/proxodnoi/;17205
rsmu;31.05.01;Лечебное дело;специалитет;«Ars Medica»;Медико-биологический факультет;Русский язык|Биология|Химия;;0;279;очно;2025;budget;https://tabiturient.ru/vuzu/rnimu/proxodnoi/;26040
rsmu;31.05.01;Лечебное дело;специалитет;«Практическая медицина» с использованием языка-посредника (для иностранных граждан и лиц без гражданства);Медико-биологический факультет;Русский язык|Биология|Химия;;0;;;;paid_only;https://tabiturient.ru/vuzu/rnimu/proxodnoi/;26041
rsmu;31.05.01;Лечебное дело;специалитет;Без профиля;Лечебный факультет;Русский язык|Биология|Химия;;0;271;очно;2025;budget;https://tabiturient.ru/vuzu/rnimu/proxodnoi/;1773
rsmu;31.05.02;Педиатрия;специалитет;Фундаментальная педиатрия;Педиатрический факультет;Русский язык|Биология|Химия;;0;264;очно;2025;budget;https://tabiturient.ru/vuzu/rnimu/proxodnoi/;27431
rsmu;31.05.02;Педиатрия;специалитет;Без профиля;Педиатрический факультет;Русский язык|Биология|Химия;;0;263;очно;2025;budget;https://tabiturient.ru/vuzu/rnimu/proxodnoi/;1774
rsmu;31.05.03;Стоматология;специалитет;«Стоматология» с использованием языка-посредника (для иностранных граждан и лиц без гражданства);Стоматологический факультет;Русский язык|Биология|Химия;;0;;;;paid_only;https://tabiturient.ru/vuzu/rnimu/proxodnoi/;26039
rsmu;31.05.03;Стоматология;специалитет;Без профиля;Стоматологический факультет;Русский язык|Биология|Химия;;0;;;;quota_only;https://tabiturient.ru/vuzu/rnimu/proxodnoi/;1775
rsmu;33.05.01;Фармация;специалитет;«Фармация» с использованием языка-посредника (для иностранных граждан и лиц без гражданства);Медико-биологический факультет;Русский язык|Биология|Химия;;0;;;;paid_only;https://tabiturient.ru/vuzu/rnimu/proxodnoi/;26038
rsmu;33.05.01;Фармация;специалитет;Без профиля;Медико-биологический факультет;Русский язык|Биология|Химия;;0;261;очно;2025;budget;https://tabiturient.ru/vuzu/rnimu/proxodnoi/;1776
rsmu;37.05.01;Клиническая психология;специалитет;Клиническая психология в здравоохранении;Институт клинической психологии и социальной работы;Русский язык|Биология;Математика|Обществознание;0;266;очно;2025;budget;https://tabiturient.ru/vuzu/rnimu/proxodnoi/;1780
rsmu;37.05.02;Психология служебной деятельности;специалитет;Психология безопасности;Институт клинической психологии и социальной работы;Русский язык|Биология;Математика|Обществознание;0;243;очно;2025;budget;https://tabiturient.ru/vuzu/rnimu/proxodnoi/;22962
rsmu;06.05.02;Фундаментальная и прикладная биология;специалитет;Биомедицина;Медико-биологический факультет;Русский язык|Математика|Биология;;0;280;очно;2025;budget;https://tabiturient.ru/vuzu/rnimu/proxodnoi/;22963
mai;01.03.02;Прикладная математика и информатика;бакалавриат;Информатика;Институт «Компьютерные науки и прикладная математика»;Русский язык|Математика;Информатика|Физика;0;289;очно;2025;budget;https://tabiturient.ru/vuzu/mai/proxodnoi/;2270
mai;01.03.04;Прикладная математика;бакалавриат;"Математическое и компьютерное моделирование в механике; Статистический анализ и оптимизация сложных технических и экономических систем; Математическое и программное обеспечение систем обработки информации и управления";Институт «Компьютерные науки и прикладная математика»;Русский язык|Математика;Информатика|Физика;0;283;очно;2025;budget;https://tabiturient.ru/vuzu/mai/proxodnoi/;2269
mai;02.03.02;Фундаментальная информатика и информационные технологии;бакалавриат;Информатика и компьютерные науки;Институт «Компьютерные науки и прикладная математика»;Русский язык|Математика;Информатика|Физика;0;283;очно;2025;budget;https://tabiturient.ru/vuzu/mai/proxodnoi/;2268
mai;05.03.06;Экология и природопользование;бакалавриат;Экологическая безопасность аэрокосмической деятельности;Институт «Аэрокосмический»;Русский язык|География;Математика|Биология;0;200;очно;2025;budget;https://tabiturient.ru/vuzu/mai/proxodnoi/;2267
mai;09.03.01;Информатика и вычислительная техника;бакалавриат;Программные системы цифровизации организаций;Институт «Аэрокосмический»;Русский язык|Математика;Информатика|Физика;0;253;очно;2025;budget;https://tabiturient.ru/vuzu/mai/proxodnoi/;8745
mai;09.03.01;Информатика и вычислительная техника;бакалавриат;"Вычислительные машины, комплексы, системы и сети; Программное обеспечение средств вычислительной техники и автоматизированных систем; Автоматизированное управление бизнес-процессами и финансами и др.";Институт «Системы управления, информатика и электроэнергетика»;Русский язык|Математика;Информатика|Физика;0;253;очно;2025;budget;https://tabiturient.ru/vuzu/mai/proxodnoi/;20932
mai;09.03.02;Информационные системы и технологии;бакалавриат;Без профиля;Институт «Системы управления, информатика и электроэнергетика»;Русский язык|Математика;Информатика|Физика;0;268;очно;2025;budget;https://tabiturient.ru/vuzu/mai/proxodnoi/;2265
mai;09.03.03;Прикладная информатика;бакалавриат;Прикладная информатика в технических системах;Институт «Системы управления, информатика и электроэнергетика»;Русский язык|Математика;Информатика|Физика;0;263;очно;2025;budget;https://tabiturient.ru/vuzu/mai/proxodnoi/;2264
mai;09.03.04;Программная инженерия;бакалавриат;Программно-информационные системы;Институт «Системы управления, информатика и электроэнергетика»;Русский язык|Математика;Информатика|Физика;0;290;очно;2025;budget;https://tabiturient.ru/vuzu/mai/proxodnoi/;2263
mai;10.03.01;Информационная безопасность;бакалавриат;Безопасность телекоммуникационных систем;Институт «Радиоэлектроника, инфокоммуникации и информационная безопасность»;Русский язык|Математика;Информатика|Физика;0;;;;paid_only;https://tabiturient.ru/vuzu/mai/proxodnoi/;2262
mai;12.03.04;Биотехнические системы и технологии;бакалавриат;Инженерное дело в аэрокосмической медицине;Институт «Аэрокосмический»;Русский язык|Математика;Информатика|Физика;0;252;очно;2025;budget;https://tabiturient.ru/vuzu/mai/proxodnoi/;8746
mai;12.03.04;Биотехнические системы и технологии;бакалавриат;Инженерное дело в медико-биологической практике и биотехнических системах;Институт «Общеинженерная подготовка»;Русский язык|Математика;Информатика|Физика;0;252;очно;2025;budget;https://tabiturient.ru/vuzu/mai/proxodnoi/;8753
mai;12.03.04;Биотехнические системы и технологии;бакалавриат;Биотехнические и медицинские аппараты и системы;Институт «Системы управления, информатика и электроэнергетика»;Русский язык|Математика;Информатика|Физика;0;252;очно;2025;budget;https://tabiturient.ru/vuzu/mai/proxodnoi/;2257
mai;12.03.04;Биотехнические системы и технологии;бакалавриат;Материалы и технологии в биотехнических системах;Институт «Материаловедение и технологии материалов»;Русский язык|Математика;Информатика|Физика;0;252;очно;2025;budget;https://tabiturient.ru/vuzu/mai/proxodnoi/;20945
mai;13.03.01;Теплоэнергетика и теплотехника;бакалавриат;Тепловые процессы в авиационной и ракетно-космической технике;Институт «Авиационные, ракетные двигатели и энергетические установки»;Русский язык|Физика;Математика|Информатика;0;242;очно;2025;budget;https://tabiturient.ru/vuzu/mai/proxodnoi/;19230
mai;13.03.02;Электроэнергетика и электротехника;бакалавриат;"Информационные технологии в электроэнергетических и электромеханических системах; Электрооборудование летательных аппаратов";Институт «Системы управления, информатика и электроэнергетика»;Русский язык|Физика;Математика|Информатика;0;246;очно;2025;budget;https://tabiturient.ru/vuzu/mai/proxodnoi/;2255
mai;15.03.03;Прикладная механика;бакалавриат;Моделирование в динамике и прочность конструкций;Институт «Аэрокосмический»;Русский язык|Математика;Информатика|Физика;0;258;очно;2025;budget;https://tabiturient.ru/vuzu/mai/proxodnoi/;2254
mai;22.03.01;Материаловедение и технологии материалов;бакалавриат;Материаловедение и технология новых материалов;Институт «Материаловедение и технологии материалов»;Русский язык|Математика;Информатика|Физика;0;;;;budget;https://tabiturient.ru/vuzu/mai/proxodnoi/;2251
mai;22.03.02;Металлургия;бакалавриат;Наукоёмкие технологии металлургических процессов;Институт «Материаловедение и технологии материалов»;Русский язык|Математика;Информатика|Физика;0;;;;budget;https://tabiturient.ru/vuzu/mai/proxodnoi/;2250
mai;24.03.04;Авиастроение;бакалавриат;Комплексное проектирование жизненного цикла изделия;Институт «Передовая инженерная школа»;Русский язык|Математика;Информатика|Физика;0;252;очно;2025;budget;https://tabiturient.ru/vuzu/mai/proxodnoi/;8754
mai;25.03.01;Техническая эксплуатация летательных аппаратов и двигателей;бакалавриат;Конструкция, технология эксплуатации и ремонта авиационной техники;Институт «Аэрокосмические наукоёмкие технологии и производства»;Русский язык|Математика;Информатика|Физика;0;223;очно;2025;budget;https://tabiturient.ru/vuzu/mai/proxodnoi/;19231
mai;27.03.03;Системный анализ и управление;бакалавриат;"Моделирование и исследование операций в аэрокосмических системах; Системный анализ в области информатизации организаций";Институт «Аэрокосмический»;Русский язык|Математика;Информатика|Физика;0;228;очно;2025;budget;https://tabiturient.ru/vuzu/mai/proxodnoi/;8748
mai;27.03.03;Системный анализ и управление;бакалавриат;"Информационно-управляющие системы летательных аппаратов; Моделирование и исследование операций в авиационных организационно-технических системах";Институт «Робототехнические и интеллектуальные системы»;Русский язык|Математика;Информатика|Физика;0;228;очно;2025;budget;https://tabiturient.ru/vuzu/mai/proxodnoi/;8752
mai;27.03.04;Управление в технических системах;бакалавриат;"Управление и информатика в технических системах; Информационные технологии в управлении";Институт «Системы управления, информатика и электроэнергетика»;Русский язык|Математика;Информатика|Физика;0;254;очно;2025;budget;https://tabiturient.ru/vuzu/mai/proxodnoi/;2241
mai;27.03.05;Инноватика;бакалавриат;Управление инновациями;Институт «Системы управления, информатика и электроэнергетика»;Русский язык|Математика;Информатика|Физика;0;253;очно;2025;budget;https://tabiturient.ru/vuzu/mai/proxodnoi/;2240
mai;38.03.01;Экономика;бакалавриат;"Экономика фирмы; Экономика и управление проектами";Институт «Экономика и менеджмент высокотехнологичной индустрии»;Русский язык|Математика;Обществознание|Иностранный язык;0;259;очно;2025;budget;https://tabiturient.ru/vuzu/mai/proxodnoi/;2491
mai;38.03.02;Менеджмент;бакалавриат;Менеджмент и маркетинг цифрового предприятия;Институт «Экономика и менеджмент высокотехнологичной индустрии»;Русский язык|Математика;Обществознание|Иностранный язык;0;259;очно;2025;budget;https://tabiturient.ru/vuzu/mai/proxodnoi/;20948
mai;38.03.03;Управление персоналом;бакалавриат;Без профиля;Институт «Экономика и менеджмент высокотехнологичной индустрии»;Русский язык|Математика;Обществознание|Иностранный язык;0;;;;paid_only;https://tabiturient.ru/vuzu/mai/proxodnoi/;18878
mai;38.03.04;Государственное и муниципальное управление;бакалавриат;Управление государственной и муниципальной собственностью;Институт «Экономика и менеджмент высокотехнологичной индустрии»;Русский язык|Обществознание;Математика|Иностранный язык;0;;;;paid_only;https://tabiturient.ru/vuzu/mai/proxodnoi/;18879
mai;38.03.05;Бизнес-информатика;бакалавриат;Бизнес-аналитика и информатика;Институт «Системы управления, информатика и электроэнергетика»;Русский язык|Математика;Обществознание|Информатика;0;;;;budget;https://tabiturient.ru/vuzu/mai/proxodnoi/;9794
mai;42.03.01;Реклама и связи с общественностью;бакалавриат;Цифровые коммуникации и искусственный интеллект в рекламе и связях с общественностью;Институт «Иностранные языки»;Русский язык|Обществознание;Иностранный язык|Информатика;0;;;;paid_only;https://tabiturient.ru/vuzu/mai/proxodnoi/;2231
mai;45.03.02;Лингвистика;бакалавриат;Перевод и переводоведение в аэрокосмической отрасли;Институт «Иностранные языки»;Русский язык|Иностранный язык;Обществознание|История;0;;;;paid_only;https://tabiturient.ru/vuzu/mai/proxodnoi/;2230
mai;10.05.02;Информационная безопасность телекоммуникационных систем;специалитет;Информационная безопасность аэрокосмических телекоммуникационных систем;Институт «Радиоэлектроника, инфокоммуникации и информационная безопасность»;Русский язык|Математика;Информатика|Физика;0;239;очно;2025;budget;https://tabiturient.ru/vuzu/mai/proxodnoi/;2229
mai;11.05.01;Радиоэлектронные системы и комплексы;специалитет;"Радиосистемы управления и передачи информации; Информационные технологии проектирования радиоэлектронных систем; Радиоэлектронная борьба и др.";Институт «Радиоэлектроника, инфокоммуникации и информационная безопасность»;Русский язык|Физика;Математика|Информатика;0;208;очно;2025;budget;https://tabiturient.ru/vuzu/mai/proxodnoi/;2228
mai;24.05.01;Проектирование, производство и эксплуатация ракет и ракетно-космических комплексов;специалитет;"Аэрокосмическая техника; Прочность аэрокосмических конструкций; Проектирование авиационно-ракетных систем; Цифровые технологии управления полётом и др.";Институт «Аэрокосмический»;Русский язык|Математика;Информатика|Физика;0;241;очно;2025;budget;https://tabiturient.ru/vuzu/mai/proxodnoi/;2227
mai;24.05.02;Проектирование авиационных и ракетных двигателей;специалитет;"Проектирование авиационных двигателей; Проектирование жидкостных ракетных двигателей; Тепловое проектирование двигательных и энергетических систем и др.";Институт «Авиационные, ракетные двигатели и энергетические установки»;Русский язык|Математика;Информатика|Физика;0;226;очно;2025;budget;https://tabiturient.ru/vuzu/mai/proxodnoi/;2226
mai;24.05.05;Интегрированные системы летательных аппаратов;специалитет;"Робототехнические системы вооружения летательных аппаратов; Системы приводов летательных аппаратов; Системное проектирование авиационных комплексов и др.";Институт «Робототехнические и интеллектуальные системы»;Русский язык|Математика;Информатика|Физика;0;237;очно;2025;budget;https://tabiturient.ru/vuzu/mai/proxodnoi/;8750
mai;24.05.05;Интегрированные системы летательных аппаратов;специалитет;"Робототехнические системы авиационного вооружения; Системы приводов летательных аппаратов";Институт «Робототехнические и интеллектуальные системы»;Русский язык|Математика;Информатика|Физика;0;;;;paid_only;https://tabiturient.ru/vuzu/mai/proxodnoi/;20949
mai;24.05.06;Системы управления летательными аппаратами;специалитет;Системы управления беспилотными летательными аппаратами;Институт «Робототехнические и интеллектуальные системы»;Русский язык|Математика;Информатика|Физика;0;234;очно;2025;budget;https://tabiturient.ru/vuzu/mai/proxodnoi/;8751
mai;24.05.06;Системы управления летательными аппаратами;специалитет;"Системы интеллектуального управления летательными аппаратами; Управляющие пилотажно-навигационные комплексы летательных аппаратов и др.";Институт «Системы управления, информатика и электроэнергетика»;Русский язык|Математика;Информатика|Физика;0;234;очно;2025;budget;https://tabiturient.ru/vuzu/mai/proxodnoi/;2223
mai;24.05.07;Самолето- и вертолетостроение;специалитет;Системы жизнеобеспечения и оборудования летательных аппаратов;Институт «Авиационная техника»;Русский язык|Математика;Информатика|Физика;0;;;;paid_only;https://tabiturient.ru/vuzu/mai/proxodnoi/;24874
mai;24.05.07;Самолето- и вертолетостроение;специалитет;"Самолётостроение; Системы жизнеобеспечения и оборудования летательных аппаратов; Нормирование лётной годности и сертификация авиационной техники и др.";Институт «Авиационная техника»;Русский язык|Математика;Информатика|Физика;0;259;очно;2025;budget;https://tabiturient.ru/vuzu/mai/proxodnoi/;2222
sfu;01.03.01;Математика;бакалавриат;Математический анализ, алгебра и логика;Институт математики и фундаментальной информатики;Русский язык|Математика;Информатика|Физика;0;191;очно;2025;budget;https://tabiturient.ru/vuzu/sfu/proxodnoi/;3523
sfu;01.03.02;Прикладная математика и информатика;бакалавриат;Без профиля;Институт математики и фундаментальной информатики;Русский язык|Математика;Информатика|Физика;0;202;очно;2025;budget;https://tabiturient.ru/vuzu/sfu/proxodnoi/;3524
sfu;01.03.04;Прикладная математика;бакалавриат;Без профиля;Институт космических и информационных технологий;Русский язык|Математика;Информатика|Физика;0;189;очно;2025;budget;https://tabiturient.ru/vuzu/sfu/proxodnoi/;3525
sfu;02.03.01;Математика и компьютерные науки;бакалавриат;Математическое и компьютерное моделирование;Институт математики и фундаментальной информатики;Русский язык|Математика;Информатика|Физика;0;193;очно;2025;budget;https://tabiturient.ru/vuzu/sfu/proxodnoi/;3526
sfu;03.03.02;Физика;бакалавриат;"Теоретическая и прикладная физика; Физика перспективных технологий";Институт инженерной физики и радиоэлектроники;Русский язык|Физика;Математика|Информатика;0;171;очно;2025;budget;https://tabiturient.ru/vuzu/sfu/proxodnoi/;3527
sfu;03.03.02;Физика;бакалавриат;Биохимическая физика;Институт фундаментальной биологии и биотехнологии;Русский язык|Физика;Математика|Информатика;0;121;очно;2025;budget;https://tabiturient.ru/vuzu/sfu/proxodnoi/;3528
sfu;04.03.01;Химия;бакалавриат;Физическая химия;Институт цветных металлов;Русский язык|Химия;Математика|Биология;0;202;очно;2025;budget;https://tabiturient.ru/vuzu/sfu/proxodnoi/;3529
sfu;05.03.02;География;бакалавриат;Физическая география и ландшафтоведение;Институт экологии и географии;Русский язык|География;Математика|Информатика;0;171;очно;2025;budget;https://tabiturient.ru/vuzu/sfu/proxodnoi/;10311
sfu;05.03.06;Экология и природопользование;бакалавриат;"Природопользование; Биологические ресурсы";Институт экологии и географии;Русский язык|Биология;Математика|География;0;145;очно;2025;budget;https://tabiturient.ru/vuzu/sfu/proxodnoi/;3532
sfu;06.03.01;Биология;бакалавриат;Без профиля;Институт фундаментальной биологии и биотехнологии;Русский язык|Биология;Математика|Химия;0;156;очно;2025;budget;https://tabiturient.ru/vuzu/sfu/proxodnoi/;3533
sfu;07.03.01;Архитектура;бакалавриат;Без профиля;Институт архитектуры и дизайна;Русский язык|Математика;;1;159;очно;2025;budget;https://tabiturient.ru/vuzu/sfu/proxodnoi/;3534
sfu;07.03.02;Реконструкция и реставрация архитектурного наследия;бакалавриат;Без профиля;Институт архитектуры и дизайна;Русский язык|Математика;;1;169;очно;2025;budget;https://tabiturient.ru/vuzu/sfu/proxodnoi/;24147
sfu;07.03.03;Дизайн архитектурной среды;бакалавриат;Без профиля;Институт архитектуры и дизайна;Русский язык|Математика;;1;151;очно;2025;budget;https://tabiturient.ru/vuzu/sfu/proxodnoi/;3535
sfu;07.03.04;Градостроительство;бакалавриат;Без профиля;Институт архитектуры и дизайна;Русский язык|Математика;;1;144;очно;2025;budget;https://tabiturient.ru/vuzu/sfu/proxodnoi/;3536
sfu;08.03.01;Строительство;бакалавриат;"Техническая эксплуатация объектов ЖКХ; Промышленное и гражданское строительство; Проектирование зданий; Системы жизнеобеспечения зданий и сооружений; Производство и применение строительных материалов, изделий и конструкций; Организация инвестиционно-строи";Инженерно-строительный институт;Русский язык|Математика;Информатика|Физика;0;190;очно;2025;budget;https://tabiturient.ru/vuzu/sfu/proxodnoi/;3537
sfu;09.03.01;Информатика и вычислительная техника;бакалавриат;Без профиля;Институт космических и информационных технологий;Русский язык|Математика;Информатика|Физика;0;203;очно;2025;budget;https://tabiturient.ru/vuzu/sfu/proxodnoi/;3540
sfu;09.03.02;Информационные системы и технологии;бакалавриат;Разработка компьютерных игр и приложений;Институт космических и информационных технологий;Русский язык|Математика;Информатика|Физика;0;234;очно;2025;budget;https://tabiturient.ru/vuzu/sfu/proxodnoi/;25188
sfu;09.03.02;Информационные системы и технологии;бакалавриат;Информационные системы и технологии;Институт космических и информационных технологий;Русский язык|Математика;Информатика|Физика;0;211;очно;2025;budget;https://tabiturient.ru/vuzu/sfu/proxodnoi/;3542
sfu;09.03.03;Прикладная информатика;бакалавриат;Прикладная информатика: цифровая экономика;Институт управления бизнес-процессами;Русский язык|Математика;Информатика|Физика;0;213;очно;2025;budget;https://tabiturient.ru/vuzu/sfu/proxodnoi/;24148
sfu;09.03.03;Прикладная информатика;бакалавриат;Прикладная информатика: цифровые модели управления;Институт управления бизнес-процессами;Русский язык|Математика;Информатика|Физика;0;225;заочно;2025;budget;https://tabiturient.ru/vuzu/sfu/proxodnoi/;17844
sfu;09.03.03;Прикладная информатика;бакалавриат;Прикладная информатика в искусстве и интерактивных меди;Гуманитарный институт;Русский язык|Математика;Информатика|Физика;0;216;очно;2025;budget;https://tabiturient.ru/vuzu/sfu/proxodnoi/;17849
sfu;09.03.03;Прикладная информатика;бакалавриат;Интернет технологии и мобильные приложения;Институт космических и информационных технологий;Русский язык|Математика;Информатика|Физика;0;225;очно;2025;budget;https://tabiturient.ru/vuzu/sfu/proxodnoi/;3543
sfu;09.03.04;Программная инженерия;бакалавриат;Без профиля;Институт космических и информационных технологий;Русский язык|Математика;Информатика|Физика;0;236;очно;2025;budget;https://tabiturient.ru/vuzu/sfu/proxodnoi/;3544
sfu;10.03.01;Информационная безопасность;бакалавриат;Безопасность компьютерных систем;Институт космических и информационных технологий;Русский язык|Математика;Информатика|Физика;0;214;очно;2025;budget;https://tabiturient.ru/vuzu/sfu/proxodnoi/;3545
sfu;11.03.01;Радиотехника;бакалавриат;Без профиля;Институт инженерной физики и радиоэлектроники;Русский язык|Физика;Математика|Информатика;0;;;;budget;https://tabiturient.ru/vuzu/sfu/proxodnoi/;27154
sfu;11.03.01;Радиотехника;бакалавриат;"Радиотехника и роботизированные комплексы; Цифровая радиотехника";Институт инженерной физики и радиоэлектроники;Русский язык|Физика;Математика|Информатика;0;170;очно;2025;budget;https://tabiturient.ru/vuzu/sfu/proxodnoi/;3548
sfu;11.03.02;Инфокоммуникационные технологии и системы связи;бакалавриат;Без профиля;Институт инженерной физики и радиоэлектроники;Русский язык|Математика;Информатика|Физика;0;181;очно;2025;budget;https://tabiturient.ru/vuzu/sfu/proxodnoi/;10312
sfu;11.03.03;Конструирование и технология электронных средств;бакалавриат;Проектирование и технология радиоэлектронных средств;Институт инженерной физики и радиоэлектроники;Русский язык|Физика;Математика|Информатика;0;162;очно;2025;budget;https://tabiturient.ru/vuzu/sfu/proxodnoi/;3550
sfu;12.03.03;Фотоника и оптоинформатика;бакалавриат;Оптоэлектронные и волоконные системы;Институт инженерной физики и радиоэлектроники;Русский язык|Физика;Математика|Информатика;0;154;очно;2025;budget;https://tabiturient.ru/vuzu/sfu/proxodnoi/;24149
sfu;13.03.01;Теплоэнергетика и теплотехника;бакалавриат;Без профиля;Политехнический институт;Русский язык|Физика;Математика|Информатика;0;;;;budget;https://tabiturient.ru/vuzu/sfu/proxodnoi/;27155
sfu;13.03.01;Теплоэнергетика и теплотехника;бакалавриат;"Теплоэнергетика и теплотехника; Промышленная теплоэнергетика";Политехнический институт;Русский язык|Физика;Математика|Информатика;0;166;очно;2025;budget;https://tabiturient.ru/vuzu/sfu/proxodnoi/;3556
sfu;13.03.02;Электроэнергетика и электротехника;бакалавриат;"Электроэнергетика; Электротехника";Политехнический институт;Русский язык|Физика;Математика|Информатика;0;174;очно;2025;budget;https://tabiturient.ru/vuzu/sfu/proxodnoi/;3557
sfu;15.03.01;Машиностроение;бакалавриат;Сварочное производство;Политехнический институт;Русский язык|Математика;Информатика|Физика;0;154;очно;2025;budget;https://tabiturient.ru/vuzu/sfu/proxodnoi/;3559
sfu;15.03.02;Технологические машины и оборудование;бакалавриат;Технологические машины и оборудование нефтегазовых производств;Институт нефти и газа;Русский язык|Математика;Информатика|Физика;0;180;очно;2025;budget;https://tabiturient.ru/vuzu/sfu/proxodnoi/;4613
sfu;15.03.02;Технологические машины и оборудование;бакалавриат;Металлургические машины и оборудование;Институт горного дела, геологии и геотехнологий;Русский язык|Математика;Информатика|Физика;0;215;заочно;2025;budget;https://tabiturient.ru/vuzu/sfu/proxodnoi/;4619
sfu;15.03.03;Прикладная механика;бакалавриат;Вычислительная механика и компьютерный инжиниринг;Политехнический институт;Русский язык|Математика;Информатика|Физика;0;175;очно;2025;budget;https://tabiturient.ru/vuzu/sfu/proxodnoi/;24150
sfu;15.03.04;Автоматизация технологических процессов и производств;бакалавриат;Автоматизация проектно-производственной деятельности промышленных предприятий;Институт космических и информационных технологий;Русский язык|Математика;Информатика|Физика;0;208;очно;2025;budget;https://tabiturient.ru/vuzu/sfu/proxodnoi/;3561
sfu;15.03.04;Автоматизация технологических процессов и производств;бакалавриат;Автоматизация технологических процессов и производств (в металлургии);Институт цветных металлов;Русский язык|Математика;Информатика|Физика;0;176;очно;2025;budget;https://tabiturient.ru/vuzu/sfu/proxodnoi/;3562
sfu;15.03.05;Конструкторско-технологическое обеспечение машиностроительных производств;бакалавриат;Без профиля;Политехнический институт;Русский язык|Математика;Информатика|Физика;0;200;очно;2025;budget;https://tabiturient.ru/vuzu/sfu/proxodnoi/;3563
sfu;15.03.06;Мехатроника и робототехника;бакалавриат;Без профиля;Политехнический институт;Русский язык|Математика;Информатика|Физика;0;200;очно;2025;budget;https://tabiturient.ru/vuzu/sfu/proxodnoi/;3564
sfu;18.03.01;Химическая технология;бакалавриат;Химическая технология нефти и газа;Институт нефти и газа;Русский язык|Химия;Математика|Физика;0;243;очно;2025;budget;https://tabiturient.ru/vuzu/sfu/proxodnoi/;3566
sfu;19.03.02;Продукты питания из растительного сырья;бакалавриат;Технологии хлеба, хлебобулочных и кондитерских изделий;Институт торговли и сферы услуг;Русский язык|Математика;Биология|Химия|Физика;0;;;;budget;https://tabiturient.ru/vuzu/sfu/proxodnoi/;19355
sfu;19.03.03;Продукты питания животного происхождения;бакалавриат;Экспертиза, контроль качества и безопасности пищевых продуктов;Институт торговли и сферы услуг;Русский язык|Математика;Биология|Химия|Физика;0;;;;budget;https://tabiturient.ru/vuzu/sfu/proxodnoi/;24145
sfu;19.03.04;Технология продукции и организация общественного питания;бакалавриат;Без профиля;Институт торговли и сферы услуг;Русский язык|Математика;Биология|Химия|Физика;0;126;очно;2025;budget;https://tabiturient.ru/vuzu/sfu/proxodnoi/;3567
sfu;20.03.01;Техносферная безопасность;бакалавриат;Безопасность жизнедеятельности в техносфере;Институт цветных металлов;Русский язык|Математика;Информатика|Химия|Физика;0;154;очно;2025;budget;https://tabiturient.ru/vuzu/sfu/proxodnoi/;4614
sfu;20.03.01;Техносферная безопасность;бакалавриат;Без профиля;Политехнический институт;Русский язык|Математика;Информатика|Химия|Физика;0;178;очно;2025;budget;https://tabiturient.ru/vuzu/sfu/proxodnoi/;3568
sfu;20.03.02;Природообустройство и водопользование;бакалавриат;Инженерные системы сельскохозяйственного водоснабжения, обводнения и водоотведения;Инженерно-строительный институт;Русский язык|Математика;Информатика|Химия|Физика;0;171;очно;2025;budget;https://tabiturient.ru/vuzu/sfu/proxodnoi/;3569
sfu;21.03.01;Нефтегазовое дело;бакалавриат;Эксплуатация и обслуживание объектов добычи нефти и газа;Институт нефти и газа;Русский язык|Математика;Информатика|Физика;0;;;;budget;https://tabiturient.ru/vuzu/sfu/proxodnoi/;27156
sfu;21.03.01;Нефтегазовое дело;бакалавриат;"Трубопроводный транспорт нефти и газа; Строительство и эксплуатация нефтегазовых сооружений; Инжиниринг бурения нефтяных и газовых скважин; Эксплуатация и обслуживание объектов добычи нефти и газа; Промысловая подготовка нефти и газа";Институт нефти и газа;Русский язык|Математика;Информатика|Физика;0;211;очно;2025;budget;https://tabiturient.ru/vuzu/sfu/proxodnoi/;3571
sfu;22.03.01;Материаловедение и технологии материалов;бакалавриат;Физико-химия материалов и процессов;Институт цветных металлов;Русский язык|Математика;Информатика|Химия|Физика;0;145;очно;2025;budget;https://tabiturient.ru/vuzu/sfu/proxodnoi/;4615
sfu;22.03.01;Материаловедение и технологии материалов;бакалавриат;Материаловедение и технологии материалов в машиностроении;Политехнический институт;Русский язык|Математика;Информатика|Химия|Физика;0;152;очно;2025;budget;https://tabiturient.ru/vuzu/sfu/proxodnoi/;3577
sfu;22.03.02;Металлургия;бакалавриат;Без профиля;Институт цветных металлов;Русский язык|Математика;Информатика|Химия|Физика;0;166;очно;2025;budget;https://tabiturient.ru/vuzu/sfu/proxodnoi/;3578
sfu;23.03.01;Технология транспортных процессов;бакалавриат;Логистика и менеджмент транспортных систем;Политехнический институт;Русский язык|Математика;Информатика|Физика;0;186;очно;2025;budget;https://tabiturient.ru/vuzu/sfu/proxodnoi/;3579
sfu;23.03.03;Эксплуатация транспортно-технологических машин и комплексов;бакалавриат;Эксплуатация и обслуживание объектов хранения и распределения нефти, нефтепродуктов и газа;Институт нефти и газа;Русский язык|Математика;Информатика|Физика;0;168;заочно;2025;budget;https://tabiturient.ru/vuzu/sfu/proxodnoi/;25191
sfu;23.03.03;Эксплуатация транспортно-технологических машин и комплексов;бакалавриат;Высшая школа автомобильного сервиса;Политехнический институт;Русский язык|Математика;Информатика|Физика;0;150;очно;2025;budget;https://tabiturient.ru/vuzu/sfu/proxodnoi/;3582
sfu;27.03.01;Стандартизация и метрология;бакалавриат;Стандартизация, сертификация и метрология;Политехнический институт;Русский язык|Математика;Информатика|Физика;0;150;очно;2025;budget;https://tabiturient.ru/vuzu/sfu/proxodnoi/;3587
sfu;27.03.02;Управление качеством;бакалавриат;Управление качеством в производственно-технологических системах;Политехнический институт;Русский язык|Математика;Информатика|Физика;0;163;очно;2025;budget;https://tabiturient.ru/vuzu/sfu/proxodnoi/;3588
sfu;27.03.03;Системный анализ и управление;бакалавриат;Без профиля;Институт космических и информационных технологий;Русский язык|Математика;Информатика|Физика;0;205;очно;2025;budget;https://tabiturient.ru/vuzu/sfu/proxodnoi/;3589
sfu;27.03.04;Управление в технических системах;бакалавриат;Без профиля;Институт космических и информационных технологий;Русский язык|Математика;Информатика|Физика;0;180;очно;2025;budget;https://tabiturient.ru/vuzu/sfu/proxodnoi/;3590
sfu;27.03.05;Инноватика;бакалавриат;Без профиля;Институт инженерной физики и радиоэлектроники;Русский язык|Математика;Информатика|Физика;0;180;очно;2025;budget;https://tabiturient.ru/vuzu/sfu/proxodnoi/;3591
sfu;29.03.04;Технология художественной обработки материалов;бакалавриат;Без профиля;Политехнический институт;Русский язык|Математика;Информатика|Физика;0;163;очно;2025;budget;https://tabiturient.ru/vuzu/sfu/proxodnoi/;3593
sfu;37.03.01;Психология;бакалавриат;Психология развития и консультирования;Институт педагогики, психологии и социологии;Русский язык|Биология;Математика|Обществознание;0;235;очно;2025;budget;https://tabiturient.ru/vuzu/sfu/proxodnoi/;3594
sfu;38.03.01;Экономика;бакалавриат;Без профиля;Институт экономики, государственного управления и финансов;Русский язык|Математика;Обществознание|Иностранный язык|Информатика;0;257;очно;2025;budget;https://tabiturient.ru/vuzu/sfu/proxodnoi/;3595
sfu;38.03.02;Менеджмент;бакалавриат;Высшая школа ресторанного менеджмента;Институт гастрономии;Русский язык|Математика;Обществознание|Иностранный язык|Информатика;0;;;;paid_only;https://tabiturient.ru/vuzu/sfu/proxodnoi/;4616
sfu;38.03.02;Менеджмент;бакалавриат;Высшая школа гастрономии от INSTITUT LYFE EXECUTIVE EDUCATION;Институт гастрономии;Русский язык|Математика;Обществознание|Иностранный язык|Информатика;0;;;;paid_only;https://tabiturient.ru/vuzu/sfu/proxodnoi/;4617
sfu;38.03.02;Менеджмент;бакалавриат;Без профиля;Институт управления бизнес-процессами;Русский язык|Математика;Обществознание|Иностранный язык|Информатика;0;256;очно;2025;budget;https://tabiturient.ru/vuzu/sfu/proxodnoi/;3596
sfu;38.03.02;Менеджмент;бакалавриат;Высшая школа отельного менеджмента;Институт управления бизнес-процессами;Русский язык|Математика;Обществознание|Иностранный язык|Информатика;0;;;;paid_only;https://tabiturient.ru/vuzu/sfu/proxodnoi/;25192
sfu;38.03.02;Менеджмент;бакалавриат;Высшая школа кондитерского искусства;Институт гастрономии;Русский язык|Математика;Обществознание|Иностранный язык|Информатика;0;;;;paid_only;https://tabiturient.ru/vuzu/sfu/proxodnoi/;17010
sfu;38.03.03;Управление персоналом;бакалавриат;Без профиля;Институт экономики, управления и природопользования;Русский язык|Математика;Обществознание|Иностранный язык|Информатика;0;248;очно;2025;budget;https://tabiturient.ru/vuzu/sfu/proxodnoi/;3597
sfu;38.03.04;Государственное и муниципальное управление;бакалавриат;Без профиля;Институт экономики, управления и природопользования;Русский язык|Обществознание;Математика|Иностранный язык|История;0;250;очно;2025;budget;https://tabiturient.ru/vuzu/sfu/proxodnoi/;3598
sfu;38.03.05;Бизнес-информатика;бакалавриат;Без профиля;Институт управления бизнес-процессами;Русский язык|Математика;Обществознание|Информатика|История;0;253;очно;2025;budget;https://tabiturient.ru/vuzu/sfu/proxodnoi/;3599
sfu;38.03.06;Торговое дело;бакалавриат;Без профиля;Институт торговли и сферы услуг;Русский язык|Математика;Обществознание|Иностранный язык|История;0;227;очно;2025;budget;https://tabiturient.ru/vuzu/sfu/proxodnoi/;3600
sfu;38.03.07;Товароведение;бакалавриат;Экспертиза товаров во внутренней и внешней торговле;Институт торговли и сферы услуг;Русский язык|Математика;Обществознание|Иностранный язык|Информатика;0;217;очно;2025;budget;https://tabiturient.ru/vuzu/sfu/proxodnoi/;3601
sfu;39.03.01;Социология;бакалавриат;Без профиля;Институт педагогики, психологии и социологии;Русский язык|Обществознание;Математика|История;0;225;очно;2025;budget;https://tabiturient.ru/vuzu/sfu/proxodnoi/;3604
sfu;39.03.02;Социальная работа;бакалавриат;Социальная работа с молодежью;Юридический институт;Русский язык|Обществознание;Литература|История;0;202;очно;2025;budget;https://tabiturient.ru/vuzu/sfu/proxodnoi/;3605
sfu;40.03.01;Юриспруденция;бакалавриат;"Международное и иностранное право; Общеправовой";Юридический институт;Русский язык|Обществознание;Иностранный язык|Информатика|История;0;253;очно;2025;budget;https://tabiturient.ru/vuzu/sfu/proxodnoi/;3606
sfu;41.03.05;Международные отношения;бакалавриат;Международные отношения и внешняя политика;Юридический институт;Русский язык|Иностранный язык|История;;0;219;очно;2025;budget;https://tabiturient.ru/vuzu/sfu/proxodnoi/;3607
sfu;42.03.01;Реклама и связи с общественностью;бакалавриат;Рекламный маркетинг;Институт педагогики, психологии и социологии;Русский язык|Обществознание;Иностранный язык|История;0;282;очно;2025;budget;https://tabiturient.ru/vuzu/sfu/proxodnoi/;3608
sfu;42.03.02;Журналистика;бакалавриат;Без профиля;Институт филологии и языковой коммуникации;Русский язык|Литература;Обществознание|Иностранный язык|История;0;261;очно;2025;budget;https://tabiturient.ru/vuzu/sfu/proxodnoi/;3609
sfu;43.03.01;Сервис;бакалавриат;Сервис в торговле;Институт торговли и сферы услуг;Русский язык|Обществознание;Математика|Иностранный язык|История;0;221;очно;2025;budget;https://tabiturient.ru/vuzu/sfu/proxodnoi/;8002
sfu;43.03.02;Туризм;бакалавриат;Технология и организация туроператорских и турагентских услуг;Институт физической культуры, спорта и туризма;Русский язык|История;Обществознание|Иностранный язык|География;0;212;очно;2025;budget;https://tabiturient.ru/vuzu/sfu/proxodnoi/;3610
sfu;43.03.03;Гостиничное дело;бакалавриат;Гостинично-ресторанная деятельность;Институт торговли и сферы услуг;Русский язык|Обществознание;Иностранный язык|География|История;0;216;очно;2025;budget;https://tabiturient.ru/vuzu/sfu/proxodnoi/;3611
sfu;44.03.01;Педагогическое образование;бакалавриат;"Педагогический дизайн цифровой образовательной среды; Тьютор";Институт педагогики, психологии и социологии;Русский язык|Обществознание;Математика|Информатика|Биология;0;187;очно;2025;budget;https://tabiturient.ru/vuzu/sfu/proxodnoi/;3612
sfu;44.03.02;Психолого-педагогическое образование;бакалавриат;Прикладная психология в образовании;Институт педагогики, психологии и социологии;Русский язык|Биология;Математика|Обществознание;0;223;очно;2025;budget;https://tabiturient.ru/vuzu/sfu/proxodnoi/;3613
sfu;44.03.05;Педагогическое образование (с двумя профилями подготовки);бакалавриат;Физическая культура и безопасность жизнедеятельности;Институт физической культуры, спорта и туризма;Русский язык|Обществознание;Иностранный язык|Биология|История;0;174;очно;2025;budget;https://tabiturient.ru/vuzu/sfu/proxodnoi/;19356
sfu;45.03.01;Филология;бакалавриат;Русская филология в образовательных и сетевых практиках;Институт филологии и языковой коммуникации;Русский язык|Литература;Обществознание|Иностранный язык|История;0;239;очно;2025;budget;https://tabiturient.ru/vuzu/sfu/proxodnoi/;3614
sfu;45.03.02;Лингвистика;бакалавриат;Лингвистика в теоретических, социокоммуникативных и прикладных сферах;Институт филологии и языковой коммуникации;Русский язык|Иностранный язык;Обществознание|Литература|История;0;257;очно;2025;budget;https://tabiturient.ru/vuzu/sfu/proxodnoi/;3615
sfu;46.03.01;История;бакалавриат;Без профиля;Гуманитарный институт;Русский язык|История;Обществознание|Литература;0;214;очно;2025;budget;https://tabiturient.ru/vuzu/sfu/proxodnoi/;3617
sfu;46.03.02;Документоведение и архивоведение;бакалавриат;Без профиля;Гуманитарный институт;Русский язык|История;Обществознание|Литература;0;195;очно;2025;budget;https://tabiturient.ru/vuzu/sfu/proxodnoi/;3618
sfu;46.03.03;Антропология и этнология;бакалавриат;Цифровая антропология и киберэтнография;Гуманитарный институт;Русский язык|История;Обществознание|Иностранный язык;0;201;очно;2025;budget;https://tabiturient.ru/vuzu/sfu/proxodnoi/;24152
sfu;47.03.01;Философия;бакалавриат;Без профиля;Гуманитарный институт;Русский язык|Обществознание;Иностранный язык|История;0;207;очно;2025;budget;https://tabiturient.ru/vuzu/sfu/proxodnoi/;3619
sfu;47.03.03;Религиоведение;бакалавриат;История религий России;Гуманитарный институт;Русский язык|История;Обществознание|Литература;0;178;очно;2025;budget;https://tabiturient.ru/vuzu/sfu/proxodnoi/;19357
sfu;49.03.01;Физическая культура;бакалавриат;Физическая культура и спорт;Институт физической культуры, спорта и туризма;Русский язык|Биология;;1;131;очно;2025;budget;https://tabiturient.ru/vuzu/sfu/proxodnoi/;3621
sfu;49.03.03;Рекреация и спортивно-оздоровительный туризм;бакалавриат;Рекреация и активный туризм;Институт физической культуры, спорта и туризма;Русский язык|Биология;;1;115;очно;2025;budget;https://tabiturient.ru/vuzu/sfu/proxodnoi/;3622
sfu;50.03.01;Искусства и гуманитарные науки;бакалавриат;Кинематограф и визуальные искусства;Гуманитарный институт;Русский язык|История;Обществознание|Литература;0;211;очно;2025;budget;https://tabiturient.ru/vuzu/sfu/proxodnoi/;4618
sfu;51.03.03;Социально-культурная деятельность;бакалавриат;Менеджмент социально-культурной деятельности;Гуманитарный институт;Русский язык|Обществознание;Литература|История;0;236;очно;2025;budget;https://tabiturient.ru/vuzu/sfu/proxodnoi/;3624
sfu;54.03.01;Дизайн;бакалавриат;"Графический дизайн; Промышленный дизайн";Институт архитектуры и дизайна;Русский язык|Литература;;1;;;;paid_only;https://tabiturient.ru/vuzu/sfu/proxodnoi/;3625
sfu;04.05.01;Фундаментальная и прикладная химия;специалитет;Аналитическая химия;Институт цветных металлов;Русский язык|Химия;Математика|Биология;0;165;очно;2025;budget;https://tabiturient.ru/vuzu/sfu/proxodnoi/;3530
sfu;08.05.01;Строительство уникальных зданий и сооружений;специалитет;Без профиля;Инженерно-строительный институт;Русский язык|Математика;Информатика|Физика;0;210;очно;2025;budget;https://tabiturient.ru/vuzu/sfu/proxodnoi/;3539
sfu;10.05.01;Компьютерная безопасность;специалитет;Безопасность компьютерных систем и сетей;Институт космических и информационных технологий;Русский язык|Математика;Информатика|Физика;0;209;очно;2025;budget;https://tabiturient.ru/vuzu/sfu/proxodnoi/;3546
sfu;10.05.03;Информационная безопасность автоматизированных систем;специалитет;Безопасность открытых информационных систем;Институт космических и информационных технологий;Русский язык|Математика;Информатика|Физика;0;171;очно;2025;budget;https://tabiturient.ru/vuzu/sfu/proxodnoi/;3547
sfu;11.05.01;Радиоэлектронные системы и комплексы;специалитет;Радионавигационные системы и комплексы;Институт инженерной физики и радиоэлектроники;Русский язык|Физика;Математика|Информатика;0;151;очно;2025;budget;https://tabiturient.ru/vuzu/sfu/proxodnoi/;10313
sfu;11.05.02;Специальные радиотехнические системы;специалитет;Без профиля;Военный учебный центр;Русский язык|Физика;Математика|Информатика;0;121;очно;2025;budget;https://tabiturient.ru/vuzu/sfu/proxodnoi/;3553
sfu;20.05.01;Пожарная безопасность;специалитет;Пожарная и техносферная безопасность процессов и производств нефтяной и газовой промышленности;Институт нефти и газа;Русский язык|Математика;Информатика|Физика;0;176;очно;2025;budget;https://tabiturient.ru/vuzu/sfu/proxodnoi/;3570
sfu;21.05.02;Прикладная геология;специалитет;"Геологическая съемка, поиски и разведка месторождений твердых полезных ископаемых; Прикладная геохимия, минералогия и геммология";Институт горного дела, геологии и геотехнологий;Русский язык|Математика;Информатика|Химия|Физика;0;153;очно;2025;budget;https://tabiturient.ru/vuzu/sfu/proxodnoi/;3572
sfu;21.05.02;Прикладная геология;специалитет;Геология месторождений нефти и газа;Институт нефти и газа;Русский язык|Математика;Информатика|Физика;0;192;очно;2025;budget;https://tabiturient.ru/vuzu/sfu/proxodnoi/;3573
sfu;21.05.03;Технология геологической разведки;специалитет;Технология и техника разведки месторождений полезных ископаемых;Институт горного дела, геологии и геотехнологий;Русский язык|Математика;Информатика|Физика;0;141;очно;2025;budget;https://tabiturient.ru/vuzu/sfu/proxodnoi/;3574
sfu;21.05.03;Технология геологической разведки;специалитет;Геофизические методы поисков и разведки месторождений полезных ископаемых;Институт нефти и газа;Русский язык|Математика;Информатика|Физика;0;173;очно;2025;budget;https://tabiturient.ru/vuzu/sfu/proxodnoi/;3575
sfu;21.05.04;Горное дело;специалитет;"Открытые горные работы и управление геомеханическими процессами; Обогащение полезных ископаемых и извлечение золота (корпоративные программы ПАО «Полюс»)";Институт цветных металлов;Русский язык|Математика;Информатика|Химия|Физика;0;;;;paid_only;https://tabiturient.ru/vuzu/sfu/proxodnoi/;27157
sfu;21.05.04;Горное дело;специалитет;"Маркшейдерское дело; Обогащение полезных ископаемых; Горные машины и оборудование; Открытые горные работы";Институт горного дела, геологии и геотехнологий;Русский язык|Математика;Информатика|Химия|Физика;0;163;очно;2025;budget;https://tabiturient.ru/vuzu/sfu/proxodnoi/;3576
sfu;21.05.06;Нефтегазовые техника и технологии;специалитет;"Нефтепродуктообеспечение и газоснабжение; Разработка и эксплуатация нефтяных и газовых месторождений; Машины и оборудование нефтяных и газовых промыслов";Институт нефти и газа;Русский язык|Математика;Информатика|Физика;0;206;очно;2025;budget;https://tabiturient.ru/vuzu/sfu/proxodnoi/;24151
sfu;23.05.01;Наземные транспортно-технологические средства;специалитет;Автомобильная техника в транспортных технологиях;Политехнический институт;Русский язык|Математика;Информатика|Физика;0;158;очно;2025;budget;https://tabiturient.ru/vuzu/sfu/proxodnoi/;3580
sfu;23.05.02;Транспортные средства специального назначения;специалитет;Наземные транспортные средства и комплексы аэродромно-технического обеспечения полетов авиации;Институт нефти и газа;Русский язык|Математика;Информатика|Физика;0;163;очно;2025;budget;https://tabiturient.ru/vuzu/sfu/proxodnoi/;3585
sfu;38.05.01;Экономическая безопасность;специалитет;Финансовые и институциональные механизмы обеспечения экономической безопасности и управления рисками;Институт экономики, государственного управления и финансов;Русский язык|Математика;Обществознание|Информатика|История;0;243;очно;2025;budget;https://tabiturient.ru/vuzu/sfu/proxodnoi/;3602
sfu;38.05.01;Экономическая безопасность;специалитет;Без профиля;;Русский язык|Математика;Обществознание|Информатика|История;0;;;;budget;https://tabiturient.ru/vuzu/sfu/proxodnoi/;27158
sfu;38.05.01;Экономическая безопасность;специалитет;Экономическая безопасность и финансовый мониторинг национальных, региональных и корпоративных социально-экономических систем;Институт управления бизнес-процессами;Русский язык|Математика;Обществознание|Информатика|История;0;236;очно;2025;budget;https://tabiturient.ru/vuzu/sfu/proxodnoi/;17848
sfu;38.05.02;Таможенное дело;специалитет;Таможенный контроль и экспертиза в таможенном деле;Институт торговли и сферы услуг;Русский язык|Обществознание;Иностранный язык|Информатика|История;0;226;очно;2025;budget;https://tabiturient.ru/vuzu/sfu/proxodnoi/;3603
sfu;45.05.01;Перевод и переводоведение;специалитет;Лингвистическое сопровождение международных отношений;Институт филологии и языковой коммуникации;Русский язык|Иностранный язык;Обществознание|Литература|История;0;;;;paid_only;https://tabiturient.ru/vuzu/sfu/proxodnoi/;27159
sfu;45.05.01;Перевод и переводоведение;специалитет;Без профиля;Институт филологии и языковой коммуникации;Русский язык|Иностранный язык;Обществознание|Литература|История;0;264;очно;2025;budget;https://tabiturient.ru/vuzu/sfu/proxodnoi/;8003
mpei;01.03.02;Прикладная математика и информатика;бакалавриат;Математическое моделирование;Институт информационных и вычислительных технологий;Русский язык|Математика;Информатика|Физика;0;256;очно;2025;budget;https://tabiturient.ru/vuzu/mpei/proxodnoi/;7835
mpei;01.03.02;Прикладная математика и информатика;бакалавриат;Математическое и программное обеспечение вычислительных машин и компьютерных сетей;Институт информационных и вычислительных технологий;Русский язык|Математика;Информатика|Физика;0;262;очно;2025;budget;https://tabiturient.ru/vuzu/mpei/proxodnoi/;747
mpei;01.03.03;Механика и математическое моделирование;бакалавриат;Математическое и компьютерное моделирование в механике;Институт энергомашиностроения и механики;Русский язык|Математика;Информатика|Физика;0;;;;budget;https://tabiturient.ru/vuzu/mpei/proxodnoi/;26215
mpei;02.03.02;Фундаментальная информатика и информационные технологии;бакалавриат;Информационные технологии и системы искусственного интеллекта;Институт информационных и вычислительных технологий;Русский язык|Математика;Информатика|Физика;0;292;очно;2025;budget;https://tabiturient.ru/vuzu/mpei/proxodnoi/;24807
mpei;02.03.02;Фундаментальная информатика и информационные технологии;бакалавриат;Технологии разработки интеллектуальных систем;Институт дистанционного и дополнительного образования;Русский язык|Математика;Информатика|Физика;0;;;;paid_only;https://tabiturient.ru/vuzu/mpei/proxodnoi/;24811
mpei;08.03.01;Строительство;бакалавриат;Промышленное, гражданское и энергетическое строительство;Институт гидроэнергетики и возобновляемых источников энергии;Русский язык|Математика;Информатика|Физика;0;258;очно;2025;budget;https://tabiturient.ru/vuzu/mpei/proxodnoi/;4098
mpei;08.03.01;Строительство;бакалавриат;Промышленное и гражданское строительство;Институт гидроэнергетики и возобновляемых источников энергии;Русский язык|Математика;Информатика|Физика;0;;;;paid_only;https://tabiturient.ru/vuzu/mpei/proxodnoi/;26216
mpei;09.03.01;Информатика и вычислительная техника;бакалавриат;Технологии разработки программного обеспечения;Институт дистанционного и дополнительного образования;Русский язык|Математика;Информатика|Физика;0;;;;paid_only;https://tabiturient.ru/vuzu/mpei/proxodnoi/;781
mpei;09.03.01;Информатика и вычислительная техника;бакалавриат;Информационные системы и технологии в проектировании и производстве;Институт энергоэффективности и водородных технологий;Русский язык|Математика;Информатика|Физика;0;253;очно;2025;budget;https://tabiturient.ru/vuzu/mpei/proxodnoi/;23083
mpei;09.03.01;Информатика и вычислительная техника;бакалавриат;Информационные технологии и искусственный интеллект в радиоэлектронике;Институт радиотехники и электроники;Русский язык|Математика;Информатика|Физика;0;;;;budget;https://tabiturient.ru/vuzu/mpei/proxodnoi/;26217
mpei;09.03.01;Информатика и вычислительная техника;бакалавриат;Вычислительные машины, комплексы, системы и сети;Институт информационных и вычислительных технологий;Русский язык|Математика;Информатика|Физика;0;248;очно;2025;budget;https://tabiturient.ru/vuzu/mpei/proxodnoi/;748
mpei;09.03.03;Прикладная информатика;бакалавриат;Информационные технологии в теплоэнергетике (с получением второй квалификации 13.03.01 теплоэнергетика и теплотехника);Институт дистанционного и дополнительного образования;Русский язык|Математика;Информатика|Физика;0;;;;paid_only;https://tabiturient.ru/vuzu/mpei/proxodnoi/;24813
mpei;09.03.03;Прикладная информатика;бакалавриат;Прикладная информатика в экономике;Инженерно-экономический институт;Русский язык|Математика;Информатика|Физика;0;261;очно;2025;budget;https://tabiturient.ru/vuzu/mpei/proxodnoi/;753
mpei;10.03.01;Информационная безопасность;бакалавриат;"Безопасность компьютерных систем; Безопасность автоматизированных систем; Безопасность компьютерных систем (продвинутый уровень)";Инженерно-экономический институт;Русский язык|Математика;Информатика|Физика;0;261;очно;2025;budget;https://tabiturient.ru/vuzu/mpei/proxodnoi/;751
mpei;10.03.01;Информационная безопасность;бакалавриат;Безопасность автоматизированных систем;Инженерно-экономический институт;Русский язык|Математика;Информатика|Физика;0;;;;paid_only;https://tabiturient.ru/vuzu/mpei/proxodnoi/;752
mpei;11.03.01;Радиотехника;бакалавриат;Беспроводные технологии и интернет вещей;Институт дистанционного и дополнительного образования;Русский язык|Физика;Математика|Информатика;0;;;;paid_only;https://tabiturient.ru/vuzu/mpei/proxodnoi/;19272
mpei;11.03.01;Радиотехника;бакалавриат;Беспроводные технологии;Институт радиотехники и электроники;Русский язык|Физика;Математика|Информатика;0;216;очно;2025;budget;https://tabiturient.ru/vuzu/mpei/proxodnoi/;744
mpei;11.03.04;Электроника и наноэлектроника;бакалавриат;Материалы электроники и наноэлектроники;Институт электротехники и электрификации;Русский язык|Физика;Математика|Информатика;0;213;очно;2025;budget;https://tabiturient.ru/vuzu/mpei/proxodnoi/;4096
mpei;11.03.04;Электроника и наноэлектроника;бакалавриат;"Промышленная электроника; Светотехника и источники света; Микроэлектроника и твердотельная электроника; Лазерная и оптическая измерительная электроника";Институт радиотехники и электроники;Русский язык|Физика;Математика|Информатика;0;214;очно;2025;budget;https://tabiturient.ru/vuzu/mpei/proxodnoi/;743
mpei;12.03.01;Приборостроение;бакалавриат;"Диагностические системы и технологии (Приборы диагностики зданий и сооружений; Медицинские диагностические приборы; Компьютерная фотоника)";Институт дистанционного и дополнительного образования;Русский язык|Физика;Математика|Информатика;0;;;;paid_only;https://tabiturient.ru/vuzu/mpei/proxodnoi/;24814
mpei;12.03.04;Биотехнические системы и технологии;бакалавриат;Биотехнические и медицинские аппараты и системы;Институт радиотехники и электроники;Русский язык|Математика;Информатика|Химия|Физика;0;218;очно;2025;budget;https://tabiturient.ru/vuzu/mpei/proxodnoi/;745
mpei;13.03.01;Теплоэнергетика и теплотехника;бакалавриат;"Автономные энергетические системы; Энергообеспечение и инженерные системы зданий и сооружений; Системы теплоэнергоснабжения городов";Институт энергоэффективности и водородных технологий;Русский язык|Физика;Математика|Информатика|Химия;0;;;;budget;https://tabiturient.ru/vuzu/mpei/proxodnoi/;27191
mpei;13.03.01;Теплоэнергетика и теплотехника;бакалавриат;"Энергетика предприятий и водородные технологии; Информационные системы и технологии в энергетике и промышленности; Инжиниринг объектов атомной и тепловой энергетики";Институт энергоэффективности и водородных технологий;Русский язык|Физика;Математика|Информатика|Химия;0;216;очно;2025;budget;https://tabiturient.ru/vuzu/mpei/proxodnoi/;24257
mpei;13.03.01;Теплоэнергетика и теплотехника;бакалавриат;Экономика и управление на энергопредприятии;Институт энергоэффективности и водородных технологий;Русский язык|Физика;Математика|Информатика;0;;;;budget;https://tabiturient.ru/vuzu/mpei/proxodnoi/;18913
mpei;13.03.01;Теплоэнергетика и теплотехника;бакалавриат;"Тепловые электрические станции; Технология воды и топлива на ТЭС и АЭС; Автоматизация технологических процессов в теплоэнергетике; Цифровизация в тепловой и возобновляемой энергетике; Возведение и эксплуатация тепловых и атомных электростанций (с получени";Институт тепловой и атомной энергетики;Русский язык|Физика;Математика|Информатика|Химия;0;;;;budget;https://tabiturient.ru/vuzu/mpei/proxodnoi/;738
mpei;13.03.01;Теплоэнергетика и теплотехника;бакалавриат;"Технологии теплоэнергетики (Тепловые станции; Теплоснабжение; Водоподготовка; Автоматизированные системы)";Институт дистанционного и дополнительного образования;Русский язык|Физика;Математика|Информатика;0;;;;paid_only;https://tabiturient.ru/vuzu/mpei/proxodnoi/;4095
mpei;13.03.02;Электроэнергетика и электротехника;бакалавриат;"Проектирование и эксплуатация объектов энергетики (Энергоснабжение; Электрооборудование автомобилей; Электрические аппараты станций и подстанций); Гидроэнергетика";Институт дистанционного и дополнительного образования;Русский язык|Физика;Математика|Информатика;0;;;;paid_only;https://tabiturient.ru/vuzu/mpei/proxodnoi/;776
mpei;13.03.02;Электроэнергетика и электротехника;бакалавриат;Распределительные электрические сети;Институт электроэнергетики;Русский язык|Физика;Математика|Информатика;0;;;;paid_only;https://tabiturient.ru/vuzu/mpei/proxodnoi/;23084
mpei;13.03.02;Электроэнергетика и электротехника;бакалавриат;Экономика и управление на предприятиях электротехнической отрасли;Институт электротехники и электрификации;Русский язык|Физика;Математика|Информатика;0;;;;budget;https://tabiturient.ru/vuzu/mpei/proxodnoi/;26218
mpei;13.03.02;Электроэнергетика и электротехника;бакалавриат;"Электроэнергетика; Распределительные электрические сети; Эксплуатация релейной защиты, автоматики и электрооборудования электростанций; Электроэнергетика и электротехника";Институт электроэнергетики;Русский язык|Физика;Математика|Информатика;0;214;очно;2025;budget;https://tabiturient.ru/vuzu/mpei/proxodnoi/;740
mpei;13.03.02;Электроэнергетика и электротехника;бакалавриат;Электрооборудование и электрохозяйство предприятий, организаций и учреждений;Институт электротехники и электрификации;Русский язык|Физика;Математика|Информатика;0;;;;paid_only;https://tabiturient.ru/vuzu/mpei/proxodnoi/;741
mpei;13.03.02;Электроэнергетика и электротехника;бакалавриат;"Техногенная безопасность в электроэнергетике и электротехнике; Электрооборудование и электрохозяйство предприятий, организаций и учреждений; Электрооборудование летательных аппаратов и автомобилей; Электропривод и автоматика и др.";Институт электротехники и электрификации;Русский язык|Физика;Математика|Информатика;0;213;очно;2025;budget;https://tabiturient.ru/vuzu/mpei/proxodnoi/;761
mpei;13.03.02;Электроэнергетика и электротехника;бакалавриат;"Гидроэлектростанции; Гидроэнергетика и возобновляемые источники энергии; Энергоустановки на основе возобновляемых источников энергии";Институт гидроэнергетики и возобновляемых источников энергии;Русский язык|Физика;Математика|Информатика;0;214;очно;2025;budget;https://tabiturient.ru/vuzu/mpei/proxodnoi/;4094
mpei;13.03.03;Энергетическое машиностроение;бакалавриат;Автоматизированные гидравлические и пневматические системы и агрегаты;Институт гидроэнергетики и возобновляемых источников энергии;Русский язык|Физика;Математика|Информатика;0;215;очно;2025;budget;https://tabiturient.ru/vuzu/mpei/proxodnoi/;17210
mpei;13.03.03;Энергетическое машиностроение;бакалавриат;"Газотурбинные, паротурбинные установки и двигатели; Интеллектуальные производственные технологии; Котлы, камеры сгорания и парогенераторы АЭС";Институт энергомашиностроения и механики;Русский язык|Физика;Математика|Информатика;0;216;очно;2025;budget;https://tabiturient.ru/vuzu/mpei/proxodnoi/;736
mpei;14.03.01;Ядерная энергетика и теплофизика;бакалавриат;овые технологии и материалы в атомной энергетике и промышленности;Институт энергоэффективности и водородных технологий;Русский язык|Физика;Математика|Информатика|Химия;0;;;;budget;https://tabiturient.ru/vuzu/mpei/proxodnoi/;27190
mpei;14.03.01;Ядерная энергетика и теплофизика;бакалавриат;"Теплофизика; Атомные электростанции и установки; Термоядерные реакторы и плазменные установки";Институт тепловой и атомной энергетики;Русский язык|Физика;Математика|Информатика;0;239;очно;2025;budget;https://tabiturient.ru/vuzu/mpei/proxodnoi/;737
mpei;15.03.01;Машиностроение;бакалавриат;Машины и технология высокоэффективных процессов обработки материалов;Институт энергомашиностроения и механики;Русский язык|Математика;Информатика|Физика;0;219;очно;2025;budget;https://tabiturient.ru/vuzu/mpei/proxodnoi/;733
mpei;15.03.03;Прикладная механика;бакалавриат;Динамика и прочность машин, приборов и аппаратуры;Институт энергомашиностроения и механики;Русский язык|Математика;Информатика|Физика;0;219;очно;2025;budget;https://tabiturient.ru/vuzu/mpei/proxodnoi/;734
mpei;15.03.04;Автоматизация технологических процессов и производств;бакалавриат;Автоматизация технологических процессов и производств;Институт энергоэффективности и водородных технологий;Русский язык|Математика;Информатика|Физика;0;;;;budget;https://tabiturient.ru/vuzu/mpei/proxodnoi/;26220
mpei;15.03.06;Мехатроника и робототехника;бакалавриат;Робототехнические устройства;Институт дистанционного и дополнительного образования;Русский язык|Математика;Информатика|Физика;0;;;;paid_only;https://tabiturient.ru/vuzu/mpei/proxodnoi/;23086
mpei;15.03.06;Мехатроника и робототехника;бакалавриат;"Фундаментальные и прикладные задачи мехатроники и робототехники (Управление и моделирование роботов и мехатронных систем; Современные методы исследования и проектирования роботов и мехатронных систем)";Институт энергомашиностроения и механики;Русский язык|Математика;Информатика|Физика;0;233;очно;2025;budget;https://tabiturient.ru/vuzu/mpei/proxodnoi/;735
mpei;27.03.02;Управление качеством;бакалавриат;Управление качеством процессов и продукции предприятия;Инженерно-экономический институт;Русский язык|Математика;Информатика|Физика;0;225;очно;2025;budget;https://tabiturient.ru/vuzu/mpei/proxodnoi/;769
mpei;27.03.02;Управление качеством;бакалавриат;Управление качеством продукции, процессов и услуг;Институт дистанционного и дополнительного образования;Русский язык|Математика;Информатика|Физика;0;;;;paid_only;https://tabiturient.ru/vuzu/mpei/proxodnoi/;779
mpei;27.03.04;Управление в технических системах;бакалавриат;"Автоматизированные системы управления (Интеллектуальные системы автоматизации; БПЛА)";Институт дистанционного и дополнительного образования;Русский язык|Математика;Информатика|Физика;0;;;;paid_only;https://tabiturient.ru/vuzu/mpei/proxodnoi/;778
mpei;27.03.04;Управление в технических системах;бакалавриат;"Интеллектуальные технологии управления в технических системах, обработка и анализ данных; Системы и средства автоматизации, интеллектуального управления и анализа данных; Управление интеллектуальными автономными техническими системами";Институт информационных и вычислительных технологий;Русский язык|Математика;Информатика|Физика;0;243;очно;2025;budget;https://tabiturient.ru/vuzu/mpei/proxodnoi/;750
mpei;38.03.01;Экономика;бакалавриат;Бухгалтерский учет, анализ и аудит;Инженерно-экономический институт;Русский язык|Математика;Обществознание|Информатика;0;;;;paid_only;https://tabiturient.ru/vuzu/mpei/proxodnoi/;13314
mpei;38.03.01;Экономика;бакалавриат;Экономика бизнеса;Институт дистанционного и дополнительного образования;Русский язык|Математика;Обществознание|Информатика;0;;;;paid_only;https://tabiturient.ru/vuzu/mpei/proxodnoi/;782
mpei;38.03.01;Экономика;бакалавриат;"Корпоративные финансы; Цифровая экономика; Экономика предприятий и организаций";Инженерно-экономический институт;Русский язык|Математика;Обществознание|Информатика;0;258;очно;2025;budget;https://tabiturient.ru/vuzu/mpei/proxodnoi/;766
mpei;38.03.02;Менеджмент;бакалавриат;Логистика и управление закупками;Институт дистанционного и дополнительного образования;Русский язык|Математика;Обществознание|Информатика;0;;;;paid_only;https://tabiturient.ru/vuzu/mpei/proxodnoi/;4099
mpei;38.03.02;Менеджмент;бакалавриат;"Логистические системы в экономике и управлении; Маркетинг; Менеджмент предприятий и организаций; Финансовый менеджмент";Инженерно-экономический институт;Русский язык|Математика;Обществознание|Информатика;0;;;;paid_only;https://tabiturient.ru/vuzu/mpei/proxodnoi/;23085
mpei;38.03.02;Менеджмент;бакалавриат;"Менеджмент предприятий и организаций; Информационный менеджмент в бизнес-системах";Инженерно-экономический институт;Русский язык|Математика;Обществознание|Информатика;0;258;очно;2025;budget;https://tabiturient.ru/vuzu/mpei/proxodnoi/;767
mpei;38.03.05;Бизнес-информатика;бакалавриат;Архитектура информационных систем предприятия;Институт дистанционного и дополнительного образования;Русский язык|Математика;Обществознание|Информатика;0;;;;paid_only;https://tabiturient.ru/vuzu/mpei/proxodnoi/;783
mpei;38.03.05;Бизнес-информатика;бакалавриат;Информационное и программное обеспечение бизнес-процессов;Инженерно-экономический институт;Русский язык|Математика;Обществознание|Информатика;0;270;очно;2025;budget;https://tabiturient.ru/vuzu/mpei/proxodnoi/;756
mpei;41.03.05;Международные отношения;бакалавриат;Международное энергетическое сотрудничество (Направление не имеет государственной аккредитации);Инженерно-экономический институт;Русский язык|История;Математика|Обществознание|Иностранный язык|Информатика|География;0;;;;paid_only;https://tabiturient.ru/vuzu/mpei/proxodnoi/;24810
mpei;42.03.01;Реклама и связи с общественностью;бакалавриат;Без профиля;Гуманитарно-прикладной институт;Русский язык|Обществознание;Иностранный язык|Информатика|История;0;;;;paid_only;https://tabiturient.ru/vuzu/mpei/proxodnoi/;772
mpei;42.03.01;Реклама и связи с общественностью;бакалавриат;Реклама и продвижение СМИ;Институт дистанционного и дополнительного образования;Русский язык|Обществознание;Иностранный язык|Информатика|История;0;;;;paid_only;https://tabiturient.ru/vuzu/mpei/proxodnoi/;784
mpei;42.03.01;Реклама и связи с общественностью;бакалавриат;"Реклама и связи с общественностью; Дизайн в рекламе";Гуманитарно-прикладной институт;Русский язык|Обществознание;Иностранный язык|Информатика|История;0;;;;paid_only;https://tabiturient.ru/vuzu/mpei/proxodnoi/;23087
mpei;42.03.01;Реклама и связи с общественностью;бакалавриат;"Медиа коммуникации и дизайн в рекламе; Реклама и связи с общественностью";Гуманитарно-прикладной институт;Русский язык|Обществознание;Иностранный язык|Информатика|История;0;;;;paid_only;https://tabiturient.ru/vuzu/mpei/proxodnoi/;759
mpei;45.03.02;Лингвистика;бакалавриат;Теория и методика преподавания иностранных языков и культур;Гуманитарно-прикладной институт;Русский язык|Иностранный язык;Обществознание|Литература|История;0;;;;paid_only;https://tabiturient.ru/vuzu/mpei/proxodnoi/;26214
mpei;45.03.02;Лингвистика;бакалавриат;"Перевод и переводоведение; Теория и методика преподавания иностранных языков и культур";Гуманитарно-прикладной институт;Русский язык|Иностранный язык;Обществознание|Литература|История;0;;;;paid_only;https://tabiturient.ru/vuzu/mpei/proxodnoi/;758
mpei;54.03.01;Дизайн;бакалавриат;"Коммуникационный дизайн; Промышленный дизайн; Медиадизайн";Гуманитарно-прикладной институт;Русский язык|Литература;;1;;;;paid_only;https://tabiturient.ru/vuzu/mpei/proxodnoi/;24812
mpei;54.03.01;Дизайн;бакалавриат;"Графический дизайн; Дизайн интерьера";Гуманитарно-прикладной институт;Русский язык|Литература;;1;;;;paid_only;https://tabiturient.ru/vuzu/mpei/proxodnoi/;757
mpei;11.05.01;Радиоэлектронные системы и комплексы;специалитет;Радиоэлектронные системы и комплексы;Институт радиотехники и электроники;Русский язык|Физика;Математика|Информатика;0;216;очно;2025;budget;https://tabiturient.ru/vuzu/mpei/proxodnoi/;746
mpei;14.05.01;Ядерные реакторы и материалы;специалитет;Моделирование процессов в ядерных реакторах;Институт тепловой и атомной энергетики;Русский язык|Физика;Математика|Информатика;0;;;;budget;https://tabiturient.ru/vuzu/mpei/proxodnoi/;26219
dvfu;01.03.02;Прикладная математика и информатика;бакалавриат;Искусственный интеллект и анализ данных;Институт математики и компьютерных технологий;Русский язык|Математика;Информатика|Физика;0;227;очно;2025;budget;https://tabiturient.ru/vuzu/dvfu/proxodnoi/;856
dvfu;02.03.01;Математика и компьютерные науки;бакалавриат;Математические основы искусственного интеллекта (совместно с ДВО РАН);Институт математики и компьютерных технологий;Русский язык|Математика;Информатика|Физика;0;193;очно;2025;budget;https://tabiturient.ru/vuzu/dvfu/proxodnoi/;857
dvfu;02.03.02;Фундаментальная информатика и информационные технологии;бакалавриат;Фундаментальная информатика и информационные технологии;Институт математики и компьютерных технологий;Русский язык|Математика;Информатика|Физика;0;205;очно;2025;budget;https://tabiturient.ru/vuzu/dvfu/proxodnoi/;24694
dvfu;03.03.02;Физика;бакалавриат;Фундаментальная и прикладная физика (совместно с ОИЯИ г. Дубна);Институт наукоемких технологий и передовых материалов;Русский язык|Физика;Математика|Информатика|Химия;0;225;очно;2025;budget;https://tabiturient.ru/vuzu/dvfu/proxodnoi/;859
dvfu;04.03.01;Химия;бакалавриат;Фундаментальная и прикладная химия в медицине и нефтехимии;Институт наукоемких технологий и передовых материалов;Русский язык|Химия;Математика|Информатика|Биология|Физика;0;230;очно;2025;budget;https://tabiturient.ru/vuzu/dvfu/proxodnoi/;860
dvfu;05.03.01;Геология;бакалавриат;Цифровая геология и геологоразведка;Политехнический институт;Русский язык|Математика;Информатика|География|Химия|Физика;0;174;очно;2025;budget;https://tabiturient.ru/vuzu/dvfu/proxodnoi/;862
dvfu;05.03.02;География;бакалавриат;География и моделирование геосистем;Институт Мирового океана;Русский язык|География;Математика|Информатика|Биология|Физика;0;172;очно;2025;budget;https://tabiturient.ru/vuzu/dvfu/proxodnoi/;24076
dvfu;05.03.04;Гидрометеорология;бакалавриат;Гидрометеорология: стратегия климатической безопасности приморских территорий;Институт Мирового океана;Русский язык|География;Математика|Информатика|Биология|Физика;0;182;очно;2025;budget;https://tabiturient.ru/vuzu/dvfu/proxodnoi/;24077
dvfu;05.03.06;Экология и природопользование;бакалавриат;Морская экология: экосистемные технологии;Институт Мирового океана;Русский язык|География;Математика|Информатика|Биология|Химия|Физика;0;184;очно;2025;budget;https://tabiturient.ru/vuzu/dvfu/proxodnoi/;865
dvfu;06.03.01;Биология;бакалавриат;Биология: инженерия живых систем. Молекулярная биология, генетические и клеточные технологии;Институт Мирового океана;Русский язык|Биология;Математика|Информатика|Химия|Физика;0;225;очно;2025;budget;https://tabiturient.ru/vuzu/dvfu/proxodnoi/;866
dvfu;06.03.02;Почвоведение;бакалавриат;Архитектура экосистем;Институт Мирового океана;Русский язык|Биология;Математика|Информатика|География|Химия|Физика;0;194;очно;2025;budget;https://tabiturient.ru/vuzu/dvfu/proxodnoi/;17782
dvfu;07.03.01;Архитектура;бакалавриат;Архитектурное проектирование;Политехнический институт;Русский язык|Математика;;1;347;очно;2025;budget;https://tabiturient.ru/vuzu/dvfu/proxodnoi/;868
dvfu;08.03.01;Строительство;бакалавриат;Инженерные системы жизнеобеспечения в строительстве. Промышленное и гражданское строительство;Политехнический институт;Русский язык|Математика;Информатика|Химия|Физика;0;206;очно;2025;budget;https://tabiturient.ru/vuzu/dvfu/proxodnoi/;870
dvfu;09.03.01;Информатика и вычислительная техника;бакалавриат;Технологии интернета вещей;Институт математики и компьютерных технологий;Русский язык|Математика;Информатика|Физика;0;210;очно;2025;budget;https://tabiturient.ru/vuzu/dvfu/proxodnoi/;20030
dvfu;09.03.01;Информатика и вычислительная техника;бакалавриат;Технологии интернета вещей (Internet of Things Engineering) совместная программа с ЧУПТ (на английском языке);Институт математики и компьютерных технологий;Русский язык|Математика;Информатика|Физика;0;;;;paid_only;https://tabiturient.ru/vuzu/dvfu/proxodnoi/;27321
dvfu;09.03.02;Информационные системы и технологии;бакалавриат;DevOps и инженерия ИТ-инфраструктуры;Институт математики и компьютерных технологий;Русский язык|Математика;Информатика|Физика;0;222;очно;2025;budget;https://tabiturient.ru/vuzu/dvfu/proxodnoi/;872
dvfu;09.03.02;Информационные системы и технологии;бакалавриат;"Технологии анализа цифрового следа (Digital Footprint Analytics) совместная программа с ЧУПТ (на английском языке); Цифровые медиатехнологии (Digital Media Technology) совместная программа с ЧУПТ (на английском языке)";Институт математики и компьютерных технологий;Русский язык|Математика;Информатика|Физика;0;;;;paid_only;https://tabiturient.ru/vuzu/dvfu/proxodnoi/;24702
dvfu;09.03.03;Прикладная информатика;бакалавриат;Цифровые продукты и решения;Институт математики и компьютерных технологий;Русский язык|Математика;Информатика|Физика;0;222;очно;2025;budget;https://tabiturient.ru/vuzu/dvfu/proxodnoi/;873
dvfu;09.03.04;Программная инженерия;бакалавриат;Программная инженерия;Институт математики и компьютерных технологий;Русский язык|Математика;Информатика|Физика;0;244;очно;2025;budget;https://tabiturient.ru/vuzu/dvfu/proxodnoi/;874
dvfu;10.03.01;Информационная безопасность;бакалавриат;Организация и технологии защиты информации;Институт математики и компьютерных технологий;Русский язык|Математика;Информатика|Физика;0;208;очно;2025;budget;https://tabiturient.ru/vuzu/dvfu/proxodnoi/;875
dvfu;11.03.02;Инфокоммуникационные технологии и системы связи;бакалавриат;Цифровые системы мобильной связи и интеллектуальных сетей;Политехнический институт;Русский язык|Математика;Информатика|Физика;0;199;очно;2025;budget;https://tabiturient.ru/vuzu/dvfu/proxodnoi/;878
dvfu;11.03.04;Электроника и наноэлектроника;бакалавриат;Нанотехнологии в электронике;Институт наукоемких технологий и передовых материалов;Русский язык|Физика;Математика|Информатика|Химия;0;205;очно;2025;budget;https://tabiturient.ru/vuzu/dvfu/proxodnoi/;883
dvfu;12.03.01;Приборостроение;бакалавриат;Интеллектуальные электронные приборы и системы мониторинга;Политехнический институт;Русский язык|Физика;Математика|Информатика|Химия;0;178;очно;2025;budget;https://tabiturient.ru/vuzu/dvfu/proxodnoi/;24078
dvfu;12.03.04;Биотехнические системы и технологии;бакалавриат;Биомедицинская инженерия, биоинформатика и искусственный интеллект;Политехнический институт;Русский язык|Математика;Информатика|Биология|Химия|Физика;0;234;очно;2025;budget;https://tabiturient.ru/vuzu/dvfu/proxodnoi/;26919
dvfu;13.03.01;Теплоэнергетика и теплотехника;бакалавриат;Тепловые электрические станции;Политехнический институт;Русский язык|Физика;Математика|Информатика|Химия;0;131;очно;2025;budget;https://tabiturient.ru/vuzu/dvfu/proxodnoi/;17784
dvfu;13.03.02;Электроэнергетика и электротехника;бакалавриат;Инжиниринг электроэнергетических систем и комплексов;Политехнический институт;Русский язык|Физика;Математика|Информатика|Химия;0;173;очно;2025;budget;https://tabiturient.ru/vuzu/dvfu/proxodnoi/;886
dvfu;15.03.01;Машиностроение;бакалавриат;Сварочные и аддитивные технологии в машиностроении;Политехнический институт;Русский язык|Математика;Информатика|Химия|Физика;0;180;очно;2025;budget;https://tabiturient.ru/vuzu/dvfu/proxodnoi/;890
dvfu;15.03.04;Автоматизация технологических процессов и производств;бакалавриат;Автоматизированные технологии и промышленная робототехника;Политехнический институт;Русский язык|Математика;Информатика|Физика;0;219;очно;2025;budget;https://tabiturient.ru/vuzu/dvfu/proxodnoi/;891
dvfu;15.03.05;Конструкторско-технологическое обеспечение машиностроительных производств;бакалавриат;Технологии цифрового машиностроения и инженерный дизайн;Политехнический институт;Русский язык|Математика;Информатика|Физика;0;182;очно;2025;budget;https://tabiturient.ru/vuzu/dvfu/proxodnoi/;24079
dvfu;15.03.06;Мехатроника и робототехника;бакалавриат;Мехатроника и робототехника;Институт Мирового океана;Русский язык|Математика;Информатика|Химия|Физика;0;211;очно;2025;budget;https://tabiturient.ru/vuzu/dvfu/proxodnoi/;894
dvfu;15.03.06;Мехатроника и робототехника;бакалавриат;Mechatronics and robotics (английском языке) с ЧИЭТ;Институт Мирового океана;Русский язык|Математика;Информатика|Химия|Физика;0;;;;paid_only;https://tabiturient.ru/vuzu/dvfu/proxodnoi/;27322
dvfu;18.03.01;Химическая технология;бакалавриат;Химическая технология материалов современной энергетики (совместно с «Концерн Росэнергоатом»);Политехнический институт;Русский язык|Химия;Математика|Информатика|Физика;0;184;очно;2025;budget;https://tabiturient.ru/vuzu/dvfu/proxodnoi/;895
dvfu;18.03.01;Химическая технология;бакалавриат;Chemistry and chemical technology (на английском языке) с ХПТИХП;Политехнический институт;Русский язык|Химия;Математика|Информатика|Физика;0;;;;paid_only;https://tabiturient.ru/vuzu/dvfu/proxodnoi/;27323
dvfu;19.03.01;Биотехнология;бакалавриат;Genetic engineering and biotechnology (на английском языке);Институт наук о жизни и биомедицины;Русский язык|Биология;Математика|Информатика|Химия|Физика;0;;;;paid_only;https://tabiturient.ru/vuzu/dvfu/proxodnoi/;20032
dvfu;19.03.01;Биотехнология;бакалавриат;Промышленная биотехнология. Пищевая биотехнология и инженерия. Экспертиза и биобезопасность;Передовая инженерная школа - Институт биотехнологий, биоинженерии и пищевых систем;Русский язык|Биология;Математика|Информатика|Химия|Физика;0;192;очно;2025;budget;https://tabiturient.ru/vuzu/dvfu/proxodnoi/;897
dvfu;19.03.04;Технология продукции и организация общественного питания;бакалавриат;Технология и управление в секторе HoReCa;Передовая инженерная школа - Институт биотехнологий, биоинженерии и пищевых систем;Русский язык|Биология;Математика|Химия|Физика;0;186;очно;2025;budget;https://tabiturient.ru/vuzu/dvfu/proxodnoi/;900
dvfu;20.03.01;Техносферная безопасность;бакалавриат;Безопасность труда и защита окружающей среды;Политехнический институт;Русский язык|Математика;Информатика|Химия|Физика;0;170;очно;2025;budget;https://tabiturient.ru/vuzu/dvfu/proxodnoi/;22545
dvfu;21.03.01;Нефтегазовое дело;бакалавриат;Инжиниринг нефтегазовых трубопроводных систем и объектов;Политехнический институт;Русский язык|Математика;Информатика|География|Химия|Физика;0;235;очно;2025;budget;https://tabiturient.ru/vuzu/dvfu/proxodnoi/;910
dvfu;21.03.02;Землеустройство и кадастры;бакалавриат;Кадастр недвижимости;Политехнический институт;Русский язык|Математика;Информатика|География|Физика;0;199;очно;2025;budget;https://tabiturient.ru/vuzu/dvfu/proxodnoi/;9854
dvfu;21.03.03;Геодезия и дистанционное зондирование;бакалавриат;Космическая геодезия и картография;Политехнический институт;Русский язык|Математика;Информатика|География|Физика;0;209;очно;2025;budget;https://tabiturient.ru/vuzu/dvfu/proxodnoi/;17785
dvfu;22.03.01;Материаловедение и технологии материалов;бакалавриат;Материаловедение и дизайн новых материалов;Политехнический институт;Русский язык|Математика;Информатика|Химия|Физика;0;197;очно;2025;budget;https://tabiturient.ru/vuzu/dvfu/proxodnoi/;17786
dvfu;22.03.01;Материаловедение и технологии материалов;бакалавриат;Материаловедение и дизайн новых материалов (для иностранных граждан);Политехнический институт;Русский язык|Математика;Информатика|Химия|Физика;0;;;;paid_only;https://tabiturient.ru/vuzu/dvfu/proxodnoi/;27324
dvfu;23.03.01;Технология транспортных процессов;бакалавриат;Организация автомобильных перевозок и управление на транспорте;Политехнический институт;Русский язык|Математика;Информатика|Химия|Физика;0;198;очно;2025;budget;https://tabiturient.ru/vuzu/dvfu/proxodnoi/;920
dvfu;26.03.02;Кораблестроение, океанотехника и системотехника объектов морской инфраструктуры;бакалавриат;Электрооборудование и автоматика судов. Кораблестроение. Морская энергетика. Кораблестроение. Морская электроэнергетика и автоматика;Политехнический институт;Русский язык|Математика;Информатика|Химия|Физика;0;176;очно;2025;budget;https://tabiturient.ru/vuzu/dvfu/proxodnoi/;922
dvfu;27.03.01;Стандартизация и метрология;бакалавриат;Цифровое управление, метрология и контроль технических систем;Передовая инженерная школа - Институт биотехнологий, биоинженерии и пищевых систем;Русский язык|Математика;Информатика|Химия|Физика;0;172;очно;2025;budget;https://tabiturient.ru/vuzu/dvfu/proxodnoi/;24710
dvfu;27.03.02;Управление качеством;бакалавриат;Международный менеджмент качества в биоэкономике;Передовая инженерная школа - Институт биотехнологий, биоинженерии и пищевых систем;Русский язык|Математика;Информатика|Химия|Физика;0;181;очно;2025;budget;https://tabiturient.ru/vuzu/dvfu/proxodnoi/;17787
dvfu;27.03.03;Системный анализ и управление;бакалавриат;Технологии искусственного интеллекта в биоэкономике;Передовая инженерная школа - Институт биотехнологий, биоинженерии и пищевых систем;Русский язык|Математика;Информатика|Химия|Физика;0;198;очно;2025;budget;https://tabiturient.ru/vuzu/dvfu/proxodnoi/;24082
dvfu;37.03.01;Психология;бакалавриат;Психология;Школа искусств и гуманитарных наук;Русский язык|Биология;Математика|Обществознание;0;199;очно;2025;budget;https://tabiturient.ru/vuzu/dvfu/proxodnoi/;931
dvfu;37.03.01;Психология;бакалавриат;Психология (для иностранных граждан);Школа искусств и гуманитарных наук;Русский язык|Биология;Математика|Обществознание;0;;;;paid_only;https://tabiturient.ru/vuzu/dvfu/proxodnoi/;27329
dvfu;38.03.01;Экономика;бакалавриат;Экономика (для иностранных граждан);Школа экономики и менеджмента;Русский язык|Математика;Обществознание|Иностранный язык|Информатика;0;;;;paid_only;https://tabiturient.ru/vuzu/dvfu/proxodnoi/;24083
dvfu;38.03.01;Экономика;бакалавриат;Торговое дело (для иностранных граждан);Школа экономики и менеджмента;Русский язык|Математика;Обществознание|Иностранный язык|Информатика;0;;;;paid_only;https://tabiturient.ru/vuzu/dvfu/proxodnoi/;17788
dvfu;38.03.01;Экономика;бакалавриат;Экономика;Школа экономики и менеджмента;Русский язык|Математика;Обществознание|Иностранный язык|Информатика;0;226;очно;2025;budget;https://tabiturient.ru/vuzu/dvfu/proxodnoi/;938
dvfu;38.03.01;Экономика;бакалавриат;Экономика (для иностранных граждан, сетевая программа с ПУЦК);Школа экономики и менеджмента;Русский язык|Математика;Обществознание|Иностранный язык|Информатика;0;;;;paid_only;https://tabiturient.ru/vuzu/dvfu/proxodnoi/;939
dvfu;38.03.01;Экономика;бакалавриат;Бизнес-информатика (для иностранных граждан);Школа экономики и менеджмента;Русский язык|Математика;Обществознание|Иностранный язык|Информатика;0;;;;paid_only;https://tabiturient.ru/vuzu/dvfu/proxodnoi/;941
dvfu;38.03.02;Менеджмент;бакалавриат;Менеджмент (для иностранных граждан);Школа экономики и менеджмента;Русский язык|Математика;Обществознание|Иностранный язык|Информатика;0;;;;paid_only;https://tabiturient.ru/vuzu/dvfu/proxodnoi/;24084
dvfu;38.03.02;Менеджмент;бакалавриат;Менеджмент;Школа экономики и менеджмента;Русский язык|Математика;Обществознание|Иностранный язык|Информатика;0;230;очно;2025;budget;https://tabiturient.ru/vuzu/dvfu/proxodnoi/;943
dvfu;38.03.02;Менеджмент;бакалавриат;Менеджмент (для иностранных граждан, сетевая программа с ПУЦК);Школа экономики и менеджмента;Русский язык|Математика;Обществознание|Иностранный язык|Информатика;0;;;;paid_only;https://tabiturient.ru/vuzu/dvfu/proxodnoi/;27330
dvfu;38.03.05;Бизнес-информатика;бакалавриат;Бизнес-аналитика;Школа экономики и менеджмента;Русский язык|Математика;Обществознание|Информатика;0;249;очно;2025;budget;https://tabiturient.ru/vuzu/dvfu/proxodnoi/;20035
dvfu;38.03.06;Торговое дело;бакалавриат;Цифровая торговля;Школа экономики и менеджмента;Русский язык|Математика;Обществознание|Иностранный язык|Информатика;0;228;очно;2025;budget;https://tabiturient.ru/vuzu/dvfu/proxodnoi/;24085
dvfu;38.03.07;Товароведение;бакалавриат;Таможенная экспертиза во внешнеэкономической деятельности;Передовая инженерная школа - Институт биотехнологий, биоинженерии и пищевых систем;Русский язык|Математика;Обществознание|Иностранный язык|Информатика|История;0;226;очно;2025;budget;https://tabiturient.ru/vuzu/dvfu/proxodnoi/;20036
dvfu;38.03.07;Товароведение;бакалавриат;Таможенная экспертиза во внешнеэкономической деятельности (для иностранных граждан);Передовая инженерная школа - Институт биотехнологий, биоинженерии и пищевых систем;Русский язык|Математика;Обществознание|Иностранный язык|Информатика|История;0;;;;paid_only;https://tabiturient.ru/vuzu/dvfu/proxodnoi/;27331
dvfu;39.03.01;Социология;бакалавриат;Социология;Школа искусств и гуманитарных наук;Русский язык|Обществознание;Математика|Иностранный язык|История;0;222;очно;2025;budget;https://tabiturient.ru/vuzu/dvfu/proxodnoi/;948
dvfu;40.03.01;Юриспруденция;бакалавриат;Юриспруденция;Юридическая школа;Русский язык|Обществознание;Иностранный язык|Информатика|История;0;253;очно;2025;budget;https://tabiturient.ru/vuzu/dvfu/proxodnoi/;952
dvfu;41.03.01;Зарубежное регионоведение;бакалавриат;Бизнес, политика, культура АТР;Восточный институт - Школа региональных и международных исследований;Русский язык|История;Обществознание|Иностранный язык|География;0;239;очно;2025;budget;https://tabiturient.ru/vuzu/dvfu/proxodnoi/;954
dvfu;58.03.01;Востоковедение и африканистика;бакалавриат;Японоведение;Восточный институт - Школа региональных и международных исследований;Русский язык|История;Обществознание|Иностранный язык|География;0;246;очно;2025;budget;https://tabiturient.ru/vuzu/dvfu/proxodnoi/;24687
dvfu;58.03.01;Востоковедение и африканистика;бакалавриат;Корееведение;Восточный институт - Школа региональных и международных исследований;Русский язык|История;Обществознание|Иностранный язык|География;0;243;очно;2025;budget;https://tabiturient.ru/vuzu/dvfu/proxodnoi/;24688
dvfu;58.03.01;Востоковедение и африканистика;бакалавриат;Китаеведение;Восточный институт - Школа региональных и международных исследований;Русский язык|История;Обществознание|Иностранный язык|География;0;259;очно;2025;budget;https://tabiturient.ru/vuzu/dvfu/proxodnoi/;955
dvfu;58.03.01;Востоковедение и африканистика;бакалавриат;Россия и Азия: бизнес, политика, культура (для иностранных граждан), сетевая программа с ПУЦК;Восточный институт - Школа региональных и международных исследований;Русский язык|История;Обществознание|Иностранный язык|География;0;;;;paid_only;https://tabiturient.ru/vuzu/dvfu/proxodnoi/;27342
dvfu;41.03.04;Политология;бакалавриат;Без профиля;Восточный институт - Школа региональных и международных исследований;Русский язык|История;Математика|Обществознание|Иностранный язык|Информатика|География;0;222;очно;2025;budget;https://tabiturient.ru/vuzu/dvfu/proxodnoi/;958
dvfu;41.03.05;Международные отношения;бакалавриат;Международный протокол;Восточный институт - Школа региональных и международных исследований;Русский язык|История;Математика|Обществознание|Иностранный язык|Информатика|География;0;;;;paid_only;https://tabiturient.ru/vuzu/dvfu/proxodnoi/;20037
dvfu;41.03.05;Международные отношения;бакалавриат;Международные отношения, дипломатия и внешняя политика;Восточный институт - Школа региональных и международных исследований;Русский язык|История;Математика|Обществознание|Иностранный язык|Информатика|География;0;255;очно;2025;budget;https://tabiturient.ru/vuzu/dvfu/proxodnoi/;959
dvfu;41.03.05;Международные отношения;бакалавриат;Международные отношения, дипломатия и внешняя политика (для иностранных граждан);Восточный институт - Школа региональных и международных исследований;Русский язык|История;Математика|Обществознание|Иностранный язык|Информатика|География;0;;;;paid_only;https://tabiturient.ru/vuzu/dvfu/proxodnoi/;27332
dvfu;41.03.05;Международные отношения;бакалавриат;International Relations (на английском языке), совместная программа с университетом Дананг (Вьетнам);Восточный институт - Школа региональных и международных исследований;Русский язык|История;Математика|Обществознание|Иностранный язык|Информатика|География;0;;;;paid_only;https://tabiturient.ru/vuzu/dvfu/proxodnoi/;27333
dvfu;41.03.05;Международные отношения;бакалавриат;International Relations (на английском языке);Восточный институт - Школа региональных и международных исследований;Русский язык|История;Математика|Обществознание|Иностранный язык|Информатика|География;0;;;;paid_only;https://tabiturient.ru/vuzu/dvfu/proxodnoi/;27334
dvfu;41.03.05;Международные отношения;бакалавриат;International Relations (на английском языке), совместно с университетом Дананг (Вьетнам);Восточный институт - Школа региональных и международных исследований;Русский язык|История;Математика|Обществознание|Иностранный язык|Информатика|География;0;;;;paid_only;https://tabiturient.ru/vuzu/dvfu/proxodnoi/;27335
dvfu;42.03.01;Реклама и связи с общественностью;бакалавриат;Реклама и связи с общественностью;Школа искусств и гуманитарных наук;Русский язык|Обществознание;Иностранный язык|Информатика|Литература|История;0;248;очно;2025;budget;https://tabiturient.ru/vuzu/dvfu/proxodnoi/;962
dvfu;42.03.02;Журналистика;бакалавриат;Журналистика;Школа искусств и гуманитарных наук;Русский язык|Литература;;1;223;очно;2025;budget;https://tabiturient.ru/vuzu/dvfu/proxodnoi/;964
dvfu;42.03.02;Журналистика;бакалавриат;Журналистика (для иностранных граждан);Школа искусств и гуманитарных наук;Русский язык|Литература;;1;;;;paid_only;https://tabiturient.ru/vuzu/dvfu/proxodnoi/;27336
dvfu;42.03.05;Медиакоммуникации;бакалавриат;Медиапланирование в креативных индустриях. Медиапроизводство: фильмы и видео;Школа искусств и гуманитарных наук;Русский язык|Литература;Обществознание|Иностранный язык|География|История;0;244;очно;2025;budget;https://tabiturient.ru/vuzu/dvfu/proxodnoi/;17789
dvfu;42.03.05;Медиакоммуникации;бакалавриат;Медиакоммуникации (для иностранных граждан);Школа искусств и гуманитарных наук;Русский язык|Литература;Обществознание|Иностранный язык|География|История;0;;;;paid_only;https://tabiturient.ru/vuzu/dvfu/proxodnoi/;27338
dvfu;43.03.01;Сервис;бакалавриат;Сервис-дизайн в бизнесе и управлении;Школа экономики и менеджмента;Русский язык|Обществознание;Математика|Иностранный язык|История;0;224;очно;2025;budget;https://tabiturient.ru/vuzu/dvfu/proxodnoi/;17790
dvfu;43.03.02;Туризм;бакалавриат;Туризм;Школа экономики и менеджмента;Русский язык|Обществознание;Иностранный язык|География|История;0;220;очно;2025;budget;https://tabiturient.ru/vuzu/dvfu/proxodnoi/;971
dvfu;43.03.03;Гостиничное дело;бакалавриат;Гостиничное дело;Школа экономики и менеджмента;Русский язык|Обществознание;Иностранный язык|История;0;212;очно;2025;budget;https://tabiturient.ru/vuzu/dvfu/proxodnoi/;970
dvfu;44.03.01;Педагогическое образование;бакалавриат;Русский язык как иностранный (для иностранных граждан);Школа педагогики;Русский язык|Обществознание;Иностранный язык|Литература;0;;;;paid_only;https://tabiturient.ru/vuzu/dvfu/proxodnoi/;9855
dvfu;44.03.03;Специальное (дефектологическое) образование;бакалавриат;Логопедия;Школа педагогики;Русский язык|Биология;Математика|Обществознание;0;182;очно;2025;budget;https://tabiturient.ru/vuzu/dvfu/proxodnoi/;973
dvfu;44.03.05;Педагогическое образование (с двумя профилями подготовки);бакалавриат;Информационные технологии и математика;Школа педагогики;Русский язык|Обществознание;Математика|Информатика|Физика;0;169;очно;2025;budget;https://tabiturient.ru/vuzu/dvfu/proxodnoi/;9856
dvfu;44.03.05;Педагогическое образование (с двумя профилями подготовки);бакалавриат;Русский язык и литература;Школа педагогики;Русский язык|Обществознание;Математика|Литература|История;0;219;очно;2025;budget;https://tabiturient.ru/vuzu/dvfu/proxodnoi/;17792
dvfu;44.03.05;Педагогическое образование (с двумя профилями подготовки);бакалавриат;Иностранный язык (английский) и Иностранный язык (китайский);Школа педагогики;Русский язык|Иностранный язык;Обществознание|История;0;242;очно;2025;budget;https://tabiturient.ru/vuzu/dvfu/proxodnoi/;9857
dvfu;44.03.05;Педагогическое образование (с двумя профилями подготовки);бакалавриат;Иностранный (английский) язык и иностранный (корейский) язык;Школа педагогики;Русский язык|Иностранный язык;Обществознание|История;0;227;очно;2025;budget;https://tabiturient.ru/vuzu/dvfu/proxodnoi/;9858
dvfu;44.03.05;Педагогическое образование (с двумя профилями подготовки);бакалавриат;История и обществознание;Школа педагогики;Русский язык|Обществознание;Иностранный язык|История;0;201;очно;2025;budget;https://tabiturient.ru/vuzu/dvfu/proxodnoi/;9859
dvfu;44.03.05;Педагогическое образование (с двумя профилями подготовки);бакалавриат;Начальное образование и профиль по выбору (логопедия, английский язык);Школа педагогики;Русский язык|Обществознание;Математика|Иностранный язык|Биология;0;213;очно;2025;budget;https://tabiturient.ru/vuzu/dvfu/proxodnoi/;9860
dvfu;45.03.01;Филология;бакалавриат;Зарубежная филология: английский язык и зарубежная литература;Восточный институт - Школа региональных и международных исследований;Русский язык|Иностранный язык;Обществознание|Литература|История;0;244;очно;2025;budget;https://tabiturient.ru/vuzu/dvfu/proxodnoi/;974
dvfu;45.03.01;Филология;бакалавриат;Русский язык и литература;Восточный институт - Школа региональных и международных исследований;Русский язык|Литература;Обществознание|Иностранный язык|История;0;227;очно;2025;budget;https://tabiturient.ru/vuzu/dvfu/proxodnoi/;975
dvfu;45.03.02;Лингвистика;бакалавриат;Теория и методика преподавания русского языка и культуры (для иностранных граждан);Восточный институт - Школа региональных и международных исследований;Русский язык|Иностранный язык;Обществознание|Литература|История;0;;;;paid_only;https://tabiturient.ru/vuzu/dvfu/proxodnoi/;20038
dvfu;45.03.02;Лингвистика;бакалавриат;Межкультурная коммуникация (английский и китайский языки);Восточный институт - Школа региональных и международных исследований;Русский язык|Иностранный язык;Обществознание|Литература|История;0;256;очно;2025;budget;https://tabiturient.ru/vuzu/dvfu/proxodnoi/;24689
dvfu;45.03.02;Лингвистика;бакалавриат;Перевод и лингвопереводческие технологии (английский и китайский языки);Восточный институт - Школа региональных и международных исследований;Русский язык|Иностранный язык;Обществознание|Литература|История;0;258;очно;2025;budget;https://tabiturient.ru/vuzu/dvfu/proxodnoi/;24690
dvfu;45.03.02;Лингвистика;бакалавриат;Русский язык в бизнес коммуникации (для иностранных граждан), сетевая программа с ПУЦК;Восточный институт - Школа региональных и международных исследований;Русский язык|Иностранный язык;Обществознание|Литература|История;0;;;;paid_only;https://tabiturient.ru/vuzu/dvfu/proxodnoi/;27339
dvfu;45.03.02;Лингвистика;бакалавриат;Перевод и переводоведение (европейские языки);Восточный институт - Школа региональных и международных исследований;Русский язык|Иностранный язык;Обществознание|Литература|История;0;252;очно;2025;budget;https://tabiturient.ru/vuzu/dvfu/proxodnoi/;976
dvfu;45.03.03;Фундаментальная и прикладная лингвистика;бакалавриат;Лингвистика и цифровые технологии;Восточный институт - Школа региональных и международных исследований;Русский язык|Иностранный язык;Математика|Обществознание|Информатика|Литература|История;0;248;очно;2025;budget;https://tabiturient.ru/vuzu/dvfu/proxodnoi/;977
dvfu;45.03.04;Интеллектуальные системы в гуманитарной сфере;бакалавриат;Коммуникация и технологии искусственного интеллекта;Восточный институт - Школа региональных и международных исследований;Русский язык|Математика;Обществознание|Иностранный язык|Информатика|Литература|История;0;248;очно;2025;budget;https://tabiturient.ru/vuzu/dvfu/proxodnoi/;20039
dvfu;46.03.01;История;бакалавриат;Россия и АТР: история и археология;Школа искусств и гуманитарных наук;Русский язык|История;Обществознание|Иностранный язык|Информатика|География|Литература;0;222;очно;2025;budget;https://tabiturient.ru/vuzu/dvfu/proxodnoi/;980
dvfu;48.03.01;Теология;бакалавриат;Культура православия;Школа искусств и гуманитарных наук;Русский язык|История;Обществознание|Иностранный язык|География|Литература;0;192;очно;2025;budget;https://tabiturient.ru/vuzu/dvfu/proxodnoi/;982
dvfu;49.03.01;Физическая культура;бакалавриат;Спортивная тренировка (для иностранных граждан);Школа искусств и гуманитарных наук;Русский язык|Биология;;1;;;;paid_only;https://tabiturient.ru/vuzu/dvfu/proxodnoi/;27340
dvfu;49.03.01;Физическая культура;бакалавриат;Физическая культура и спортивный менеджмент;Школа искусств и гуманитарных наук;Русский язык|Биология;;1;203;очно;2025;budget;https://tabiturient.ru/vuzu/dvfu/proxodnoi/;983
dvfu;54.03.01;Дизайн;бакалавриат;Дизайн (для иностранных граждан);Школа искусств и гуманитарных наук;Русский язык|Литература;;1;;;;paid_only;https://tabiturient.ru/vuzu/dvfu/proxodnoi/;27341
dvfu;54.03.01;Дизайн;бакалавриат;Дизайн;Школа искусств и гуманитарных наук;Русский язык|Литература;;1;220;очно;2025;budget;https://tabiturient.ru/vuzu/dvfu/proxodnoi/;985
dvfu;04.05.01;Фундаментальная и прикладная химия;специалитет;Биохимическая инженерия;Институт наукоемких технологий и передовых материалов;Русский язык|Химия;Математика|Информатика|Биология|Физика;0;256;очно;2025;budget;https://tabiturient.ru/vuzu/dvfu/proxodnoi/;24075
dvfu;06.05.01;Биоинженерия и биоинформатика;специалитет;Генная и клеточная инженерия;Передовая инженерная школа - Институт биотехнологий, биоинженерии и пищевых систем;Русский язык|Биология;Математика|Информатика|Химия|Физика;0;279;очно;2025;budget;https://tabiturient.ru/vuzu/dvfu/proxodnoi/;20029
dvfu;08.05.01;Строительство уникальных зданий и сооружений;специалитет;Строительство гидротехнических сооружений повышенной ответственности. Строительство высотных и большепролетных зданий и сооружений;Политехнический институт;Русский язык|Математика;Информатика|Химия|Физика;0;214;очно;2025;budget;https://tabiturient.ru/vuzu/dvfu/proxodnoi/;871
dvfu;10.05.01;Компьютерная безопасность;специалитет;Обнаружение и нейтрализация киберугроз, средства мониторинга киберсреды;Институт математики и компьютерных технологий;Русский язык|Математика;Информатика|Физика;0;220;очно;2025;budget;https://tabiturient.ru/vuzu/dvfu/proxodnoi/;877
dvfu;14.05.02;Атомные станции: проектирование, эксплуатация и инжиниринг;специалитет;Проектирование и эксплуатация атомных станций (совместно с НИЯУ МИФИ);Институт наукоемких технологий и передовых материалов;Русский язык|Физика;Математика|Информатика|Химия;0;;;;paid_only;https://tabiturient.ru/vuzu/dvfu/proxodnoi/;27320
dvfu;21.05.04;Горное дело;специалитет;Шахтное и подземное строительство;Политехнический институт;Русский язык|Математика;Информатика|География|Химия|Физика;0;179;очно;2025;budget;https://tabiturient.ru/vuzu/dvfu/proxodnoi/;24080
dvfu;24.05.05;Интегрированные системы летательных аппаратов;специалитет;Приборы и измерительно вычислительные комплексы летательных аппаратов;Политехнический институт;Русский язык|Математика;Информатика|Химия|Физика;0;188;очно;2025;budget;https://tabiturient.ru/vuzu/dvfu/proxodnoi/;24081
dvfu;26.05.01;Проектирование и постройка кораблей, судов и объектов океанотехники;специалитет;Проектирование и конструкция судов;Политехнический институт;Русский язык|Математика;Информатика|Химия|Физика;0;175;очно;2025;budget;https://tabiturient.ru/vuzu/dvfu/proxodnoi/;24709
dvfu;30.05.01;Медицинская биохимия;специалитет;Медицинская биохимия;Школа медицины и наук о жизни;Русский язык|Биология;Математика|Информатика|Химия|Физика;0;212;очно;2025;budget;https://tabiturient.ru/vuzu/dvfu/proxodnoi/;927
dvfu;30.05.02;Медицинская биофизика;специалитет;Медицинская биофизика;Школа медицины и наук о жизни;Русский язык|Биология;Математика|Информатика|Химия|Физика;0;207;очно;2025;budget;https://tabiturient.ru/vuzu/dvfu/proxodnoi/;926
dvfu;31.05.01;Лечебное дело;специалитет;Лечебное дело;Школа медицины и наук о жизни;Русский язык|Биология|Химия;;0;227;очно;2025;budget;https://tabiturient.ru/vuzu/dvfu/proxodnoi/;3371
dvfu;31.05.01;Лечебное дело;специалитет;General Medicine (на английском языке);Школа медицины и наук о жизни;Русский язык|Биология|Химия;;0;;;;paid_only;https://tabiturient.ru/vuzu/dvfu/proxodnoi/;20033
dvfu;31.05.01;Лечебное дело;специалитет;Лечебное дело (для иностранных граждан);Школа медицины и наук о жизни;Русский язык|Биология|Химия;;0;;;;paid_only;https://tabiturient.ru/vuzu/dvfu/proxodnoi/;27325
dvfu;31.05.03;Стоматология;специалитет;Стоматология;Школа медицины и наук о жизни;Русский язык|Биология|Химия;;0;;;;paid_only;https://tabiturient.ru/vuzu/dvfu/proxodnoi/;20034
dvfu;31.05.03;Стоматология;специалитет;Стоматология (для иностранных граждан);Школа медицины и наук о жизни;Русский язык|Биология|Химия;;0;;;;paid_only;https://tabiturient.ru/vuzu/dvfu/proxodnoi/;27326
dvfu;31.05.03;Стоматология;специалитет;Dental Medicine (на английском языке);Школа медицины и наук о жизни;Русский язык|Биология|Химия;;0;;;;paid_only;https://tabiturient.ru/vuzu/dvfu/proxodnoi/;27327
dvfu;33.05.01;Фармация;специалитет;Pharmacy (на английском языке) с ХПТИХП;Институт наук о жизни и биомедицины;Русский язык|Биология|Химия;;0;;;;paid_only;https://tabiturient.ru/vuzu/dvfu/proxodnoi/;22546
dvfu;33.05.01;Фармация;специалитет;Фармацевтическое дело и технологии лекарств;Институт наук о жизни и биомедицины;Русский язык|Биология|Химия;;0;189;очно;2025;budget;https://tabiturient.ru/vuzu/dvfu/proxodnoi/;929
dvfu;33.05.01;Фармация;специалитет;Pharmacy (на английском языке) с ГУС;Институт наук о жизни и биомедицины;Русский язык|Биология|Химия;;0;;;;paid_only;https://tabiturient.ru/vuzu/dvfu/proxodnoi/;27328
dvfu;38.05.01;Экономическая безопасность;специалитет;Экономико-правовое обеспечение экономической безопасности;Школа экономики и менеджмента;Русский язык|Математика;Обществознание|Информатика;0;237;очно;2025;budget;https://tabiturient.ru/vuzu/dvfu/proxodnoi/;946
dvfu;45.05.01;Перевод и переводоведение;специалитет;Лингвистическое обеспечение межгосударственных отношений;Восточный институт - Школа региональных и международных исследований;Русский язык|Иностранный язык;Обществознание|Информатика|География|Литература|История;0;;;;quota_only;https://tabiturient.ru/vuzu/dvfu/proxodnoi/;979
spmi;08.05.01;Строительство уникальных зданий и сооружений;специалитет;"Строительство подземных сооружений; Строительство высотных и большепролетных зданий и сооружений";Строительный факультет;Русский язык|Математика;Информатика|Физика;0;271;очно;2025;budget;https://tabiturient.ru/vuzu/spmi/proxodnoi/;2827
spmi;11.05.01;Радиоэлектронные системы и комплексы;специалитет;Проектирование и технология радиоэлектронных систем и комплексов;Механико-машиностроительный факультет;Русский язык|Математика|Физика;;0;343;очно;2025;budget;https://tabiturient.ru/vuzu/spmi/proxodnoi/;7849
spmi;21.05.01;Прикладная геодезия;специалитет;Инженерная геодезия;Строительный факультет;Русский язык|Математика;Информатика|География|Физика;0;364;очно;2025;budget;https://tabiturient.ru/vuzu/spmi/proxodnoi/;2829
spmi;21.05.02;Прикладная геология;специалитет;"Геологическая съемка, поиски и разведка месторождений твёрдых полезных ископаемых; Гидрогеология; Инженерная геология и др.";Геологоразведочный факультет;Русский язык|Математика;Информатика|География|Химия|Физика;0;350;очно;2025;budget;https://tabiturient.ru/vuzu/spmi/proxodnoi/;2830
spmi;21.05.03;Технология геологической разведки;специалитет;"Геофизические методы поисков и разведки месторождений; Нефтегазовая геофизика";Геологоразведочный факультет;Русский язык|Математика;Информатика|География|Химия|Физика;0;350;очно;2025;budget;https://tabiturient.ru/vuzu/spmi/proxodnoi/;2831
spmi;21.05.03;Технология геологической разведки;специалитет;Технология и техника разведки месторождений полезных ископаемых;Нефтегазовый факультет;Русский язык|Математика;Информатика|Химия|Физика;0;360;очно;2025;budget;https://tabiturient.ru/vuzu/spmi/proxodnoi/;7960
spmi;21.05.04;Горное дело;специалитет;"ТЕХНОЛОГИИ ГОРНОГО ПРОИЗВОДСТВА (горные работы): Взрывное дело; Открытые горные работы; Подземная разработка пластовых месторождений; Подземная разработка рудных месторождений; Технологическая безопасность и горноспасательное дело";Горный факультет;Русский язык|Математика;Информатика|Физика;0;332;очно;2025;budget;https://tabiturient.ru/vuzu/spmi/proxodnoi/;2832
spmi;21.05.04;Горное дело;специалитет;"ТЕХНОЛОГИИ ГОРНОГО ПРОИЗВОДСТВА (технологическое обеспечение горных работ): Горные машины и оборудование; Транспортные системы горного производства; Электрификация и автоматизация горного производства";Механико-машиностроительный факультет;Русский язык|Математика;Информатика|Физика;0;332;очно;2025;budget;https://tabiturient.ru/vuzu/spmi/proxodnoi/;2833
spmi;21.05.04;Горное дело;специалитет;"ТЕХНОЛОГИИ ГОРНОГО ПРОИЗВОДСТВА (экология. обогащение): Инженерная экология; Обогащение полезных ископаемых";Факультет переработки минерального сырья;Русский язык|Математика;Химия|Физика;0;339;очно;2025;budget;https://tabiturient.ru/vuzu/spmi/proxodnoi/;10127
spmi;21.05.04;Горное дело;специалитет;"ТЕХНОЛОГИИ СТРОИТЕЛЬСТВА: Маркшейдерское дело; Строительство горных предприятий и подземных сооружений";Строительный факультет;Русский язык|Математика;Информатика|Физика;0;346;очно;2025;budget;https://tabiturient.ru/vuzu/spmi/proxodnoi/;2811
spmi;21.05.06;Нефтегазовые техника и технологии;специалитет;"Машины и оборудование нефтяных и газовых промыслов; Проектирование, сооружение и эксплуатация газонефтепроводов и газонефтехранилищ; Разработка и эксплуатация нефтяных и газовых месторождений; Технология бурения нефтяных и газовых скважин";Нефтегазовый факультет;Русский язык|Математика;Информатика|Химия|Физика;0;360;очно;2025;budget;https://tabiturient.ru/vuzu/spmi/proxodnoi/;2834
spbgmu-pavlov;34.03.01;Сестринское дело;бакалавриат;Без профиля;Факультет высшего сестринского образования;Русский язык|Биология|Химия;;0;240;очно;2025;budget;https://tabiturient.ru/vuzu/spbgmu/proxodnoi/;1857
spbgmu-pavlov;49.03.02;Физическая культура для лиц с отклонениями в состоянии здоровья (адаптивная физическая культура);бакалавриат;Без профиля;Факультет адаптивной физической культуры;Русский язык|Биология;;1;187;заочно;2025;budget;https://tabiturient.ru/vuzu/spbgmu/proxodnoi/;1859
spbgmu-pavlov;30.05.01;Медицинская биохимия;специалитет;Без профиля;Факультет фундаментальной медицины;Русский язык|Биология|Химия;;0;;;;paid_only;https://tabiturient.ru/vuzu/spbgmu/proxodnoi/;22942
spbgmu-pavlov;30.05.03;Медицинская кибернетика;специалитет;Без профиля;Факультет фундаментальной медицины;Русский язык|Математика;Информатика|Биология;0;;;;paid_only;https://tabiturient.ru/vuzu/spbgmu/proxodnoi/;22943
spbgmu-pavlov;31.05.01;Лечебное дело;специалитет;Без профиля;Лечебный факультет;Русский язык|Биология|Химия;;0;268;очно;2025;budget;https://tabiturient.ru/vuzu/spbgmu/proxodnoi/;1853
spbgmu-pavlov;31.05.02;Педиатрия;специалитет;Без профиля;Педиатрический факультет;Русский язык|Биология|Химия;;0;260;очно;2025;budget;https://tabiturient.ru/vuzu/spbgmu/proxodnoi/;1855
spbgmu-pavlov;31.05.03;Стоматология;специалитет;Аддитивная стоматология;Стоматологический факультет;Русский язык|Биология;;1;;;;paid_only;https://tabiturient.ru/vuzu/spbgmu/proxodnoi/;24586
spbgmu-pavlov;31.05.03;Стоматология;специалитет;Без профиля;Стоматологический факультет;Русский язык|Биология|Химия;;0;290;очно;2025;budget;https://tabiturient.ru/vuzu/spbgmu/proxodnoi/;1856
spbgmu-pavlov;37.05.01;Клиническая психология;специалитет;Патопсихологическая диагностика и психотерапия;Факультет клинической психологии;Русский язык|Математика|Биология;;0;252;очно;2025;budget;https://tabiturient.ru/vuzu/spbgmu/proxodnoi/;1858
mgsu;01.03.04;Прикладная математика;бакалавриат;Цифровое проектирование и моделирование;Институт цифровых технологий и моделирования в строительстве;Русский язык|Математика;Информатика|Физика;0;260;очно;2025;budget;https://tabiturient.ru/vuzu/mgsu/proxodnoi/;2425
mgsu;07.03.01;Архитектура;бакалавриат;Без профиля;Институт архитектуры и градостроительства;Русский язык|Математика;;1;227;очно;2025;budget;https://tabiturient.ru/vuzu/mgsu/proxodnoi/;2426
mgsu;07.03.02;Реконструкция и реставрация архитектурного наследия;бакалавриат;Без профиля;Институт архитектуры и градостроительства;Русский язык|Математика;;1;219;очно;2025;budget;https://tabiturient.ru/vuzu/mgsu/proxodnoi/;2427
mgsu;07.03.04;Градостроительство;бакалавриат;Градостроительство;Институт архитектуры и градостроительства;Русский язык|Математика;;1;181;очно;2025;budget;https://tabiturient.ru/vuzu/mgsu/proxodnoi/;2428
mgsu;07.03.04;Градостроительство;бакалавриат;Девелопмент в градостроительстве;Институт архитектуры и градостроительства;Русский язык|Математика;;1;176;очно;2025;budget;https://tabiturient.ru/vuzu/mgsu/proxodnoi/;26511
mgsu;08.03.01;Строительство;бакалавриат;Промышленное и гражданское строительство;Институт промышленного и гражданского строительства;Русский язык|Математика;Информатика|Физика;0;246;очно-заочно;2025;budget;https://tabiturient.ru/vuzu/mgsu/proxodnoi/;25095
mgsu;08.03.01;Строительство;бакалавриат;Дорожное строительство;Институт архитектуры и градостроительства;Русский язык|Математика;Информатика|Физика;0;210;очно;2025;budget;https://tabiturient.ru/vuzu/mgsu/proxodnoi/;23119
mgsu;08.03.01;Строительство;бакалавриат;Стоимостной инжиниринг в строительстве;Институт экономики, управления и коммуникаций в сфере строительства и недвижимости;Русский язык|Математика;Информатика|Физика;0;210;очно;2025;budget;https://tabiturient.ru/vuzu/mgsu/proxodnoi/;23120
mgsu;08.03.01;Строительство;бакалавриат;Геотехническое и подземное строительство;Институт гидротехнического и энергетического строительства;Русский язык|Математика;Информатика|Физика;0;210;очно;2025;budget;https://tabiturient.ru/vuzu/mgsu/proxodnoi/;2429
mgsu;08.03.01;Строительство;бакалавриат;"Водоснабжение и водоотведение; Стоимостной инжиниринг в строительстве; Теплогазоснабжение и вентиляция; Управление в строительстве";Институт дистанционного образования;Русский язык|Математика;Информатика|Физика;0;;;;paid_only;https://tabiturient.ru/vuzu/mgsu/proxodnoi/;2430
mgsu;08.03.01;Строительство;бакалавриат;Водоснабжение и водоотведение;Институт инженерно-экологического строительства и механизации;Русский язык|Математика;Информатика|Физика;0;210;очно;2025;budget;https://tabiturient.ru/vuzu/mgsu/proxodnoi/;2431
mgsu;08.03.01;Строительство;бакалавриат;Управление в строительстве;Институт экономики, управления и коммуникаций в сфере строительства и недвижимости;Русский язык|Математика;Информатика|Физика;0;210;очно;2025;budget;https://tabiturient.ru/vuzu/mgsu/proxodnoi/;26512
mgsu;08.03.01;Строительство;бакалавриат;Экспертиза и управление недвижимостью;Институт экономики, управления и коммуникаций в сфере строительства и недвижимости;Русский язык|Математика;Информатика|Физика;0;210;очно;2025;budget;https://tabiturient.ru/vuzu/mgsu/proxodnoi/;26513
mgsu;08.03.01;Строительство;бакалавриат;Производство и применение строительных материалов, изделий и конструкций;Институт промышленного и гражданского строительства;Русский язык|Математика;Информатика|Физика;0;210;очно;2025;budget;https://tabiturient.ru/vuzu/mgsu/proxodnoi/;26514
mgsu;08.03.01;Строительство;бакалавриат;Бизнес-инжиниринг в строительстве;Институт промышленного и гражданского строительства;Русский язык|Математика;Информатика|Физика;0;210;очно;2025;budget;https://tabiturient.ru/vuzu/mgsu/proxodnoi/;26515
mgsu;08.03.01;Строительство;бакалавриат;Civil Engineering;Институт инженерно-экологического строительства и механизации;Русский язык|Математика;Информатика|Физика;0;;;;paid_only;https://tabiturient.ru/vuzu/mgsu/proxodnoi/;26516
mgsu;08.03.01;Строительство;бакалавриат;Городское строительство и хозяйство;Институт инженерно-экологического строительства и механизации;Русский язык|Математика;Информатика|Физика;0;210;очно;2025;budget;https://tabiturient.ru/vuzu/mgsu/proxodnoi/;26517
mgsu;08.03.01;Строительство;бакалавриат;Теплогазоснабжение и вентиляция;Институт инженерно-экологического строительства и механизации;Русский язык|Математика;Информатика|Физика;0;210;очно;2025;budget;https://tabiturient.ru/vuzu/mgsu/proxodnoi/;26518
mgsu;08.03.01;Строительство;бакалавриат;Техническая эксплуатация объектов жилищно-коммунального хозяйства;Институт инженерно-экологического строительства и механизации;Русский язык|Математика;Информатика|Физика;0;210;очно;2025;budget;https://tabiturient.ru/vuzu/mgsu/proxodnoi/;26519
mgsu;08.03.01;Строительство;бакалавриат;Гидротехническое и природоохранное строительство;Институт гидротехнического и энергетического строительства;Русский язык|Математика;Информатика|Физика;0;210;очно;2025;budget;https://tabiturient.ru/vuzu/mgsu/proxodnoi/;26520
mgsu;08.03.01;Строительство;бакалавриат;Инжиниринг и строительство объектов энергетики;Институт гидротехнического и энергетического строительства;Русский язык|Математика;Информатика|Физика;0;210;очно;2025;budget;https://tabiturient.ru/vuzu/mgsu/proxodnoi/;26521
mgsu;09.03.02;Информационные системы и технологии;бакалавриат;Информационные системы и технологии в строительстве;Институт цифровых технологий и моделирования в строительстве;Русский язык|Математика;Информатика|Физика;0;232;очно;2025;budget;https://tabiturient.ru/vuzu/mgsu/proxodnoi/;4393
mgsu;15.03.04;Автоматизация технологических процессов и производств;бакалавриат;Цифровизация и автоматизация технологических процессов;Институт инженерно-экологического строительства и механизации;Русский язык|Математика;Информатика|Физика;0;231;очно;2025;budget;https://tabiturient.ru/vuzu/mgsu/proxodnoi/;2437
mgsu;20.03.01;Техносферная безопасность;бакалавриат;Пожарная и промышленная безопасность;Институт гидротехнического и энергетического строительства;Русский язык|Математика;Информатика|Физика;0;223;очно;2025;budget;https://tabiturient.ru/vuzu/mgsu/proxodnoi/;2439
mgsu;21.03.02;Землеустройство и кадастры;бакалавриат;Землеустройство и кадастры в градостроительной деятельности;Институт архитектуры и градостроительства;Русский язык|Математика;Информатика|Физика;0;229;очно;2025;budget;https://tabiturient.ru/vuzu/mgsu/proxodnoi/;25094
mgsu;38.03.01;Экономика;бакалавриат;Экономика предприятий и организаций инвестиционно-строительной сферы;Институт экономики, управления и коммуникаций в сфере строительства и недвижимости;Русский язык|Математика;Обществознание|Иностранный язык|Информатика|География|История;0;;;;paid_only;https://tabiturient.ru/vuzu/mgsu/proxodnoi/;2447
mgsu;38.03.02;Менеджмент;бакалавриат;Менеджмент в инвестиционно-строительной сфере;Институт экономики, управления и коммуникаций в сфере строительства и недвижимости;Русский язык|Математика;Обществознание|Иностранный язык|Информатика|История;0;;;;paid_only;https://tabiturient.ru/vuzu/mgsu/proxodnoi/;2448
mgsu;38.03.04;Государственное и муниципальное управление;бакалавриат;Региональное, муниципальное и корпоративное управление;Институт экономики, управления и коммуникаций в сфере строительства и недвижимости;Русский язык|Обществознание;Математика|Иностранный язык|История;0;;;;quota_only;https://tabiturient.ru/vuzu/mgsu/proxodnoi/;4394
mgsu;08.05.01;Строительство уникальных зданий и сооружений;специалитет;Строительство сооружений тепловой и атомной энергетики;Институт архитектуры и градостроительства;Русский язык|Математика;Информатика|Физика;0;250;очно;2025;budget;https://tabiturient.ru/vuzu/mgsu/proxodnoi/;19322
mgsu;08.05.01;Строительство уникальных зданий и сооружений;специалитет;Строительство подземных сооружений;Институт архитектуры и градостроительства;Русский язык|Математика;Информатика|Физика;0;250;очно;2025;budget;https://tabiturient.ru/vuzu/mgsu/proxodnoi/;19323
mgsu;08.05.01;Строительство уникальных зданий и сооружений;специалитет;Строительство высотных и большепролетных зданий и сооружений;Институт промышленного и гражданского строительства;Русский язык|Математика;Информатика|Физика;0;250;очно;2025;budget;https://tabiturient.ru/vuzu/mgsu/proxodnoi/;2433
mgsu;08.05.01;Строительство уникальных зданий и сооружений;специалитет;Строительство гидротехнических сооружений повышенной ответственности;Институт гидротехнического и энергетического строительства;Русский язык|Математика;Информатика|Физика;0;250;очно;2025;budget;https://tabiturient.ru/vuzu/mgsu/proxodnoi/;2434
mgsu;23.05.01;Наземные транспортно-технологические средства;специалитет;Подъёмно-транспортные, строительные, дорожные средства и оборудование;Институт инженерно-экологического строительства и механизации;Русский язык|Математика;Информатика|Физика;0;225;очно;2025;budget;https://tabiturient.ru/vuzu/mgsu/proxodnoi/;2443
sfedu;01.03.01;Математика;бакалавриат;Математическое моделирование и искусственный интеллект;Институт математики, механики и компьютерных наук им. И.И. Воровича;Русский язык|Математика;Информатика|Физика;0;209;очно;2025;budget;https://tabiturient.ru/vuzu/sfedu/proxodnoi/;2124
sfedu;01.03.02;Прикладная математика и информатика;бакалавриат;Математическое моделирование и искусственный интеллект;Институт математики, механики и компьютерных наук им. И.И. Воровича;Русский язык|Математика;Информатика|Физика;0;206;очно;2025;budget;https://tabiturient.ru/vuzu/sfedu/proxodnoi/;2125
sfedu;01.03.03;Механика и математическое моделирование;бакалавриат;Математическое моделирование и искусственный интеллект;Институт математики, механики и компьютерных наук им. И.И. Воровича;Русский язык|Математика;Информатика|Физика;0;;;;budget;https://tabiturient.ru/vuzu/sfedu/proxodnoi/;2126
sfedu;02.03.02;Фундаментальная информатика и информационные технологии;бакалавриат;Компьютерные науки и прикладной искусственный интеллект;Институт математики, механики и компьютерных наук им. И.И. Воровича;Русский язык|Математика|Информатика;;0;247;очно;2025;budget;https://tabiturient.ru/vuzu/sfedu/proxodnoi/;2127
sfedu;02.03.02;Фундаментальная информатика и информационные технологии;бакалавриат;Фундаментальная информатика и технологии искусственного интеллекта;Институт математики, механики и компьютерных наук им. И.И. Воровича;Русский язык|Математика|Информатика;;0;266;очно;2025;budget;https://tabiturient.ru/vuzu/sfedu/proxodnoi/;26063
sfedu;03.03.02;Физика;бакалавриат;Физика;Физический факультет;Русский язык|Физика;Математика|Информатика;0;207;очно;2025;budget;https://tabiturient.ru/vuzu/sfedu/proxodnoi/;2129
sfedu;03.03.03;Радиофизика;бакалавриат;Радиофизика;Физический факультет;Русский язык|Физика;Математика|Информатика;0;213;очно;2025;budget;https://tabiturient.ru/vuzu/sfedu/proxodnoi/;2130
sfedu;04.03.01;Химия;бакалавриат;Химия;Химический факультет;Русский язык|Химия;Математика|Информатика|Биология|Физика;0;220;очно;2025;budget;https://tabiturient.ru/vuzu/sfedu/proxodnoi/;2131
sfedu;05.03.01;Геология;бакалавриат;Геология;Институт наук о Земле;Русский язык|Математика;Информатика|География|Химия|Физика;0;198;очно;2025;budget;https://tabiturient.ru/vuzu/sfedu/proxodnoi/;2132
sfedu;05.03.02;География;бакалавриат;География;Институт наук о Земле;Русский язык|География;Математика|Информатика|Биология|Физика;0;180;очно;2025;budget;https://tabiturient.ru/vuzu/sfedu/proxodnoi/;2133
sfedu;05.03.04;Гидрометеорология;бакалавриат;Гидрометеорология;Институт наук о Земле;Русский язык|География;Математика|Информатика|Биология|Физика;0;172;очно;2025;budget;https://tabiturient.ru/vuzu/sfedu/proxodnoi/;2134
sfedu;05.03.06;Экология и природопользование;бакалавриат;Экология и природопользование;Институт наук о Земле;Русский язык|Математика;Информатика|Биология|География|Химия|Физика;0;181;очно;2025;budget;https://tabiturient.ru/vuzu/sfedu/proxodnoi/;2135
sfedu;06.03.01;Биология;бакалавриат;Биология, биоэкология, биомедицина;Академия биологии и медицины им. Д.И. Ивановского;Русский язык|Биология;Математика|Информатика|Химия|Физика;0;209;очно;2025;budget;https://tabiturient.ru/vuzu/sfedu/proxodnoi/;2136
sfedu;06.03.02;Почвоведение;бакалавриат;Биология, биоэкология, биомедицина;Академия биологии и медицины им. Д.И. Ивановского;Русский язык|Биология;Математика|Информатика|Химия|Физика;0;209;очно;2025;budget;https://tabiturient.ru/vuzu/sfedu/proxodnoi/;2137
sfedu;07.03.01;Архитектура;бакалавриат;Архитектура;Академия архитектуры и искусств;Русский язык|Математика;;1;243;очно;2025;budget;https://tabiturient.ru/vuzu/sfedu/proxodnoi/;2138
sfedu;07.03.01;Архитектура;бакалавриат;Цифровая архитектура (технологии информационного моделирования и генеративное проектирование);Академия архитектуры и искусств;Русский язык|Математика;;1;193;очно;2025;budget;https://tabiturient.ru/vuzu/sfedu/proxodnoi/;26064
sfedu;07.03.02;Реконструкция и реставрация архитектурного наследия;бакалавриат;Реконструкция и реставрация архитектурного наследия;Академия архитектуры и искусств;Русский язык|Математика;;1;195;очно;2025;budget;https://tabiturient.ru/vuzu/sfedu/proxodnoi/;19260
sfedu;09.03.01;Информатика и вычислительная техника;бакалавриат;Прикладной искусственный интеллект и инженерия данных;Институт компьютерных технологий и информационной безопасности, г. Таганрог;Русский язык|Математика;Информатика|Физика;0;231;очно;2025;budget;https://tabiturient.ru/vuzu/sfedu/proxodnoi/;26066
sfedu;09.03.01;Информатика и вычислительная техника;бакалавриат;Программная инженерия систем искусственного интеллекта;Институт компьютерных технологий и информационной безопасности, г. Таганрог;Русский язык|Математика;Информатика|Физика;0;209;очно;2025;budget;https://tabiturient.ru/vuzu/sfedu/proxodnoi/;26067
sfedu;09.03.01;Информатика и вычислительная техника;бакалавриат;Системное и прикладное программное обеспечение;Институт компьютерных технологий и информационной безопасности, г. Таганрог;Русский язык|Математика;Информатика|Физика;0;;;;budget;https://tabiturient.ru/vuzu/sfedu/proxodnoi/;26068
sfedu;09.03.01;Информатика и вычислительная техника;бакалавриат;Программирование и системная интеграция ИТ-решений;Институт компьютерных технологий и информационной безопасности, г. Таганрог;Русский язык|Математика;Информатика|Физика;0;;;;paid_only;https://tabiturient.ru/vuzu/sfedu/proxodnoi/;26069
sfedu;09.03.01;Информатика и вычислительная техника;бакалавриат;Технологии искусственного интеллекта;Институт компьютерных технологий и информационной безопасности, г. Таганрог;Русский язык|Математика;Информатика|Физика;0;;;;paid_only;https://tabiturient.ru/vuzu/sfedu/proxodnoi/;26070
sfedu;09.03.02;Информационные системы и технологии;бакалавриат;Прикладной искусственный интеллект и инженерия данных;Институт компьютерных технологий и информационной безопасности, г. Таганрог;Русский язык|Математика;Информатика|Физика;0;177;очно;2025;budget;https://tabiturient.ru/vuzu/sfedu/proxodnoi/;26382
sfedu;09.03.02;Информационные системы и технологии;бакалавриат;Системное и прикладное программное обеспечение;Институт компьютерных технологий и информационной безопасности, г. Таганрог;Русский язык|Математика;Информатика|Физика;0;;;;budget;https://tabiturient.ru/vuzu/sfedu/proxodnoi/;26385
sfedu;09.03.03;Прикладная информатика;бакалавриат;Системное и прикладное программное обеспечение;Институт компьютерных технологий и информационной безопасности, г. Таганрог;Русский язык|Математика;Информатика|Физика;0;190;очно;2025;budget;https://tabiturient.ru/vuzu/sfedu/proxodnoi/;26386
sfedu;09.03.03;Прикладная информатика;бакалавриат;Современные методы разработки приложений;Институт высоких технологий и пьезотехники;Русский язык|Математика;Информатика|Физика;0;218;очно;2025;budget;https://tabiturient.ru/vuzu/sfedu/proxodnoi/;2140
sfedu;09.03.03;Прикладная информатика;бакалавриат;Цифровые технологии автоматизации бизнеса;Институт компьютерных технологий и информационной безопасности, г. Таганрог;Русский язык|Математика;Информатика|Физика;0;;;;paid_only;https://tabiturient.ru/vuzu/sfedu/proxodnoi/;26071
sfedu;09.03.04;Программная инженерия;бакалавриат;Прикладной искусственный интеллект и инженерия данных;Институт компьютерных технологий и информационной безопасности, г. Таганрог;Русский язык|Математика;Информатика|Физика;0;;;;budget;https://tabiturient.ru/vuzu/sfedu/proxodnoi/;26383
sfedu;09.03.04;Программная инженерия;бакалавриат;Программная инженерия систем искусственного интеллекта;Институт компьютерных технологий и информационной безопасности, г. Таганрог;Русский язык|Математика;Информатика|Физика;0;193;очно;2025;budget;https://tabiturient.ru/vuzu/sfedu/proxodnoi/;26384
sfedu;09.03.04;Программная инженерия;бакалавриат;Системное и прикладное программное обеспечение;Институт компьютерных технологий и информационной безопасности, г. Таганрог;Русский язык|Математика;Информатика|Физика;0;;;;budget;https://tabiturient.ru/vuzu/sfedu/proxodnoi/;26387
sfedu;10.03.01;Информационная безопасность;бакалавриат;Искусственный интеллект для кибербезопасности;Институт компьютерных технологий и информационной безопасности, г. Таганрог;Русский язык|Математика;Информатика|Физика;0;;;;budget;https://tabiturient.ru/vuzu/sfedu/proxodnoi/;26073
sfedu;10.03.01;Информационная безопасность;бакалавриат;Компьютерная безопасность;Институт компьютерных технологий и информационной безопасности, г. Таганрог;Русский язык|Математика;Информатика|Физика;0;203;очно;2025;budget;https://tabiturient.ru/vuzu/sfedu/proxodnoi/;26074
sfedu;11.03.01;Радиотехника;бакалавриат;Цифровые радиотехнические средства связи, локации и защиты информации;Институт радиотехнических систем и управления, г. Таганрог;Русский язык|Физика;Математика|Информатика;0;147;очно;2025;budget;https://tabiturient.ru/vuzu/sfedu/proxodnoi/;26075
sfedu;11.03.02;Инфокоммуникационные технологии и системы связи;бакалавриат;Системы радиосвязи;Физический факультет;Русский язык|Математика;Информатика|Физика;0;177;очно;2025;budget;https://tabiturient.ru/vuzu/sfedu/proxodnoi/;2141
sfedu;11.03.02;Инфокоммуникационные технологии и системы связи;бакалавриат;Интеллектуальные инфокоммуникационные системы и технологии;Институт радиотехнических систем и управления, г. Таганрог;Русский язык|Математика;Информатика|Физика;0;154;очно;2025;budget;https://tabiturient.ru/vuzu/sfedu/proxodnoi/;26076
sfedu;11.03.03;Конструирование и технология электронных средств;бакалавриат;Киберфизические и биомедицинские системы медицины будущего;Институт нанотехнологий, электроники и приборостроения, г. Таганрог;Русский язык|Физика;Математика|Информатика;0;176;очно;2025;budget;https://tabiturient.ru/vuzu/sfedu/proxodnoi/;26077
sfedu;11.03.04;Электроника и наноэлектроника;бакалавриат;Электронные приборы и устройства;Институт нанотехнологий, электроники и приборостроения, г. Таганрог;Русский язык|Физика;Математика|Информатика;0;136;очно;2025;budget;https://tabiturient.ru/vuzu/sfedu/proxodnoi/;26388
sfedu;12.03.01;Приборостроение;бакалавриат;Инновационные приборы и методы контроля качества и диагностики;Институт высоких технологий и пьезотехники;Русский язык|Физика;Математика|Информатика;0;182;очно;2025;budget;https://tabiturient.ru/vuzu/sfedu/proxodnoi/;7826
sfedu;12.03.04;Биотехнические системы и технологии;бакалавриат;Киберфизические и биомедицинские системы медицины будущего;Институт нанотехнологий, электроники и приборостроения, г. Таганрог;Русский язык|Математика;Информатика|Физика;0;192;очно;2025;budget;https://tabiturient.ru/vuzu/sfedu/proxodnoi/;26389
sfedu;13.03.02;Электроэнергетика и электротехника;бакалавриат;Электроэнергетические системы и электрооборудование;Институт радиотехнических систем и управления, г. Таганрог;Русский язык|Физика;Математика|Информатика;0;151;очно;2025;budget;https://tabiturient.ru/vuzu/sfedu/proxodnoi/;26390
sfedu;14.03.02;Ядерные физика и технологии;бакалавриат;Ядерная и радиационная безопасность;Физический факультет;Русский язык|Математика|Физика;;0;;;;paid_only;https://tabiturient.ru/vuzu/sfedu/proxodnoi/;17559
sfedu;15.03.04;Автоматизация технологических процессов и производств;бакалавриат;Цифровое управление производственными комплексами;Институт радиотехнических систем и управления, г. Таганрог;Русский язык|Математика;Информатика|Физика;0;;;;paid_only;https://tabiturient.ru/vuzu/sfedu/proxodnoi/;26391
sfedu;15.03.06;Мехатроника и робототехника;бакалавриат;Интеллектуальные системы в робототехнике;Институт радиотехнических систем и управления, г. Таганрог;Русский язык|Математика;Информатика|Физика;0;;;;budget;https://tabiturient.ru/vuzu/sfedu/proxodnoi/;26392
sfedu;16.03.01;Техническая физика;бакалавриат;Ядерная и радиационная безопасность;Физический факультет;Русский язык|Физика;Математика|Информатика;0;184;очно;2025;budget;https://tabiturient.ru/vuzu/sfedu/proxodnoi/;2143
sfedu;17.03.01;Корабельное вооружение;бакалавриат;Информационно-управляющие системы кораблей и подводной робототехники;Институт компьютерных технологий и информационной безопасности, г. Таганрог;Русский язык|Математика;Информатика|Физика;0;142;очно;2025;budget;https://tabiturient.ru/vuzu/sfedu/proxodnoi/;26393
sfedu;18.03.01;Химическая технология;бакалавриат;Химическая технология;Химический факультет;Русский язык|Химия;Математика|Информатика|Физика;0;;;;paid_only;https://tabiturient.ru/vuzu/sfedu/proxodnoi/;17209
sfedu;27.03.03;Системный анализ и управление;бакалавриат;Системный анализ и управление в организационно-технических системах;Институт высоких технологий и пьезотехники;Русский язык|Математика;Информатика|Физика;0;220;очно;2025;budget;https://tabiturient.ru/vuzu/sfedu/proxodnoi/;26394
sfedu;27.03.03;Системный анализ и управление;бакалавриат;Системная инженерия интеллектуальных информационных и управляющих систем;Институт компьютерных технологий и информационной безопасности, г. Таганрог;Русский язык|Математика;Информатика|Физика;0;187;очно;2025;budget;https://tabiturient.ru/vuzu/sfedu/proxodnoi/;9709
sfedu;27.03.04;Управление в технических системах;бакалавриат;Управление и искусственный интеллект в технических системах;Институт радиотехнических систем и управления, г. Таганрог;Русский язык|Математика;Информатика|Физика;0;188;очно;2025;budget;https://tabiturient.ru/vuzu/sfedu/proxodnoi/;26395
sfedu;27.03.05;Инноватика;бакалавриат;Инноватика;Институт высоких технологий и пьезотехники;Русский язык|Математика;Информатика|Физика;0;203;очно;2025;budget;https://tabiturient.ru/vuzu/sfedu/proxodnoi/;2145
sfedu;28.03.01;Нанотехнологии и микросистемная техника;бакалавриат;Материалы микро- и наносистемной техники;Физический факультет;Русский язык|Математика;Информатика|Химия|Физика;0;181;очно;2025;budget;https://tabiturient.ru/vuzu/sfedu/proxodnoi/;2146
sfedu;28.03.02;Наноинженерия;бакалавриат;Нанотехнологии в микроэлектронике;Институт нанотехнологий, электроники и приборостроения, г. Таганрог;Русский язык|Математика;Информатика|Химия|Физика;0;141;очно;2025;budget;https://tabiturient.ru/vuzu/sfedu/proxodnoi/;26396
sfedu;37.03.01;Психология;бакалавриат;Психология;Академия психологии и педагогики;Русский язык|Биология;Математика|Обществознание;0;215;очно;2025;budget;https://tabiturient.ru/vuzu/sfedu/proxodnoi/;2147
sfedu;37.03.02;Конфликтология;бакалавриат;Конфликт-менеджмент;Институт социологии и регионоведения;Русский язык|Обществознание;Математика|Биология|История;0;215;очно;2025;budget;https://tabiturient.ru/vuzu/sfedu/proxodnoi/;2148
sfedu;38.03.01;Экономика;бакалавриат;Экономика;Экономический факультет;Русский язык|Математика;Обществознание|История;0;256;очно;2025;budget;https://tabiturient.ru/vuzu/sfedu/proxodnoi/;2149
sfedu;38.03.02;Менеджмент;бакалавриат;Менеджмент;Факультет управления;Русский язык|Математика;Обществознание|История;0;254;очно;2025;budget;https://tabiturient.ru/vuzu/sfedu/proxodnoi/;2150
sfedu;38.03.02;Менеджмент;бакалавриат;Менеджмент в инновационном предпринимательстве;"Факультет бизнеса ""Капитаны""";Русский язык|Математика;Обществознание|Иностранный язык|Информатика|История;0;260;очно;2025;budget;https://tabiturient.ru/vuzu/sfedu/proxodnoi/;17560
sfedu;38.03.03;Управление персоналом;бакалавриат;HR-экономика и управление;Экономический факультет;Русский язык|Математика;Обществознание|История;0;249;очно;2025;budget;https://tabiturient.ru/vuzu/sfedu/proxodnoi/;7827
sfedu;38.03.04;Государственное и муниципальное управление;бакалавриат;Государственный и муниципальный менеджмент;"ЦНИ ""Инструментальные, математические и интеллектуальные средства в экономике""";Русский язык|Обществознание;Иностранный язык|История;0;;;;paid_only;https://tabiturient.ru/vuzu/sfedu/proxodnoi/;17561
sfedu;38.03.05;Бизнес-информатика;бакалавриат;Передовые ИТ-решения в бизнесе;Институт управления в экономических, экологических и социальных системах, г. Таганрог;Русский язык|Математика;Обществознание|Информатика|История;0;220;очно;2025;budget;https://tabiturient.ru/vuzu/sfedu/proxodnoi/;26397
sfedu;38.03.05;Бизнес-информатика;бакалавриат;Бизнес-аналитика;Экономический факультет;Русский язык|Математика;Обществознание|Информатика|История;0;266;очно;2025;budget;https://tabiturient.ru/vuzu/sfedu/proxodnoi/;17562
sfedu;38.03.06;Торговое дело;бакалавриат;Международная торговля;Институт управления в экономических, экологических и социальных системах, г. Таганрог;Русский язык|Математика;Обществознание|Иностранный язык|Информатика|История;0;226;очно;2025;budget;https://tabiturient.ru/vuzu/sfedu/proxodnoi/;26398
sfedu;39.03.01;Социология;бакалавриат;Прикладная социология;Институт социологии и регионоведения;Русский язык|Обществознание;Математика|Иностранный язык|История;0;224;очно;2025;budget;https://tabiturient.ru/vuzu/sfedu/proxodnoi/;2151
sfedu;39.03.02;Социальная работа;бакалавриат;Социальная работа с различными группами населения;Институт философии и социально-политических наук;Русский язык|Обществознание;Литература|История;0;170;очно;2025;budget;https://tabiturient.ru/vuzu/sfedu/proxodnoi/;2152
sfedu;39.03.03;Организация работы с молодежью;бакалавриат;Государственная молодежная политика;Институт философии и социально-политических наук;Русский язык|Обществознание;Литература|История;0;204;очно;2025;budget;https://tabiturient.ru/vuzu/sfedu/proxodnoi/;4086
sfedu;40.03.01;Юриспруденция;бакалавриат;Юриспруденция;Юридический факультет;Русский язык|Обществознание;Иностранный язык|История;0;256;очно;2025;budget;https://tabiturient.ru/vuzu/sfedu/proxodnoi/;2153
sfedu;41.03.01;Зарубежное регионоведение;бакалавриат;Кавказ и Ближний Восток в системе региональных и международных связей;Институт социологии и регионоведения;Русский язык|История;Обществознание|Иностранный язык|География;0;239;очно;2025;budget;https://tabiturient.ru/vuzu/sfedu/proxodnoi/;2154
sfedu;41.03.04;Политология;бакалавриат;Мировая политика и политические технологии;Институт философии и социально-политических наук;Русский язык|История;Обществознание|Иностранный язык|География;0;231;очно;2025;budget;https://tabiturient.ru/vuzu/sfedu/proxodnoi/;2155
sfedu;41.03.05;Международные отношения;бакалавриат;Международные отношения;Институт истории и международных отношений;Русский язык|История;Обществознание|Иностранный язык|География;0;252;очно;2025;budget;https://tabiturient.ru/vuzu/sfedu/proxodnoi/;2156
sfedu;42.03.01;Реклама и связи с общественностью;бакалавриат;Реклама и связи с общественностью в социальной сфере;Институт филологии, журналистики и межкультурной коммуникации;Русский язык|Обществознание;Иностранный язык|История;0;265;очно;2025;budget;https://tabiturient.ru/vuzu/sfedu/proxodnoi/;2157
sfedu;42.03.02;Журналистика;бакалавриат;Международная журналистика (английский язык и китайский язык);Институт филологии, журналистики и межкультурной коммуникации;Русский язык|Литература;;1;155;очно;2025;budget;https://tabiturient.ru/vuzu/sfedu/proxodnoi/;24581
sfedu;42.03.02;Журналистика;бакалавриат;Журналистика;Институт филологии, журналистики и межкультурной коммуникации;Русский язык|Литература;;1;165;очно;2025;budget;https://tabiturient.ru/vuzu/sfedu/proxodnoi/;2158
sfedu;43.03.01;Сервис;бакалавриат;Сервис-менеджмент;Институт туризма, сервиса и креативных индустрий;Русский язык|Обществознание;Математика|История;0;202;очно;2025;budget;https://tabiturient.ru/vuzu/sfedu/proxodnoi/;2159
sfedu;43.03.02;Туризм;бакалавриат;Туризм;Институт туризма, сервиса и креативных индустрий;Русский язык|История;Обществознание|Иностранный язык;0;209;очно;2025;budget;https://tabiturient.ru/vuzu/sfedu/proxodnoi/;2160
sfedu;43.03.03;Гостиничное дело;бакалавриат;Гостиничное дело;Институт туризма, сервиса и креативных индустрий;Русский язык|Обществознание;Иностранный язык|История;0;214;очно;2025;budget;https://tabiturient.ru/vuzu/sfedu/proxodnoi/;2161
sfedu;44.03.01;Педагогическое образование;бакалавриат;Проектирование и внедрение образовательных решений;"Факультет бизнеса ""Капитаны""";Русский язык|Математика;Обществознание|Иностранный язык|Информатика|История;0;;;;paid_only;https://tabiturient.ru/vuzu/sfedu/proxodnoi/;26399
sfedu;44.03.01;Педагогическое образование;бакалавриат;Начальное образование;Академия психологии и педагогики;Русский язык|Обществознание;Математика|Иностранный язык|Информатика|История;0;195;очно;2025;budget;https://tabiturient.ru/vuzu/sfedu/proxodnoi/;2163
sfedu;44.03.01;Педагогическое образование;бакалавриат;Математика;Институт математики, механики и компьютерных наук им. И.И. Воровича;Русский язык|Математика;Обществознание|Информатика|Физика;0;177;очно;2025;budget;https://tabiturient.ru/vuzu/sfedu/proxodnoi/;2164
sfedu;44.03.01;Педагогическое образование;бакалавриат;Физическая культура;Академия физической культуры и спорта;Русский язык|Обществознание;;1;148;очно;2025;budget;https://tabiturient.ru/vuzu/sfedu/proxodnoi/;2165
sfedu;44.03.02;Психолого-педагогическое образование;бакалавриат;Психология образования;Академия психологии и педагогики;Русский язык|Биология;Математика|Обществознание;0;208;очно;2025;budget;https://tabiturient.ru/vuzu/sfedu/proxodnoi/;2166
sfedu;44.03.03;Специальное (дефектологическое) образование;бакалавриат;Специальное (дефектологи- ческое) образование;Академия психологии и педагогики;Русский язык|Математика|Биология;;0;187;очно;2025;budget;https://tabiturient.ru/vuzu/sfedu/proxodnoi/;2167
sfedu;44.03.04;Профессиональное обучение (по отраслям);бакалавриат;Профессиональное обучение технологии транспортно-логистических процессов;Академия психологии и педагогики;Русский язык|Обществознание;Математика|Информатика|Физика;0;210;очно;2025;budget;https://tabiturient.ru/vuzu/sfedu/proxodnoi/;2168
sfedu;44.03.05;Педагогическое образование (с двумя профилями подготовки);бакалавриат;Русский язык и литература;Институт филологии, журналистики и межкультурной коммуникации;Русский язык|Обществознание|Литература;;0;200;очно;2025;budget;https://tabiturient.ru/vuzu/sfedu/proxodnoi/;23071
sfedu;44.03.05;Педагогическое образование (с двумя профилями подготовки);бакалавриат;Русский язык и иностранный язык;Институт филологии, журналистики и межкультурной коммуникации;Русский язык|Обществознание|Иностранный язык;;0;228;очно;2025;budget;https://tabiturient.ru/vuzu/sfedu/proxodnoi/;2169
sfedu;44.03.05;Педагогическое образование (с двумя профилями подготовки);бакалавриат;Технология и изобразительное искусство;Академия психологии и педагогики;Русский язык|Обществознание;;1;167;очно;2025;budget;https://tabiturient.ru/vuzu/sfedu/proxodnoi/;2172
sfedu;44.03.05;Педагогическое образование (с двумя профилями подготовки);бакалавриат;Биология и химия;Академия биологии и медицины им. Д.И. Ивановского;Русский язык|Обществознание;Математика|Информатика|Биология|Химия;0;195;очно;2025;budget;https://tabiturient.ru/vuzu/sfedu/proxodnoi/;2175
sfedu;44.03.05;Педагогическое образование (с двумя профилями подготовки);бакалавриат;История и обществознание;Институт истории и международных отношений;Русский язык|Обществознание;География|История;0;204;очно;2025;budget;https://tabiturient.ru/vuzu/sfedu/proxodnoi/;2176
sfedu;44.03.05;Педагогическое образование (с двумя профилями подготовки);бакалавриат;Начальное образование и иностранный язык;Академия психологии и педагогики;Русский язык|Обществознание;Математика|Иностранный язык|Информатика;0;209;очно;2025;budget;https://tabiturient.ru/vuzu/sfedu/proxodnoi/;2177
sfedu;44.03.05;Педагогическое образование (с двумя профилями подготовки);бакалавриат;Дошкольное образование и иностранный язык;Академия психологии и педагогики;Русский язык|Обществознание;Математика|Иностранный язык|Информатика|Биология|История;0;189;очно;2025;budget;https://tabiturient.ru/vuzu/sfedu/proxodnoi/;7828
sfedu;44.03.05;Педагогическое образование (с двумя профилями подготовки);бакалавриат;География и экономика;Институт наук о Земле;Русский язык|Обществознание;Математика|Иностранный язык|Биология|География|История;0;189;очно;2025;budget;https://tabiturient.ru/vuzu/sfedu/proxodnoi/;17564
sfedu;44.03.05;Педагогическое образование (с двумя профилями подготовки);бакалавриат;Физика и математика;Физический факультет;Русский язык|Обществознание;Математика|Информатика|Физика;0;212;очно;2025;budget;https://tabiturient.ru/vuzu/sfedu/proxodnoi/;4087
sfedu;44.03.05;Педагогическое образование (с двумя профилями подготовки);бакалавриат;История и педагог дополнительного образования;Институт истории и международных отношений;Русский язык|Обществознание;География|История;0;193;очно;2025;budget;https://tabiturient.ru/vuzu/sfedu/proxodnoi/;4088
sfedu;45.03.01;Филология;бакалавриат;"Филология и перевод (испанский язык и литература; английский и португальский языки)";Институт филологии, журналистики и межкультурной коммуникации;Русский язык|Иностранный язык;Обществознание|Литература;0;262;очно;2025;budget;https://tabiturient.ru/vuzu/sfedu/proxodnoi/;23075
sfedu;45.03.01;Филология;бакалавриат;"Филология и перевод (английский язык и литература; испанский и португальский языки)";Институт филологии, журналистики и межкультурной коммуникации;Русский язык|Иностранный язык;Обществознание|Литература;0;261;очно;2025;budget;https://tabiturient.ru/vuzu/sfedu/proxodnoi/;23076
sfedu;45.03.01;Филология;бакалавриат;Зарубежная филология (английский язык, английская литература, итальянский язык/турецкий язык);Институт филологии, журналистики и межкультурной коммуникации;Русский язык|Иностранный язык|Литература;;0;251;очно;2025;budget;https://tabiturient.ru/vuzu/sfedu/proxodnoi/;2178
sfedu;45.03.01;Филология;бакалавриат;Отечественная филология;Институт филологии, журналистики и межкультурной коммуникации;Русский язык|Иностранный язык|Литература;;0;243;очно;2025;budget;https://tabiturient.ru/vuzu/sfedu/proxodnoi/;2179
sfedu;45.03.02;Лингвистика;бакалавриат;Цифровой перевод и переводоведение (немецкий язык и английский язык);Институт филологии, журналистики и межкультурной коммуникации;Русский язык|Иностранный язык|Литература;;0;233;очно;2025;budget;https://tabiturient.ru/vuzu/sfedu/proxodnoi/;24583
sfedu;45.03.02;Лингвистика;бакалавриат;Прикладная лингвистика в сфере pr-технологий (немецкий язык / английский язык, французский язык / английский язык);Институт филологии, журналистики и межкультурной коммуникации;Русский язык|Иностранный язык|Литература;;0;235;очно;2025;budget;https://tabiturient.ru/vuzu/sfedu/proxodnoi/;24584
sfedu;45.03.02;Лингвистика;бакалавриат;Лингвистика и перевод (французский язык и арабский язык);Институт филологии, журналистики и межкультурной коммуникации;Русский язык|Иностранный язык|Литература;;0;236;очно;2025;budget;https://tabiturient.ru/vuzu/sfedu/proxodnoi/;23077
sfedu;45.03.02;Лингвистика;бакалавриат;Лингвистика и перевод (английский язык и китайский язык);Институт филологии, журналистики и межкультурной коммуникации;Русский язык|Иностранный язык|Литература;;0;269;очно;2025;budget;https://tabiturient.ru/vuzu/sfedu/proxodnoi/;7830
sfedu;45.03.04;Интеллектуальные системы в гуманитарной сфере;бакалавриат;Цифровая лингвистика;Институт филологии, журналистики и межкультурной коммуникации;Русский язык|Математика;Иностранный язык|Информатика;0;252;очно;2025;budget;https://tabiturient.ru/vuzu/sfedu/proxodnoi/;17567
sfedu;46.03.01;История;бакалавриат;История;Институт истории и международных отношений;Русский язык|История;Обществознание|География;0;200;очно;2025;budget;https://tabiturient.ru/vuzu/sfedu/proxodnoi/;2180
sfedu;46.03.02;Документоведение и архивоведение;бакалавриат;Документоведение и архивоведение;Институт истории и международных отношений;Русский язык|История;Обществознание|География;0;180;очно;2025;budget;https://tabiturient.ru/vuzu/sfedu/proxodnoi/;23078
sfedu;47.03.01;Философия;бакалавриат;Философия;Институт философии и социально-политических наук;Русский язык|Обществознание;Иностранный язык|Литература|История;0;199;очно;2025;budget;https://tabiturient.ru/vuzu/sfedu/proxodnoi/;2181
sfedu;47.03.03;Религиоведение;бакалавриат;Религия в политических процессах;Институт философии и социально-политических наук;Русский язык|История;Обществознание|Иностранный язык|География|Литература;0;187;очно;2025;budget;https://tabiturient.ru/vuzu/sfedu/proxodnoi/;23079
sfedu;48.03.01;Теология;бакалавриат;Государственно-конфессиональные отношения;Институт философии и социально-политических наук;Русский язык|История;Обществознание|Иностранный язык|География|Литература;0;186;очно;2025;budget;https://tabiturient.ru/vuzu/sfedu/proxodnoi/;19262
sfedu;49.03.01;Физическая культура;бакалавриат;Физическая культура;Академия физической культуры и спорта;Русский язык|Биология;;1;;;;paid_only;https://tabiturient.ru/vuzu/sfedu/proxodnoi/;2182
sfedu;49.03.02;Физическая культура для лиц с отклонениями в состоянии здоровья (адаптивная физическая культура);бакалавриат;Адаптивная физическая культура;Академия физической культуры и спорта;Русский язык|Биология;;1;;;;paid_only;https://tabiturient.ru/vuzu/sfedu/proxodnoi/;2196
sfedu;50.03.01;Искусства и гуманитарные науки;бакалавриат;Искусства и гуманитарные науки;Институт философии и социально-политических наук;Русский язык|История;Обществознание|Иностранный язык|Литература;0;;;;paid_only;https://tabiturient.ru/vuzu/sfedu/proxodnoi/;17568
sfedu;51.03.01;Культурология;бакалавриат;Управление в сфере культуры и арт-бизнес;Институт философии и социально-политических наук;Русский язык|Обществознание;Иностранный язык|Литература|История;0;231;очно;2025;budget;https://tabiturient.ru/vuzu/sfedu/proxodnoi/;2183
sfedu;54.03.01;Дизайн;бакалавриат;Дизайн костюма;Академия архитектуры и искусств;Русский язык|Литература;;1;240;очно;2025;budget;https://tabiturient.ru/vuzu/sfedu/proxodnoi/;24585
sfedu;54.03.01;Дизайн;бакалавриат;Анимационный дизайн;Академия архитектуры и искусств;Русский язык|Литература;;1;227;очно;2025;budget;https://tabiturient.ru/vuzu/sfedu/proxodnoi/;26400
sfedu;54.03.01;Дизайн;бакалавриат;Дизайн интерьера;Академия архитектуры и искусств;Русский язык|Литература;;1;256;очно;2025;budget;https://tabiturient.ru/vuzu/sfedu/proxodnoi/;26401
sfedu;54.03.01;Дизайн;бакалавриат;Коммуникационный дизайн;Академия архитектуры и искусств;Русский язык|Литература;;1;261;очно;2025;budget;https://tabiturient.ru/vuzu/sfedu/proxodnoi/;2184
sfedu;54.03.02;Декоративно-прикладное искусство и народные промыслы;бакалавриат;Арт-технологии в декоративно-прикладном искусстве;Академия архитектуры и искусств;Русский язык|Литература;;1;212;очно;2025;budget;https://tabiturient.ru/vuzu/sfedu/proxodnoi/;2185
sfedu;54.03.03;Искусство костюма и текстиля;бакалавриат;Искусство костюма и текстиля;Академия архитектуры и искусств;Русский язык|Литература;;1;190;очно;2025;budget;https://tabiturient.ru/vuzu/sfedu/proxodnoi/;19263
sfedu;04.05.01;Фундаментальная и прикладная химия;специалитет;Фундаментальная и прикладная химия;Химический факультет;Русский язык|Химия;Математика|Информатика|Биология|Физика;0;202;очно;2025;budget;https://tabiturient.ru/vuzu/sfedu/proxodnoi/;2186
sfedu;06.05.01;Биоинженерия и биоинформатика;специалитет;Биоинженерия и биоинформатика;Академия биологии и медицины им. Д.И. Ивановского;Русский язык|Математика;Информатика|Биология|Химия;0;237;очно;2025;budget;https://tabiturient.ru/vuzu/sfedu/proxodnoi/;23080
sfedu;10.05.02;Информационная безопасность телекоммуникационных систем;специалитет;Контроль защищённости информации в телекоммуникационных системах;Институт компьютерных технологий и информационной безопасности, г. Таганрог;Русский язык|Математика;Информатика|Физика;0;180;очно;2025;budget;https://tabiturient.ru/vuzu/sfedu/proxodnoi/;26403
sfedu;10.05.03;Информационная безопасность автоматизированных систем;специалитет;Безопасность открытых информационных систем;Институт компьютерных технологий и информационной безопасности, г. Таганрог;Русский язык|Математика;Информатика|Физика;0;160;очно;2025;budget;https://tabiturient.ru/vuzu/sfedu/proxodnoi/;26404
sfedu;10.05.04;Информационно-аналитические системы безопасности;специалитет;Безопасность систем искусственного интеллекта;Институт компьютерных технологий и информационной безопасности, г. Таганрог;Русский язык|Математика;Информатика|Физика;0;188;очно;2025;budget;https://tabiturient.ru/vuzu/sfedu/proxodnoi/;26405
sfedu;10.05.05;Безопасность информационных технологий в правоохранительной сфере;специалитет;Компьютерная экспертиза;Институт компьютерных технологий и информационной безопасности, г. Таганрог;Русский язык|Математика;Информатика|Физика;0;;;;budget;https://tabiturient.ru/vuzu/sfedu/proxodnoi/;26406
sfedu;11.05.01;Радиоэлектронные системы и комплексы;специалитет;Радиоэлектронные системы и комплексы;Институт радиотехнических систем и управления, г. Таганрог;Русский язык|Физика;Математика|Информатика;0;;;;budget;https://tabiturient.ru/vuzu/sfedu/proxodnoi/;26407
sfedu;11.05.02;Специальные радиотехнические системы;специалитет;Радиотехнические системы и комплексы специального назначения;Институт радиотехнических систем и управления, г. Таганрог;Русский язык|Физика;Математика|Информатика;0;;;;budget;https://tabiturient.ru/vuzu/sfedu/proxodnoi/;26408
sfedu;21.05.02;Прикладная геология;специалитет;Геологическая съемка, поиски и разведка месторождений твердых полезных ископаемых;Институт наук о Земле;Русский язык|Математика;Информатика|География|Химия|Физика;0;205;очно;2025;budget;https://tabiturient.ru/vuzu/sfedu/proxodnoi/;2187
sfedu;24.05.07;Самолето- и вертолетостроение;специалитет;Самолетостроение;Институт радиотехнических систем и управления, г. Таганрог;Русский язык|Математика;Информатика|Физика;0;203;очно;2025;budget;https://tabiturient.ru/vuzu/sfedu/proxodnoi/;26410
sfedu;26.05.04;Применение и эксплуатация технических систем надводных кораблей и подводных лодок;специалитет;Гидроакустические системы морских робототехнических комплексов;Институт нанотехнологий, электроники и приборостроения, г. Таганрог;Русский язык|Математика;Информатика|Физика;0;168;очно;2025;budget;https://tabiturient.ru/vuzu/sfedu/proxodnoi/;26411
sfedu;30.05.01;Медицинская биохимия;специалитет;Медицинская биохимия;Академия биологии и медицины им. Д.И. Ивановского;Русский язык|Биология;Математика|Информатика|Химия|Физика;0;;;;paid_only;https://tabiturient.ru/vuzu/sfedu/proxodnoi/;26412
sfedu;37.05.01;Клиническая психология;специалитет;Патопсихологическая диагностика и психотерапия;Академия психологии и педагогики;Русский язык|Биология;Математика|Обществознание;0;243;очно;2025;budget;https://tabiturient.ru/vuzu/sfedu/proxodnoi/;2188
sfedu;37.05.02;Психология служебной деятельности;специалитет;Морально-психологическое обеспечение служебной деятельности;Академия психологии и педагогики;Русский язык|Биология;Математика|Обществознание;0;220;очно;2025;budget;https://tabiturient.ru/vuzu/sfedu/proxodnoi/;2189
sfedu;38.05.01;Экономическая безопасность;специалитет;Обеспечение экономической безопасности предприятия;Институт управления в экономических, экологических и социальных системах, г. Таганрог;Русский язык|Математика;Обществознание|Информатика|История;0;;;;budget;https://tabiturient.ru/vuzu/sfedu/proxodnoi/;26413
sfedu;40.05.01;Правовое обеспечение национальной безопасности;специалитет;Правовое обеспечение национальной безопасности (государственно-правовая специализация);Институт управления в экономических, экологических и социальных системах, г. Таганрог;Русский язык|Обществознание;Иностранный язык|Информатика|История;0;;;;paid_only;https://tabiturient.ru/vuzu/sfedu/proxodnoi/;26414
sfedu;44.05.01;Педагогика и психология девиантного поведения;специалитет;Психолого-педагогическая коррекция и реабилитация лиц с девиантным поведением;Академия психологии и педагогики;Русский язык|Обществознание;Математика|Биология;0;198;очно;2025;budget;https://tabiturient.ru/vuzu/sfedu/proxodnoi/;2190
sfedu;45.05.01;Перевод и переводоведение;специалитет;Лингвистическое обеспечение межгосударственных отношений;Институт управления в экономических, экологических и социальных системах, г. Таганрог;Русский язык|Иностранный язык;Обществознание|Информатика|Литература|История;0;220;очно;2025;budget;https://tabiturient.ru/vuzu/sfedu/proxodnoi/;26415
sfedu;54.05.01;Монументально-декоративное искусство;специалитет;Монументально-декоративное искусство (интерьеры);Академия архитектуры и искусств;Русский язык|Литература;;1;233;очно;2025;budget;https://tabiturient.ru/vuzu/sfedu/proxodnoi/;4090
sfedu;54.05.02;Живопись;специалитет;Художник-живописец (станковая живопись);Академия архитектуры и искусств;Русский язык|Литература;;1;199;очно;2025;budget;https://tabiturient.ru/vuzu/sfedu/proxodnoi/;7831
sfedu;54.05.03;Графика;специалитет;Художник-график (станковая графика);Академия архитектуры и искусств;Русский язык|Литература;;1;195;очно;2025;budget;https://tabiturient.ru/vuzu/sfedu/proxodnoi/;2192
sfedu;09.05.01;Применение и эксплуатация автоматизированных систем специального назначения;специалитет;Автоматизированные системы обработки информации и управления;Институт компьютерных технологий и информационной безопасности, г. Таганрог;Русский язык|Математика;Информатика|Физика;0;129;очно;2025;budget;https://tabiturient.ru/vuzu/sfedu/proxodnoi/;26402
sfedu;11.05.04;Инфокоммуникационные технологии и системы специальной связи;специалитет;Системы коммутации и сети связи специального назначения;Институт радиотехнических систем и управления, г. Таганрог;Русский язык|Математика;Информатика|Физика;0;152;очно;2025;budget;https://tabiturient.ru/vuzu/sfedu/proxodnoi/;26409
sfedu;49.03.04;Спорт;бакалавриат;Спорт;Академия физической культуры и спорта;Русский язык|Биология;;1;139;очно;2025;budget;https://tabiturient.ru/vuzu/sfedu/proxodnoi/;17566
unn;01.03.01;Математика;бакалавриат;Математика;Институт информационных технологий, математики и механики;Русский язык|Математика;Информатика|Физика;0;241;очно;2025;budget;https://tabiturient.ru/vuzu/unn/proxodnoi/;2534
unn;01.03.02;Прикладная математика и информатика;бакалавриат;"Математическое моделирование и искусственный интеллект; Математическое моделирование и вычислительная математика";Институт информационных технологий, математики и механики;Русский язык|Математика;Информатика|Физика;0;245;очно;2025;budget;https://tabiturient.ru/vuzu/unn/proxodnoi/;2538
unn;02.03.02;Фундаментальная информатика и информационные технологии;бакалавриат;Сопряженная разработка программного и аппаратного обеспечения, сетевая программа, реализуемая совместно с ИТ- кампусом АНО «Неймарк»;Институт информационных технологий, математики и механики;Русский язык|Математика;Информатика|Физика;0;271;очно;2025;budget;https://tabiturient.ru/vuzu/unn/proxodnoi/;25122
unn;02.03.02;Фундаментальная информатика и информационные технологии;бакалавриат;"Системное программирование; Инженерия программного обеспечения";Институт информационных технологий, математики и механики;Русский язык|Математика;Информатика|Физика;0;256;очно;2025;budget;https://tabiturient.ru/vuzu/unn/proxodnoi/;2539
unn;02.03.02;Фундаментальная информатика и информационные технологии;бакалавриат;Информационные системы и технологии;Радиофизический факультет;Русский язык|Математика;Информатика|Физика;0;244;очно;2025;budget;https://tabiturient.ru/vuzu/unn/proxodnoi/;2555
unn;03.03.02;Физика;бакалавриат;Фундаментальная физика;Высшая школа общей и прикладной физики;Русский язык|Математика|Физика;;0;251;очно;2025;budget;https://tabiturient.ru/vuzu/unn/proxodnoi/;17217
unn;03.03.02;Физика;бакалавриат;"Физика конденсированного состояния; Методика обучения физике; Медицинская физика";Физический факультет;Русский язык|Физика;Математика|Информатика|Химия;0;194;очно;2025;budget;https://tabiturient.ru/vuzu/unn/proxodnoi/;2559
unn;03.03.03;Радиофизика;бакалавриат;"Фундаментальная радиофизика; Радиофизика и электроника";Радиофизический факультет;Русский язык|Математика|Физика;;0;195;очно;2025;budget;https://tabiturient.ru/vuzu/unn/proxodnoi/;2554
unn;04.03.01;Химия;бакалавриат;Химия и материаловедение;Химический факультет;Русский язык|Химия;Математика|Биология|Физика;0;214;очно;2025;budget;https://tabiturient.ru/vuzu/unn/proxodnoi/;2574
unn;05.03.06;Экология и природопользование;бакалавриат;«Информационные технологии в экологии», с присвоением второй квалификации по направлению подготовки 09.03.03 «Прикладная информатика»;Институт биологии и биомедицины;Русский язык|Биология;Математика|Информатика|География|Химия;0;206;очно;2025;budget;https://tabiturient.ru/vuzu/unn/proxodnoi/;2521
unn;06.03.01;Биология;бакалавриат;Биология;Институт биологии и биомедицины;Русский язык|Биология;Математика|Химия|Физика;0;221;очно;2025;budget;https://tabiturient.ru/vuzu/unn/proxodnoi/;2520
unn;09.03.02;Информационные системы и технологии;бакалавриат;"«Проектирование телекоммуникационных систем» (сетевая программа, реализуемая совместно с ИТ- кампусом АНО «Неймарк»); «Информационные технологии в системах космической связи» (ПИШ*); «Информационные системы и технологии в физических исследованиях»";Физический факультет;Русский язык|Математика;Информатика|Физика;0;241;очно;2025;budget;https://tabiturient.ru/vuzu/unn/proxodnoi/;2562
unn;09.03.03;Прикладная информатика;бакалавриат;"Прикладная информатика в области принятия решений; Проектирование и автоматизация производства изделий микроэлектроники» (ПИШ*); Суперкомпьютерное моделирование и инженерный анализ» (ПИШ*)";Институт информационных технологий, математики и механики;Русский язык|Математика;Информатика|Физика;0;250;очно;2025;budget;https://tabiturient.ru/vuzu/unn/proxodnoi/;2540
unn;09.03.03;Прикладная информатика;бакалавриат;Прикладная информатика в экономике;Институт экономики;Русский язык|Математика;Информатика|Физика;0;249;очно;2025;budget;https://tabiturient.ru/vuzu/unn/proxodnoi/;2542
unn;09.03.04;Программная инженерия;бакалавриат;Прикладное и индустриальное программирование;Институт информационных технологий, математики и механики;Русский язык|Математика;Информатика|Физика;0;266;очно;2025;budget;https://tabiturient.ru/vuzu/unn/proxodnoi/;2541
unn;11.03.04;Электроника и наноэлектроника;бакалавриат;"Твердотельная электроника и наноэлектроника; Радиофотоника и оптоэлектроника» (ПИШ*)";Физический факультет;Русский язык|Физика;Математика|Информатика|Химия;0;210;очно;2025;budget;https://tabiturient.ru/vuzu/unn/proxodnoi/;2560
unn;15.03.03;Прикладная механика;бакалавриат;Инженерное приложение суперкомпьютерного моделирования» (ПИШ*);Институт информационных технологий, математики и механики;Русский язык|Математика;Информатика|Физика;0;233;очно;2025;budget;https://tabiturient.ru/vuzu/unn/proxodnoi/;25123
unn;18.03.01;Химическая технология;бакалавриат;Химическая технология производств веществ и материалов;Химический факультет;Русский язык|Химия;Математика|Информатика|Физика;0;235;очно;2025;budget;https://tabiturient.ru/vuzu/unn/proxodnoi/;25125
unn;28.03.01;Нанотехнологии и микросистемная техника;бакалавриат;Материалы микро- и наносистемной техники;Физический факультет;Русский язык|Математика;Информатика|Химия|Физика;0;202;очно;2025;budget;https://tabiturient.ru/vuzu/unn/proxodnoi/;2561
unn;37.03.01;Психология;бакалавриат;Общая и практическая психология;Факультет социальных наук;Русский язык|Биология;Математика|Обществознание;0;228;очно;2025;budget;https://tabiturient.ru/vuzu/unn/proxodnoi/;2568
unn;37.03.02;Конфликтология;бакалавриат;Социальная конфликтология;Факультет социальных наук;Русский язык|Обществознание;Математика|Биология|История;0;228;очно;2025;budget;https://tabiturient.ru/vuzu/unn/proxodnoi/;7981
unn;38.03.01;Экономика;бакалавриат;"Экономика, международный бизнес и предпринимательство; Бухгалтерский учет, экономический анализ и аудит; Финансы и кредит; Бухгалтерский учет»";Институт экономики;Русский язык|Математика;Обществознание|Иностранный язык|Информатика|География|История;0;266;очно;2025;budget;https://tabiturient.ru/vuzu/unn/proxodnoi/;2543
unn;38.03.02;Менеджмент;бакалавриат;"Менеджмент организации; Маркетинг";Институт экономики;Русский язык|Математика;Обществознание|Иностранный язык|Информатика|История;0;257;очно;2025;budget;https://tabiturient.ru/vuzu/unn/proxodnoi/;2544
unn;38.03.03;Управление персоналом;бакалавриат;Управление и развитие персонала организации;Факультет социальных наук;Русский язык|Математика;Обществознание|Иностранный язык|Информатика|История;0;249;очно;2025;budget;https://tabiturient.ru/vuzu/unn/proxodnoi/;2571
unn;38.03.03;Управление персоналом;бакалавриат;Управление человеческими ресурсами;Институт экономики;Русский язык|Математика;Обществознание|Иностранный язык|Информатика|История;0;239;очно;2025;budget;https://tabiturient.ru/vuzu/unn/proxodnoi/;2545
unn;38.03.04;Государственное и муниципальное управление;бакалавриат;Региональное и муниципальное управление;Институт экономики;Русский язык|Обществознание;Математика|Иностранный язык|История;0;253;очно;2025;budget;https://tabiturient.ru/vuzu/unn/proxodnoi/;2546
unn;38.03.05;Бизнес-информатика;бакалавриат;Аналитические методы и информационные технологии поддержки принятия решений в экономике и бизнесе;Институт экономики;Русский язык|Математика;Обществознание|Информатика|История;0;261;очно;2025;budget;https://tabiturient.ru/vuzu/unn/proxodnoi/;2547
unn;38.03.06;Торговое дело;бакалавриат;Управление торговой и логистической деятельностью;Институт экономики;Русский язык|Математика;Обществознание|Иностранный язык|Информатика|История;0;250;очно;2025;budget;https://tabiturient.ru/vuzu/unn/proxodnoi/;2548
unn;39.03.01;Социология;бакалавриат;Социальная теория и комплексный анализ данных;Факультет социальных наук;Русский язык|Обществознание;Математика|Иностранный язык|История;0;231;очно;2025;budget;https://tabiturient.ru/vuzu/unn/proxodnoi/;2572
unn;39.03.02;Социальная работа;бакалавриат;Организация социальной работы с различными группами населения;Факультет социальных наук;Русский язык|Обществознание;Математика|Иностранный язык|История;0;200;очно;2025;budget;https://tabiturient.ru/vuzu/unn/proxodnoi/;2573
unn;39.03.03;Организация работы с молодежью;бакалавриат;Молодежная политика и технологии работы с молодежью;Факультет социальных наук;Русский язык|Обществознание;Литература|История;0;207;очно;2025;budget;https://tabiturient.ru/vuzu/unn/proxodnoi/;25124
unn;40.03.01;Юриспруденция;бакалавриат;"Международно-правовой; Международное право и межкультурные коммуникации; Гражданско-правовой; Государственно-правовой; Правовое обеспечение международных коммуникаций; Уголовно-правовой";Юридический факультет;Русский язык|Обществознание;Иностранный язык|История;0;260;очно;2025;budget;https://tabiturient.ru/vuzu/unn/proxodnoi/;2577
unn;40.03.01;Юриспруденция;бакалавриат;Юриспруденция (сетевая программа, реализуемая совместно с Ташкентским государственным юридическим университетом);Юридический факультет;Русский язык|Обществознание;Иностранный язык|История;0;;;;paid_only;https://tabiturient.ru/vuzu/unn/proxodnoi/;25129
unn;41.03.01;Зарубежное регионоведение;бакалавриат;Политика, экономика и культура зарубежных регионов;Институт международных отношений и мировой истории;Русский язык|История;Обществознание|Иностранный язык|География;0;263;очно;2025;budget;https://tabiturient.ru/vuzu/unn/proxodnoi/;2527
unn;41.03.04;Политология;бакалавриат;Политические отношения, процессы и институты;Институт международных отношений и мировой истории;Русский язык|История;Математика|Обществознание|Иностранный язык|Информатика|География;0;262;очно;2025;budget;https://tabiturient.ru/vuzu/unn/proxodnoi/;2530
unn;41.03.05;Международные отношения;бакалавриат;Международные отношения и дипломатия;Институт международных отношений и мировой истории;Русский язык|История;Обществознание|Иностранный язык|География;0;284;очно;2025;budget;https://tabiturient.ru/vuzu/unn/proxodnoi/;2529
unn;42.03.01;Реклама и связи с общественностью;бакалавриат;"Реклама и связи с общественностью в коммерческой сфере; Реклама и связи с общественностью в системе государственного и муниципального управления";Институт филологии и журналистики;Русский язык|Обществознание;Иностранный язык|Информатика|Литература|История;0;284;очно;2025;budget;https://tabiturient.ru/vuzu/unn/proxodnoi/;2566
unn;42.03.01;Реклама и связи с общественностью;бакалавриат;Реклама и связи с общественностью в политике и коммерции;Институт международных отношений и мировой истории;Русский язык|Обществознание;Иностранный язык|Информатика|Литература|История;0;278;очно;2025;budget;https://tabiturient.ru/vuzu/unn/proxodnoi/;2531
unn;42.03.02;Журналистика;бакалавриат;"Цифровая журналистика и новые медиа; Телевидение; Периодическая печать; Радиовещание";Институт филологии и журналистики;Русский язык|Литература;Обществознание|Иностранный язык|История;0;276;очно;2025;budget;https://tabiturient.ru/vuzu/unn/proxodnoi/;2564
unn;43.03.02;Туризм;бакалавриат;Менеджмент международного и внутреннего туризма;Институт экономики;Русский язык|История;Обществознание|Иностранный язык|География;0;232;очно;2025;budget;https://tabiturient.ru/vuzu/unn/proxodnoi/;2551
unn;43.03.03;Гостиничное дело;бакалавриат;Организация гостиничной деятельности и бизнес мероприятий;Институт экономики;Русский язык|Обществознание;Иностранный язык|География|История;0;232;очно;2025;budget;https://tabiturient.ru/vuzu/unn/proxodnoi/;2552
unn;44.03.01;Педагогическое образование;бакалавриат;Лидерство и организация корпоративного обучения», с присвоением второ квалификации по направлению подготовки 38.03.01 «Экономика»;Институт экономики;Русский язык|Обществознание;Математика|Иностранный язык|Информатика|География|История;0;;;;paid_only;https://tabiturient.ru/vuzu/unn/proxodnoi/;26830
unn;44.03.02;Психолого-педагогическое образование;бакалавриат;Психолого-педагогическое консультирование и развитие жизнестойкости субъектов образования;Факультет социальных наук;Русский язык|Обществознание;Математика|Биология;0;214;очно;2025;budget;https://tabiturient.ru/vuzu/unn/proxodnoi/;25126
unn;45.03.01;Филология;бакалавриат;Отечественная филология в контексте современного образования;Институт филологии и журналистики;Русский язык|Литература;Обществознание|Иностранный язык|История;0;249;очно;2025;budget;https://tabiturient.ru/vuzu/unn/proxodnoi/;2565
unn;45.03.02;Лингвистика;бакалавриат;Иностранные языки и культуры: теория, практика и методика преподавания;Институт филологии и журналистики;Русский язык|Иностранный язык;Обществознание|Литература|История;0;261;очно;2025;budget;https://tabiturient.ru/vuzu/unn/proxodnoi/;24121
unn;46.03.01;История;бакалавриат;Всеобщая и отечественная история;Институт международных отношений и мировой истории;Русский язык|История;Обществознание|Иностранный язык|Информатика|География|Литература;0;240;очно;2025;budget;https://tabiturient.ru/vuzu/unn/proxodnoi/;2528
unn;46.03.02;Документоведение и архивоведение;бакалавриат;Документационное обеспечение управления;Институт международных отношений и мировой истории;Русский язык|История;Обществознание|Иностранный язык|Информатика|География|Литература;0;222;очно;2025;budget;https://tabiturient.ru/vuzu/unn/proxodnoi/;19324
unn;49.03.01;Физическая культура;бакалавриат;"Спортивная тренировка (единоборства); Спортивная подготовка в базовых видах спорта; Менеджмент и экономика в области физической культуры и спорта";Факультет физической культуры и спорта;Русский язык|Биология;;1;106;очно;2025;budget;https://tabiturient.ru/vuzu/unn/proxodnoi/;2563
unn;49.03.02;Физическая культура для лиц с отклонениями в состоянии здоровья (адаптивная физическая культура);бакалавриат;Физическая реабилитация»;Институт клинической медицины;Русский язык|Биология;;1;135;очно;2025;budget;https://tabiturient.ru/vuzu/unn/proxodnoi/;2533
unn;49.03.03;Рекреация и спортивно-оздоровительный туризм;бакалавриат;"Организация активного отдыха, фитнес и спортивно-оздоровительный туризм; Событийная индустрия и рекреационный бизнес";Факультет физической культуры и спорта;Русский язык|Биология;;1;89;очно;2025;budget;https://tabiturient.ru/vuzu/unn/proxodnoi/;7584
unn;51.03.01;Культурология;бакалавриат;Управление в социокультурной сфере;Институт международных отношений и мировой истории;Русский язык|Обществознание;Иностранный язык|Литература|История;0;249;очно;2025;budget;https://tabiturient.ru/vuzu/unn/proxodnoi/;24120
unn;54.03.01;Дизайн;бакалавриат;Графический дизайн;Институт филологии и журналистики;Русский язык|Литература;;1;173;очно;2025;budget;https://tabiturient.ru/vuzu/unn/proxodnoi/;24122
unn;01.05.01;Фундаментальные математика и механика;специалитет;Фундаментальная механика и приложения;Институт информационных технологий, математики и механики;Русский язык|Математика;Информатика|Физика;0;237;очно;2025;budget;https://tabiturient.ru/vuzu/unn/proxodnoi/;2536
unn;04.05.01;Фундаментальная и прикладная химия;специалитет;"Неорганическая химия; Органическая химия";Химический факультет;Русский язык|Химия;Математика|Биология|Физика;0;239;очно;2025;budget;https://tabiturient.ru/vuzu/unn/proxodnoi/;2575
unn;10.05.02;Информационная безопасность телекоммуникационных систем;специалитет;Системы подвижной цифровой защищенной связи;Радиофизический факультет;Русский язык|Математика;Информатика|Физика;0;210;очно;2025;budget;https://tabiturient.ru/vuzu/unn/proxodnoi/;2556
unn;10.05.04;Информационно-аналитические системы безопасности;специалитет;Автоматизация информационно-аналитической деятельности;Институт информационных технологий, математики и механики;Русский язык|Математика;Информатика|Физика;0;252;очно;2025;budget;https://tabiturient.ru/vuzu/unn/proxodnoi/;26819
unn;11.05.02;Специальные радиотехнические системы;специалитет;«Радиотехнические системы и комплексы сбора и обработки информации» (ПИШ)*, «Прием, анализ и обработка сигналов системами специального назначения»;Радиофизический факультет;Русский язык|Математика|Физика;;0;185;очно;2025;budget;https://tabiturient.ru/vuzu/unn/proxodnoi/;7980
unn;30.05.01;Медицинская биохимия;специалитет;Медицинская биохимия;Институт биологии и биомедицины;Русский язык|Биология;Математика|Химия;0;265;очно;2025;budget;https://tabiturient.ru/vuzu/unn/proxodnoi/;2523
unn;30.05.02;Медицинская биофизика;специалитет;Медицинская биофизика;Институт биологии и биомедицины;Русский язык|Биология;Математика|Информатика|Химия|Физика;0;252;очно;2025;budget;https://tabiturient.ru/vuzu/unn/proxodnoi/;2522
unn;30.05.03;Медицинская кибернетика;специалитет;Медицинская кибернетика;Институт биологии и биомедицины;Русский язык|Математика;Информатика|Биология|Химия|Физика;0;134;очно;2025;budget;https://tabiturient.ru/vuzu/unn/proxodnoi/;2524
unn;31.05.01;Лечебное дело;специалитет;Лечебное дело;Институт клинической медицины;Русский язык|Биология|Химия;;0;266;очно;2025;budget;https://tabiturient.ru/vuzu/unn/proxodnoi/;7582
unn;31.05.03;Стоматология;специалитет;Без профиля;Институт клинической медицины;Русский язык|Биология|Химия;;0;;;;paid_only;https://tabiturient.ru/vuzu/unn/proxodnoi/;7583
unn;37.05.01;Клиническая психология;специалитет;"Патопсихологическая диагностика и психотерапия; Нейропсихология и клиническая логопедия";Факультет социальных наук;Русский язык|Биология;Математика|Обществознание|Химия;0;256;очно;2025;budget;https://tabiturient.ru/vuzu/unn/proxodnoi/;9974
unn;37.05.02;Психология служебной деятельности;специалитет;Психологическое обеспечение служебной деятельности в экстремальных условиях;Факультет социальных наук;Русский язык|Биология;Математика|Обществознание;0;222;очно;2025;budget;https://tabiturient.ru/vuzu/unn/proxodnoi/;2569
unn;38.05.01;Экономическая безопасность;специалитет;Экономико-правовое обеспечение экономической безопасности;Институт экономики;Русский язык|Математика;Обществознание|Информатика|История;0;;;;quota_only;https://tabiturient.ru/vuzu/unn/proxodnoi/;2553
unn;38.05.02;Таможенное дело;специалитет;Таможенные операции и таможенный контроль;Институт экономики;Русский язык|Обществознание;Иностранный язык|Информатика|География|История;0;250;очно;2025;budget;https://tabiturient.ru/vuzu/unn/proxodnoi/;2549
unn;40.05.01;Правовое обеспечение национальной безопасности;специалитет;"Международно-правовая; Государственно-правовая; Гражданско-правовая; Уголовно-правовая";Юридический факультет;Русский язык|Обществознание|История;;0;260;очно;2025;budget;https://tabiturient.ru/vuzu/unn/proxodnoi/;2580
unn;40.05.03;Судебная экспертиза;специалитет;"Речеведческие экспертизы; Экономические экспертизы; Криминалистические экспертизы";Юридический факультет;Русский язык|Обществознание|История;;0;251;очно;2025;budget;https://tabiturient.ru/vuzu/unn/proxodnoi/;2578
unn;40.05.04;Судебная и прокурорская деятельность;специалитет;"Судебная деятельность; Прокурорская деятельность";Юридический факультет;Русский язык|Обществознание|История;;0;259;очно;2025;budget;https://tabiturient.ru/vuzu/unn/proxodnoi/;6518
unn;52.05.04;Литературное творчество;специалитет;Литературный работник, переводчик художественной литературы;Институт филологии и журналистики;Русский язык|Литература;Обществознание|Иностранный язык|История;0;;;;paid_only;https://tabiturient.ru/vuzu/unn/proxodnoi/;26829
etu;01.03.02;Прикладная математика и информатика;бакалавриат;Без профиля;Факультет компьютерных технологий и информатики;Русский язык|Математика;Информатика|Физика;0;259;очно;2025;budget;https://tabiturient.ru/vuzu/eltech/proxodnoi/;1244
etu;09.03.01;Информатика и вычислительная техника;бакалавриат;Компьютерное моделирование и проектирование;Факультет компьютерных технологий и информатики;Русский язык|Математика;Информатика|Физика;0;245;очно;2025;budget;https://tabiturient.ru/vuzu/eltech/proxodnoi/;9763
etu;09.03.01;Информатика и вычислительная техника;бакалавриат;Вычислительные машины, комплексы, системы и сети;Факультет компьютерных технологий и информатики;Русский язык|Математика;Информатика|Физика;0;;;;paid_only;https://tabiturient.ru/vuzu/eltech/proxodnoi/;20115
etu;09.03.01;Информатика и вычислительная техника;бакалавриат;Искусственный интеллект;Факультет компьютерных технологий и информатики;Русский язык|Математика;Информатика|Физика;0;251;очно;2025;budget;https://tabiturient.ru/vuzu/eltech/proxodnoi/;1245
etu;09.03.02;Информационные системы и технологии;бакалавриат;Без профиля;Факультет компьютерных технологий и информатики;Русский язык|Математика;Информатика|Физика;0;245;очно;2025;budget;https://tabiturient.ru/vuzu/eltech/proxodnoi/;1246
etu;09.03.04;Программная инженерия;бакалавриат;Без профиля;Факультет компьютерных технологий и информатики;Русский язык|Математика;Информатика|Физика;0;271;очно;2025;budget;https://tabiturient.ru/vuzu/eltech/proxodnoi/;1248
etu;11.03.01;Радиотехника;бакалавриат;Системы компьютерного зрения;Факультет радиотехники и телекоммуникаций;Русский язык|Физика;Математика|Информатика;0;232;очно;2025;budget;https://tabiturient.ru/vuzu/eltech/proxodnoi/;17585
etu;11.03.01;Радиотехника;бакалавриат;Цифровые системы локации, связи и навигации;Факультет радиотехники и телекоммуникаций;Русский язык|Физика;Математика|Информатика;0;194;очно;2025;budget;https://tabiturient.ru/vuzu/eltech/proxodnoi/;1239
etu;11.03.02;Инфокоммуникационные технологии и системы связи;бакалавриат;Без профиля;Факультет радиотехники и телекоммуникаций;Русский язык|Математика;Информатика|Физика;0;217;очно;2025;budget;https://tabiturient.ru/vuzu/eltech/proxodnoi/;1240
etu;11.03.03;Конструирование и технология электронных средств;бакалавриат;Без профиля;Факультет радиотехники и телекоммуникаций;Русский язык|Физика;Математика|Информатика;0;211;очно;2025;budget;https://tabiturient.ru/vuzu/eltech/proxodnoi/;1241
etu;11.03.04;Электроника и наноэлектроника;бакалавриат;Без профиля;Факультет электроники;Русский язык|Физика;Математика|Информатика|Химия;0;207;очно;2025;budget;https://tabiturient.ru/vuzu/eltech/proxodnoi/;9764
etu;12.03.01;Приборостроение;бакалавриат;Интеллектуальные системы;Факультет информационно-измерительных и биотехнических систем;Русский язык|Физика;Математика|Информатика|Химия;0;218;очно;2025;budget;https://tabiturient.ru/vuzu/eltech/proxodnoi/;7542
etu;12.03.04;Биотехнические системы и технологии;бакалавриат;Без профиля;Факультет информационно-измерительных и биотехнических систем;Русский язык|Математика;Информатика|Физика;0;231;очно;2025;budget;https://tabiturient.ru/vuzu/eltech/proxodnoi/;1253
etu;13.03.02;Электроэнергетика и электротехника;бакалавриат;Без профиля;Факультет электротехники и автоматики;Русский язык|Физика;Математика|Информатика;0;207;очно;2025;budget;https://tabiturient.ru/vuzu/eltech/proxodnoi/;1250
etu;15.03.06;Мехатроника и робототехника;бакалавриат;Без профиля;Факультет электротехники и автоматики;Русский язык|Математика;Информатика|Физика;0;255;очно;2025;budget;https://tabiturient.ru/vuzu/eltech/proxodnoi/;9223
etu;20.03.01;Техносферная безопасность;бакалавриат;Без профиля;Факультет информационно-измерительных и биотехнических систем;Русский язык|Математика;Информатика|Химия|Физика;0;193;очно;2025;budget;https://tabiturient.ru/vuzu/eltech/proxodnoi/;1254
etu;27.03.02;Управление качеством;бакалавриат;Без профиля;Институт социально-гуманитарного и экономического образования;Русский язык|Математика|Информатика;;0;160;очно;2025;budget;https://tabiturient.ru/vuzu/eltech/proxodnoi/;1255
etu;27.03.03;Системный анализ и управление;бакалавриат;Без профиля;Факультет компьютерных технологий и информатики;Русский язык|Математика;Информатика|Физика;0;241;очно;2025;budget;https://tabiturient.ru/vuzu/eltech/proxodnoi/;1247
etu;27.03.04;Управление в технических системах;бакалавриат;Управление и информационные технологии в технических системах;Факультет компьютерных технологий и информатики;Русский язык|Математика;Информатика|Физика;0;;;;paid_only;https://tabiturient.ru/vuzu/eltech/proxodnoi/;27310
etu;27.03.04;Управление в технических системах;бакалавриат;Компьютерные интеллектуальные технологии управления в технических системах;Факультет компьютерных технологий и информатики;Русский язык|Математика;Информатика|Физика;0;228;очно;2025;budget;https://tabiturient.ru/vuzu/eltech/proxodnoi/;1249
etu;27.03.04;Управление в технических системах;бакалавриат;Промышленная автоматизация и управление движением;Факультет электротехники и автоматики;Русский язык|Математика;Информатика|Физика;0;198;очно;2025;budget;https://tabiturient.ru/vuzu/eltech/proxodnoi/;1251
etu;27.03.05;Инноватика;бакалавриат;Без профиля;Институт социально-гуманитарного и экономического образования;Русский язык|Математика|Информатика;;0;232;очно;2025;budget;https://tabiturient.ru/vuzu/eltech/proxodnoi/;1256
etu;28.03.01;Нанотехнологии и микросистемная техника;бакалавриат;Без профиля;Факультет электроники;Русский язык|Математика;Информатика|Химия|Физика;0;216;очно;2025;budget;https://tabiturient.ru/vuzu/eltech/proxodnoi/;1243
etu;42.03.01;Реклама и связи с общественностью;бакалавриат;Без профиля;Институт социально-гуманитарного и экономического образования;Русский язык|Обществознание;Иностранный язык|Литература|История;0;;;;paid_only;https://tabiturient.ru/vuzu/eltech/proxodnoi/;1259
etu;45.03.02;Лингвистика;бакалавриат;Без профиля;Институт социально-гуманитарного и экономического образования;Русский язык|Иностранный язык;Обществознание|Литература|История;0;269;очно;2025;budget;https://tabiturient.ru/vuzu/eltech/proxodnoi/;1260
etu;10.05.01;Компьютерная безопасность;специалитет;Без профиля;Факультет компьютерных технологий и информатики;Русский язык|Математика;Информатика|Физика;0;240;очно;2025;budget;https://tabiturient.ru/vuzu/eltech/proxodnoi/;1262
etu;11.05.01;Радиоэлектронные системы и комплексы;специалитет;Без профиля;Факультет радиотехники и телекоммуникаций;Русский язык|Физика;Математика|Информатика;0;207;очно;2025;budget;https://tabiturient.ru/vuzu/eltech/proxodnoi/;1261
vavt;09.03.02;Информационные системы и технологии;бакалавриат;Цифровой маркетинг и аналитика международной электронной торговли;Факультет внешнеторгового менеджмента;Русский язык|Математика|Информатика;;0;264;очно;2025;budget;https://tabiturient.ru/vuzu/vavt/proxodnoi/;24361
vavt;38.03.01;Экономика;бакалавриат;Глобальная экономика и международная торговля;Факультет международных финансов;Русский язык|Математика;Обществознание|Иностранный язык|Информатика|География|История;0;293;очно;2025;budget;https://tabiturient.ru/vuzu/vavt/proxodnoi/;26129
vavt;38.03.01;Экономика;бакалавриат;Мировая экономика;Факультет экономистов-международников;Русский язык|Математика;Обществознание|Иностранный язык|Информатика|География|История;0;281;очно;2025;budget;https://tabiturient.ru/vuzu/vavt/proxodnoi/;125
vavt;38.03.01;Экономика;бакалавриат;Управление финансами во внешнеэкономической деятельности;Факультет международных финансов;Русский язык|Математика;Обществознание|Иностранный язык|Информатика|География|История;0;281;очно;2025;budget;https://tabiturient.ru/vuzu/vavt/proxodnoi/;127
vavt;38.03.01;Экономика;бакалавриат;Глобальные рынки и стратегия международного бизнеса;Факультет международного бизнеса;Русский язык|Математика;Обществознание|Иностранный язык|Информатика|География|История;0;;;;paid_only;https://tabiturient.ru/vuzu/vavt/proxodnoi/;24711
vavt;38.03.01;Экономика;бакалавриат;Международное сотрудничество с Китаем;Факультет экономистов-международников;Русский язык|Математика;Обществознание|Иностранный язык|Информатика|География|История;0;283;очно;2025;budget;https://tabiturient.ru/vuzu/vavt/proxodnoi/;25764
vavt;38.03.01;Экономика;бакалавриат;Финансово-правовое регулирование международного предпринимательства;Факультет международных финансов;Русский язык|Математика;Обществознание|Иностранный язык|Информатика|География|История;0;280;очно;2025;budget;https://tabiturient.ru/vuzu/vavt/proxodnoi/;25765
vavt;38.03.02;Менеджмент;бакалавриат;Информационные технологии в управлении;Факультет внешнеторгового менеджмента;Русский язык|Математика;Обществознание|Иностранный язык|Информатика|История;0;277;очно;2025;budget;https://tabiturient.ru/vuzu/vavt/proxodnoi/;24360
vavt;38.03.02;Менеджмент;бакалавриат;Управление и правовое обеспечение бизнеса;Факультет внешнеторгового менеджмента;Русский язык|Математика;Обществознание|Иностранный язык|Информатика|История;0;;;;paid_only;https://tabiturient.ru/vuzu/vavt/proxodnoi/;24362
vavt;38.03.02;Менеджмент;бакалавриат;Корпоративный менеджмент в международном бизнесе/International management;Факультет внешнеторгового менеджмента;Русский язык|Математика;Обществознание|Иностранный язык|Информатика|История;0;278;очно;2025;budget;https://tabiturient.ru/vuzu/vavt/proxodnoi/;124
vavt;38.03.02;Менеджмент;бакалавриат;Международный менеджмент с углубленным изучением восточных языков;Факультет внешнеторгового менеджмента;Русский язык|Математика;Обществознание|Иностранный язык|Информатика|История;0;277;очно;2025;budget;https://tabiturient.ru/vuzu/vavt/proxodnoi/;25766
vavt;38.03.04;Государственное и муниципальное управление;бакалавриат;Управление международной проектной деятельностью;Факультет внешнеторгового менеджмента;Русский язык|Обществознание;Математика|Иностранный язык|История;0;275;очно;2025;budget;https://tabiturient.ru/vuzu/vavt/proxodnoi/;18838
vavt;40.03.01;Юриспруденция;бакалавриат;Управление и правовое обеспечение бизнеса;Международно-правовой факультет;Русский язык|Обществознание;Математика|Иностранный язык|Информатика|История;0;;;;paid_only;https://tabiturient.ru/vuzu/vavt/proxodnoi/;24358
vavt;40.03.01;Юриспруденция;бакалавриат;"Программа ""Право ВЭД""";Международно-правовой факультет;Русский язык|Обществознание;Математика|Иностранный язык|Информатика|История;0;;;;paid_only;https://tabiturient.ru/vuzu/vavt/proxodnoi/;24359
vavt;40.03.01;Юриспруденция;бакалавриат;Международное экономическое право и право международной торговли;Международно-правовой факультет;Русский язык|Обществознание;Математика|Иностранный язык|Информатика|История;0;273;очно;2025;budget;https://tabiturient.ru/vuzu/vavt/proxodnoi/;126
vavt;40.03.01;Юриспруденция;бакалавриат;Правовое обеспечение цифровых платформ;Международно-правовой факультет;Русский язык|Обществознание;Математика|Иностранный язык|Информатика|История;0;271;очно;2025;budget;https://tabiturient.ru/vuzu/vavt/proxodnoi/;25767
vavt;40.03.01;Юриспруденция;бакалавриат;Международно-правовой с углубленным изучением права зарубежных стран;Международно-правовой факультет;Русский язык|Обществознание;Математика|Иностранный язык|Информатика|История;0;284;очно;2025;budget;https://tabiturient.ru/vuzu/vavt/proxodnoi/;25768
vavt;38.05.01;Экономическая безопасность;специалитет;Безопасность данных в международных финансах;Факультет международных финансов;Русский язык|Математика;Обществознание|Информатика|История;0;278;очно;2025;budget;https://tabiturient.ru/vuzu/vavt/proxodnoi/;26130
vavt;38.05.02;Таможенное дело;специалитет;Информационно-аналитическое обеспечение внешнеэкономической деятельности;Международно-правовой факультет;Русский язык|Обществознание;Иностранный язык|Информатика|География;0;;;;quota_only;https://tabiturient.ru/vuzu/vavt/proxodnoi/;22510
unecon;01.03.02;Прикладная математика и информатика;бакалавриат;Прикладная математика и информатика в экономике и управлении;Факультет экономики, финансов и информационных технологий;Русский язык|Математика;Информатика|Физика;0;239;очно;2025;budget;https://tabiturient.ru/vuzu/spbgeu/proxodnoi/;1638
unecon;09.03.02;Информационные системы и технологии;бакалавриат;Цифровизация экономической деятельности;Факультет экономики, финансов и информационных технологий;Русский язык|Математика;Информатика|Физика;0;;;;budget;https://tabiturient.ru/vuzu/spbgeu/proxodnoi/;1639
unecon;09.03.03;Прикладная информатика;бакалавриат;Цифровые финансовые технологии — программа двух квалификаций (Прикладная информатика (+Экономика));Факультет экономики, финансов и информационных технологий;Русский язык|Математика;Информатика|Физика;0;;;;paid_only;https://tabiturient.ru/vuzu/spbgeu/proxodnoi/;26446
unecon;09.03.03;Прикладная информатика;бакалавриат;Управление бизнес-процессами и проектами;Факультет экономики, финансов и информационных технологий;Русский язык|Математика;Информатика|Физика;0;;;;budget;https://tabiturient.ru/vuzu/spbgeu/proxodnoi/;1640
unecon;10.03.01;Информационная безопасность;бакалавриат;Безопасность компьютерных систем (в экономике и управлении);Факультет экономики, финансов и информационных технологий;Русский язык|Математика;Информатика|Физика;0;;;;paid_only;https://tabiturient.ru/vuzu/spbgeu/proxodnoi/;1641
unecon;27.03.02;Управление качеством;бакалавриат;Менеджмент качества — программа двух квалификаций (Управление качеством+Менеджмент);Факультет управления;Русский язык|Математика;Информатика|Физика;0;;;;paid_only;https://tabiturient.ru/vuzu/spbgeu/proxodnoi/;1643
unecon;38.03.01;Экономика;бакалавриат;Экономика и управление на пред­приятиях транспортного комплекса;Факультет экономики, финансов и информационных технологий;Русский язык|Математика;Обществознание|Иностранный язык|Информатика|История;0;;;;quota_only;https://tabiturient.ru/vuzu/spbgeu/proxodnoi/;26113
unecon;38.03.01;Экономика;бакалавриат;"Бухгалтерский учет, анализ и аудит; Математическое моделирование и анализ данных в экономике; Мировая экономика и международные рынки; Финансы и кредит; Экономика предпринимательства; Экономика предприятий и организаций и др.";Факультет экономики, финансов и информационных технологий;Русский язык|Математика;Обществознание|Иностранный язык|Информатика|История;0;;;;quota_only;https://tabiturient.ru/vuzu/spbgeu/proxodnoi/;1644
unecon;38.03.01;Экономика;бакалавриат;Экономика и управление на предприятиях нефтегазового комплекса;Факультет экономики, финансов и информационных технологий;Русский язык|Математика;Обществознание|Иностранный язык|Информатика|История;0;;;;quota_only;https://tabiturient.ru/vuzu/spbgeu/proxodnoi/;18803
unecon;38.03.01;Экономика;бакалавриат;Экономика предприятия с углубленным изучением китайского языка;Факультет экономики, финансов и информационных технологий;Русский язык|Математика;Обществознание|Иностранный язык|Информатика|История;0;;;;paid_only;https://tabiturient.ru/vuzu/spbgeu/proxodnoi/;4060
unecon;38.03.01;Экономика;бакалавриат;Экономика и финансы международной компании;Факультет экономики, финансов и информационных технологий;Русский язык|Математика;Обществознание|Иностранный язык|Информатика|История;0;;;;paid_only;https://tabiturient.ru/vuzu/spbgeu/proxodnoi/;9702
unecon;38.03.02;Менеджмент;бакалавриат;Маркетинг и управление брендами;Факультет управления;Русский язык|Обществознание;Иностранный язык|Информатика|История;0;;;;paid_only;https://tabiturient.ru/vuzu/spbgeu/proxodnoi/;26447
unecon;38.03.02;Менеджмент;бакалавриат;Бизнес-администрирование и цифровые инновации / Business management and digital innovations;Международный институт экономики и политики;Русский язык|Математика;Обществознание|Иностранный язык|Информатика|История;0;;;;paid_only;https://tabiturient.ru/vuzu/spbgeu/proxodnoi/;17527
unecon;38.03.02;Менеджмент;бакалавриат;"Логистика и управление цепями поставок; Маркетинг и управление брендами; Управление проектами; Управление бизнесом; Промышленный хайтек и урбанистика и др.";Факультет бизнеса, таможенного дела и экономической безопасности;Русский язык|Математика;Обществознание|Иностранный язык|Информатика|История;0;261;очно;2025;budget;https://tabiturient.ru/vuzu/spbgeu/proxodnoi/;4059
unecon;38.03.03;Управление персоналом;бакалавриат;Кадровый менеджмент;Факультет управления;Русский язык|Математика;Обществознание|Иностранный язык|Информатика|История;0;;;;quota_only;https://tabiturient.ru/vuzu/spbgeu/proxodnoi/;1646
unecon;38.03.04;Государственное и муниципальное управление;бакалавриат;Государственное и муниципальное управление в регионе;Факультет управления;Русский язык|Обществознание;Математика|Иностранный язык|История;0;;;;quota_only;https://tabiturient.ru/vuzu/spbgeu/proxodnoi/;1647
unecon;38.03.05;Бизнес-информатика;бакалавриат;Деловая аналитика;Факультет экономики, финансов и информационных технологий;Русский язык|Математика;Обществознание|Информатика|История;0;284;очно;2025;budget;https://tabiturient.ru/vuzu/spbgeu/proxodnoi/;1642
unecon;38.03.06;Торговое дело;бакалавриат;Коммерция и электронная торговля;Факультет бизнеса, таможенного дела и экономической безопасности;Русский язык|Математика;Обществознание|Иностранный язык|Информатика|История;0;256;очно;2025;budget;https://tabiturient.ru/vuzu/spbgeu/proxodnoi/;1648
unecon;39.03.01;Социология;бакалавриат;Социология управления;Факультет управления;Русский язык|Обществознание;Математика|Иностранный язык|История;0;;;;budget;https://tabiturient.ru/vuzu/spbgeu/proxodnoi/;4062
unecon;40.03.01;Юриспруденция;бакалавриат;Право и экономика;Юридический факультет;Русский язык|Обществознание;Математика|Иностранный язык|Информатика|История;0;;;;paid_only;https://tabiturient.ru/vuzu/spbgeu/proxodnoi/;1650
unecon;41.03.01;Зарубежное регионоведение;бакалавриат;"Азиатско-Тихоокеанский регион;Зарубежная Европа; Латинская Америка";Гуманитарный факультет;Русский язык|История;Обществознание|Иностранный язык;0;;;;paid_only;https://tabiturient.ru/vuzu/spbgeu/proxodnoi/;1651
unecon;41.03.05;Международные отношения;бакалавриат;Внешняя политика России и зарубежных стран;Гуманитарный факультет;Русский язык|История;Математика|Обществознание|Иностранный язык|Информатика;0;;;;paid_only;https://tabiturient.ru/vuzu/spbgeu/proxodnoi/;1652
unecon;42.03.01;Реклама и связи с общественностью;бакалавриат;"Дизайн коммуникационного продукта; Медиапродукт и цифровые коммуникации";Гуманитарный факультет;Русский язык|Обществознание;Иностранный язык|Информатика|Литература|История;0;;;;paid_only;https://tabiturient.ru/vuzu/spbgeu/proxodnoi/;1653
unecon;43.03.01;Сервис;бакалавриат;"Управление и дизайн в индустрии событий; Управление креативным бизнесом";Факультет сервиса, туризма и гостеприимства;Русский язык|Обществознание;Математика|Иностранный язык|История;0;252;очно;2025;budget;https://tabiturient.ru/vuzu/spbgeu/proxodnoi/;1654
unecon;43.03.02;Туризм;бакалавриат;"Национальный и международный туризм; Организация и управление в индустрии туризма";Факультет сервиса, туризма и гостеприимства;Русский язык|Обществознание;Иностранный язык|История;0;240;очно;2025;budget;https://tabiturient.ru/vuzu/spbgeu/proxodnoi/;1655
unecon;43.03.03;Гостиничное дело;бакалавриат;Организация и управление в гостиничном и ресторанном бизнесе;Факультет сервиса, туризма и гостеприимства;Русский язык|Обществознание;Иностранный язык|История;0;232;очно;2025;budget;https://tabiturient.ru/vuzu/spbgeu/proxodnoi/;1656
unecon;45.03.02;Лингвистика;бакалавриат;Перевод и переводоведение сфере экономики и финансов (китайский язык);Гуманитарный факультет;Русский язык|Иностранный язык;Обществознание|Литература|История;0;;;;paid_only;https://tabiturient.ru/vuzu/spbgeu/proxodnoi/;24367
unecon;45.03.02;Лингвистика;бакалавриат;Перевод и переводоведение сфере экономики и финансов (английский язык);Гуманитарный факультет;Русский язык|Иностранный язык;Обществознание|Литература|История;0;;;;paid_only;https://tabiturient.ru/vuzu/spbgeu/proxodnoi/;1657
unecon;38.05.01;Экономическая безопасность;специалитет;Экономико-правовое обеспечение экономической безопасности;Факультет бизнеса, таможенного дела и экономической безопасности;Русский язык|Математика;Обществознание|Информатика;0;;;;paid_only;https://tabiturient.ru/vuzu/spbgeu/proxodnoi/;1658
unecon;38.05.02;Таможенное дело;специалитет;Таможенное администрирование и интеллектуальные технологии;Факультет бизнеса, таможенного дела и экономической безопасности;Русский язык|Обществознание;Иностранный язык|Информатика|История;0;;;;paid_only;https://tabiturient.ru/vuzu/spbgeu/proxodnoi/;1659
unecon;38.05.02;Таможенное дело;специалитет;Таможенные услуги во внешнеэкономической деятельности;Факультет бизнеса, таможенного дела и экономической безопасности;Русский язык|Обществознание;Иностранный язык|Информатика|История;0;;;;paid_only;https://tabiturient.ru/vuzu/spbgeu/proxodnoi/;23010
innopolis;09.03.01;Информатика и вычислительная техника;бакалавриат;Математические основы искусственного интеллекта;;Русский язык|Математика;Информатика|Физика;0;280;очно;2025;budget;https://apply.innopolis.university/bachelors/DS-MAI/;
innopolis;09.03.01;Информатика и вычислительная техника;бакалавриат;Инженерия информационных систем (обучение на английском);;Русский язык|Математика;Информатика|Физика;0;278;очно;2025;budget;https://apply.innopolis.university/bachelors/information-systems-engineering/;
innopolis;09.03.01;Информатика и вычислительная техника;бакалавриат;Анализ данных и искусственный интеллект (обучение на английском);;Русский язык|Математика;Информатика|Физика;0;280;очно;2025;budget;https://apply.innopolis.university/bachelors/DS-AI/;
innopolis;09.03.01;Информатика и вычислительная техника;бакалавриат;AI360: инженерия данных;;Русский язык|Математика;Информатика|Физика;0;;;;paid_only;https://apply.innopolis.university/bachelors/AI-360/;
innopolis;15.03.06;Мехатроника и робототехника;бакалавриат;Робототехника;;Русский язык|Математика;Информатика|Физика;0;;;;budget;https://apply.innopolis.university/bachelors/mechatronics-robotics/;
