university,city,olympiad,benefit,confirmation_requirement
ТПУ,Томск,Innopolis Open,БВИ,ЕГЭ от 75 баллов по профильному предмету.
ТПУ,Томск,Бельчонок,БВИ,ЕГЭ от 75 баллов по профильному предмету.
ТПУ,Томск,Будущее Сибири,БВИ,ЕГЭ от 75 баллов по профильному предмету.
ТПУ,Томск,Будущие исследователи - будущее науки,БВИ,ЕГЭ от 75 баллов по профильному предмету.
ТПУ,Томск,Всероссийская академическая олимпиада школьников имени В.И. Вернадского,БВИ,ЕГЭ от 75 баллов по профильному предмету.
ТПУ,Томск,Всероссийская олимпиада по искусственному интеллекту,БВИ,ЕГЭ от 75 баллов по профильному предмету.
ТПУ,Томск,Всероссийская Сеченовская олимпиада школьников,БВИ,ЕГЭ от 75 баллов по профильному предмету.
ТПУ,Томск,Всероссийская Толстовская олимпиада школьников,БВИ,ЕГЭ от 75 баллов по профильному предмету.
ТПУ,Томск,Всесибирская открытая олимпиада школьников,БВИ,ЕГЭ от 75 баллов по профильному предмету.
ТПУ,Томск,ВСОШ по астрономии,БВИ,Не требуется.
ТПУ,Томск,ВСОШ по биологии,БВИ,Не требуется.
ТПУ,Томск,ВСОШ по географии,БВИ,Не требуется.
ТПУ,Томск,ВСОШ по иностранному языку,БВИ,Не требуется.
ТПУ,Томск,ВСОШ по информатике,БВИ,Не требуется.
ТПУ,Томск,ВСОШ по истории,БВИ,Не требуется.
ТПУ,Томск,ВСОШ по литературе,БВИ,Не требуется.
ТПУ,Томск,ВСОШ по математике,БВИ,Не требуется.
ТПУ,Томск,ВСОШ по обществознанию,БВИ,Не требуется.
ТПУ,Томск,ВСОШ по русскому языку,БВИ,Не требуется.
ТПУ,Томск,ВСОШ по физике,БВИ,Не требуется.
ТПУ,Томск,ВСОШ по химии,БВИ,Не требуется.
ТПУ,Томск,ВСОШ по экологии,БВИ,Не требуется.
ТПУ,Томск,ВСОШ по экономике,БВИ,Не требуется.
ТПУ,Томск,Вузовско-академическая олимпиада по информатике,БВИ,ЕГЭ от 75 баллов по профильному предмету.
ТПУ,Томск,Высшая проба,БВИ,ЕГЭ от 75 баллов по профильному предмету.
ТПУ,Томск,Газпром,БВИ,ЕГЭ от 75 баллов по профильному предмету.
ТПУ,Томск,Городская открытая олимпиада школьников по физике,БВИ,ЕГЭ от 75 баллов по профильному предмету.
ТПУ,Томск,Гранит науки,БВИ,ЕГЭ от 75 баллов по профильному предмету.
ТПУ,Томск,Звезда,БВИ,ЕГЭ от 75 баллов по профильному предмету.
ТПУ,Томск,Изумруд,БВИ,ЕГЭ от 75 баллов по профильному предмету.
ТПУ,Томск,Инженерная олимпиада школьников,БВИ,ЕГЭ от 75 баллов по профильному предмету.
ТПУ,Томск,Иннагрика,БВИ,ЕГЭ от 75 баллов по профильному предмету.
ТПУ,Томск,Интернет-олимпиада школьников по физике,БВИ,ЕГЭ от 75 баллов по профильному предмету.
ТПУ,Томск,Когнитивные технологии,БВИ,ЕГЭ от 75 баллов по профильному предмету.
ТПУ,Томск,Ломоносов,БВИ,ЕГЭ от 75 баллов по профильному предмету.
ТПУ,Томск,Международная олимпиада по финансовой безопасности,БВИ,ЕГЭ от 75 баллов по профильному предмету.
ТПУ,Томск,Межрегиональная олимпиада школьников имени И.Я. Верченко,БВИ,ЕГЭ от 75 баллов по профильному предмету.
ТПУ,Томск,Межрегиональная олимпиада школьников на базе ведомственных образовательных организаций,БВИ,ЕГЭ от 75 баллов по профильному предмету.
ТПУ,Томск,Межрегиональная химическая олимпиада школьников имени академика П.Д. Саркисова,БВИ,ЕГЭ от 75 баллов по профильному предмету.
ТПУ,Томск,Миссия выполнима. Твое призвание - финансист!,БВИ,ЕГЭ от 75 баллов по профильному предмету.
ТПУ,Томск,Московская олимпиада школьников,БВИ,ЕГЭ от 75 баллов по профильному предмету.
ТПУ,Томск,Надежда энергетики,БВИ,ЕГЭ от 75 баллов по профильному предмету.
ТПУ,Томск,НТО,БВИ,ЕГЭ от 75 баллов по профильному предмету.
ТПУ,Томск,Оборонно-техническая олимпиада,БВИ,ЕГЭ от 75 баллов по профильному предмету.
ТПУ,Томск,Объединенная межвузовская олимпиада школьников,БВИ,ЕГЭ от 75 баллов по профильному предмету.
ТПУ,Томск,Океан знаний,БВИ,ЕГЭ от 75 баллов по профильному предмету.
ТПУ,Томск,Олимпиада Курчатов,БВИ,ЕГЭ от 75 баллов по профильному предмету.
ТПУ,Томск,Олимпиада МГИМО,БВИ,ЕГЭ от 75 баллов по профильному предмету.
ТПУ,Томск,Олимпиада РАНХиГС,БВИ,ЕГЭ от 75 баллов по профильному предмету.
ТПУ,Томск,Олимпиада РГГУ для школьников,БВИ,ЕГЭ от 75 баллов по профильному предмету.
ТПУ,Томск,Олимпиада СПбГУ,БВИ,ЕГЭ от 75 баллов по профильному предмету.
ТПУ,Томск,Олимпиада школьников по информатике и программированию,БВИ,ЕГЭ от 75 баллов по профильному предмету.
ТПУ,Томск,Олимпиада Юношеской математической школы,БВИ,ЕГЭ от 75 баллов по профильному предмету.
ТПУ,Томск,Олимпиады КФУ,БВИ,ЕГЭ от 75 баллов по профильному предмету.
ТПУ,Томск,ОРМО,БВИ,ЕГЭ от 75 баллов по профильному предмету.
ТПУ,Томск,Открытая олимпиада школьников,БВИ,ЕГЭ от 75 баллов по профильному предмету.
ТПУ,Томск,Открытая олимпиада школьников по программированию,БВИ,ЕГЭ от 75 баллов по профильному предмету.
ТПУ,Томск,Открытая химическая олимпиада,БВИ,ЕГЭ от 75 баллов по профильному предмету.
ТПУ,Томск,Плехановская олимпиада школьников,БВИ,ЕГЭ от 75 баллов по профильному предмету.
ТПУ,Томск,Покори Воробьевы горы!,БВИ,ЕГЭ от 75 баллов по профильному предмету.
ТПУ,Томск,Потомки Менделеева,БВИ,ЕГЭ от 75 баллов по профильному предмету.
ТПУ,Томск,Региональный конкурс школьников Челябинского университетского образовательного округа,БВИ,ЕГЭ от 75 баллов по профильному предмету.
ТПУ,Томск,Робофест,БВИ,ЕГЭ от 75 баллов по профильному предмету.
ТПУ,Томск,Росатом,БВИ,ЕГЭ от 75 баллов по профильному предмету.
ТПУ,Томск,Санкт-Петербургская астрономическая олимпиада,БВИ,ЕГЭ от 75 баллов по профильному предмету.
ТПУ,Томск,Санкт-Петербургская олимпиада школьников,БВИ,ЕГЭ от 75 баллов по профильному предмету.
ТПУ,Томск,Сибириада. Шаг в мечту,БВИ,ЕГЭ от 75 баллов по профильному предмету.
ТПУ,Томск,Твой путь в настоящую науку,БВИ,ЕГЭ от 75 баллов по профильному предмету.
ТПУ,Томск,Технокубок,БВИ,ЕГЭ от 75 баллов по профильному предмету.
ТПУ,Томск,Турнир городов,БВИ,ЕГЭ от 75 баллов по профильному предмету.
ТПУ,Томск,Турнир имени М.В. Ломоносова,БВИ,ЕГЭ от 75 баллов по профильному предмету.
ТПУ,Томск,Физтех,БВИ,ЕГЭ от 75 баллов по профильному предмету.
ТПУ,Томск,Финатлон для старшеклассников,БВИ,ЕГЭ от 75 баллов по профильному предмету.
ТПУ,Томск,Формула Единства,БВИ,ЕГЭ от 75 баллов по профильному предмету.
ТПУ,Томск,Шаг в будущее,БВИ,ЕГЭ от 75 баллов по профильному предмету.
ТПУ,Томск,Юниор,БВИ,ЕГЭ от 75 баллов по профильному предмету.
ТПУ,Томск,Юные таланты,БВИ,ЕГЭ от 75 баллов по профильному предмету.
ТГУ,Томск,Innopolis Open,БВИ / 100 баллов,ЕГЭ от 75 баллов по профильному предмету.
ТГУ,Томск,Бельчонок,БВИ / 100 баллов,ЕГЭ от 75 баллов по профильному предмету.
ТГУ,Томск,Будущее Сибири,БВИ / 100 баллов,ЕГЭ от 75 баллов по профильному предмету.
ТГУ,Томск,Будущие исследователи - будущее науки,БВИ / 100 баллов,ЕГЭ от 75 баллов по профильному предмету.
ТГУ,Томск,Всероссийская академическая олимпиада школьников имени В.И. Вернадского,БВИ / 100 баллов,ЕГЭ от 75 баллов по профильному предмету.
ТГУ,Томск,Всероссийская олимпиада по искусственному интеллекту,БВИ / 100 баллов,ЕГЭ от 75 баллов по профильному предмету.
ТГУ,Томск,Всероссийская Сеченовская олимпиада школьников,БВИ / 100 баллов,ЕГЭ от 75 баллов по профильному предмету.
ТГУ,Томск,Всероссийская Толстовская олимпиада школьников,БВИ / 100 баллов,ЕГЭ от 75 баллов по профильному предмету.
ТГУ,Томск,Всесибирская открытая олимпиада школьников,БВИ / 100 баллов,ЕГЭ от 75 баллов по профильному предмету.
ТГУ,Томск,ВСОШ по астрономии,БВИ,Не требуется.
ТГУ,Томск,ВСОШ по биологии,БВИ,Не требуется.
ТГУ,Томск,ВСОШ по географии,БВИ,Не требуется.
ТГУ,Томск,ВСОШ по иностранному языку,БВИ,Не требуется.
ТГУ,Томск,ВСОШ по информатике,БВИ,Не требуется.
ТГУ,Томск,ВСОШ по истории,БВИ,Не требуется.
ТГУ,Томск,ВСОШ по литературе,БВИ,Не требуется.
ТГУ,Томск,ВСОШ по математике,БВИ,Не требуется.
ТГУ,Томск,ВСОШ по обществознанию,БВИ,Не требуется.
ТГУ,Томск,ВСОШ по праву,БВИ,Не требуется.
ТГУ,Томск,ВСОШ по русскому языку,БВИ,Не требуется.
ТГУ,Томск,ВСОШ по физике,БВИ,Не требуется.
ТГУ,Томск,ВСОШ по химии,БВИ,Не требуется.
ТГУ,Томск,ВСОШ по экологии,БВИ,Не требуется.
ТГУ,Томск,ВСОШ по экономике,БВИ,Не требуется.
ТГУ,Томск,Вузовско-академическая олимпиада по информатике,БВИ / 100 баллов,ЕГЭ от 75 баллов по профильному предмету.
ТГУ,Томск,Высшая проба,БВИ / 100 баллов,ЕГЭ от 75 баллов по профильному предмету.
ТГУ,Томск,Газпром,БВИ / 100 баллов,ЕГЭ от 75 баллов по профильному предмету.
ТГУ,Томск,Городская открытая олимпиада школьников по физике,БВИ / 100 баллов,ЕГЭ от 75 баллов по профильному предмету.
ТГУ,Томск,Гранит науки,БВИ / 100 баллов,ЕГЭ от 75 баллов по профильному предмету.
ТГУ,Томск,Евразийская лингвистическая олимпиада,БВИ / 100 баллов,ЕГЭ от 75 баллов по профильному предмету.
ТГУ,Томск,Звезда,БВИ / 100 баллов,ЕГЭ от 75 баллов по профильному предмету.
ТГУ,Томск,Изумруд,БВИ / 100 баллов,ЕГЭ от 75 баллов по профильному предмету.
ТГУ,Томск,Инженерная олимпиада школьников,БВИ / 100 баллов,ЕГЭ от 75 баллов по профильному предмету.
ТГУ,Томск,Иннагрика,БВИ / 100 баллов,ЕГЭ от 75 баллов по профильному предмету.
ТГУ,Томск,Интернет-олимпиада школьников по физике,БВИ / 100 баллов,ЕГЭ от 75 баллов по профильному предмету.
ТГУ,Томск,Когнитивные технологии,БВИ / 100 баллов,ЕГЭ от 75 баллов по профильному предмету.
ТГУ,Томск,Кутафинская олимпиада школьников по праву,БВИ / 100 баллов,ЕГЭ от 75 баллов по профильному предмету.
ТГУ,Томск,Ломоносов,БВИ / 100 баллов,ЕГЭ от 75 баллов по профильному предмету.
ТГУ,Томск,Международная олимпиада по финансовой безопасности,БВИ / 100 баллов,ЕГЭ от 75 баллов по профильному предмету.
ТГУ,Томск,Межрегиональная олимпиада школьников имени И.Я. Верченко,БВИ / 100 баллов,ЕГЭ от 75 баллов по профильному предмету.
ТГУ,Томск,Межрегиональная олимпиада школьников на базе ведомственных образовательных организаций,БВИ / 100 баллов,ЕГЭ от 75 баллов по профильному предмету.
ТГУ,Томск,Межрегиональная химическая олимпиада школьников имени академика П.Д. Саркисова,БВИ / 100 баллов,ЕГЭ от 75 баллов по профильному предмету.
ТГУ,Томск,Миссия выполнима. Твое призвание - финансист!,БВИ / 100 баллов,ЕГЭ от 75 баллов по профильному предмету.
ТГУ,Томск,Московская олимпиада школьников,БВИ / 100 баллов,ЕГЭ от 75 баллов по профильному предмету.
ТГУ,Томск,Надежда энергетики,БВИ / 100 баллов,ЕГЭ от 75 баллов по профильному предмету.
ТГУ,Томск,НТО,БВИ / 100 баллов,ЕГЭ от 75 баллов по профильному предмету.
ТГУ,Томск,Оборонно-техническая олимпиада,БВИ / 100 баллов,ЕГЭ от 75 баллов по профильному предмету.
ТГУ,Томск,Объединенная межвузовская олимпиада школьников,БВИ / 100 баллов,ЕГЭ от 75 баллов по профильному предмету.
ТГУ,Томск,Океан знаний,БВИ / 100 баллов,ЕГЭ от 75 баллов по профильному предмету.
ТГУ,Томск,Олимпиада Курчатов,БВИ / 100 баллов,ЕГЭ от 75 баллов по профильному предмету.
ТГУ,Томск,Олимпиада МГИМО,БВИ / 100 баллов,ЕГЭ от 75 баллов по профильному предмету.
ТГУ,Томск,Олимпиада РАНХиГС,БВИ / 100 баллов,ЕГЭ от 75 баллов по профильному предмету.
ТГУ,Томск,Олимпиада РГГУ для школьников,БВИ / 100 баллов,ЕГЭ от 75 баллов по профильному предмету.
ТГУ,Томск,Олимпиада СПбГУ,БВИ / 100 баллов,ЕГЭ от 75 баллов по профильному предмету.
ТГУ,Томск,Олимпиада школьников по информатике и программированию,БВИ / 100 баллов,ЕГЭ от 75 баллов по профильному предмету.
ТГУ,Томск,Олимпиада Юношеской математической школы,БВИ / 100 баллов,ЕГЭ от 75 баллов по профильному предмету.
ТГУ,Томск,Олимпиады КФУ,БВИ / 100 баллов,ЕГЭ от 75 баллов по профильному предмету.
ТГУ,Томск,ОРМО,БВИ / 100 баллов,ЕГЭ от 75 баллов по профильному предмету.
ТГУ,Томск,Открытая олимпиада школьников,БВИ / 100 баллов,ЕГЭ от 75 баллов по профильному предмету.
ТГУ,Томск,Открытая олимпиада школьников по программированию,БВИ / 100 баллов,ЕГЭ от 75 баллов по профильному предмету.
ТГУ,Томск,Открытая химическая олимпиада,БВИ / 100 баллов,ЕГЭ от 75 баллов по профильному предмету.
ТГУ,Томск,Пироговская олимпиада для школьников по химии и биологии,БВИ / 100 баллов,ЕГЭ от 75 баллов по профильному предмету.
ТГУ,Томск,Плехановская олимпиада школьников,БВИ / 100 баллов,ЕГЭ от 75 баллов по профильному предмету.
ТГУ,Томск,Покори Воробьевы горы!,БВИ / 100 баллов,ЕГЭ от 75 баллов по профильному предмету.
ТГУ,Томск,Потомки Менделеева,БВИ / 100 баллов,ЕГЭ от 75 баллов по профильному предмету.
ТГУ,Томск,Региональный конкурс школьников Челябинского университетского образовательного округа,БВИ / 100 баллов,ЕГЭ от 75 баллов по профильному предмету.
ТГУ,Томск,Росатом,БВИ / 100 баллов,ЕГЭ от 75 баллов по профильному предмету.
ТГУ,Томск,Санкт-Петербургская астрономическая олимпиада,БВИ / 100 баллов,ЕГЭ от 75 баллов по профильному предмету.
ТГУ,Томск,Санкт-Петербургская олимпиада школьников,БВИ / 100 баллов,ЕГЭ от 75 баллов по профильному предмету.
ТГУ,Томск,Сибириада. Шаг в мечту,БВИ / 100 баллов,ЕГЭ от 75 баллов по профильному предмету.
ТГУ,Томск,Твой путь в настоящую науку,БВИ / 100 баллов,ЕГЭ от 75 баллов по профильному предмету.
ТГУ,Томск,Телевизионная гуманитарная олимпиада школьников «Умницы и умники»,БВИ / 100 баллов,ЕГЭ от 75 баллов по профильному предмету.
ТГУ,Томск,Технокубок,БВИ / 100 баллов,ЕГЭ от 75 баллов по профильному предмету.
ТГУ,Томск,Турнир городов,БВИ / 100 баллов,ЕГЭ от 75 баллов по профильному предмету.
ТГУ,Томск,Турнир имени М.В. Ломоносова,БВИ / 100 баллов,ЕГЭ от 75 баллов по профильному предмету.
ТГУ,Томск,Физтех,БВИ / 100 баллов,ЕГЭ от 75 баллов по профильному предмету.
ТГУ,Томск,Финатлон для старшеклассников,БВИ / 100 баллов,ЕГЭ от 75 баллов по профильному предмету.
ТГУ,Томск,Формула Единства,БВИ / 100 баллов,ЕГЭ от 75 баллов по профильному предмету.
ТГУ,Томск,Шаг в будущее,БВИ / 100 баллов,ЕГЭ от 75 баллов по профильному предмету.
ТГУ,Томск,Юниор,БВИ / 100 баллов,ЕГЭ от 75 баллов по профильному предмету.
ТГУ,Томск,Юные таланты,БВИ / 100 баллов,ЕГЭ от 75 баллов по профильному предмету.
РНИМУ им. Пирогова,Москва,Innopolis Open,БВИ / 100 баллов,ЕГЭ от 75 баллов по профильному предмету.
РНИМУ им. Пирогова,Москва,Будущее Сибири,БВИ / 100 баллов,ЕГЭ от 75 баллов по профильному предмету.
РНИМУ им. Пирогова,Москва,Будущие исследователи - будущее науки,БВИ / 100 баллов,ЕГЭ от 75 баллов по профильному предмету.
РНИМУ им. Пирогова,Москва,Всероссийская олимпиада по искусственному интеллекту,БВИ / 100 баллов,ЕГЭ от 75 баллов по профильному предмету.
РНИМУ им. Пирогова,Москва,Всероссийская Сеченовская олимпиада школьников,БВИ / 100 баллов,ЕГЭ от 75 баллов по профильному предмету.
РНИМУ им. Пирогова,Москва,Всесибирская открытая олимпиада школьников,БВИ / 100 баллов,ЕГЭ от 75 баллов по профильному предмету.
РНИМУ им. Пирогова,Москва,ВСОШ по биологии,БВИ,Не требуется.
РНИМУ им. Пирогова,Москва,ВСОШ по информатике,БВИ,Не требуется.
РНИМУ им. Пирогова,Москва,ВСОШ по математике,БВИ,Не требуется.
РНИМУ им. Пирогова,Москва,ВСОШ по обществознанию,БВИ,Не требуется.
РНИМУ им. Пирогова,Москва,ВСОШ по физике,БВИ,Не требуется.
РНИМУ им. Пирогова,Москва,ВСОШ по химии,БВИ,Не требуется.
РНИМУ им. Пирогова,Москва,ВСОШ по экономике,БВИ,Не требуется.
РНИМУ им. Пирогова,Москва,Вузовско-академическая олимпиада по информатике,БВИ / 100 баллов,ЕГЭ от 75 баллов по профильному предмету.
РНИМУ им. Пирогова,Москва,Высшая проба,БВИ / 100 баллов,ЕГЭ от 75 баллов по профильному предмету.
РНИМУ им. Пирогова,Москва,Газпром,БВИ / 100 баллов,ЕГЭ от 75 баллов по профильному предмету.
РНИМУ им. Пирогова,Москва,Городская открытая олимпиада школьников по физике,БВИ / 100 баллов,ЕГЭ от 75 баллов по профильному предмету.
РНИМУ им. Пирогова,Москва,Гранит науки,БВИ / 100 баллов,ЕГЭ от 75 баллов по профильному предмету.
РНИМУ им. Пирогова,Москва,Звезда,БВИ / 100 баллов,ЕГЭ от 75 баллов по профильному предмету.
РНИМУ им. Пирогова,Москва,Изумруд,БВИ / 100 баллов,ЕГЭ от 75 баллов по профильному предмету.
РНИМУ им. Пирогова,Москва,Инженерная олимпиада школьников,БВИ / 100 баллов,ЕГЭ от 75 баллов по профильному предмету.
РНИМУ им. Пирогова,Москва,Иннагрика,БВИ / 100 баллов,ЕГЭ от 75 баллов по профильному предмету.
РНИМУ им. Пирогова,Москва,Интернет-олимпиада школьников по физике,БВИ / 100 баллов,ЕГЭ от 75 баллов по профильному предмету.
РНИМУ им. Пирогова,Москва,Когнитивные технологии,БВИ / 100 баллов,ЕГЭ от 75 баллов по профильному предмету.
РНИМУ им. Пирогова,Москва,Ломоносов,БВИ / 100 баллов,ЕГЭ от 75 баллов по профильному предмету.
РНИМУ им. Пирогова,Москва,Межрегиональная олимпиада школьников имени И.Я. Верченко,БВИ / 100 баллов,ЕГЭ от 75 баллов по профильному предмету.
РНИМУ им. Пирогова,Москва,Межрегиональная олимпиада школьников на базе ведомственных образовательных организаций,БВИ / 100 баллов,ЕГЭ от 75 баллов по профильному предмету.
РНИМУ им. Пирогова,Москва,Межрегиональная химическая олимпиада школьников имени академика П.Д. Саркисова,БВИ / 100 баллов,ЕГЭ от 75 баллов по профильному предмету.
РНИМУ им. Пирогова,Москва,Московская олимпиада школьников,БВИ / 100 баллов,ЕГЭ от 75 баллов по профильному предмету.
РНИМУ им. Пирогова,Москва,Надежда энергетики,БВИ / 100 баллов,ЕГЭ от 75 баллов по профильному предмету.
РНИМУ им. Пирогова,Москва,НТО,БВИ / 100 баллов,ЕГЭ от 75 баллов по профильному предмету.
РНИМУ им. Пирогова,Москва,Объединенная межвузовская олимпиада школьников,БВИ / 100 баллов,ЕГЭ от 75 баллов по профильному предмету.
РНИМУ им. Пирогова,Москва,Олимпиада Курчатов,БВИ / 100 баллов,ЕГЭ от 75 баллов по профильному предмету.
РНИМУ им. Пирогова,Москва,Олимпиада СПбГУ,БВИ / 100 баллов,ЕГЭ от 75 баллов по профильному предмету.
РНИМУ им. Пирогова,Москва,Олимпиада школьников по информатике и программированию,БВИ / 100 баллов,ЕГЭ от 75 баллов по профильному предмету.
РНИМУ им. Пирогова,Москва,Олимпиада Юношеской математической школы,БВИ / 100 баллов,ЕГЭ от 75 баллов по профильному предмету.
РНИМУ им. Пирогова,Москва,Олимпиады КФУ,БВИ / 100 баллов,ЕГЭ от 75 баллов по профильному предмету.
РНИМУ им. Пирогова,Москва,ОРМО,БВИ / 100 баллов,ЕГЭ от 75 баллов по профильному предмету.
РНИМУ им. Пирогова,Москва,Открытая олимпиада школьников,БВИ / 100 баллов,ЕГЭ от 75 баллов по профильному предмету.
РНИМУ им. Пирогова,Москва,Открытая олимпиада школьников по программированию,БВИ / 100 баллов,ЕГЭ от 75 баллов по профильному предмету.
РНИМУ им. Пирогова,Москва,Открытая химическая олимпиада,БВИ / 100 баллов,ЕГЭ от 75 баллов по профильному предмету.
РНИМУ им. Пирогова,Москва,Пироговская олимпиада для школьников по химии и биологии,БВИ / 100 баллов,ЕГЭ от 75 баллов по профильному предмету.
РНИМУ им. Пирогова,Москва,Плехановская олимпиада школьников,БВИ / 100 баллов,ЕГЭ от 75 баллов по профильному предмету.
РНИМУ им. Пирогова,Москва,Покори Воробьевы горы!,БВИ / 100 баллов,ЕГЭ от 75 баллов по профильному предмету.
РНИМУ им. Пирогова,Москва,Потомки Менделеева,БВИ / 100 баллов,ЕГЭ от 75 баллов по профильному предмету.
РНИМУ им. Пирогова,Москва,Робофест,БВИ / 100 баллов,ЕГЭ от 75 баллов по профильному предмету.
РНИМУ им. Пирогова,Москва,Росатом,БВИ / 100 баллов,ЕГЭ от 75 баллов по профильному предмету.
РНИМУ им. Пирогова,Москва,Санкт-Петербургская олимпиада школьников,БВИ / 100 баллов,ЕГЭ от 75 баллов по профильному предмету.
РНИМУ им. Пирогова,Москва,Твой путь в настоящую науку,БВИ / 100 баллов,ЕГЭ от 75 баллов по профильному предмету.
РНИМУ им. Пирогова,Москва,Технокубок,БВИ / 100 баллов,ЕГЭ от 75 баллов по профильному предмету.
РНИМУ им. Пирогова,Москва,Турнир городов,БВИ / 100 баллов,ЕГЭ от 75 баллов по профильному предмету.
РНИМУ им. Пирогова,Москва,Турнир имени М.В. Ломоносова,БВИ / 100 баллов,ЕГЭ от 75 баллов по профильному предмету.
РНИМУ им. Пирогова,Москва,Физтех,БВИ / 100 баллов,ЕГЭ от 75 баллов по профильному предмету.
РНИМУ им. Пирогова,Москва,Формула Единства,БВИ / 100 баллов,ЕГЭ от 75 баллов по профильному предмету.
РНИМУ им. Пирогова,Москва,Шаг в будущее,БВИ / 100 баллов,ЕГЭ от 75 баллов по профильному предмету.
РНИМУ им. Пирогова,Москва,Юниор,БВИ / 100 баллов,ЕГЭ от 75 баллов по профильному предмету.
РНИМУ им. Пирогова,Москва,Юные таланты,БВИ / 100 баллов,ЕГЭ от 75 баллов по профильному предмету.
МАИ,Москва,Innopolis Open,БВИ / 100 баллов,ЕГЭ от 75 баллов по профильному предмету.
МАИ,Москва,Бельчонок,БВИ / 100 баллов,ЕГЭ от 75 баллов по профильному предмету.
МАИ,Москва,Будущее Сибири,БВИ / 100 баллов,ЕГЭ от 75 баллов по профильному предмету.
МАИ,Москва,Будущие исследователи - будущее науки,БВИ / 100 баллов,ЕГЭ от 75 баллов по профильному предмету.
МАИ,Москва,Всероссийская академическая олимпиада школьников имени В.И. Вернадского,БВИ / 100 баллов,ЕГЭ от 75 баллов по профильному предмету.
МАИ,Москва,Всероссийская олимпиада по искусственному интеллекту,БВИ / 100 баллов,ЕГЭ от 75 баллов по профильному предмету.
МАИ,Москва,Всероссийская Сеченовская олимпиада школьников,БВИ / 100 баллов,ЕГЭ от 75 баллов по профильному предмету.
МАИ,Москва,Всероссийская Толстовская олимпиада школьников,БВИ / 100 баллов,ЕГЭ от 75 баллов по профильному предмету.
МАИ,Москва,Всесибирская открытая олимпиада школьников,БВИ / 100 баллов,ЕГЭ от 75 баллов по профильному предмету.
МАИ,Москва,ВСОШ по биологии,БВИ,Не требуется.
МАИ,Москва,ВСОШ по географии,БВИ,Не требуется.
МАИ,Москва,ВСОШ по иностранному языку,БВИ,Не требуется.
МАИ,Москва,ВСОШ по информатике,БВИ,Не требуется.
МАИ,Москва,ВСОШ по истории,БВИ,Не требуется.
МАИ,Москва,ВСОШ по литературе,БВИ,Не требуется.
МАИ,Москва,ВСОШ по математике,БВИ,Не требуется.
МАИ,Москва,ВСОШ по обществознанию,БВИ,Не требуется.
МАИ,Москва,ВСОШ по праву,БВИ,Не требуется.
МАИ,Москва,ВСОШ по русскому языку,БВИ,Не требуется.
МАИ,Москва,ВСОШ по физике,БВИ,Не требуется.
МАИ,Москва,ВСОШ по химии,БВИ,Не требуется.
МАИ,Москва,ВСОШ по экономике,БВИ,Не требуется.
МАИ,Москва,Вузовско-академическая олимпиада по информатике,БВИ / 100 баллов,ЕГЭ от 75 баллов по профильному предмету.
МАИ,Москва,Высшая проба,БВИ / 100 баллов,ЕГЭ от 75 баллов по профильному предмету.
МАИ,Москва,Газпром,БВИ / 100 баллов,ЕГЭ от 75 баллов по профильному предмету.
МАИ,Москва,Городская открытая олимпиада школьников по физике,БВИ / 100 баллов,ЕГЭ от 75 баллов по профильному предмету.
МАИ,Москва,Гранит науки,БВИ / 100 баллов,ЕГЭ от 75 баллов по профильному предмету.
МАИ,Москва,Евразийская лингвистическая олимпиада,БВИ / 100 баллов,ЕГЭ от 75 баллов по профильному предмету.
МАИ,Москва,Звезда,БВИ / 100 баллов,ЕГЭ от 75 баллов по профильному предмету.
МАИ,Москва,Изумруд,БВИ / 100 баллов,ЕГЭ от 75 баллов по профильному предмету.
МАИ,Москва,Инженерная олимпиада школьников,БВИ / 100 баллов,ЕГЭ от 75 баллов по профильному предмету.
МАИ,Москва,Иннагрика,БВИ / 100 баллов,ЕГЭ от 75 баллов по профильному предмету.
МАИ,Москва,Интернет-олимпиада школьников по физике,БВИ / 100 баллов,ЕГЭ от 75 баллов по профильному предмету.
МАИ,Москва,Когнитивные технологии,БВИ / 100 баллов,ЕГЭ от 75 баллов по профильному предмету.
МАИ,Москва,Ломоносов,БВИ / 100 баллов,ЕГЭ от 75 баллов по профильному предмету.
МАИ,Москва,Международная олимпиада по финансовой безопасности,БВИ / 100 баллов,ЕГЭ от 75 баллов по профильному предмету.
МАИ,Москва,Межрегиональная олимпиада школьников имени И.Я. Верченко,БВИ / 100 баллов,ЕГЭ от 75 баллов по профильному предмету.
МАИ,Москва,Межрегиональная олимпиада школьников на базе ведомственных образовательных организаций,БВИ / 100 баллов,ЕГЭ от 75 баллов по профильному предмету.
МАИ,Москва,Межрегиональная химическая олимпиада школьников имени академика П.Д. Саркисова,БВИ / 100 баллов,ЕГЭ от 75 баллов по профильному предмету.
МАИ,Москва,Миссия выполнима. Твое призвание - финансист!,БВИ / 100 баллов,ЕГЭ от 75 баллов по профильному предмету.
МАИ,Москва,Московская олимпиада школьников,БВИ / 100 баллов,ЕГЭ от 75 баллов по профильному предмету.
МАИ,Москва,Надежда энергетики,БВИ / 100 баллов,ЕГЭ от 75 баллов по профильному предмету.
МАИ,Москва,Наследники Левши,БВИ / 100 баллов,ЕГЭ от 75 баллов по профильному предмету.
МАИ,Москва,НТО,БВИ / 100 баллов,ЕГЭ от 75 баллов по профильному предмету.
МАИ,Москва,Оборонно-техническая олимпиада,БВИ / 100 баллов,ЕГЭ от 75 баллов по профильному предмету.
МАИ,Москва,Объединенная межвузовская олимпиада школьников,БВИ / 100 баллов,ЕГЭ от 75 баллов по профильному предмету.
МАИ,Москва,Океан знаний,БВИ / 100 баллов,ЕГЭ от 75 баллов по профильному предмету.
МАИ,Москва,Олимпиада Курчатов,БВИ / 100 баллов,ЕГЭ от 75 баллов по профильному предмету.
МАИ,Москва,Олимпиада МГИМО,БВИ / 100 баллов,ЕГЭ от 75 баллов по профильному предмету.
МАИ,Москва,Олимпиада РАНХиГС,БВИ / 100 баллов,ЕГЭ от 75 баллов по профильному предмету.
МАИ,Москва,Олимпиада РГГУ для школьников,БВИ / 100 баллов,ЕГЭ от 75 баллов по профильному предмету.
МАИ,Москва,Олимпиада СПбГУ,БВИ / 100 баллов,ЕГЭ от 75 баллов по профильному предмету.
МАИ,Москва,Олимпиада школьников по информатике и программированию,БВИ / 100 баллов,ЕГЭ от 75 баллов по профильному предмету.
МАИ,Москва,Олимпиада Юношеской математической школы,БВИ / 100 баллов,ЕГЭ от 75 баллов по профильному предмету.
МАИ,Москва,Олимпиады КФУ,БВИ / 100 баллов,ЕГЭ от 75 баллов по профильному предмету.
МАИ,Москва,ОРМО,БВИ / 100 баллов,ЕГЭ от 75 баллов по профильному предмету.
МАИ,Москва,Открытая олимпиада школьников,БВИ / 100 баллов,ЕГЭ от 75 баллов по профильному предмету.
МАИ,Москва,Открытая олимпиада школьников по программированию,БВИ / 100 баллов,ЕГЭ от 75 баллов по профильному предмету.
МАИ,Москва,Открытая химическая олимпиада,БВИ / 100 баллов,ЕГЭ от 75 баллов по профильному предмету.
МАИ,Москва,Плехановская олимпиада школьников,БВИ / 100 баллов,ЕГЭ от 75 баллов по профильному предмету.
МАИ,Москва,Покори Воробьевы горы!,БВИ / 100 баллов,ЕГЭ от 75 баллов по профильному предмету.
МАИ,Москва,Потомки Менделеева,БВИ / 100 баллов,ЕГЭ от 75 баллов по профильному предмету.
МАИ,Москва,Региональный конкурс школьников Челябинского университетского образовательного округа,БВИ / 100 баллов,ЕГЭ от 75 баллов по профильному предмету.
МАИ,Москва,Робофест,БВИ / 100 баллов,ЕГЭ от 75 баллов по профильному предмету.
МАИ,Москва,Росатом,БВИ / 100 баллов,ЕГЭ от 75 баллов по профильному предмету.
МАИ,Москва,Санкт-Петербургская астрономическая олимпиада,БВИ / 100 баллов,ЕГЭ от 75 баллов по профильному предмету.
МАИ,Москва,Санкт-Петербургская олимпиада школьников,БВИ / 100 баллов,ЕГЭ от 75 баллов по профильному предмету.
МАИ,Москва,Сибириада. Шаг в мечту,БВИ / 100 баллов,ЕГЭ от 75 баллов по профильному предмету.
МАИ,Москва,Твой путь в настоящую науку,БВИ / 100 баллов,ЕГЭ от 75 баллов по профильному предмету.
МАИ,Москва,Технокубок,БВИ / 100 баллов,ЕГЭ от 75 баллов по профильному предмету.
МАИ,Москва,Турнир городов,БВИ / 100 баллов,ЕГЭ от 75 баллов по профильному предмету.
МАИ,Москва,Турнир имени М.В. Ломоносова,БВИ / 100 баллов,ЕГЭ от 75 баллов по профильному предмету.
МАИ,Москва,Физтех,БВИ / 100 баллов,ЕГЭ от 75 баллов по профильному предмету.
МАИ,Москва,Финатлон для старшеклассников,БВИ / 100 баллов,ЕГЭ от 75 баллов по профильному предмету.
МАИ,Москва,Формула Единства,БВИ / 100 баллов,ЕГЭ от 75 баллов по профильному предмету.
МАИ,Москва,Шаг в будущее,БВИ / 100 баллов,ЕГЭ от 75 баллов по профильному предмету.
МАИ,Москва,Юниор,БВИ / 100 баллов,ЕГЭ от 75 баллов по профильному предмету.
МАИ,Москва,Юные таланты,БВИ / 100 баллов,ЕГЭ от 75 баллов по профильному предмету.
СФУ,Красноярск,Innopolis Open,БВИ / 100 баллов,ЕГЭ от 75 баллов по профильному предмету.
СФУ,Красноярск,Бельчонок,БВИ / 100 баллов,ЕГЭ от 75 баллов по профильному предмету.
СФУ,Красноярск,Будущее Сибири,БВИ / 100 баллов,ЕГЭ от 75 баллов по профильному предмету.
СФУ,Красноярск,Будущие исследователи - будущее науки,БВИ / 100 баллов,ЕГЭ от 75 баллов по профильному предмету.
СФУ,Красноярск,Всероссийская академическая олимпиада школьников имени В.И. Вернадского,БВИ / 100 баллов,ЕГЭ от 75 баллов по профильному предмету.
СФУ,Красноярск,Всероссийская олимпиада по искусственному интеллекту,БВИ / 100 баллов,ЕГЭ от 75 баллов по профильному предмету.
СФУ,Красноярск,Всероссийская Сеченовская олимпиада школьников,БВИ / 100 баллов,ЕГЭ от 75 баллов по профильному предмету.
СФУ,Красноярск,Всероссийская Толстовская олимпиада школьников,БВИ / 100 баллов,ЕГЭ от 75 баллов по профильному предмету.
СФУ,Красноярск,Всесибирская открытая олимпиада школьников,БВИ / 100 баллов,ЕГЭ от 75 баллов по профильному предмету.
СФУ,Красноярск,ВСОШ по астрономии,БВИ,Не требуется.
СФУ,Красноярск,ВСОШ по биологии,БВИ,Не требуется.
СФУ,Красноярск,ВСОШ по географии,БВИ,Не требуется.
СФУ,Красноярск,ВСОШ по иностранному языку,БВИ,Не требуется.
СФУ,Красноярск,ВСОШ по информатике,БВИ,Не требуется.
СФУ,Красноярск,ВСОШ по истории,БВИ,Не требуется.
СФУ,Красноярск,ВСОШ по литературе,БВИ,Не требуется.
СФУ,Красноярск,ВСОШ по математике,БВИ,Не требуется.
СФУ,Красноярск,ВСОШ по обществознанию,БВИ,Не требуется.
СФУ,Красноярск,ВСОШ по праву,БВИ,Не требуется.
СФУ,Красноярск,ВСОШ по русскому языку,БВИ,Не требуется.
СФУ,Красноярск,ВСОШ по физике,БВИ,Не требуется.
СФУ,Красноярск,ВСОШ по химии,БВИ,Не требуется.
СФУ,Красноярск,ВСОШ по экологии,БВИ,Не требуется.
СФУ,Красноярск,ВСОШ по экономике,БВИ,Не требуется.
СФУ,Красноярск,Вузовско-академическая олимпиада по информатике,БВИ / 100 баллов,ЕГЭ от 75 баллов по профильному предмету.
СФУ,Красноярск,Высшая проба,БВИ / 100 баллов,ЕГЭ от 75 баллов по профильному предмету.
СФУ,Красноярск,Газпром,БВИ / 100 баллов,ЕГЭ от 75 баллов по профильному предмету.
СФУ,Красноярск,Городская открытая олимпиада школьников по физике,БВИ / 100 баллов,ЕГЭ от 75 баллов по профильному предмету.
СФУ,Красноярск,Гранит науки,БВИ / 100 баллов,ЕГЭ от 75 баллов по профильному предмету.
СФУ,Красноярск,Евразийская лингвистическая олимпиада,БВИ / 100 баллов,ЕГЭ от 75 баллов по профильному предмету.
СФУ,Красноярск,Звезда,БВИ / 100 баллов,ЕГЭ от 75 баллов по профильному предмету.
СФУ,Красноярск,Изумруд,БВИ / 100 баллов,ЕГЭ от 75 баллов по профильному предмету.
СФУ,Красноярск,Инженерная олимпиада школьников,БВИ / 100 баллов,ЕГЭ от 75 баллов по профильному предмету.
СФУ,Красноярск,Иннагрика,БВИ / 100 баллов,ЕГЭ от 75 баллов по профильному предмету.
СФУ,Красноярск,Интернет-олимпиада школьников по физике,БВИ / 100 баллов,ЕГЭ от 75 баллов по профильному предмету.
СФУ,Красноярск,Когнитивные технологии,БВИ / 100 баллов,ЕГЭ от 75 баллов по профильному предмету.
СФУ,Красноярск,Кутафинская олимпиада школьников по праву,БВИ / 100 баллов,ЕГЭ от 75 баллов по профильному предмету.
СФУ,Красноярск,Ломоносов,БВИ / 100 баллов,ЕГЭ от 75 баллов по профильному предмету.
СФУ,Красноярск,Международная олимпиада по финансовой безопасности,БВИ / 100 баллов,ЕГЭ от 75 баллов по профильному предмету.
СФУ,Красноярск,Межрегиональная олимпиада школьников имени И.Я. Верченко,БВИ / 100 баллов,ЕГЭ от 75 баллов по профильному предмету.
СФУ,Красноярск,Межрегиональная олимпиада школьников на базе ведомственных образовательных организаций,БВИ / 100 баллов,ЕГЭ от 75 баллов по профильному предмету.
СФУ,Красноярск,Межрегиональная химическая олимпиада школьников имени академика П.Д. Саркисова,БВИ / 100 баллов,ЕГЭ от 75 баллов по профильному предмету.
СФУ,Красноярск,Миссия выполнима. Твое призвание - финансист!,БВИ / 100 баллов,ЕГЭ от 75 баллов по профильному предмету.
СФУ,Красноярск,Московская олимпиада школьников,БВИ / 100 баллов,ЕГЭ от 75 баллов по профильному предмету.
СФУ,Красноярск,Надежда энергетики,БВИ / 100 баллов,ЕГЭ от 75 баллов по профильному предмету.
СФУ,Красноярск,НТО,БВИ / 100 баллов,ЕГЭ от 75 баллов по профильному предмету.
СФУ,Красноярск,Оборонно-техническая олимпиада,БВИ / 100 баллов,ЕГЭ от 75 баллов по профильному предмету.
СФУ,Красноярск,Объединенная межвузовская олимпиада школьников,БВИ / 100 баллов,ЕГЭ от 75 баллов по профильному предмету.
СФУ,Красноярск,Океан знаний,БВИ / 100 баллов,ЕГЭ от 75 баллов по профильному предмету.
СФУ,Красноярск,Олимпиада Курчатов,БВИ / 100 баллов,ЕГЭ от 75 баллов по профильному предмету.
СФУ,Красноярск,Олимпиада МГИМО,БВИ / 100 баллов,ЕГЭ от 75 баллов по профильному предмету.
СФУ,Красноярск,Олимпиада РАНХиГС,БВИ / 100 баллов,ЕГЭ от 75 баллов по профильному предмету.
СФУ,Красноярск,Олимпиада РГГУ для школьников,БВИ / 100 баллов,ЕГЭ от 75 баллов по профильному предмету.
СФУ,Красноярск,Олимпиада СПбГУ,БВИ / 100 баллов,ЕГЭ от 75 баллов по профильному предмету.
СФУ,Красноярск,Олимпиада школьников по информатике и программированию,БВИ / 100 баллов,ЕГЭ от 75 баллов по профильному предмету.
СФУ,Красноярск,Олимпиада Юношеской математической школы,БВИ / 100 баллов,ЕГЭ от 75 баллов по профильному предмету.
СФУ,Красноярск,Олимпиады КФУ,БВИ / 100 баллов,ЕГЭ от 75 баллов по профильному предмету.
СФУ,Красноярск,ОРМО,БВИ / 100 баллов,ЕГЭ от 75 баллов по профильному предмету.
СФУ,Красноярск,Открытая олимпиада школьников,БВИ / 100 баллов,ЕГЭ от 75 баллов по профильному предмету.
СФУ,Красноярск,Открытая олимпиада школьников по программированию,БВИ / 100 баллов,ЕГЭ от 75 баллов по профильному предмету.
СФУ,Красноярск,Открытая химическая олимпиада,БВИ / 100 баллов,ЕГЭ от 75 баллов по профильному предмету.
СФУ,Красноярск,Пироговская олимпиада для школьников по химии и биологии,БВИ / 100 баллов,ЕГЭ от 75 баллов по профильному предмету.
СФУ,Красноярск,Плехановская олимпиада школьников,БВИ / 100 баллов,ЕГЭ от 75 баллов по профильному предмету.
СФУ,Красноярск,Покори Воробьевы горы!,БВИ / 100 баллов,ЕГЭ от 75 баллов по профильному предмету.
СФУ,Красноярск,Потомки Менделеева,БВИ / 100 баллов,ЕГЭ от 75 баллов по профильному предмету.
СФУ,Красноярск,Региональный конкурс школьников Челябинского университетского образовательного округа,БВИ / 100 баллов,ЕГЭ от 75 баллов по профильному предмету.
СФУ,Красноярск,Росатом,БВИ / 100 баллов,ЕГЭ от 75 баллов по профильному предмету.
СФУ,Красноярск,Санкт-Петербургская астрономическая олимпиада,БВИ / 100 баллов,ЕГЭ от 75 баллов по профильному предмету.
СФУ,Красноярск,Санкт-Петербургская олимпиада школьников,БВИ / 100 баллов,ЕГЭ от 75 баллов по профильному предмету.
СФУ,Красноярск,Сибириада. Шаг в мечту,БВИ / 100 баллов,ЕГЭ от 75 баллов по профильному предмету.
СФУ,Красноярск,Твой путь в настоящую науку,БВИ / 100 баллов,ЕГЭ от 75 баллов по профильному предмету.
СФУ,Красноярск,Телевизионная гуманитарная олимпиада школьников «Умницы и умники»,БВИ / 100 баллов,ЕГЭ от 75 баллов по профильному предмету.
СФУ,Красноярск,Технокубок,БВИ / 100 баллов,ЕГЭ от 75 баллов по профильному предмету.
СФУ,Красноярск,Турнир городов,БВИ / 100 баллов,ЕГЭ от 75 баллов по профильному предмету.
СФУ,Красноярск,Турнир имени М.В. Ломоносова,БВИ / 100 баллов,ЕГЭ от 75 баллов по профильному предмету.
СФУ,Красноярск,Физтех,БВИ / 100 баллов,ЕГЭ от 75 баллов по профильному предмету.
СФУ,Красноярск,Финатлон для старшеклассников,БВИ / 100 баллов,ЕГЭ от 75 баллов по профильному предмету.
СФУ,Красноярск,Формула Единства,БВИ / 100 баллов,ЕГЭ от 75 баллов по профильному предмету.
СФУ,Красноярск,Шаг в будущее,БВИ / 100 баллов,ЕГЭ от 75 баллов по профильному предмету.
СФУ,Красноярск,Юниор,БВИ / 100 баллов,ЕГЭ от 75 баллов по профильному предмету.
СФУ,Красноярск,Юные таланты,БВИ / 100 баллов,ЕГЭ от 75 баллов по профильному предмету.
НИУ МЭИ,Москва,Innopolis Open,БВИ,ЕГЭ от 75 баллов по профильному предмету.
НИУ МЭИ,Москва,Бельчонок,БВИ,ЕГЭ от 75 баллов по профильному предмету.
НИУ МЭИ,Москва,Будущее Сибири,БВИ,ЕГЭ от 75 баллов по профильному предмету.
НИУ МЭИ,Москва,Будущие исследователи - будущее науки,БВИ,ЕГЭ от 75 баллов по профильному предмету.
НИУ МЭИ,Москва,Всероссийская олимпиада по искусственному интеллекту,БВИ,ЕГЭ от 75 баллов по профильному предмету.
НИУ МЭИ,Москва,Всероссийская Сеченовская олимпиада школьников,БВИ,ЕГЭ от 75 баллов по профильному предмету.
НИУ МЭИ,Москва,Всесибирская открытая олимпиада школьников,БВИ,ЕГЭ от 75 баллов по профильному предмету.
НИУ МЭИ,Москва,ВСОШ по астрономии,БВИ,Не требуется.
НИУ МЭИ,Москва,ВСОШ по биологии,БВИ,Не требуется.
НИУ МЭИ,Москва,ВСОШ по информатике,БВИ,Не требуется.
НИУ МЭИ,Москва,ВСОШ по математике,БВИ,Не требуется.
НИУ МЭИ,Москва,ВСОШ по физике,БВИ,Не требуется.
НИУ МЭИ,Москва,ВСОШ по химии,БВИ,Не требуется.
НИУ МЭИ,Москва,Вузовско-академическая олимпиада по информатике,БВИ,ЕГЭ от 75 баллов по профильному предмету.
НИУ МЭИ,Москва,Высшая проба,БВИ,ЕГЭ от 75 баллов по профильному предмету.
НИУ МЭИ,Москва,Газпром,БВИ,ЕГЭ от 75 баллов по профильному предмету.
НИУ МЭИ,Москва,Городская открытая олимпиада школьников по физике,БВИ,ЕГЭ от 75 баллов по профильному предмету.
НИУ МЭИ,Москва,Гранит науки,БВИ,ЕГЭ от 75 баллов по профильному предмету.
НИУ МЭИ,Москва,Звезда,БВИ,ЕГЭ от 75 баллов по профильному предмету.
НИУ МЭИ,Москва,Инженерная олимпиада школьников,БВИ,ЕГЭ от 75 баллов по профильному предмету.
НИУ МЭИ,Москва,Интернет-олимпиада школьников по физике,БВИ,ЕГЭ от 75 баллов по профильному предмету.
НИУ МЭИ,Москва,Межрегиональная химическая олимпиада школьников имени академика П.Д. Саркисова,БВИ,ЕГЭ от 75 баллов по профильному предмету.
НИУ МЭИ,Москва,Московская олимпиада школьников,БВИ,ЕГЭ от 75 баллов по профильному предмету.
НИУ МЭИ,Москва,Надежда энергетики,БВИ,ЕГЭ от 75 баллов по профильному предмету.
НИУ МЭИ,Москва,НТО,БВИ,ЕГЭ от 75 баллов по профильному предмету.
НИУ МЭИ,Москва,Оборонно-техническая олимпиада,БВИ,ЕГЭ от 75 баллов по профильному предмету.
НИУ МЭИ,Москва,Объединенная межвузовская олимпиада школьников,БВИ,ЕГЭ от 75 баллов по профильному предмету.
НИУ МЭИ,Москва,Олимпиада Курчатов,БВИ,ЕГЭ от 75 баллов по профильному предмету.
НИУ МЭИ,Москва,ОРМО,БВИ,ЕГЭ от 75 баллов по профильному предмету.
НИУ МЭИ,Москва,Открытая олимпиада школьников по программированию,БВИ,ЕГЭ от 75 баллов по профильному предмету.
НИУ МЭИ,Москва,Открытая химическая олимпиада,БВИ,ЕГЭ от 75 баллов по профильному предмету.
НИУ МЭИ,Москва,Потомки Менделеева,БВИ,ЕГЭ от 75 баллов по профильному предмету.
НИУ МЭИ,Москва,Робофест,БВИ,ЕГЭ от 75 баллов по профильному предмету.
НИУ МЭИ,Москва,Росатом,БВИ,ЕГЭ от 75 баллов по профильному предмету.
НИУ МЭИ,Москва,Санкт-Петербургская олимпиада школьников,БВИ,ЕГЭ от 75 баллов по профильному предмету.
НИУ МЭИ,Москва,Твой путь в настоящую науку,БВИ,ЕГЭ от 75 баллов по профильному предмету.
НИУ МЭИ,Москва,Технокубок,БВИ,ЕГЭ от 75 баллов по профильному предмету.
НИУ МЭИ,Москва,Турнир городов,БВИ,ЕГЭ от 75 баллов по профильному предмету.
НИУ МЭИ,Москва,Турнир имени М.В. Ломоносова,БВИ,ЕГЭ от 75 баллов по профильному предмету.
НИУ МЭИ,Москва,Физтех,БВИ,ЕГЭ от 75 баллов по профильному предмету.
НИУ МЭИ,Москва,Формула Единства,БВИ,ЕГЭ от 75 баллов по профильному предмету.
НИУ МЭИ,Москва,Шаг в будущее,БВИ,ЕГЭ от 75 баллов по профильному предмету.
НИУ МЭИ,Москва,Юниор,БВИ,ЕГЭ от 75 баллов по профильному предмету.
ДВФУ,Владивосток,Innopolis Open,БВИ / 100 баллов,ЕГЭ от 75 баллов по профильному предмету.
ДВФУ,Владивосток,Бельчонок,БВИ / 100 баллов,ЕГЭ от 75 баллов по профильному предмету.
ДВФУ,Владивосток,Будущее Сибири,БВИ / 100 баллов,ЕГЭ от 75 баллов по профильному предмету.
ДВФУ,Владивосток,Будущие исследователи - будущее науки,БВИ / 100 баллов,ЕГЭ от 75 баллов по профильному предмету.
ДВФУ,Владивосток,Всероссийская академическая олимпиада школьников имени В.И. Вернадского,БВИ / 100 баллов,ЕГЭ от 75 баллов по профильному предмету.
ДВФУ,Владивосток,Всероссийская олимпиада по искусственному интеллекту,БВИ / 100 баллов,ЕГЭ от 75 баллов по профильному предмету.
ДВФУ,Владивосток,Всероссийская Сеченовская олимпиада школьников,БВИ / 100 баллов,ЕГЭ от 75 баллов по профильному предмету.
ДВФУ,Владивосток,Всероссийская Толстовская олимпиада школьников,БВИ / 100 баллов,ЕГЭ от 75 баллов по профильному предмету.
ДВФУ,Владивосток,Всесибирская открытая олимпиада школьников,БВИ / 100 баллов,ЕГЭ от 75 баллов по профильному предмету.
ДВФУ,Владивосток,ВСОШ по астрономии,БВИ,Не требуется.
ДВФУ,Владивосток,ВСОШ по биологии,БВИ,Не требуется.
ДВФУ,Владивосток,ВСОШ по географии,БВИ,Не требуется.
ДВФУ,Владивосток,ВСОШ по иностранному языку,БВИ,Не требуется.
ДВФУ,Владивосток,ВСОШ по информатике,БВИ,Не требуется.
ДВФУ,Владивосток,ВСОШ по истории,БВИ,Не требуется.
ДВФУ,Владивосток,ВСОШ по литературе,БВИ,Не требуется.
ДВФУ,Владивосток,ВСОШ по математике,БВИ,Не требуется.
ДВФУ,Владивосток,ВСОШ по обществознанию,БВИ,Не требуется.
ДВФУ,Владивосток,ВСОШ по праву,БВИ,Не требуется.
ДВФУ,Владивосток,ВСОШ по русскому языку,БВИ,Не требуется.
ДВФУ,Владивосток,ВСОШ по физике,БВИ,Не требуется.
ДВФУ,Владивосток,ВСОШ по химии,БВИ,Не требуется.
ДВФУ,Владивосток,ВСОШ по экологии,БВИ,Не требуется.
ДВФУ,Владивосток,ВСОШ по экономике,БВИ,Не требуется.
ДВФУ,Владивосток,Вузовско-академическая олимпиада по информатике,БВИ / 100 баллов,ЕГЭ от 75 баллов по профильному предмету.
ДВФУ,Владивосток,Высшая проба,БВИ / 100 баллов,ЕГЭ от 75 баллов по профильному предмету.
ДВФУ,Владивосток,Газпром,БВИ / 100 баллов,ЕГЭ от 75 баллов по профильному предмету.
ДВФУ,Владивосток,Городская открытая олимпиада школьников по физике,БВИ / 100 баллов,ЕГЭ от 75 баллов по профильному предмету.
ДВФУ,Владивосток,Гранит науки,БВИ / 100 баллов,ЕГЭ от 75 баллов по профильному предмету.
ДВФУ,Владивосток,Евразийская лингвистическая олимпиада,БВИ / 100 баллов,ЕГЭ от 75 баллов по профильному предмету.
ДВФУ,Владивосток,Звезда,БВИ / 100 баллов,ЕГЭ от 75 баллов по профильному предмету.
ДВФУ,Владивосток,Изумруд,БВИ / 100 баллов,ЕГЭ от 75 баллов по профильному предмету.
ДВФУ,Владивосток,Инженерная олимпиада школьников,БВИ / 100 баллов,ЕГЭ от 75 баллов по профильному предмету.
ДВФУ,Владивосток,Иннагрика,БВИ / 100 баллов,ЕГЭ от 75 баллов по профильному предмету.
ДВФУ,Владивосток,Интернет-олимпиада школьников по физике,БВИ / 100 баллов,ЕГЭ от 75 баллов по профильному предмету.
ДВФУ,Владивосток,Когнитивные технологии,БВИ / 100 баллов,ЕГЭ от 75 баллов по профильному предмету.
ДВФУ,Владивосток,Кутафинская олимпиада школьников по праву,БВИ / 100 баллов,ЕГЭ от 75 баллов по профильному предмету.
ДВФУ,Владивосток,Ломоносов,БВИ / 100 баллов,ЕГЭ от 75 баллов по профильному предмету.
ДВФУ,Владивосток,Международная олимпиада по финансовой безопасности,БВИ / 100 баллов,ЕГЭ от 75 баллов по профильному предмету.
ДВФУ,Владивосток,Межрегиональная олимпиада школьников имени И.Я. Верченко,БВИ / 100 баллов,ЕГЭ от 75 баллов по профильному предмету.
ДВФУ,Владивосток,Межрегиональная олимпиада школьников на базе ведомственных образовательных организаций,БВИ / 100 баллов,ЕГЭ от 75 баллов по профильному предмету.
ДВФУ,Владивосток,Межрегиональная химическая олимпиада школьников имени академика П.Д. Саркисова,БВИ / 100 баллов,ЕГЭ от 75 баллов по профильному предмету.
ДВФУ,Владивосток,Миссия выполнима. Твое призвание - финансист!,БВИ / 100 баллов,ЕГЭ от 75 баллов по профильному предмету.
ДВФУ,Владивосток,Московская олимпиада школьников,БВИ / 100 баллов,ЕГЭ от 75 баллов по профильному предмету.
ДВФУ,Владивосток,Надежда энергетики,БВИ / 100 баллов,ЕГЭ от 75 баллов по профильному предмету.
ДВФУ,Владивосток,НТО,БВИ / 100 баллов,ЕГЭ от 75 баллов по профильному предмету.
ДВФУ,Владивосток,Оборонно-техническая олимпиада,БВИ / 100 баллов,ЕГЭ от 75 баллов по профильному предмету.
ДВФУ,Владивосток,Объединенная межвузовская олимпиада школьников,БВИ / 100 баллов,ЕГЭ от 75 баллов по профильному предмету.
ДВФУ,Владивосток,Океан знаний,БВИ / 100 баллов,ЕГЭ от 75 баллов по профильному предмету.
ДВФУ,Владивосток,Олимпиада Курчатов,БВИ / 100 баллов,ЕГЭ от 75 баллов по профильному предмету.
ДВФУ,Владивосток,Олимпиада МГИМО,БВИ / 100 баллов,ЕГЭ от 75 баллов по профильному предмету.
ДВФУ,Владивосток,Олимпиада РАНХиГС,БВИ / 100 баллов,ЕГЭ от 75 баллов по профильному предмету.
ДВФУ,Владивосток,Олимпиада РГГУ для школьников,БВИ / 100 баллов,ЕГЭ от 75 баллов по профильному предмету.
ДВФУ,Владивосток,Олимпиада СПбГУ,БВИ / 100 баллов,ЕГЭ от 75 баллов по профильному предмету.
ДВФУ,Владивосток,Олимпиада школьников по информатике и программированию,БВИ / 100 баллов,ЕГЭ от 75 баллов по профильному предмету.
ДВФУ,Владивосток,Олимпиада Юношеской математической школы,БВИ / 100 баллов,ЕГЭ от 75 баллов по профильному предмету.
ДВФУ,Владивосток,Олимпиады КФУ,БВИ / 100 баллов,ЕГЭ от 75 баллов по профильному предмету.
ДВФУ,Владивосток,ОРМО,БВИ / 100 баллов,ЕГЭ от 75 баллов по профильному предмету.
ДВФУ,Владивосток,Открытая олимпиада школьников,БВИ / 100 баллов,ЕГЭ от 75 баллов по профильному предмету.
ДВФУ,Владивосток,Открытая олимпиада школьников по программированию,БВИ / 100 баллов,ЕГЭ от 75 баллов по профильному предмету.
ДВФУ,Владивосток,Открытая химическая олимпиада,БВИ / 100 баллов,ЕГЭ от 75 баллов по профильному предмету.
ДВФУ,Владивосток,Пироговская олимпиада для школьников по химии и биологии,БВИ / 100 баллов,ЕГЭ от 75 баллов по профильному предмету.
ДВФУ,Владивосток,Плехановская олимпиада школьников,БВИ / 100 баллов,ЕГЭ от 75 баллов по профильному предмету.
ДВФУ,Владивосток,Покори Воробьевы горы!,БВИ / 100 баллов,ЕГЭ от 75 баллов по профильному предмету.
ДВФУ,Владивосток,Потомки Менделеева,БВИ / 100 баллов,ЕГЭ от 75 баллов по профильному предмету.
ДВФУ,Владивосток,Региональный конкурс школьников Челябинского университетского образовательного округа,БВИ / 100 баллов,ЕГЭ от 75 баллов по профильному предмету.
ДВФУ,Владивосток,Росатом,БВИ / 100 баллов,ЕГЭ от 75 баллов по профильному предмету.
ДВФУ,Владивосток,Санкт-Петербургская астрономическая олимпиада,БВИ / 100 баллов,ЕГЭ от 75 баллов по профильному предмету.
ДВФУ,Владивосток,Санкт-Петербургская олимпиада школьников,БВИ / 100 баллов,ЕГЭ от 75 баллов по профильному предмету.
ДВФУ,Владивосток,Сибириада. Шаг в мечту,БВИ / 100 баллов,ЕГЭ от 75 баллов по профильному предмету.
ДВФУ,Владивосток,Твой путь в настоящую науку,БВИ / 100 баллов,ЕГЭ от 75 баллов по профильному предмету.
ДВФУ,Владивосток,Телевизионная гуманитарная олимпиада школьников «Умницы и умники»,БВИ / 100 баллов,ЕГЭ от 75 баллов по профильному предмету.
ДВФУ,Владивосток,Технокубок,БВИ / 100 баллов,ЕГЭ от 75 баллов по профильному предмету.
ДВФУ,Владивосток,Турнир городов,БВИ / 100 баллов,ЕГЭ от 75 баллов по профильному предмету.
ДВФУ,Владивосток,Турнир имени М.В. Ломоносова,БВИ / 100 баллов,ЕГЭ от 75 баллов по профильному предмету.
ДВФУ,Владивосток,Физтех,БВИ / 100 баллов,ЕГЭ от 75 баллов по профильному предмету.
ДВФУ,Владивосток,Финатлон для старшеклассников,БВИ / 100 баллов,ЕГЭ от 75 баллов по профильному предмету.
ДВФУ,Владивосток,Формула Единства,БВИ / 100 баллов,ЕГЭ от 75 баллов по профильному предмету.
ДВФУ,Владивосток,Шаг в будущее,БВИ / 100 баллов,ЕГЭ от 75 баллов по профильному предмету.
ДВФУ,Владивосток,Юниор,БВИ / 100 баллов,ЕГЭ от 75 баллов по профильному предмету.
ДВФУ,Владивосток,Юные таланты,БВИ / 100 баллов,ЕГЭ от 75 баллов по профильному предмету.
Горный университет,Санкт-Петербург,Innopolis Open,БВИ / 100 баллов,ЕГЭ от 75 баллов по профильному предмету.
Горный университет,Санкт-Петербург,Бельчонок,БВИ / 100 баллов,ЕГЭ от 75 баллов по профильному предмету.
Горный университет,Санкт-Петербург,Будущие исследователи - будущее науки,БВИ / 100 баллов,ЕГЭ от 75 баллов по профильному предмету.
Горный университет,Санкт-Петербург,Всероссийская академическая олимпиада школьников имени В.И. Вернадского,БВИ / 100 баллов,ЕГЭ от 75 баллов по профильному предмету.
Горный университет,Санкт-Петербург,Всероссийская олимпиада по искусственному интеллекту,БВИ / 100 баллов,ЕГЭ от 75 баллов по профильному предмету.
Горный университет,Санкт-Петербург,Всероссийская Сеченовская олимпиада школьников,БВИ / 100 баллов,ЕГЭ от 75 баллов по профильному предмету.
Горный университет,Санкт-Петербург,Всесибирская открытая олимпиада школьников,БВИ / 100 баллов,ЕГЭ от 75 баллов по профильному предмету.
Горный университет,Санкт-Петербург,ВСОШ по биологии,БВИ,Не требуется.
Горный университет,Санкт-Петербург,ВСОШ по иностранному языку,БВИ,Не требуется.
Горный университет,Санкт-Петербург,ВСОШ по информатике,БВИ,Не требуется.
Горный университет,Санкт-Петербург,ВСОШ по истории,БВИ,Не требуется.
Горный университет,Санкт-Петербург,ВСОШ по литературе,БВИ,Не требуется.
Горный университет,Санкт-Петербург,ВСОШ по математике,БВИ,Не требуется.
Горный университет,Санкт-Петербург,ВСОШ по обществознанию,БВИ,Не требуется.
Горный университет,Санкт-Петербург,ВСОШ по русскому языку,БВИ,Не требуется.
Горный университет,Санкт-Петербург,ВСОШ по физике,БВИ,Не требуется.
Горный университет,Санкт-Петербург,ВСОШ по химии,БВИ,Не требуется.
Горный университет,Санкт-Петербург,ВСОШ по экономике,БВИ,Не требуется.
Горный университет,Санкт-Петербург,Вузовско-академическая олимпиада по информатике,БВИ / 100 баллов,ЕГЭ от 75 баллов по профильному предмету.
Горный университет,Санкт-Петербург,Высшая проба,БВИ / 100 баллов,ЕГЭ от 75 баллов по профильному предмету.
Горный университет,Санкт-Петербург,Газпром,БВИ / 100 баллов,ЕГЭ от 75 баллов по профильному предмету.
Горный университет,Санкт-Петербург,Городская открытая олимпиада школьников по физике,БВИ / 100 баллов,ЕГЭ от 75 баллов по профильному предмету.
Горный университет,Санкт-Петербург,Евразийская лингвистическая олимпиада,БВИ / 100 баллов,ЕГЭ от 75 баллов по профильному предмету.
Горный университет,Санкт-Петербург,Звезда,БВИ / 100 баллов,ЕГЭ от 75 баллов по профильному предмету.
Горный университет,Санкт-Петербург,Изумруд,БВИ / 100 баллов,ЕГЭ от 75 баллов по профильному предмету.
Горный университет,Санкт-Петербург,Инженерная олимпиада школьников,БВИ / 100 баллов,ЕГЭ от 75 баллов по профильному предмету.
Горный университет,Санкт-Петербург,Иннагрика,БВИ / 100 баллов,ЕГЭ от 75 баллов по профильному предмету.
Горный университет,Санкт-Петербург,Интернет-олимпиада школьников по физике,БВИ / 100 баллов,ЕГЭ от 75 баллов по профильному предмету.
Горный университет,Санкт-Петербург,Ломоносов,БВИ / 100 баллов,ЕГЭ от 75 баллов по профильному предмету.
Горный университет,Санкт-Петербург,Межрегиональная олимпиада школьников имени И.Я. Верченко,БВИ / 100 баллов,ЕГЭ от 75 баллов по профильному предмету.
Горный университет,Санкт-Петербург,Межрегиональная олимпиада школьников на базе ведомственных образовательных организаций,БВИ / 100 баллов,ЕГЭ от 75 баллов по профильному предмету.
Горный университет,Санкт-Петербург,Межрегиональная химическая олимпиада школьников имени академика П.Д. Саркисова,БВИ / 100 баллов,ЕГЭ от 75 баллов по профильному предмету.
Горный университет,Санкт-Петербург,Миссия выполнима. Твое призвание - финансист!,БВИ / 100 баллов,ЕГЭ от 75 баллов по профильному предмету.
Горный университет,Санкт-Петербург,Московская олимпиада школьников,БВИ / 100 баллов,ЕГЭ от 75 баллов по профильному предмету.
Горный университет,Санкт-Петербург,Надежда энергетики,БВИ / 100 баллов,ЕГЭ от 75 баллов по профильному предмету.
Горный университет,Санкт-Петербург,НТО,БВИ / 100 баллов,ЕГЭ от 75 баллов по профильному предмету.
Горный университет,Санкт-Петербург,Объединенная межвузовская олимпиада школьников,БВИ / 100 баллов,ЕГЭ от 75 баллов по профильному предмету.
Горный университет,Санкт-Петербург,Океан знаний,БВИ / 100 баллов,ЕГЭ от 75 баллов по профильному предмету.
Горный университет,Санкт-Петербург,Олимпиада Курчатов,БВИ / 100 баллов,ЕГЭ от 75 баллов по профильному предмету.
Горный университет,Санкт-Петербург,Олимпиада РАНХиГС,БВИ / 100 баллов,ЕГЭ от 75 баллов по профильному предмету.
Горный университет,Санкт-Петербург,Олимпиада РГГУ для школьников,БВИ / 100 баллов,ЕГЭ от 75 баллов по профильному предмету.
Горный университет,Санкт-Петербург,Олимпиада СПбГУ,БВИ / 100 баллов,ЕГЭ от 75 баллов по профильному предмету.
Горный университет,Санкт-Петербург,Олимпиады КФУ,БВИ / 100 баллов,ЕГЭ от 75 баллов по профильному предмету.
Горный университет,Санкт-Петербург,Открытая олимпиада школьников по программированию,БВИ / 100 баллов,ЕГЭ от 75 баллов по профильному предмету.
Горный университет,Санкт-Петербург,Открытая химическая олимпиада,БВИ / 100 баллов,ЕГЭ от 75 баллов по профильному предмету.
Горный университет,Санкт-Петербург,Плехановская олимпиада школьников,БВИ / 100 баллов,ЕГЭ от 75 баллов по профильному предмету.
Горный университет,Санкт-Петербург,Покори Воробьевы горы!,БВИ / 100 баллов,ЕГЭ от 75 баллов по профильному предмету.
Горный университет,Санкт-Петербург,Потомки Менделеева,БВИ / 100 баллов,ЕГЭ от 75 баллов по профильному предмету.
Горный университет,Санкт-Петербург,Региональный конкурс школьников Челябинского университетского образовательного округа,БВИ / 100 баллов,ЕГЭ от 75 баллов по профильному предмету.
Горный университет,Санкт-Петербург,Росатом,БВИ / 100 баллов,ЕГЭ от 75 баллов по профильному предмету.
Горный университет,Санкт-Петербург,Санкт-Петербургская олимпиада школьников,БВИ / 100 баллов,ЕГЭ от 75 баллов по профильному предмету.
Горный университет,Санкт-Петербург,Технокубок,БВИ / 100 баллов,ЕГЭ от 75 баллов по профильному предмету.
Горный университет,Санкт-Петербург,Турнир городов,БВИ / 100 баллов,ЕГЭ от 75 баллов по профильному предмету.
Горный университет,Санкт-Петербург,Турнир имени М.В. Ломоносова,БВИ / 100 баллов,ЕГЭ от 75 баллов по профильному предмету.
Горный университет,Санкт-Петербург,Физтех,БВИ / 100 баллов,ЕГЭ от 75 баллов по профильному предмету.
Горный университет,Санкт-Петербург,Финатлон для старшеклассников,БВИ / 100 баллов,ЕГЭ от 75 баллов по профильному предмету.
Горный университет,Санкт-Петербург,Формула Единства,БВИ / 100 баллов,ЕГЭ от 75 баллов по профильному предмету.
Горный университет,Санкт-Петербург,Юниор,БВИ / 100 баллов,ЕГЭ от 75 баллов по профильному предмету.
Горный университет,Санкт-Петербург,Юные таланты,БВИ / 100 баллов,ЕГЭ от 75 баллов по профильному предмету.
ПСПбГМУ им. Павлова,Санкт-Петербург,Innopolis Open,БВИ / 100 баллов,ЕГЭ от 75 баллов по профильному предмету.
ПСПбГМУ им. Павлова,Санкт-Петербург,Будущее Сибири,БВИ / 100 баллов,ЕГЭ от 75 баллов по профильному предмету.
ПСПбГМУ им. Павлова,Санкт-Петербург,Будущие исследователи - будущее науки,БВИ / 100 баллов,ЕГЭ от 75 баллов по профильному предмету.
ПСПбГМУ им. Павлова,Санкт-Петербург,Всероссийская олимпиада по искусственному интеллекту,БВИ / 100 баллов,ЕГЭ от 75 баллов по профильному предмету.
ПСПбГМУ им. Павлова,Санкт-Петербург,Всероссийская Сеченовская олимпиада школьников,БВИ / 100 баллов,ЕГЭ от 75 баллов по профильному предмету.
ПСПбГМУ им. Павлова,Санкт-Петербург,Всесибирская открытая олимпиада школьников,БВИ / 100 баллов,ЕГЭ от 75 баллов по профильному предмету.
ПСПбГМУ им. Павлова,Санкт-Петербург,ВСОШ по биологии,БВИ,Не требуется.
ПСПбГМУ им. Павлова,Санкт-Петербург,ВСОШ по информатике,БВИ,Не требуется.
ПСПбГМУ им. Павлова,Санкт-Петербург,ВСОШ по математике,БВИ,Не требуется.
ПСПбГМУ им. Павлова,Санкт-Петербург,ВСОШ по обществознанию,БВИ,Не требуется.
ПСПбГМУ им. Павлова,Санкт-Петербург,ВСОШ по физике,БВИ,Не требуется.
ПСПбГМУ им. Павлова,Санкт-Петербург,ВСОШ по химии,БВИ,Не требуется.
ПСПбГМУ им. Павлова,Санкт-Петербург,ВСОШ по экономике,БВИ,Не требуется.
ПСПбГМУ им. Павлова,Санкт-Петербург,Вузовско-академическая олимпиада по информатике,БВИ / 100 баллов,ЕГЭ от 75 баллов по профильному предмету.
ПСПбГМУ им. Павлова,Санкт-Петербург,Высшая проба,БВИ / 100 баллов,ЕГЭ от 75 баллов по профильному предмету.
ПСПбГМУ им. Павлова,Санкт-Петербург,Газпром,БВИ / 100 баллов,ЕГЭ от 75 баллов по профильному предмету.
ПСПбГМУ им. Павлова,Санкт-Петербург,Городская открытая олимпиада школьников по физике,БВИ / 100 баллов,ЕГЭ от 75 баллов по профильному предмету.
ПСПбГМУ им. Павлова,Санкт-Петербург,Гранит науки,БВИ / 100 баллов,ЕГЭ от 75 баллов по профильному предмету.
ПСПбГМУ им. Павлова,Санкт-Петербург,Звезда,БВИ / 100 баллов,ЕГЭ от 75 баллов по профильному предмету.
ПСПбГМУ им. Павлова,Санкт-Петербург,Изумруд,БВИ / 100 баллов,ЕГЭ от 75 баллов по профильному предмету.
ПСПбГМУ им. Павлова,Санкт-Петербург,Инженерная олимпиада школьников,БВИ / 100 баллов,ЕГЭ от 75 баллов по профильному предмету.
ПСПбГМУ им. Павлова,Санкт-Петербург,Иннагрика,БВИ / 100 баллов,ЕГЭ от 75 баллов по профильному предмету.
ПСПбГМУ им. Павлова,Санкт-Петербург,Интернет-олимпиада школьников по физике,БВИ / 100 баллов,ЕГЭ от 75 баллов по профильному предмету.
ПСПбГМУ им. Павлова,Санкт-Петербург,Когнитивные технологии,БВИ / 100 баллов,ЕГЭ от 75 баллов по профильному предмету.
ПСПбГМУ им. Павлова,Санкт-Петербург,Ломоносов,БВИ / 100 баллов,ЕГЭ от 75 баллов по профильному предмету.
ПСПбГМУ им. Павлова,Санкт-Петербург,Межрегиональная олимпиада школьников имени И.Я. Верченко,БВИ / 100 баллов,ЕГЭ от 75 баллов по профильному предмету.
ПСПбГМУ им. Павлова,Санкт-Петербург,Межрегиональная олимпиада школьников на базе ведомственных образовательных организаций,БВИ / 100 баллов,ЕГЭ от 75 баллов по профильному предмету.
ПСПбГМУ им. Павлова,Санкт-Петербург,Межрегиональная химическая олимпиада школьников имени академика П.Д. Саркисова,БВИ / 100 баллов,ЕГЭ от 75 баллов по профильному предмету.
ПСПбГМУ им. Павлова,Санкт-Петербург,Московская олимпиада школьников,БВИ / 100 баллов,ЕГЭ от 75 баллов по профильному предмету.
ПСПбГМУ им. Павлова,Санкт-Петербург,Надежда энергетики,БВИ / 100 баллов,ЕГЭ от 75 баллов по профильному предмету.
ПСПбГМУ им. Павлова,Санкт-Петербург,НТО,БВИ / 100 баллов,ЕГЭ от 75 баллов по профильному предмету.
ПСПбГМУ им. Павлова,Санкт-Петербург,Объединенная межвузовская олимпиада школьников,БВИ / 100 баллов,ЕГЭ от 75 баллов по профильному предмету.
ПСПбГМУ им. Павлова,Санкт-Петербург,Олимпиада Курчатов,БВИ / 100 баллов,ЕГЭ от 75 баллов по профильному предмету.
ПСПбГМУ им. Павлова,Санкт-Петербург,Олимпиада СПбГУ,БВИ / 100 баллов,ЕГЭ от 75 баллов по профильному предмету.
ПСПбГМУ им. Павлова,Санкт-Петербург,Олимпиада школьников по информатике и программированию,БВИ / 100 баллов,ЕГЭ от 75 баллов по профильному предмету.
ПСПбГМУ им. Павлова,Санкт-Петербург,Олимпиада Юношеской математической школы,БВИ / 100 баллов,ЕГЭ от 75 баллов по профильному предмету.
ПСПбГМУ им. Павлова,Санкт-Петербург,Олимпиады КФУ,БВИ / 100 баллов,ЕГЭ от 75 баллов по профильному предмету.
ПСПбГМУ им. Павлова,Санкт-Петербург,ОРМО,БВИ / 100 баллов,ЕГЭ от 75 баллов по профильному предмету.
ПСПбГМУ им. Павлова,Санкт-Петербург,Открытая олимпиада школьников,БВИ / 100 баллов,ЕГЭ от 75 баллов по профильному предмету.
ПСПбГМУ им. Павлова,Санкт-Петербург,Открытая олимпиада школьников по программированию,БВИ / 100 баллов,ЕГЭ от 75 баллов по профильному предмету.
ПСПбГМУ им. Павлова,Санкт-Петербург,Открытая химическая олимпиада,БВИ / 100 баллов,ЕГЭ от 75 баллов по профильному предмету.
ПСПбГМУ им. Павлова,Санкт-Петербург,Пироговская олимпиада для школьников по химии и биологии,БВИ / 100 баллов,ЕГЭ от 75 баллов по профильному предмету.
ПСПбГМУ им. Павлова,Санкт-Петербург,Плехановская олимпиада школьников,БВИ / 100 баллов,ЕГЭ от 75 баллов по профильному предмету.
ПСПбГМУ им. Павлова,Санкт-Петербург,Покори Воробьевы горы!,БВИ / 100 баллов,ЕГЭ от 75 баллов по профильному предмету.
ПСПбГМУ им. Павлова,Санкт-Петербург,Потомки Менделеева,БВИ / 100 баллов,ЕГЭ от 75 баллов по профильному предмету.
ПСПбГМУ им. Павлова,Санкт-Петербург,Робофест,БВИ / 100 баллов,ЕГЭ от 75 баллов по профильному предмету.
ПСПбГМУ им. Павлова,Санкт-Петербург,Росатом,БВИ / 100 баллов,ЕГЭ от 75 баллов по профильному предмету.
ПСПбГМУ им. Павлова,Санкт-Петербург,Санкт-Петербургская олимпиада школьников,БВИ / 100 баллов,ЕГЭ от 75 баллов по профильному предмету.
ПСПбГМУ им. Павлова,Санкт-Петербург,Твой путь в настоящую науку,БВИ / 100 баллов,ЕГЭ от 75 баллов по профильному предмету.
ПСПбГМУ им. Павлова,Санкт-Петербург,Технокубок,БВИ / 100 баллов,ЕГЭ от 75 баллов по профильному предмету.
ПСПбГМУ им. Павлова,Санкт-Петербург,Турнир городов,БВИ / 100 баллов,ЕГЭ от 75 баллов по профильному предмету.
ПСПбГМУ им. Павлова,Санкт-Петербург,Турнир имени М.В. Ломоносова,БВИ / 100 баллов,ЕГЭ от 75 баллов по профильному предмету.
ПСПбГМУ им. Павлова,Санкт-Петербург,Физтех,БВИ / 100 баллов,ЕГЭ от 75 баллов по профильному предмету.
ПСПбГМУ им. Павлова,Санкт-Петербург,Формула Единства,БВИ / 100 баллов,ЕГЭ от 75 баллов по профильному предмету.
ПСПбГМУ им. Павлова,Санкт-Петербург,Шаг в будущее,БВИ / 100 баллов,ЕГЭ от 75 баллов по профильному предмету.
ПСПбГМУ им. Павлова,Санкт-Петербург,Юниор,БВИ / 100 баллов,ЕГЭ от 75 баллов по профильному предмету.
ПСПбГМУ им. Павлова,Санкт-Петербург,Юные таланты,БВИ / 100 баллов,ЕГЭ от 75 баллов по профильному предмету.
НИУ МГСУ,Москва,Innopolis Open,БВИ / 100 баллов,ЕГЭ от 75 баллов по профильному предмету.
НИУ МГСУ,Москва,Бельчонок,БВИ / 100 баллов,ЕГЭ от 75 баллов по профильному предмету.
НИУ МГСУ,Москва,Будущее Сибири,БВИ / 100 баллов,ЕГЭ от 75 баллов по профильному предмету.
НИУ МГСУ,Москва,Будущие исследователи - будущее науки,БВИ / 100 баллов,ЕГЭ от 75 баллов по профильному предмету.
НИУ МГСУ,Москва,Всероссийская олимпиада по искусственному интеллекту,БВИ / 100 баллов,ЕГЭ от 75 баллов по профильному предмету.
НИУ МГСУ,Москва,Всероссийская Сеченовская олимпиада школьников,БВИ / 100 баллов,ЕГЭ от 75 баллов по профильному предмету.
НИУ МГСУ,Москва,Всесибирская открытая олимпиада школьников,БВИ / 100 баллов,ЕГЭ от 75 баллов по профильному предмету.
НИУ МГСУ,Москва,ВСОШ по астрономии,БВИ,Не требуется.
НИУ МГСУ,Москва,ВСОШ по биологии,БВИ,Не требуется.
НИУ МГСУ,Москва,ВСОШ по информатике,БВИ,Не требуется.
НИУ МГСУ,Москва,ВСОШ по математике,БВИ,Не требуется.
НИУ МГСУ,Москва,ВСОШ по физике,БВИ,Не требуется.
НИУ МГСУ,Москва,ВСОШ по химии,БВИ,Не требуется.
НИУ МГСУ,Москва,Вузовско-академическая олимпиада по информатике,БВИ / 100 баллов,ЕГЭ от 75 баллов по профильному предмету.
НИУ МГСУ,Москва,Высшая проба,БВИ / 100 баллов,ЕГЭ от 75 баллов по профильному предмету.
НИУ МГСУ,Москва,Газпром,БВИ / 100 баллов,ЕГЭ от 75 баллов по профильному предмету.
НИУ МГСУ,Москва,Городская открытая олимпиада школьников по физике,БВИ / 100 баллов,ЕГЭ от 75 баллов по профильному предмету.
НИУ МГСУ,Москва,Гранит науки,БВИ / 100 баллов,ЕГЭ от 75 баллов по профильному предмету.
НИУ МГСУ,Москва,Звезда,БВИ / 100 баллов,ЕГЭ от 75 баллов по профильному предмету.
НИУ МГСУ,Москва,Инженерная олимпиада школьников,БВИ / 100 баллов,ЕГЭ от 75 баллов по профильному предмету.
НИУ МГСУ,Москва,Интернет-олимпиада школьников по физике,БВИ / 100 баллов,ЕГЭ от 75 баллов по профильному предмету.
НИУ МГСУ,Москва,Международная олимпиада школьников «Искусство графики»,БВИ / 100 баллов,
НИУ МГСУ,Москва,Межрегиональная олимпиада школьников имени В.Е. Татлина,БВИ / 100 баллов,
НИУ МГСУ,Москва,Межрегиональная химическая олимпиада школьников имени академика П.Д. Саркисова,БВИ / 100 баллов,ЕГЭ от 75 баллов по профильному предмету.
НИУ МГСУ,Москва,Московская олимпиада школьников,БВИ / 100 баллов,ЕГЭ от 75 баллов по профильному предмету.
НИУ МГСУ,Москва,Надежда энергетики,БВИ / 100 баллов,ЕГЭ от 75 баллов по профильному предмету.
НИУ МГСУ,Москва,НТО,БВИ / 100 баллов,ЕГЭ от 75 баллов по профильному предмету.
НИУ МГСУ,Москва,Оборонно-техническая олимпиада,БВИ / 100 баллов,ЕГЭ от 75 баллов по профильному предмету.
НИУ МГСУ,Москва,Объединенная межвузовская олимпиада школьников,БВИ / 100 баллов,ЕГЭ от 75 баллов по профильному предмету.
НИУ МГСУ,Москва,Олимпиада Курчатов,БВИ / 100 баллов,ЕГЭ от 75 баллов по профильному предмету.
НИУ МГСУ,Москва,ОРМО,БВИ / 100 баллов,ЕГЭ от 75 баллов по профильному предмету.
НИУ МГСУ,Москва,Открытая олимпиада школьников по программированию,БВИ / 100 баллов,ЕГЭ от 75 баллов по профильному предмету.
НИУ МГСУ,Москва,Открытая химическая олимпиада,БВИ / 100 баллов,ЕГЭ от 75 баллов по профильному предмету.
НИУ МГСУ,Москва,Потомки Менделеева,БВИ / 100 баллов,ЕГЭ от 75 баллов по профильному предмету.
НИУ МГСУ,Москва,Робофест,БВИ / 100 баллов,ЕГЭ от 75 баллов по профильному предмету.
НИУ МГСУ,Москва,Росатом,БВИ / 100 баллов,ЕГЭ от 75 баллов по профильному предмету.
НИУ МГСУ,Москва,Санкт-Петербургская олимпиада школьников,БВИ / 100 баллов,ЕГЭ от 75 баллов по профильному предмету.
НИУ МГСУ,Москва,Сибирская межрегиональная олимпиада школьников «Архитектурно-дизайнерское творчество»,БВИ / 100 баллов,
НИУ МГСУ,Москва,Строгановская олимпиада,БВИ / 100 баллов,
НИУ МГСУ,Москва,Твой путь в настоящую науку,БВИ / 100 баллов,ЕГЭ от 75 баллов по профильному предмету.
НИУ МГСУ,Москва,Технокубок,БВИ / 100 баллов,ЕГЭ от 75 баллов по профильному предмету.
НИУ МГСУ,Москва,Турнир городов,БВИ / 100 баллов,ЕГЭ от 75 баллов по профильному предмету.
НИУ МГСУ,Москва,Турнир имени М.В. Ломоносова,БВИ / 100 баллов,ЕГЭ от 75 баллов по профильному предмету.
НИУ МГСУ,Москва,Физтех,БВИ / 100 баллов,ЕГЭ от 75 баллов по профильному предмету.
НИУ МГСУ,Москва,Формула Единства,БВИ / 100 баллов,ЕГЭ от 75 баллов по профильному предмету.
НИУ МГСУ,Москва,Шаг в будущее,БВИ / 100 баллов,ЕГЭ от 75 баллов по профильному предмету.
НИУ МГСУ,Москва,Южно-Российская межрегиональная олимпиада школьников «Архитектура и искусство»,БВИ / 100 баллов,
НИУ МГСУ,Москва,Юниор,БВИ / 100 баллов,ЕГЭ от 75 баллов по профильному предмету.
ЮФУ,Ростов-на-Дону,Innopolis Open,БВИ / 100 баллов,ЕГЭ от 75 баллов по профильному предмету.
ЮФУ,Ростов-на-Дону,Бельчонок,БВИ / 100 баллов,ЕГЭ от 75 баллов по профильному предмету.
ЮФУ,Ростов-на-Дону,Будущее Сибири,БВИ / 100 баллов,ЕГЭ от 75 баллов по профильному предмету.
ЮФУ,Ростов-на-Дону,Будущие исследователи - будущее науки,БВИ / 100 баллов,ЕГЭ от 75 баллов по профильному предмету.
ЮФУ,Ростов-на-Дону,Всероссийская академическая олимпиада школьников имени В.И. Вернадского,БВИ / 100 баллов,ЕГЭ от 75 баллов по профильному предмету.
ЮФУ,Ростов-на-Дону,Всероссийская олимпиада по искусственному интеллекту,БВИ / 100 баллов,ЕГЭ от 75 баллов по профильному предмету.
ЮФУ,Ростов-на-Дону,Всероссийская Сеченовская олимпиада школьников,БВИ / 100 баллов,ЕГЭ от 75 баллов по профильному предмету.
ЮФУ,Ростов-на-Дону,Всероссийская Толстовская олимпиада школьников,БВИ / 100 баллов,ЕГЭ от 75 баллов по профильному предмету.
ЮФУ,Ростов-на-Дону,Всесибирская открытая олимпиада школьников,БВИ / 100 баллов,ЕГЭ от 75 баллов по профильному предмету.
ЮФУ,Ростов-на-Дону,ВСОШ по астрономии,БВИ,Не требуется.
ЮФУ,Ростов-на-Дону,ВСОШ по биологии,БВИ,Не требуется.
ЮФУ,Ростов-на-Дону,ВСОШ по географии,БВИ,Не требуется.
ЮФУ,Ростов-на-Дону,ВСОШ по иностранному языку,БВИ,Не требуется.
ЮФУ,Ростов-на-Дону,ВСОШ по информатике,БВИ,Не требуется.
ЮФУ,Ростов-на-Дону,ВСОШ по истории,БВИ,Не требуется.
ЮФУ,Ростов-на-Дону,ВСОШ по литературе,БВИ,Не требуется.
ЮФУ,Ростов-на-Дону,ВСОШ по математике,БВИ,Не требуется.
ЮФУ,Ростов-на-Дону,ВСОШ по обществознанию,БВИ,Не требуется.
ЮФУ,Ростов-на-Дону,ВСОШ по праву,БВИ,Не требуется.
ЮФУ,Ростов-на-Дону,ВСОШ по русскому языку,БВИ,Не требуется.
ЮФУ,Ростов-на-Дону,ВСОШ по физике,БВИ,Не требуется.
ЮФУ,Ростов-на-Дону,ВСОШ по химии,БВИ,Не требуется.
ЮФУ,Ростов-на-Дону,ВСОШ по экологии,БВИ,Не требуется.
ЮФУ,Ростов-на-Дону,ВСОШ по экономике,БВИ,Не требуется.
ЮФУ,Ростов-на-Дону,Вузовско-академическая олимпиада по информатике,БВИ / 100 баллов,ЕГЭ от 75 баллов по профильному предмету.
ЮФУ,Ростов-на-Дону,Высшая проба,БВИ / 100 баллов,ЕГЭ от 75 баллов по профильному предмету.
ЮФУ,Ростов-на-Дону,Газпром,БВИ / 100 баллов,ЕГЭ от 75 баллов по профильному предмету.
ЮФУ,Ростов-на-Дону,Городская открытая олимпиада школьников по физике,БВИ / 100 баллов,ЕГЭ от 75 баллов по профильному предмету.
ЮФУ,Ростов-на-Дону,Гранит науки,БВИ / 100 баллов,ЕГЭ от 75 баллов по профильному предмету.
ЮФУ,Ростов-на-Дону,Евразийская лингвистическая олимпиада,БВИ / 100 баллов,ЕГЭ от 75 баллов по профильному предмету.
ЮФУ,Ростов-на-Дону,Звезда,БВИ / 100 баллов,ЕГЭ от 75 баллов по профильному предмету.
ЮФУ,Ростов-на-Дону,Изумруд,БВИ / 100 баллов,ЕГЭ от 75 баллов по профильному предмету.
ЮФУ,Ростов-на-Дону,Инженерная олимпиада школьников,БВИ / 100 баллов,ЕГЭ от 75 баллов по профильному предмету.
ЮФУ,Ростов-на-Дону,Иннагрика,БВИ / 100 баллов,ЕГЭ от 75 баллов по профильному предмету.
ЮФУ,Ростов-на-Дону,Интернет-олимпиада школьников по физике,БВИ / 100 баллов,ЕГЭ от 75 баллов по профильному предмету.
ЮФУ,Ростов-на-Дону,Когнитивные технологии,БВИ / 100 баллов,ЕГЭ от 75 баллов по профильному предмету.
ЮФУ,Ростов-на-Дону,Кутафинская олимпиада школьников по праву,БВИ / 100 баллов,ЕГЭ от 75 баллов по профильному предмету.
ЮФУ,Ростов-на-Дону,Ломоносов,БВИ / 100 баллов,ЕГЭ от 75 баллов по профильному предмету.
ЮФУ,Ростов-на-Дону,Международная олимпиада по финансовой безопасности,БВИ / 100 баллов,ЕГЭ от 75 баллов по профильному предмету.
ЮФУ,Ростов-на-Дону,Международная олимпиада школьников «Искусство графики»,БВИ / 100 баллов,
ЮФУ,Ростов-на-Дону,Межрегиональная олимпиада школьников имени В.Е. Татлина,БВИ / 100 баллов,
ЮФУ,Ростов-на-Дону,Межрегиональная олимпиада школьников имени И.Я. Верченко,БВИ / 100 баллов,ЕГЭ от 75 баллов по профильному предмету.
ЮФУ,Ростов-на-Дону,Межрегиональная олимпиада школьников на базе ведомственных образовательных организаций,БВИ / 100 баллов,ЕГЭ от 75 баллов по профильному предмету.
ЮФУ,Ростов-на-Дону,Межрегиональная химическая олимпиада школьников имени академика П.Д. Саркисова,БВИ / 100 баллов,ЕГЭ от 75 баллов по профильному предмету.
ЮФУ,Ростов-на-Дону,Миссия выполнима. Твое призвание - финансист!,БВИ / 100 баллов,ЕГЭ от 75 баллов по профильному предмету.
ЮФУ,Ростов-на-Дону,Московская олимпиада школьников,БВИ / 100 баллов,ЕГЭ от 75 баллов по профильному предмету.
ЮФУ,Ростов-на-Дону,Надежда энергетики,БВИ / 100 баллов,ЕГЭ от 75 баллов по профильному предмету.
ЮФУ,Ростов-на-Дону,НТО,БВИ / 100 баллов,ЕГЭ от 75 баллов по профильному предмету.
ЮФУ,Ростов-на-Дону,Оборонно-техническая олимпиада,БВИ / 100 баллов,ЕГЭ от 75 баллов по профильному предмету.
ЮФУ,Ростов-на-Дону,Объединенная межвузовская олимпиада школьников,БВИ / 100 баллов,ЕГЭ от 75 баллов по профильному предмету.
ЮФУ,Ростов-на-Дону,Океан знаний,БВИ / 100 баллов,ЕГЭ от 75 баллов по профильному предмету.
ЮФУ,Ростов-на-Дону,Олимпиада Курчатов,БВИ / 100 баллов,ЕГЭ от 75 баллов по профильному предмету.
ЮФУ,Ростов-на-Дону,Олимпиада МГИМО,БВИ / 100 баллов,ЕГЭ от 75 баллов по профильному предмету.
ЮФУ,Ростов-на-Дону,Олимпиада РАНХиГС,БВИ / 100 баллов,ЕГЭ от 75 баллов по профильному предмету.
ЮФУ,Ростов-на-Дону,Олимпиада РГГУ для школьников,БВИ / 100 баллов,ЕГЭ от 75 баллов по профильному предмету.
ЮФУ,Ростов-на-Дону,Олимпиада СПбГУ,БВИ / 100 баллов,ЕГЭ от 75 баллов по профильному предмету.
ЮФУ,Ростов-на-Дону,Олимпиада школьников по информатике и программированию,БВИ / 100 баллов,ЕГЭ от 75 баллов по профильному предмету.
ЮФУ,Ростов-на-Дону,Олимпиада Юношеской математической школы,БВИ / 100 баллов,ЕГЭ от 75 баллов по профильному предмету.
ЮФУ,Ростов-на-Дону,Олимпиады КФУ,БВИ / 100 баллов,ЕГЭ от 75 баллов по профильному предмету.
ЮФУ,Ростов-на-Дону,ОРМО,БВИ / 100 баллов,ЕГЭ от 75 баллов по профильному предмету.
ЮФУ,Ростов-на-Дону,Открытая олимпиада школьников,БВИ / 100 баллов,ЕГЭ от 75 баллов по профильному предмету.
ЮФУ,Ростов-на-Дону,Открытая олимпиада школьников по программированию,БВИ / 100 баллов,ЕГЭ от 75 баллов по профильному предмету.
ЮФУ,Ростов-на-Дону,Открытая химическая олимпиада,БВИ / 100 баллов,ЕГЭ от 75 баллов по профильному предмету.
ЮФУ,Ростов-на-Дону,Пироговская олимпиада для школьников по химии и биологии,БВИ / 100 баллов,ЕГЭ от 75 баллов по профильному предмету.
ЮФУ,Ростов-на-Дону,Плехановская олимпиада школьников,БВИ / 100 баллов,ЕГЭ от 75 баллов по профильному предмету.
ЮФУ,Ростов-на-Дону,Покори Воробьевы горы!,БВИ / 100 баллов,ЕГЭ от 75 баллов по профильному предмету.
ЮФУ,Ростов-на-Дону,Потомки Менделеева,БВИ / 100 баллов,ЕГЭ от 75 баллов по профильному предмету.
ЮФУ,Ростов-на-Дону,Региональный конкурс школьников Челябинского университетского образовательного округа,БВИ / 100 баллов,ЕГЭ от 75 баллов по профильному предмету.
ЮФУ,Ростов-на-Дону,Росатом,БВИ / 100 баллов,ЕГЭ от 75 баллов по профильному предмету.
ЮФУ,Ростов-на-Дону,Санкт-Петербургская астрономическая олимпиада,БВИ / 100 баллов,ЕГЭ от 75 баллов по профильному предмету.
ЮФУ,Ростов-на-Дону,Санкт-Петербургская олимпиада школьников,БВИ / 100 баллов,ЕГЭ от 75 баллов по профильному предмету.
ЮФУ,Ростов-на-Дону,Сибириада. Шаг в мечту,БВИ / 100 баллов,ЕГЭ от 75 баллов по профильному предмету.
ЮФУ,Ростов-на-Дону,Сибирская межрегиональная олимпиада школьников «Архитектурно-дизайнерское творчество»,БВИ / 100 баллов,
ЮФУ,Ростов-на-Дону,Строгановская олимпиада,БВИ / 100 баллов,
ЮФУ,Ростов-на-Дону,Твой путь в настоящую науку,БВИ / 100 баллов,ЕГЭ от 75 баллов по профильному предмету.
ЮФУ,Ростов-на-Дону,Телевизионная гуманитарная олимпиада школьников «Умницы и умники»,БВИ / 100 баллов,ЕГЭ от 75 баллов по профильному предмету.
ЮФУ,Ростов-на-Дону,Технокубок,БВИ / 100 баллов,ЕГЭ от 75 баллов по профильному предмету.
ЮФУ,Ростов-на-Дону,Турнир городов,БВИ / 100 баллов,ЕГЭ от 75 баллов по профильному предмету.
ЮФУ,Ростов-на-Дону,Турнир имени М.В. Ломоносова,БВИ / 100 баллов,ЕГЭ от 75 баллов по профильному предмету.
ЮФУ,Ростов-на-Дону,Физтех,БВИ / 100 баллов,ЕГЭ от 75 баллов по профильному предмету.
ЮФУ,Ростов-на-Дону,Финатлон для старшеклассников,БВИ / 100 баллов,ЕГЭ от 75 баллов по профильному предмету.
ЮФУ,Ростов-на-Дону,Формула Единства,БВИ / 100 баллов,ЕГЭ от 75 баллов по профильному предмету.
ЮФУ,Ростов-на-Дону,Шаг в будущее,БВИ / 100 баллов,ЕГЭ от 75 баллов по профильному предмету.
ЮФУ,Ростов-на-Дону,Южно-Российская межрегиональная олимпиада школьников «Архитектура и искусство»,БВИ / 300 / 200 / 100 баллов,
ЮФУ,Ростов-на-Дону,Юниор,БВИ / 100 баллов,ЕГЭ от 75 баллов по профильному предмету.
ЮФУ,Ростов-на-Дону,Юные таланты,БВИ / 100 баллов,ЕГЭ от 75 баллов по профильному предмету.
ННГУ им. Лобачевского,Нижний Новгород,Innopolis Open,БВИ / 100 баллов,ЕГЭ от 75 баллов по профильному предмету.
ННГУ им. Лобачевского,Нижний Новгород,Бельчонок,БВИ / 100 баллов,ЕГЭ от 75 баллов по профильному предмету.
ННГУ им. Лобачевского,Нижний Новгород,Будущее Сибири,БВИ / 100 баллов,ЕГЭ от 75 баллов по профильному предмету.
ННГУ им. Лобачевского,Нижний Новгород,Будущие исследователи - будущее науки,БВИ / 100 баллов,ЕГЭ от 75 баллов по профильному предмету.
ННГУ им. Лобачевского,Нижний Новгород,В начале было Слово...,БВИ / 100 баллов,ЕГЭ от 75 баллов по профильному предмету.
ННГУ им. Лобачевского,Нижний Новгород,Всероссийская академическая олимпиада школьников имени В.И. Вернадского,БВИ / 100 баллов,ЕГЭ от 75 баллов по профильному предмету.
ННГУ им. Лобачевского,Нижний Новгород,Всероссийская олимпиада по искусственному интеллекту,БВИ / 100 баллов,ЕГЭ от 75 баллов по профильному предмету.
ННГУ им. Лобачевского,Нижний Новгород,Всероссийская Сеченовская олимпиада школьников,БВИ / 100 баллов,ЕГЭ от 75 баллов по профильному предмету.
ННГУ им. Лобачевского,Нижний Новгород,Всероссийская Толстовская олимпиада школьников,БВИ / 100 баллов,ЕГЭ от 75 баллов по профильному предмету.
ННГУ им. Лобачевского,Нижний Новгород,Всероссийская экономическая олимпиада школьников имени Н.Д. Кондратьева,БВИ / 100 баллов,ЕГЭ от 75 баллов по профильному предмету.
ННГУ им. Лобачевского,Нижний Новгород,Всесибирская открытая олимпиада школьников,БВИ / 100 баллов,ЕГЭ от 75 баллов по профильному предмету.
ННГУ им. Лобачевского,Нижний Новгород,ВСОШ по астрономии,БВИ,Не требуется.
ННГУ им. Лобачевского,Нижний Новгород,ВСОШ по биологии,БВИ,Не требуется.
ННГУ им. Лобачевского,Нижний Новгород,ВСОШ по географии,БВИ,Не требуется.
ННГУ им. Лобачевского,Нижний Новгород,ВСОШ по иностранному языку,БВИ,Не требуется.
ННГУ им. Лобачевского,Нижний Новгород,ВСОШ по информатике,БВИ,Не требуется.
ННГУ им. Лобачевского,Нижний Новгород,ВСОШ по истории,БВИ,Не требуется.
ННГУ им. Лобачевского,Нижний Новгород,ВСОШ по литературе,БВИ,Не требуется.
ННГУ им. Лобачевского,Нижний Новгород,ВСОШ по математике,БВИ,Не требуется.
ННГУ им. Лобачевского,Нижний Новгород,ВСОШ по обществознанию,БВИ,Не требуется.
ННГУ им. Лобачевского,Нижний Новгород,ВСОШ по праву,БВИ,Не требуется.
ННГУ им. Лобачевского,Нижний Новгород,ВСОШ по русскому языку,БВИ,Не требуется.
ННГУ им. Лобачевского,Нижний Новгород,ВСОШ по физике,БВИ,Не требуется.
ННГУ им. Лобачевского,Нижний Новгород,ВСОШ по химии,БВИ,Не требуется.
ННГУ им. Лобачевского,Нижний Новгород,ВСОШ по экологии,БВИ,Не требуется.
ННГУ им. Лобачевского,Нижний Новгород,ВСОШ по экономике,БВИ,Не требуется.
ННГУ им. Лобачевского,Нижний Новгород,Вузовско-академическая олимпиада по информатике,БВИ / 100 баллов,ЕГЭ от 75 баллов по профильному предмету.
ННГУ им. Лобачевского,Нижний Новгород,Высшая проба,БВИ / 100 баллов,ЕГЭ от 75 баллов по профильному предмету.
ННГУ им. Лобачевского,Нижний Новгород,Газпром,БВИ / 100 баллов,ЕГЭ от 75 баллов по профильному предмету.
ННГУ им. Лобачевского,Нижний Новгород,Герценовская олимпиада школьников,БВИ / 100 баллов,ЕГЭ от 75 баллов по профильному предмету.
ННГУ им. Лобачевского,Нижний Новгород,Городская открытая олимпиада школьников по физике,БВИ / 100 баллов,ЕГЭ от 75 баллов по профильному предмету.
ННГУ им. Лобачевского,Нижний Новгород,Гранит науки,БВИ / 100 баллов,ЕГЭ от 75 баллов по профильному предмету.
ННГУ им. Лобачевского,Нижний Новгород,Евразийская лингвистическая олимпиада,БВИ / 100 баллов,ЕГЭ от 75 баллов по профильному предмету.
ННГУ им. Лобачевского,Нижний Новгород,Звезда,БВИ / 100 баллов,ЕГЭ от 75 баллов по профильному предмету.
ННГУ им. Лобачевского,Нижний Новгород,Изумруд,БВИ / 100 баллов,ЕГЭ от 75 баллов по профильному предмету.
ННГУ им. Лобачевского,Нижний Новгород,Инженерная олимпиада школьников,БВИ / 100 баллов,ЕГЭ от 75 баллов по профильному предмету.
ННГУ им. Лобачевского,Нижний Новгород,Иннагрика,БВИ / 100 баллов,ЕГЭ от 75 баллов по профильному предмету.
ННГУ им. Лобачевского,Нижний Новгород,Интернет-олимпиада школьников по физике,БВИ / 100 баллов,ЕГЭ от 75 баллов по профильному предмету.
ННГУ им. Лобачевского,Нижний Новгород,Когнитивные технологии,БВИ / 100 баллов,ЕГЭ от 75 баллов по профильному предмету.
ННГУ им. Лобачевского,Нижний Новгород,Кутафинская олимпиада школьников по праву,БВИ / 100 баллов,ЕГЭ от 75 баллов по профильному предмету.
ННГУ им. Лобачевского,Нижний Новгород,Ломоносов,БВИ / 100 баллов,ЕГЭ от 75 баллов по профильному предмету.
ННГУ им. Лобачевского,Нижний Новгород,Международная олимпиада по финансовой безопасности,БВИ / 100 баллов,ЕГЭ от 75 баллов по профильному предмету.
ННГУ им. Лобачевского,Нижний Новгород,Межрегиональная олимпиада школьников имени И.Я. Верченко,БВИ / 100 баллов,ЕГЭ от 75 баллов по профильному предмету.
ННГУ им. Лобачевского,Нижний Новгород,Межрегиональная олимпиада школьников на базе ведомственных образовательных организаций,БВИ / 100 баллов,ЕГЭ от 75 баллов по профильному предмету.
ННГУ им. Лобачевского,Нижний Новгород,Межрегиональная химическая олимпиада школьников имени академика П.Д. Саркисова,БВИ / 100 баллов,ЕГЭ от 75 баллов по профильному предмету.
ННГУ им. Лобачевского,Нижний Новгород,Миссия выполнима. Твое призвание - финансист!,БВИ / 100 баллов,ЕГЭ от 75 баллов по профильному предмету.
ННГУ им. Лобачевского,Нижний Новгород,Московская олимпиада школьников,БВИ / 100 баллов,ЕГЭ от 75 баллов по профильному предмету.
ННГУ им. Лобачевского,Нижний Новгород,Надежда энергетики,БВИ / 100 баллов,ЕГЭ от 75 баллов по профильному предмету.
ННГУ им. Лобачевского,Нижний Новгород,Нанотехнологии - прорыв в будущее!,БВИ / 100 баллов,ЕГЭ от 75 баллов по профильному предмету.
ННГУ им. Лобачевского,Нижний Новгород,НТО,БВИ / 100 баллов,ЕГЭ от 75 баллов по профильному предмету.
ННГУ им. Лобачевского,Нижний Новгород,Оборонно-техническая олимпиада,БВИ / 100 баллов,ЕГЭ от 75 баллов по профильному предмету.
ННГУ им. Лобачевского,Нижний Новгород,Объединенная межвузовская олимпиада школьников,БВИ / 100 баллов,ЕГЭ от 75 баллов по профильному предмету.
ННГУ им. Лобачевского,Нижний Новгород,Океан знаний,БВИ / 100 баллов,ЕГЭ от 75 баллов по профильному предмету.
ННГУ им. Лобачевского,Нижний Новгород,Олимпиада Курчатов,БВИ / 100 баллов,ЕГЭ от 75 баллов по профильному предмету.
ННГУ им. Лобачевского,Нижний Новгород,Олимпиада МГИМО,БВИ / 100 баллов,ЕГЭ от 75 баллов по профильному предмету.
ННГУ им. Лобачевского,Нижний Новгород,Олимпиада РАНХиГС,БВИ / 100 баллов,ЕГЭ от 75 баллов по профильному предмету.
ННГУ им. Лобачевского,Нижний Новгород,Олимпиада РГГУ для школьников,БВИ / 100 баллов,ЕГЭ от 75 баллов по профильному предмету.
ННГУ им. Лобачевского,Нижний Новгород,Олимпиада СПбГУ,БВИ / 100 баллов,ЕГЭ от 75 баллов по профильному предмету.
ННГУ им. Лобачевского,Нижний Новгород,Олимпиада школьников по информатике и программированию,БВИ / 100 баллов,ЕГЭ от 75 баллов по профильному предмету.
ННГУ им. Лобачевского,Нижний Новгород,Олимпиада Юношеской математической школы,БВИ / 100 баллов,ЕГЭ от 75 баллов по профильному предмету.
ННГУ им. Лобачевского,Нижний Новгород,Олимпиады КФУ,БВИ / 100 баллов,ЕГЭ от 75 баллов по профильному предмету.
ННГУ им. Лобачевского,Нижний Новгород,ОРМО,БВИ / 100 баллов,ЕГЭ от 75 баллов по профильному предмету.
ННГУ им. Лобачевского,Нижний Новгород,Открытая олимпиада школьников,БВИ / 100 баллов,ЕГЭ от 75 баллов по профильному предмету.
ННГУ им. Лобачевского,Нижний Новгород,Открытая олимпиада школьников по программированию,БВИ / 100 баллов,ЕГЭ от 75 баллов по профильному предмету.
ННГУ им. Лобачевского,Нижний Новгород,Открытая химическая олимпиада,БВИ / 100 баллов,ЕГЭ от 75 баллов по профильному предмету.
ННГУ им. Лобачевского,Нижний Новгород,Пироговская олимпиада для школьников по химии и биологии,БВИ / 100 баллов,ЕГЭ от 75 баллов по профильному предмету.
ННГУ им. Лобачевского,Нижний Новгород,Плехановская олимпиада школьников,БВИ / 100 баллов,ЕГЭ от 75 баллов по профильному предмету.
ННГУ им. Лобачевского,Нижний Новгород,Покори Воробьевы горы!,БВИ / 100 баллов,ЕГЭ от 75 баллов по профильному предмету.
ННГУ им. Лобачевского,Нижний Новгород,Потомки Менделеева,БВИ / 100 баллов,ЕГЭ от 75 баллов по профильному предмету.
ННГУ им. Лобачевского,Нижний Новгород,Региональный конкурс школьников Челябинского университетского образовательного округа,БВИ / 100 баллов,ЕГЭ от 75 баллов по профильному предмету.
ННГУ им. Лобачевского,Нижний Новгород,Росатом,БВИ / 100 баллов,ЕГЭ от 75 баллов по профильному предмету.
ННГУ им. Лобачевского,Нижний Новгород,Санкт-Петербургская астрономическая олимпиада,БВИ / 100 баллов,ЕГЭ от 75 баллов по профильному предмету.
ННГУ им. Лобачевского,Нижний Новгород,Санкт-Петербургская олимпиада школьников,БВИ / 100 баллов,ЕГЭ от 75 баллов по профильному предмету.
ННГУ им. Лобачевского,Нижний Новгород,Сибириада. Шаг в мечту,БВИ / 100 баллов,ЕГЭ от 75 баллов по профильному предмету.
ННГУ им. Лобачевского,Нижний Новгород,Твой путь в настоящую науку,БВИ / 100 баллов,ЕГЭ от 75 баллов по профильному предмету.
ННГУ им. Лобачевского,Нижний Новгород,Телевизионная гуманитарная олимпиада школьников «Умницы и умники»,БВИ / 100 баллов,ЕГЭ от 75 баллов по профильному предмету.
ННГУ им. Лобачевского,Нижний Новгород,Технокубок,БВИ / 100 баллов,ЕГЭ от 75 баллов по профильному предмету.
ННГУ им. Лобачевского,Нижний Новгород,Турнир городов,БВИ / 100 баллов,ЕГЭ от 75 баллов по профильному предмету.
ННГУ им. Лобачевского,Нижний Новгород,Турнир имени М.В. Ломоносова,БВИ / 100 баллов,ЕГЭ от 75 баллов по профильному предмету.
ННГУ им. Лобачевского,Нижний Новгород,Физтех,БВИ / 100 баллов,ЕГЭ от 75 баллов по профильному предмету.
ННГУ им. Лобачевского,Нижний Новгород,Финатлон для старшеклассников,БВИ / 100 баллов,ЕГЭ от 75 баллов по профильному предмету.
ННГУ им. Лобачевского,Нижний Новгород,Формула Единства,БВИ / 100 баллов,ЕГЭ от 75 баллов по профильному предмету.
ННГУ им. Лобачевского,Нижний Новгород,Шаг в будущее,БВИ / 100 баллов,ЕГЭ от 75 баллов по профильному предмету.
ННГУ им. Лобачевского,Нижний Новгород,Юниор,БВИ / 100 баллов,ЕГЭ от 75 баллов по профильному предмету.
ННГУ им. Лобачевского,Нижний Новгород,Юные таланты,БВИ / 100 баллов,ЕГЭ от 75 баллов по профильному предмету.
"СПбГЭТУ ""ЛЭТИ""",Санкт-Петербург,Innopolis Open,БВИ / 100 баллов,ЕГЭ от 75 баллов по профильному предмету.
"СПбГЭТУ ""ЛЭТИ""",Санкт-Петербург,Бельчонок,БВИ / 100 баллов,ЕГЭ от 75 баллов по профильному предмету.
"СПбГЭТУ ""ЛЭТИ""",Санкт-Петербург,Будущее Сибири,БВИ / 100 баллов,ЕГЭ от 75 баллов по профильному предмету.
"СПбГЭТУ ""ЛЭТИ""",Санкт-Петербург,Будущие исследователи - будущее науки,БВИ / 100 баллов,ЕГЭ от 75 баллов по профильному предмету.
"СПбГЭТУ ""ЛЭТИ""",Санкт-Петербург,Всероссийская академическая олимпиада школьников имени В.И. Вернадского,БВИ / 100 баллов,ЕГЭ от 75 баллов по профильному предмету.
"СПбГЭТУ ""ЛЭТИ""",Санкт-Петербург,Всероссийская олимпиада по искусственному интеллекту,БВИ / 100 баллов,ЕГЭ от 75 баллов по профильному предмету.
"СПбГЭТУ ""ЛЭТИ""",Санкт-Петербург,Всероссийская Сеченовская олимпиада школьников,БВИ / 100 баллов,ЕГЭ от 75 баллов по профильному предмету.
"СПбГЭТУ ""ЛЭТИ""",Санкт-Петербург,Всероссийская Толстовская олимпиада школьников,БВИ / 100 баллов,ЕГЭ от 75 баллов по профильному предмету.
"СПбГЭТУ ""ЛЭТИ""",Санкт-Петербург,Всесибирская открытая олимпиада школьников,БВИ / 100 баллов,ЕГЭ от 75 баллов по профильному предмету.
"СПбГЭТУ ""ЛЭТИ""",Санкт-Петербург,ВСОШ по астрономии,БВИ,Не требуется.
"СПбГЭТУ ""ЛЭТИ""",Санкт-Петербург,ВСОШ по биологии,БВИ,Не требуется.
"СПбГЭТУ ""ЛЭТИ""",Санкт-Петербург,ВСОШ по географии,БВИ,Не требуется.
"СПбГЭТУ ""ЛЭТИ""",Санкт-Петербург,ВСОШ по иностранному языку,БВИ,Не требуется.
"СПбГЭТУ ""ЛЭТИ""",Санкт-Петербург,ВСОШ по информатике,БВИ,Не требуется.
"СПбГЭТУ ""ЛЭТИ""",Санкт-Петербург,ВСОШ по истории,БВИ,Не требуется.
"СПбГЭТУ ""ЛЭТИ""",Санкт-Петербург,ВСОШ по литературе,БВИ,Не требуется.
"СПбГЭТУ ""ЛЭТИ""",Санкт-Петербург,ВСОШ по математике,БВИ,Не требуется.
"СПбГЭТУ ""ЛЭТИ""",Санкт-Петербург,ВСОШ по обществознанию,БВИ,Не требуется.
"СПбГЭТУ ""ЛЭТИ""",Санкт-Петербург,ВСОШ по русскому языку,БВИ,Не требуется.
"СПбГЭТУ ""ЛЭТИ""",Санкт-Петербург,ВСОШ по физике,БВИ,Не требуется.
"СПбГЭТУ ""ЛЭТИ""",Санкт-Петербург,ВСОШ по химии,БВИ,Не требуется.
"СПбГЭТУ ""ЛЭТИ""",Санкт-Петербург,ВСОШ по экологии,БВИ,Не требуется.
"СПбГЭТУ ""ЛЭТИ""",Санкт-Петербург,ВСОШ по экономике,БВИ,Не требуется.
"СПбГЭТУ ""ЛЭТИ""",Санкт-Петербург,Вузовско-академическая олимпиада по информатике,БВИ / 100 баллов,ЕГЭ от 75 баллов по профильному предмету.
"СПбГЭТУ ""ЛЭТИ""",Санкт-Петербург,Высшая проба,БВИ / 100 баллов,ЕГЭ от 75 баллов по профильному предмету.
"СПбГЭТУ ""ЛЭТИ""",Санкт-Петербург,Газпром,БВИ / 100 баллов,ЕГЭ от 75 баллов по профильному предмету.
"СПбГЭТУ ""ЛЭТИ""",Санкт-Петербург,Городская открытая олимпиада школьников по физике,БВИ / 100 баллов,ЕГЭ от 75 баллов по профильному предмету.
"СПбГЭТУ ""ЛЭТИ""",Санкт-Петербург,Гранит науки,БВИ / 100 баллов,ЕГЭ от 75 баллов по профильному предмету.
"СПбГЭТУ ""ЛЭТИ""",Санкт-Петербург,Звезда,БВИ / 100 баллов,ЕГЭ от 75 баллов по профильному предмету.
"СПбГЭТУ ""ЛЭТИ""",Санкт-Петербург,Изумруд,БВИ / 100 баллов,ЕГЭ от 75 баллов по профильному предмету.
"СПбГЭТУ ""ЛЭТИ""",Санкт-Петербург,Инженерная олимпиада школьников,БВИ / 100 баллов,ЕГЭ от 75 баллов по профильному предмету.
"СПбГЭТУ ""ЛЭТИ""",Санкт-Петербург,Иннагрика,БВИ / 100 баллов,ЕГЭ от 75 баллов по профильному предмету.
"СПбГЭТУ ""ЛЭТИ""",Санкт-Петербург,Интернет-олимпиада школьников по физике,БВИ / 100 баллов,ЕГЭ от 75 баллов по профильному предмету.
"СПбГЭТУ ""ЛЭТИ""",Санкт-Петербург,Когнитивные технологии,БВИ / 100 баллов,ЕГЭ от 75 баллов по профильному предмету.
"СПбГЭТУ ""ЛЭТИ""",Санкт-Петербург,Ломоносов,БВИ / 100 баллов,ЕГЭ от 75 баллов по профильному предмету.
"СПбГЭТУ ""ЛЭТИ""",Санкт-Петербург,Международная олимпиада по финансовой безопасности,БВИ / 100 баллов,ЕГЭ от 75 баллов по профильному предмету.
"СПбГЭТУ ""ЛЭТИ""",Санкт-Петербург,Межрегиональная олимпиада школьников имени И.Я. Верченко,БВИ / 100 баллов,ЕГЭ от 75 баллов по профильному предмету.
"СПбГЭТУ ""ЛЭТИ""",Санкт-Петербург,Межрегиональная олимпиада школьников на базе ведомственных образовательных организаций,БВИ / 100 баллов,ЕГЭ от 75 баллов по профильному предмету.
"СПбГЭТУ ""ЛЭТИ""",Санкт-Петербург,Межрегиональная химическая олимпиада школьников имени академика П.Д. Саркисова,БВИ / 100 баллов,ЕГЭ от 75 баллов по профильному предмету.
"СПбГЭТУ ""ЛЭТИ""",Санкт-Петербург,Миссия выполнима. Твое призвание - финансист!,БВИ / 100 баллов,ЕГЭ от 75 баллов по профильному предмету.
"СПбГЭТУ ""ЛЭТИ""",Санкт-Петербург,Московская олимпиада школьников,БВИ / 100 баллов,ЕГЭ от 75 баллов по профильному предмету.
"СПбГЭТУ ""ЛЭТИ""",Санкт-Петербург,Надежда энергетики,БВИ / 100 баллов,ЕГЭ от 75 баллов по профильному предмету.
"СПбГЭТУ ""ЛЭТИ""",Санкт-Петербург,НТО,БВИ / 100 баллов,ЕГЭ от 75 баллов по профильному предмету.
"СПбГЭТУ ""ЛЭТИ""",Санкт-Петербург,Оборонно-техническая олимпиада,БВИ / 100 баллов,ЕГЭ от 75 баллов по профильному предмету.
"СПбГЭТУ ""ЛЭТИ""",Санкт-Петербург,Объединенная межвузовская олимпиада школьников,БВИ / 100 баллов,ЕГЭ от 75 баллов по профильному предмету.
"СПбГЭТУ ""ЛЭТИ""",Санкт-Петербург,Океан знаний,БВИ / 100 баллов,ЕГЭ от 75 баллов по профильному предмету.
"СПбГЭТУ ""ЛЭТИ""",Санкт-Петербург,Олимпиада Курчатов,БВИ / 100 баллов,ЕГЭ от 75 баллов по профильному предмету.
"СПбГЭТУ ""ЛЭТИ""",Санкт-Петербург,Олимпиада МГИМО,БВИ / 100 баллов,ЕГЭ от 75 баллов по профильному предмету.
"СПбГЭТУ ""ЛЭТИ""",Санкт-Петербург,Олимпиада РАНХиГС,БВИ / 100 баллов,ЕГЭ от 75 баллов по профильному предмету.
"СПбГЭТУ ""ЛЭТИ""",Санкт-Петербург,Олимпиада РГГУ для школьников,БВИ / 100 баллов,ЕГЭ от 75 баллов по профильному предмету.
"СПбГЭТУ ""ЛЭТИ""",Санкт-Петербург,Олимпиада СПбГУ,БВИ / 100 баллов,ЕГЭ от 75 баллов по профильному предмету.
"СПбГЭТУ ""ЛЭТИ""",Санкт-Петербург,Олимпиада школьников по информатике и программированию,БВИ / 100 баллов,ЕГЭ от 75 баллов по профильному предмету.
"СПбГЭТУ ""ЛЭТИ""",Санкт-Петербург,Олимпиада Юношеской математической школы,БВИ / 100 баллов,ЕГЭ от 75 баллов по профильному предмету.
"СПбГЭТУ ""ЛЭТИ""",Санкт-Петербург,Олимпиады КФУ,БВИ / 100 баллов,ЕГЭ от 75 баллов по профильному предмету.
"СПбГЭТУ ""ЛЭТИ""",Санкт-Петербург,ОРМО,БВИ / 100 баллов,ЕГЭ от 75 баллов по профильному предмету.
"СПбГЭТУ ""ЛЭТИ""",Санкт-Петербург,Открытая олимпиада школьников,БВИ / 100 баллов,ЕГЭ от 75 баллов по профильному предмету.
"СПбГЭТУ ""ЛЭТИ""",Санкт-Петербург,Открытая олимпиада школьников по программированию,БВИ / 100 баллов,ЕГЭ от 75 баллов по профильному предмету.
"СПбГЭТУ ""ЛЭТИ""",Санкт-Петербург,Открытая химическая олимпиада,БВИ / 100 баллов,ЕГЭ от 75 баллов по профильному предмету.
"СПбГЭТУ ""ЛЭТИ""",Санкт-Петербург,Плехановская олимпиада школьников,БВИ / 100 баллов,ЕГЭ от 75 баллов по профильному предмету.
"СПбГЭТУ ""ЛЭТИ""",Санкт-Петербург,Покори Воробьевы горы!,БВИ / 100 баллов,ЕГЭ от 75 баллов по профильному предмету.
"СПбГЭТУ ""ЛЭТИ""",Санкт-Петербург,Потомки Менделеева,БВИ / 100 баллов,ЕГЭ от 75 баллов по профильному предмету.
"СПбГЭТУ ""ЛЭТИ""",Санкт-Петербург,Региональный конкурс школьников Челябинского университетского образовательного округа,БВИ / 100 баллов,ЕГЭ от 75 баллов по профильному предмету.
"СПбГЭТУ ""ЛЭТИ""",Санкт-Петербург,Робофест,БВИ / 100 баллов,ЕГЭ от 75 баллов по профильному предмету.
"СПбГЭТУ ""ЛЭТИ""",Санкт-Петербург,Росатом,БВИ / 100 баллов,ЕГЭ от 75 баллов по профильному предмету.
"СПбГЭТУ ""ЛЭТИ""",Санкт-Петербург,Санкт-Петербургская астрономическая олимпиада,БВИ / 100 баллов,ЕГЭ от 75 баллов по профильному предмету.
"СПбГЭТУ ""ЛЭТИ""",Санкт-Петербург,Санкт-Петербургская олимпиада школьников,БВИ / 100 баллов,ЕГЭ от 75 баллов по профильному предмету.
"СПбГЭТУ ""ЛЭТИ""",Санкт-Петербург,Сибириада. Шаг в мечту,БВИ / 100 баллов,ЕГЭ от 75 баллов по профильному предмету.
"СПбГЭТУ ""ЛЭТИ""",Санкт-Петербург,Твой путь в настоящую науку,БВИ / 100 баллов,ЕГЭ от 75 баллов по профильному предмету.
"СПбГЭТУ ""ЛЭТИ""",Санкт-Петербург,Технокубок,БВИ / 100 баллов,ЕГЭ от 75 баллов по профильному предмету.
"СПбГЭТУ ""ЛЭТИ""",Санкт-Петербург,Турнир городов,БВИ / 100 баллов,ЕГЭ от 75 баллов по профильному предмету.
"СПбГЭТУ ""ЛЭТИ""",Санкт-Петербург,Турнир имени М.В. Ломоносова,БВИ / 100 баллов,ЕГЭ от 75 баллов по профильному предмету.
"СПбГЭТУ ""ЛЭТИ""",Санкт-Петербург,Физтех,БВИ / 100 баллов,ЕГЭ от 75 баллов по профильному предмету.
"СПбГЭТУ ""ЛЭТИ""",Санкт-Петербург,Финатлон для старшеклассников,БВИ / 100 баллов,ЕГЭ от 75 баллов по профильному предмету.
"СПбГЭТУ ""ЛЭТИ""",Санкт-Петербург,Формула Единства,БВИ / 100 баллов,ЕГЭ от 75 баллов по профильному предмету.
"СПбГЭТУ ""ЛЭТИ""",Санкт-Петербург,Шаг в будущее,БВИ / 100 баллов,ЕГЭ от 75 баллов по профильному предмету.
"СПбГЭТУ ""ЛЭТИ""",Санкт-Петербург,Юниор,БВИ / 100 баллов,ЕГЭ от 75 баллов по профильному предмету.
"СПбГЭТУ ""ЛЭТИ""",Санкт-Петербург,Юные таланты,БВИ / 100 баллов,ЕГЭ от 75 баллов по профильному предмету.
ВАВТ,Москва,Innopolis Open,БВИ / 100 баллов,ЕГЭ от 75 баллов по профильному предмету.
ВАВТ,Москва,Бельчонок,БВИ / 100 баллов,ЕГЭ от 75 баллов по профильному предмету.
ВАВТ,Москва,Будущие исследователи - будущее науки,БВИ / 100 баллов,ЕГЭ от 75 баллов по профильному предмету.
ВАВТ,Москва,В мир права,БВИ / 100 баллов,ЕГЭ от 75 баллов по профильному предмету.
ВАВТ,Москва,Всероссийская академическая олимпиада школьников имени В.И. Вернадского,БВИ / 100 баллов,ЕГЭ от 75 баллов по профильному предмету.
ВАВТ,Москва,Всероссийская олимпиада по искусственному интеллекту,БВИ / 100 баллов,ЕГЭ от 75 баллов по профильному предмету.
ВАВТ,Москва,Всероссийская Толстовская олимпиада школьников,БВИ / 100 баллов,ЕГЭ от 75 баллов по профильному предмету.
ВАВТ,Москва,Всесибирская открытая олимпиада школьников,БВИ / 100 баллов,ЕГЭ от 75 баллов по профильному предмету.
ВАВТ,Москва,ВСОШ по биологии,БВИ,Не требуется.
ВАВТ,Москва,ВСОШ по географии,БВИ,Не требуется.
ВАВТ,Москва,ВСОШ по иностранному языку,БВИ,Не требуется.
ВАВТ,Москва,ВСОШ по информатике,БВИ,Не требуется.
ВАВТ,Москва,ВСОШ по истории,БВИ,Не требуется.
ВАВТ,Москва,ВСОШ по литературе,БВИ,Не требуется.
ВАВТ,Москва,ВСОШ по математике,БВИ,Не требуется.
ВАВТ,Москва,ВСОШ по обществознанию,БВИ,Не требуется.
ВАВТ,Москва,ВСОШ по праву,БВИ,Не требуется.
ВАВТ,Москва,ВСОШ по русскому языку,БВИ,Не требуется.
ВАВТ,Москва,ВСОШ по физике,БВИ,Не требуется.
ВАВТ,Москва,ВСОШ по экономике,БВИ,Не требуется.
ВАВТ,Москва,Вузовско-академическая олимпиада по информатике,БВИ / 100 баллов,ЕГЭ от 75 баллов по профильному предмету.
ВАВТ,Москва,Высшая проба,БВИ / 100 баллов,ЕГЭ от 75 баллов по профильному предмету.
ВАВТ,Москва,Евразийская лингвистическая олимпиада,БВИ / 100 баллов,ЕГЭ от 75 баллов по профильному предмету.
ВАВТ,Москва,Звезда,БВИ / 100 баллов,ЕГЭ от 75 баллов по профильному предмету.
ВАВТ,Москва,Изумруд,БВИ / 100 баллов,ЕГЭ от 75 баллов по профильному предмету.
ВАВТ,Москва,Иннагрика,БВИ / 100 баллов,ЕГЭ от 75 баллов по профильному предмету.
ВАВТ,Москва,Кутафинская олимпиада школьников по праву,БВИ / 100 баллов,ЕГЭ от 75 баллов по профильному предмету.
ВАВТ,Москва,Ломоносов,БВИ / 100 баллов,ЕГЭ от 75 баллов по профильному предмету.
ВАВТ,Москва,Международная олимпиада по финансовой безопасности,БВИ / 100 баллов,ЕГЭ от 75 баллов по профильному предмету.
ВАВТ,Москва,Межрегиональная олимпиада школьников имени И.Я. Верченко,БВИ / 100 баллов,ЕГЭ от 75 баллов по профильному предмету.
ВАВТ,Москва,Межрегиональная олимпиада школьников на базе ведомственных образовательных организаций,БВИ / 100 баллов,ЕГЭ от 75 баллов по профильному предмету.
ВАВТ,Москва,Миссия выполнима. Твое призвание - финансист!,БВИ / 100 баллов,ЕГЭ от 75 баллов по профильному предмету.
ВАВТ,Москва,Московская олимпиада школьников,БВИ / 100 баллов,ЕГЭ от 75 баллов по профильному предмету.
ВАВТ,Москва,НТО,БВИ / 100 баллов,ЕГЭ от 75 баллов по профильному предмету.
ВАВТ,Москва,Океан знаний,БВИ / 100 баллов,ЕГЭ от 75 баллов по профильному предмету.
ВАВТ,Москва,Олимпиада МГИМО,БВИ / 100 баллов,ЕГЭ от 75 баллов по профильному предмету.
ВАВТ,Москва,Олимпиада РАНХиГС,БВИ / 100 баллов,ЕГЭ от 75 баллов по профильному предмету.
ВАВТ,Москва,Олимпиада РГГУ для школьников,БВИ / 100 баллов,ЕГЭ от 75 баллов по профильному предмету.
ВАВТ,Москва,Олимпиада СПбГУ,БВИ / 100 баллов,ЕГЭ от 75 баллов по профильному предмету.
ВАВТ,Москва,Олимпиады КФУ,БВИ / 100 баллов,ЕГЭ от 75 баллов по профильному предмету.
ВАВТ,Москва,Открытая олимпиада школьников по программированию,БВИ / 100 баллов,ЕГЭ от 75 баллов по профильному предмету.
ВАВТ,Москва,Плехановская олимпиада школьников,БВИ / 100 баллов,ЕГЭ от 75 баллов по профильному предмету.
ВАВТ,Москва,Покори Воробьевы горы!,БВИ / 100 баллов,ЕГЭ от 75 баллов по профильному предмету.
ВАВТ,Москва,Региональный конкурс школьников Челябинского университетского образовательного округа,БВИ / 100 баллов,ЕГЭ от 75 баллов по профильному предмету.
ВАВТ,Москва,Технокубок,БВИ / 100 баллов,ЕГЭ от 75 баллов по профильному предмету.
ВАВТ,Москва,Турнир городов,БВИ / 100 баллов,ЕГЭ от 75 баллов по профильному предмету.
ВАВТ,Москва,Турнир имени М.В. Ломоносова,БВИ / 100 баллов,ЕГЭ от 75 баллов по профильному предмету.
ВАВТ,Москва,ФЕМИДА,БВИ / 100 баллов,ЕГЭ от 75 баллов по профильному предмету.
ВАВТ,Москва,Финатлон для старшеклассников,БВИ / 100 баллов,ЕГЭ от 75 баллов по профильному предмету.
ВАВТ,Москва,Формула Единства,БВИ / 100 баллов,ЕГЭ от 75 баллов по профильному предмету.
ВАВТ,Москва,Юридические высоты!,БВИ / 100 баллов,ЕГЭ от 75 баллов по профильному предмету.
СПбГЭУ,Санкт-Петербург,Innopolis Open,БВИ / 100 баллов,ЕГЭ от 75 баллов по профильному предмету.
СПбГЭУ,Санкт-Петербург,Бельчонок,БВИ / 100 баллов,ЕГЭ от 75 баллов по профильному предмету.
СПбГЭУ,Санкт-Петербург,Будущее Сибири,БВИ / 100 баллов,ЕГЭ от 75 баллов по профильному предмету.
СПбГЭУ,Санкт-Петербург,Будущие исследователи - будущее науки,БВИ / 100 баллов,ЕГЭ от 75 баллов по профильному предмету.
СПбГЭУ,Санкт-Петербург,В мир права,БВИ / 100 баллов,ЕГЭ от 75 баллов по профильному предмету.
СПбГЭУ,Санкт-Петербург,Всероссийская академическая олимпиада школьников имени В.И. Вернадского,БВИ / 100 баллов,ЕГЭ от 75 баллов по профильному предмету.
СПбГЭУ,Санкт-Петербург,Всероссийская олимпиада по искусственному интеллекту,БВИ / 100 баллов,ЕГЭ от 75 баллов по профильному предмету.
СПбГЭУ,Санкт-Петербург,Всероссийская Сеченовская олимпиада школьников,БВИ / 100 баллов,ЕГЭ от 75 баллов по профильному предмету.
СПбГЭУ,Санкт-Петербург,Всероссийская Толстовская олимпиада школьников,БВИ / 100 баллов,ЕГЭ от 75 баллов по профильному предмету.
СПбГЭУ,Санкт-Петербург,Всесибирская открытая олимпиада школьников,БВИ / 100 баллов,ЕГЭ от 75 баллов по профильному предмету.
СПбГЭУ,Санкт-Петербург,ВСОШ по биологии,БВИ,Не требуется.
СПбГЭУ,Санкт-Петербург,ВСОШ по географии,БВИ,Не требуется.
СПбГЭУ,Санкт-Петербург,ВСОШ по иностранному языку,БВИ,Не требуется.
СПбГЭУ,Санкт-Петербург,ВСОШ по информатике,БВИ,Не требуется.
СПбГЭУ,Санкт-Петербург,ВСОШ по истории,БВИ,Не требуется.
СПбГЭУ,Санкт-Петербург,ВСОШ по литературе,БВИ,Не требуется.
СПбГЭУ,Санкт-Петербург,ВСОШ по математике,БВИ,Не требуется.
СПбГЭУ,Санкт-Петербург,ВСОШ по обществознанию,БВИ,Не требуется.
СПбГЭУ,Санкт-Петербург,ВСОШ по праву,БВИ,Не требуется.
СПбГЭУ,Санкт-Петербург,ВСОШ по русскому языку,БВИ,Не требуется.
СПбГЭУ,Санкт-Петербург,ВСОШ по физике,БВИ,Не требуется.
СПбГЭУ,Санкт-Петербург,ВСОШ по химии,БВИ,Не требуется.
СПбГЭУ,Санкт-Петербург,ВСОШ по экономике,БВИ,Не требуется.
СПбГЭУ,Санкт-Петербург,Вузовско-академическая олимпиада по информатике,БВИ / 100 баллов,ЕГЭ от 75 баллов по профильному предмету.
СПбГЭУ,Санкт-Петербург,Высшая проба,БВИ / 100 баллов,ЕГЭ от 75 баллов по профильному предмету.
СПбГЭУ,Санкт-Петербург,Газпром,БВИ / 100 баллов,ЕГЭ от 75 баллов по профильному предмету.
СПбГЭУ,Санкт-Петербург,Городская открытая олимпиада школьников по физике,БВИ / 100 баллов,ЕГЭ от 75 баллов по профильному предмету.
СПбГЭУ,Санкт-Петербург,Гранит науки,БВИ / 100 баллов,ЕГЭ от 75 баллов по профильному предмету.
СПбГЭУ,Санкт-Петербург,Евразийская лингвистическая олимпиада,БВИ / 100 баллов,ЕГЭ от 75 баллов по профильному предмету.
СПбГЭУ,Санкт-Петербург,Звезда,БВИ / 100 баллов,ЕГЭ от 75 баллов по профильному предмету.
СПбГЭУ,Санкт-Петербург,Изумруд,БВИ / 100 баллов,ЕГЭ от 75 баллов по профильному предмету.
СПбГЭУ,Санкт-Петербург,Инженерная олимпиада школьников,БВИ / 100 баллов,ЕГЭ от 75 баллов по профильному предмету.
СПбГЭУ,Санкт-Петербург,Иннагрика,БВИ / 100 баллов,ЕГЭ от 75 баллов по профильному предмету.
СПбГЭУ,Санкт-Петербург,Интернет-олимпиада школьников по физике,БВИ / 100 баллов,ЕГЭ от 75 баллов по профильному предмету.
СПбГЭУ,Санкт-Петербург,Когнитивные технологии,БВИ / 100 баллов,ЕГЭ от 75 баллов по профильному предмету.
СПбГЭУ,Санкт-Петербург,Кутафинская олимпиада школьников по праву,БВИ / 100 баллов,ЕГЭ от 75 баллов по профильному предмету.
СПбГЭУ,Санкт-Петербург,Ломоносов,БВИ / 100 баллов,ЕГЭ от 75 баллов по профильному предмету.
СПбГЭУ,Санкт-Петербург,Международная олимпиада по финансовой безопасности,БВИ / 100 баллов,ЕГЭ от 75 баллов по профильному предмету.
СПбГЭУ,Санкт-Петербург,Межрегиональная олимпиада школьников имени И.Я. Верченко,БВИ / 100 баллов,ЕГЭ от 75 баллов по профильному предмету.
СПбГЭУ,Санкт-Петербург,Межрегиональная олимпиада школьников на базе ведомственных образовательных организаций,БВИ / 100 баллов,ЕГЭ от 75 баллов по профильному предмету.
СПбГЭУ,Санкт-Петербург,Межрегиональная химическая олимпиада школьников имени академика П.Д. Саркисова,БВИ / 100 баллов,ЕГЭ от 75 баллов по профильному предмету.
СПбГЭУ,Санкт-Петербург,Миссия выполнима. Твое призвание - финансист!,БВИ / 100 баллов,ЕГЭ от 75 баллов по профильному предмету.
СПбГЭУ,Санкт-Петербург,Московская олимпиада школьников,БВИ / 100 баллов,ЕГЭ от 75 баллов по профильному предмету.
СПбГЭУ,Санкт-Петербург,Надежда энергетики,БВИ / 100 баллов,ЕГЭ от 75 баллов по профильному предмету.
СПбГЭУ,Санкт-Петербург,Наследники Левши,БВИ / 100 баллов,ЕГЭ от 75 баллов по профильному предмету.
СПбГЭУ,Санкт-Петербург,НТО,БВИ / 100 баллов,ЕГЭ от 75 баллов по профильному предмету.
СПбГЭУ,Санкт-Петербург,Оборонно-техническая олимпиада,БВИ / 100 баллов,ЕГЭ от 75 баллов по профильному предмету.
СПбГЭУ,Санкт-Петербург,Объединенная межвузовская олимпиада школьников,БВИ / 100 баллов,ЕГЭ от 75 баллов по профильному предмету.
СПбГЭУ,Санкт-Петербург,Океан знаний,БВИ / 100 баллов,ЕГЭ от 75 баллов по профильному предмету.
СПбГЭУ,Санкт-Петербург,Олимпиада Курчатов,БВИ / 100 баллов,ЕГЭ от 75 баллов по профильному предмету.
СПбГЭУ,Санкт-Петербург,Олимпиада МГИМО,БВИ / 100 баллов,ЕГЭ от 75 баллов по профильному предмету.
СПбГЭУ,Санкт-Петербург,Олимпиада РАНХиГС,БВИ / 100 баллов,ЕГЭ от 75 баллов по профильному предмету.
СПбГЭУ,Санкт-Петербург,Олимпиада РГГУ для школьников,БВИ / 100 баллов,ЕГЭ от 75 баллов по профильному предмету.
СПбГЭУ,Санкт-Петербург,Олимпиада СПбГУ,БВИ / 100 баллов,ЕГЭ от 75 баллов по профильному предмету.
СПбГЭУ,Санкт-Петербург,Олимпиада школьников по информатике и программированию,БВИ / 100 баллов,ЕГЭ от 75 баллов по профильному предмету.
СПбГЭУ,Санкт-Петербург,Олимпиада Юношеской математической школы,БВИ / 100 баллов,ЕГЭ от 75 баллов по профильному предмету.
СПбГЭУ,Санкт-Петербург,Олимпиады КФУ,БВИ / 100 баллов,ЕГЭ от 75 баллов по профильному предмету.
СПбГЭУ,Санкт-Петербург,ОРМО,БВИ / 100 баллов,ЕГЭ от 75 баллов по профильному предмету.
СПбГЭУ,Санкт-Петербург,Открытая олимпиада школьников,БВИ / 100 баллов,ЕГЭ от 75 баллов по профильному предмету.
СПбГЭУ,Санкт-Петербург,Открытая олимпиада школьников по программированию,БВИ / 100 баллов,ЕГЭ от 75 баллов по профильному предмету.
СПбГЭУ,Санкт-Петербург,Открытая химическая олимпиада,БВИ / 100 баллов,ЕГЭ от 75 баллов по профильному предмету.
СПбГЭУ,Санкт-Петербург,Плехановская олимпиада школьников,БВИ / 100 баллов,ЕГЭ от 75 баллов по профильному предмету.
СПбГЭУ,Санкт-Петербург,Покори Воробьевы горы!,БВИ / 100 баллов,ЕГЭ от 75 баллов по профильному предмету.
СПбГЭУ,Санкт-Петербург,Потомки Менделеева,БВИ / 100 баллов,ЕГЭ от 75 баллов по профильному предмету.
СПбГЭУ,Санкт-Петербург,Региональный конкурс школьников Челябинского университетского образовательного округа,БВИ / 100 баллов,ЕГЭ от 75 баллов по профильному предмету.
СПбГЭУ,Санкт-Петербург,Росатом,БВИ / 100 баллов,ЕГЭ от 75 баллов по профильному предмету.
СПбГЭУ,Санкт-Петербург,Санкт-Петербургская астрономическая олимпиада,БВИ / 100 баллов,ЕГЭ от 75 баллов по профильному предмету.
СПбГЭУ,Санкт-Петербург,Санкт-Петербургская олимпиада школьников,БВИ / 100 баллов,ЕГЭ от 75 баллов по профильному предмету.
СПбГЭУ,Санкт-Петербург,Сибириада. Шаг в мечту,БВИ / 100 баллов,ЕГЭ от 75 баллов по профильному предмету.
СПбГЭУ,Санкт-Петербург,Твой путь в настоящую науку,БВИ / 100 баллов,ЕГЭ от 75 баллов по профильному предмету.
СПбГЭУ,Санкт-Петербург,Телевизионная гуманитарная олимпиада школьников «Умницы и умники»,БВИ / 100 баллов,ЕГЭ от 75 баллов по профильному предмету.
СПбГЭУ,Санкт-Петербург,Технокубок,БВИ / 100 баллов,ЕГЭ от 75 баллов по профильному предмету.
СПбГЭУ,Санкт-Петербург,Турнир городов,БВИ / 100 баллов,ЕГЭ от 75 баллов по профильному предмету.
СПбГЭУ,Санкт-Петербург,Турнир имени М.В. Ломоносова,БВИ / 100 баллов,ЕГЭ от 75 баллов по профильному предмету.
СПбГЭУ,Санкт-Петербург,ФЕМИДА,БВИ / 100 баллов,ЕГЭ от 75 баллов по профильному предмету.
СПбГЭУ,Санкт-Петербург,Физтех,БВИ / 100 баллов,ЕГЭ от 75 баллов по профильному предмету.
СПбГЭУ,Санкт-Петербург,Финатлон для старшеклассников,БВИ / 100 баллов,ЕГЭ от 75 баллов по профильному предмету.
СПбГЭУ,Санкт-Петербург,Формула Единства,БВИ / 100 баллов,ЕГЭ от 75 баллов по профильному предмету.
СПбГЭУ,Санкт-Петербург,Юниор,БВИ / 100 баллов,ЕГЭ от 75 баллов по профильному предмету.
СПбГЭУ,Санкт-Петербург,Юные таланты,БВИ / 100 баллов,ЕГЭ от 75 баллов по профильному предмету.
СПбГЭУ,Санкт-Петербург,Юридические высоты!,БВИ / 100 баллов,ЕГЭ от 75 баллов по профильному предмету.
